[
    {
        "client_msg_id": "603b3bf8-db16-4e59-b8d7-9e572c499923",
        "type": "message",
        "text": "<@UKR4GLQKF> i will not be able to attend today's 6pm stand up. Please let me know if you have questions for me in advance as i will need to sign off aroudn 5pm",
        "user": "UL3RW3SJ2",
        "ts": "1567015532.000700",
        "team": "TKRNGDFFZ",
        "user_team": "TKRNGDFFZ",
        "source_team": "TKRNGDFFZ",
        "user_profile": {
            "avatar_hash": "gc7420234450",
            "image_72": "https:\/\/secure.gravatar.com\/avatar\/c74202344503e95fe55fcedc445838cc.jpg?s=72&d=https%3A%2F%2Fa.slack-edge.com%2F80588%2Fimg%2Favatars%2Fava_0013-72.png",
            "first_name": "",
            "real_name": "Sam Kataria",
            "display_name": "Sam Kataria",
            "team": "TKRNGDFFZ",
            "name": "sehej.kataria",
            "is_restricted": false,
            "is_ultra_restricted": false
        }
    },
    {
        "client_msg_id": "89653f3a-ac2a-4b24-acf5-d8fa7a236f94",
        "type": "message",
        "text": "<@UL3RW3SJ2> Would you please make sure that you connect with Data Science, FE and Jackie to review and complete missing information?",
        "user": "UKR4GLQKF",
        "ts": "1567018174.002700",
        "team": "TKRNGDFFZ",
        "user_team": "TKRNGDFFZ",
        "source_team": "TKRNGDFFZ",
        "user_profile": {
            "avatar_hash": "gf6859e536fb",
            "image_72": "https:\/\/secure.gravatar.com\/avatar\/f6859e536fb63a6f9d862b2f3fb9684c.jpg?s=72&d=https%3A%2F%2Fa.slack-edge.com%2F80588%2Fimg%2Favatars%2Fava_0015-72.png",
            "first_name": "",
            "real_name": "Amit Yadav",
            "display_name": "",
            "team": "TKRNGDFFZ",
            "name": "amit",
            "is_restricted": false,
            "is_ultra_restricted": false
        }
    }
]