[
    {
        "client_msg_id": "ead70852-7b9a-436a-be5c-e6b9e33c316f",
        "type": "message",
        "text": "hi",
        "user": "UMG4A3JBC",
        "ts": "1567023305.001000",
        "team": "TKRNGDFFZ",
        "user_team": "TKRNGDFFZ",
        "source_team": "TKRNGDFFZ",
        "user_profile": {
            "avatar_hash": "gf76659c7ea8",
            "image_72": "https:\/\/secure.gravatar.com\/avatar\/f76659c7ea8a8b6919b45c5f10ffce63.jpg?s=72&d=https%3A%2F%2Fa.slack-edge.com%2F80588%2Fimg%2Favatars%2Fava_0020-72.png",
            "first_name": "Alex",
            "real_name": "Alex Chiang",
            "display_name": "Alex Chiang",
            "team": "TKRNGDFFZ",
            "name": "alexander.chiang",
            "is_restricted": false,
            "is_ultra_restricted": false
        }
    },
    {
        "client_msg_id": "92d260a9-569b-472c-863b-8a8b5dfcf5ba",
        "type": "message",
        "text": "Hello!",
        "user": "UMTHHFK5W",
        "ts": "1567026499.001200",
        "team": "TKRNGDFFZ",
        "user_team": "TKRNGDFFZ",
        "source_team": "TKRNGDFFZ",
        "user_profile": {
            "avatar_hash": "ga6f56b8a46b",
            "image_72": "https:\/\/secure.gravatar.com\/avatar\/a6f56b8a46bea3cd757499c0c2714e05.jpg?s=72&d=https%3A%2F%2Fa.slack-edge.com%2F80588%2Fimg%2Favatars%2Fava_0025-72.png",
            "first_name": "",
            "real_name": "Kashif Gbajabiamila",
            "display_name": "Kashif Gbajabiamila",
            "team": "TKRNGDFFZ",
            "name": "k.gbaja",
            "is_restricted": false,
            "is_ultra_restricted": false
        }
    },
    {
        "client_msg_id": "84c044c4-5018-4808-9110-00e6eb57ade8",
        "type": "message",
        "text": "Hello",
        "user": "UKR4GLQKF",
        "ts": "1567027790.001400",
        "team": "TKRNGDFFZ",
        "user_team": "TKRNGDFFZ",
        "source_team": "TKRNGDFFZ",
        "user_profile": {
            "avatar_hash": "gf6859e536fb",
            "image_72": "https:\/\/secure.gravatar.com\/avatar\/f6859e536fb63a6f9d862b2f3fb9684c.jpg?s=72&d=https%3A%2F%2Fa.slack-edge.com%2F80588%2Fimg%2Favatars%2Fava_0015-72.png",
            "first_name": "",
            "real_name": "Amit Yadav",
            "display_name": "",
            "team": "TKRNGDFFZ",
            "name": "amit",
            "is_restricted": false,
            "is_ultra_restricted": false
        }
    }
]