[
    {
        "type": "message",
        "subtype": "bot_message",
        "text": "",
        "ts": "1566931170.000100",
        "bot_id": "BMPMA7GPJ",
        "attachments": [
            {
                "fallback": "<https:\/\/github.com\/SalientCRGT\/scrgt-bdso-cc-startup|[scrgt-bdso-cc-startup]> Branch \"pipeline\" was force-pushed to `<https:\/\/github.com\/SalientCRGT\/scrgt-bdso-cc-startup\/commit\/48ee53bd5edae8333f43578728ef71dc50a5be00|48ee53b>` by ShawnLassiter. <https:\/\/github.com\/SalientCRGT\/scrgt-bdso-cc-startup\/compare\/77f13f208f32...48ee53bd5eda|Compare changes>",
                "text": "<https:\/\/github.com\/SalientCRGT\/scrgt-bdso-cc-startup|[scrgt-bdso-cc-startup]> Branch \"pipeline\" was force-pushed to `<https:\/\/github.com\/SalientCRGT\/scrgt-bdso-cc-startup\/commit\/48ee53bd5edae8333f43578728ef71dc50a5be00|48ee53b>` by ShawnLassiter. <https:\/\/github.com\/SalientCRGT\/scrgt-bdso-cc-startup\/compare\/77f13f208f32...48ee53bd5eda|Compare changes>",
                "id": 1,
                "color": "4183C4"
            }
        ]
    },
    {
        "type": "message",
        "subtype": "bot_message",
        "text": "",
        "ts": "1566931170.000200",
        "bot_id": "BMPMA7GPJ",
        "attachments": [
            {
                "fallback": "<https:\/\/github.com\/SalientCRGT\/scrgt-bdso-cc-startup\/tree\/pipeline|[scrgt-bdso-cc-startup:pipeline]> <https:\/\/github.com\/SalientCRGT\/scrgt-bdso-cc-startup\/commit\/48ee53bd5edae8333f43578728ef71dc50a5be00|1 new commit> by Shawn Lassiter",
                "text": "`<https:\/\/github.com\/SalientCRGT\/scrgt-bdso-cc-startup\/commit\/48ee53bd5edae8333f43578728ef71dc50a5be00|48ee53b>` initial pipeline infrastructure code checkin - Shawn Lassiter",
                "pretext": "<https:\/\/github.com\/SalientCRGT\/scrgt-bdso-cc-startup\/tree\/pipeline|[scrgt-bdso-cc-startup:pipeline]> 1 new commit by Shawn Lassiter:",
                "id": 1,
                "color": "4183C4",
                "mrkdwn_in": [
                    "text",
                    "pretext"
                ]
            }
        ]
    },
    {
        "type": "message",
        "subtype": "bot_message",
        "text": "",
        "ts": "1566936236.000300",
        "bot_id": "BMPMA7GPJ",
        "attachments": [
            {
                "fallback": "<https:\/\/github.com\/SalientCRGT\/scrgt-bdso-cc-startup\/tree\/pipeline|[scrgt-bdso-cc-startup:pipeline]> <https:\/\/github.com\/SalientCRGT\/scrgt-bdso-cc-startup\/commit\/4f26b6bcdf7f729e8c5c3e8965141bff95accca9|1 new commit> by Shawn Lassiter",
                "text": "`<https:\/\/github.com\/SalientCRGT\/scrgt-bdso-cc-startup\/commit\/4f26b6bcdf7f729e8c5c3e8965141bff95accca9|4f26b6b>` removed badly formed config - Shawn Lassiter",
                "pretext": "<https:\/\/github.com\/SalientCRGT\/scrgt-bdso-cc-startup\/tree\/pipeline|[scrgt-bdso-cc-startup:pipeline]> 1 new commit by Shawn Lassiter:",
                "id": 1,
                "color": "4183C4",
                "mrkdwn_in": [
                    "text",
                    "pretext"
                ]
            }
        ]
    },
    {
        "type": "message",
        "subtype": "bot_message",
        "text": "",
        "ts": "1566953419.000100",
        "bot_id": "BMPMA7GPJ",
        "attachments": [
            {
                "fallback": "<https:\/\/github.com\/SalientCRGT\/scrgt-bdso-cc-startup\/tree\/pipeline|[scrgt-bdso-cc-startup:pipeline]> <https:\/\/github.com\/SalientCRGT\/scrgt-bdso-cc-startup\/compare\/4f26b6bcdf7f...f3ff563c1f10|2 new commits> by Shawn Lassiter",
                "text": "`<https:\/\/github.com\/SalientCRGT\/scrgt-bdso-cc-startup\/commit\/299183dd9374ab0963d1f953b34841e661299c2b|299183d>` added rds environment - Shawn Lassiter\n `<https:\/\/github.com\/SalientCRGT\/scrgt-bdso-cc-startup\/commit\/f3ff563c1f1004018a983aff7f7d395014b374c9|f3ff563>` removed extraneus instance postgres - Shawn Lassiter",
                "pretext": "<https:\/\/github.com\/SalientCRGT\/scrgt-bdso-cc-startup\/tree\/pipeline|[scrgt-bdso-cc-startup:pipeline]> <https:\/\/github.com\/SalientCRGT\/scrgt-bdso-cc-startup\/compare\/4f26b6bcdf7f...f3ff563c1f10|2 new commits> by Shawn Lassiter:",
                "id": 1,
                "color": "4183C4",
                "mrkdwn_in": [
                    "text",
                    "pretext"
                ]
            }
        ]
    },
    {
        "type": "message",
        "subtype": "bot_message",
        "text": "",
        "ts": "1566953918.000100",
        "bot_id": "BMPMA7GPJ",
        "attachments": [
            {
                "fallback": "<https:\/\/github.com\/SalientCRGT\/scrgt-bdso-cc-startup\/tree\/pipeline|[scrgt-bdso-cc-startup:pipeline]> <https:\/\/github.com\/SalientCRGT\/scrgt-bdso-cc-startup\/commit\/a95738194a3dfed82c20f92f382a2f217e3f94f9|1 new commit> by Shawn Lassiter",
                "text": "`<https:\/\/github.com\/SalientCRGT\/scrgt-bdso-cc-startup\/commit\/a95738194a3dfed82c20f92f382a2f217e3f94f9|a957381>` ocp integration - Shawn Lassiter",
                "pretext": "<https:\/\/github.com\/SalientCRGT\/scrgt-bdso-cc-startup\/tree\/pipeline|[scrgt-bdso-cc-startup:pipeline]> 1 new commit by Shawn Lassiter:",
                "id": 1,
                "color": "4183C4",
                "mrkdwn_in": [
                    "text",
                    "pretext"
                ]
            }
        ]
    },
    {
        "type": "message",
        "subtype": "bot_message",
        "text": "",
        "ts": "1566956312.000100",
        "bot_id": "BMPMA7GPJ",
        "attachments": [
            {
                "fallback": "<https:\/\/github.com\/SalientCRGT\/scrgt-bdso-cc-startup\/tree\/pipeline|[scrgt-bdso-cc-startup:pipeline]> <https:\/\/github.com\/SalientCRGT\/scrgt-bdso-cc-startup\/commit\/9a1642c037ba4b6835fe73c9c79f1c85135457d4|1 new commit> by Shawn Lassiter",
                "text": "`<https:\/\/github.com\/SalientCRGT\/scrgt-bdso-cc-startup\/commit\/9a1642c037ba4b6835fe73c9c79f1c85135457d4|9a1642c>` neptune clusters - Shawn Lassiter",
                "pretext": "<https:\/\/github.com\/SalientCRGT\/scrgt-bdso-cc-startup\/tree\/pipeline|[scrgt-bdso-cc-startup:pipeline]> 1 new commit by Shawn Lassiter:",
                "id": 1,
                "color": "4183C4",
                "mrkdwn_in": [
                    "text",
                    "pretext"
                ]
            }
        ]
    },
    {
        "type": "message",
        "subtype": "bot_message",
        "text": "",
        "ts": "1566958160.000200",
        "bot_id": "BMPMA7GPJ",
        "attachments": [
            {
                "fallback": "<https:\/\/github.com\/SalientCRGT\/scrgt-bdso-cc-startup\/tree\/bdso-dev|[scrgt-bdso-cc-startup:bdso-dev]> <https:\/\/github.com\/SalientCRGT\/scrgt-bdso-cc-startup\/compare\/735ed04e2f15...afb3356dc3b2|7 new commits> by Shawn Lassiter and 1 other",
                "text": "`<https:\/\/github.com\/SalientCRGT\/scrgt-bdso-cc-startup\/commit\/48ee53bd5edae8333f43578728ef71dc50a5be00|48ee53b>` initial pipeline infrastructure code checkin - Shawn Lassiter\n `<https:\/\/github.com\/SalientCRGT\/scrgt-bdso-cc-startup\/commit\/4f26b6bcdf7f729e8c5c3e8965141bff95accca9|4f26b6b>` removed badly formed config - Shawn Lassiter\n `<https:\/\/github.com\/SalientCRGT\/scrgt-bdso-cc-startup\/commit\/299183dd9374ab0963d1f953b34841e661299c2b|299183d>` added rds environment - Shawn Lassiter\n `<https:\/\/github.com\/SalientCRGT\/scrgt-bdso-cc-startup\/commit\/f3ff563c1f1004018a983aff7f7d395014b374c9|f3ff563>` removed extraneus instance postgres - Shawn Lassiter\n `<https:\/\/github.com\/SalientCRGT\/scrgt-bdso-cc-startup\/commit\/a95738194a3dfed82c20f92f382a2f217e3f94f9|a957381>` ocp integration - Shawn Lassiter\n `<https:\/\/github.com\/SalientCRGT\/scrgt-bdso-cc-startup\/commit\/9a1642c037ba4b6835fe73c9c79f1c85135457d4|9a1642c>` neptune clusters - Shawn Lassiter\n `<https:\/\/github.com\/SalientCRGT\/scrgt-bdso-cc-startup\/commit\/afb3356dc3b2e8714eb4435c1cce18e132b6e4b2|afb3356>` Merge pull request #3 from SalientCRGT\/pipeline - vjdeshmukhgit",
                "pretext": "<https:\/\/github.com\/SalientCRGT\/scrgt-bdso-cc-startup\/tree\/bdso-dev|[scrgt-bdso-cc-startup:bdso-dev]> <https:\/\/github.com\/SalientCRGT\/scrgt-bdso-cc-startup\/compare\/735ed04e2f15...afb3356dc3b2|7 new commits> by Shawn Lassiter and 1 other:",
                "id": 1,
                "color": "4183C4",
                "mrkdwn_in": [
                    "text",
                    "pretext"
                ]
            }
        ]
    }
]