[
    {
        "type": "message",
        "subtype": "bot_message",
        "text": "",
        "ts": "1567701824.002800",
        "bot_id": "BMPMA7GPJ",
        "attachments": [
            {
                "fallback": "<https:\/\/github.com\/SalientCRGT\/scrgt-bdso-cc-startup|[scrgt-bdso-cc-startup]> New branch \"<https:\/\/github.com\/SalientCRGT\/scrgt-bdso-cc-startup\/tree\/automation-testing-trace|automation-testing-trace>\" was pushed by vjdeshmukhgit",
                "text": "<https:\/\/github.com\/SalientCRGT\/scrgt-bdso-cc-startup|[scrgt-bdso-cc-startup]> New branch \"<https:\/\/github.com\/SalientCRGT\/scrgt-bdso-cc-startup\/tree\/automation-testing-trace|automation-testing-trace>\" was pushed by vjdeshmukhgit",
                "id": 1,
                "color": "4183C4",
                "mrkdwn_in": [
                    "text",
                    "pretext"
                ]
            }
        ]
    },
    {
        "type": "message",
        "subtype": "bot_message",
        "text": "",
        "ts": "1567703923.002900",
        "bot_id": "BMPMA7GPJ",
        "attachments": [
            {
                "fallback": "<https:\/\/github.com\/SalientCRGT\/scrgt-bdso-cc-startup\/tree\/automation-testing-trace|[scrgt-bdso-cc-startup:automation-testing-trace]> <https:\/\/github.com\/SalientCRGT\/scrgt-bdso-cc-startup\/commit\/726d51054ca65100a2d352fe989555280573ecd9|1 new commit> by Vijay S Deshmukh",
                "text": "`<https:\/\/github.com\/SalientCRGT\/scrgt-bdso-cc-startup\/commit\/726d51054ca65100a2d352fe989555280573ecd9|726d510>` added terraform logging. - Vijay S Deshmukh",
                "pretext": "<https:\/\/github.com\/SalientCRGT\/scrgt-bdso-cc-startup\/tree\/automation-testing-trace|[scrgt-bdso-cc-startup:automation-testing-trace]> 1 new commit by Vijay S Deshmukh:",
                "id": 1,
                "color": "4183C4",
                "mrkdwn_in": [
                    "text",
                    "pretext"
                ]
            }
        ]
    },
    {
        "type": "message",
        "subtype": "bot_message",
        "text": "",
        "ts": "1567704061.003000",
        "bot_id": "BMPMA7GPJ",
        "attachments": [
            {
                "fallback": "<https:\/\/github.com\/SalientCRGT\/scrgt-bdso-cc-startup\/tree\/automation-testing-trace|[scrgt-bdso-cc-startup:automation-testing-trace]> <https:\/\/github.com\/SalientCRGT\/scrgt-bdso-cc-startup\/commit\/ced45ab194e18e34fa788a87990d68cf1893f664|1 new commit> by Vijay S Deshmukh",
                "text": "`<https:\/\/github.com\/SalientCRGT\/scrgt-bdso-cc-startup\/commit\/ced45ab194e18e34fa788a87990d68cf1893f664|ced45ab>` added terraform logging. - Vijay S Deshmukh",
                "pretext": "<https:\/\/github.com\/SalientCRGT\/scrgt-bdso-cc-startup\/tree\/automation-testing-trace|[scrgt-bdso-cc-startup:automation-testing-trace]> 1 new commit by Vijay S Deshmukh:",
                "id": 1,
                "color": "4183C4",
                "mrkdwn_in": [
                    "text",
                    "pretext"
                ]
            }
        ]
    },
    {
        "type": "message",
        "subtype": "bot_message",
        "text": "",
        "ts": "1567720032.003100",
        "bot_id": "BMPMA7GPJ",
        "attachments": [
            {
                "fallback": "<https:\/\/github.com\/SalientCRGT\/scrgt-bdso-cc-startup\/tree\/automation-testing-trace|[scrgt-bdso-cc-startup:automation-testing-trace]> <https:\/\/github.com\/SalientCRGT\/scrgt-bdso-cc-startup\/commit\/450cb431a460b440b2640642720ceb11daa20e9c|1 new commit> by Vijay S Deshmukh",
                "text": "`<https:\/\/github.com\/SalientCRGT\/scrgt-bdso-cc-startup\/commit\/450cb431a460b440b2640642720ceb11daa20e9c|450cb43>` added port number to master-url of openshift - Vijay S Deshmukh",
                "pretext": "<https:\/\/github.com\/SalientCRGT\/scrgt-bdso-cc-startup\/tree\/automation-testing-trace|[scrgt-bdso-cc-startup:automation-testing-trace]> 1 new commit by Vijay S Deshmukh:",
                "id": 1,
                "color": "4183C4",
                "mrkdwn_in": [
                    "text",
                    "pretext"
                ]
            }
        ]
    }
]