[
    {
        "type": "message",
        "subtype": "bot_message",
        "text": "",
        "ts": "1567162576.000100",
        "bot_id": "BMPMA7GPJ",
        "attachments": [
            {
                "fallback": "<https:\/\/github.com\/SalientCRGT\/scrgt-bdso-cc-startup\/tree\/pipeline|[scrgt-bdso-cc-startup:pipeline]> <https:\/\/github.com\/SalientCRGT\/scrgt-bdso-cc-startup\/compare\/c3a705d38b86...41aa92bc4146|5 new commits> by Shawn Lassiter",
                "text": "`<https:\/\/github.com\/SalientCRGT\/scrgt-bdso-cc-startup\/commit\/bfdff58faaf561ff563487b2b915a9fd147a9a71|bfdff58>` removed pycache from repo - Shawn Lassiter\n `<https:\/\/github.com\/SalientCRGT\/scrgt-bdso-cc-startup\/commit\/0d580ad453aa240bb927e0d80396d42a8ec235c6|0d580ad>` added http port for docker registry - Shawn Lassiter\n `<https:\/\/github.com\/SalientCRGT\/scrgt-bdso-cc-startup\/commit\/69c4f874203280b7999f1b3929f30fdd90b439aa|69c4f87>` Merge branch 'pipeline' of github.com:SalientCRGT\/scrgt-bdso-cc-startup into pipeline - Shawn Lassiter\n `<https:\/\/github.com\/SalientCRGT\/scrgt-bdso-cc-startup\/commit\/e03b22f8a81a95dd5ec9d129ac2316d6b115a5ad|e03b22f>` moved ocp-setup to its own directory - Shawn Lassiter\n `<https:\/\/github.com\/SalientCRGT\/scrgt-bdso-cc-startup\/commit\/41aa92bc414693c6395875595000e16b0d277897|41aa92b>` refactor to break out rds and neptune - Shawn Lassiter",
                "pretext": "<https:\/\/github.com\/SalientCRGT\/scrgt-bdso-cc-startup\/tree\/pipeline|[scrgt-bdso-cc-startup:pipeline]> <https:\/\/github.com\/SalientCRGT\/scrgt-bdso-cc-startup\/compare\/c3a705d38b86...41aa92bc4146|5 new commits> by Shawn Lassiter:",
                "id": 1,
                "color": "4183C4",
                "mrkdwn_in": [
                    "text",
                    "pretext"
                ]
            }
        ]
    },
    {
        "type": "message",
        "subtype": "bot_message",
        "text": "",
        "ts": "1567163040.000100",
        "bot_id": "BMPMA7GPJ",
        "attachments": [
            {
                "fallback": "<https:\/\/github.com\/SalientCRGT\/scrgt-bdso-cc-startup\/tree\/pipeline|[scrgt-bdso-cc-startup:pipeline]> <https:\/\/github.com\/SalientCRGT\/scrgt-bdso-cc-startup\/commit\/40b85c1e3bef26e07ee250cd4c1f201149b1c55f|1 new commit> by Shawn Lassiter",
                "text": "`<https:\/\/github.com\/SalientCRGT\/scrgt-bdso-cc-startup\/commit\/40b85c1e3bef26e07ee250cd4c1f201149b1c55f|40b85c1>` remove rds from tools terraform - Shawn Lassiter",
                "pretext": "<https:\/\/github.com\/SalientCRGT\/scrgt-bdso-cc-startup\/tree\/pipeline|[scrgt-bdso-cc-startup:pipeline]> 1 new commit by Shawn Lassiter:",
                "id": 1,
                "color": "4183C4",
                "mrkdwn_in": [
                    "text",
                    "pretext"
                ]
            }
        ]
    },
    {
        "type": "message",
        "subtype": "bot_message",
        "text": "",
        "ts": "1567164922.000100",
        "bot_id": "BMPMA7GPJ",
        "attachments": [
            {
                "fallback": "<https:\/\/github.com\/SalientCRGT\/scrgt-bdso-cc-startup\/tree\/pipeline|[scrgt-bdso-cc-startup:pipeline]> <https:\/\/github.com\/SalientCRGT\/scrgt-bdso-cc-startup\/commit\/0615a36204f38b5ba76f8270ed28e05a9b2d4ceb|1 new commit> by Shawn Lassiter",
                "text": "`<https:\/\/github.com\/SalientCRGT\/scrgt-bdso-cc-startup\/commit\/0615a36204f38b5ba76f8270ed28e05a9b2d4ceb|0615a36>` startup refactor fixes - Shawn Lassiter",
                "pretext": "<https:\/\/github.com\/SalientCRGT\/scrgt-bdso-cc-startup\/tree\/pipeline|[scrgt-bdso-cc-startup:pipeline]> 1 new commit by Shawn Lassiter:",
                "id": 1,
                "color": "4183C4",
                "mrkdwn_in": [
                    "text",
                    "pretext"
                ]
            }
        ]
    },
    {
        "type": "message",
        "subtype": "bot_message",
        "text": "",
        "ts": "1567166225.000100",
        "bot_id": "BMPMA7GPJ",
        "attachments": [
            {
                "fallback": "<https:\/\/github.com\/SalientCRGT\/scrgt-bdso-cc-startup\/tree\/pipeline|[scrgt-bdso-cc-startup:pipeline]> <https:\/\/github.com\/SalientCRGT\/scrgt-bdso-cc-startup\/commit\/c2830d9242d32889eb7de75ac17c12ae65cd144e|1 new commit> by Shawn Lassiter",
                "text": "`<https:\/\/github.com\/SalientCRGT\/scrgt-bdso-cc-startup\/commit\/c2830d9242d32889eb7de75ac17c12ae65cd144e|c2830d9>` removed project from baseline - Shawn Lassiter",
                "pretext": "<https:\/\/github.com\/SalientCRGT\/scrgt-bdso-cc-startup\/tree\/pipeline|[scrgt-bdso-cc-startup:pipeline]> 1 new commit by Shawn Lassiter:",
                "id": 1,
                "color": "4183C4",
                "mrkdwn_in": [
                    "text",
                    "pretext"
                ]
            }
        ]
    },
    {
        "type": "message",
        "subtype": "bot_message",
        "text": "",
        "ts": "1567170581.000200",
        "bot_id": "BMPMA7GPJ",
        "attachments": [
            {
                "fallback": "<https:\/\/github.com\/SalientCRGT\/scrgt-bdso-cc-startup\/tree\/pipeline|[scrgt-bdso-cc-startup:pipeline]> <https:\/\/github.com\/SalientCRGT\/scrgt-bdso-cc-startup\/commit\/7d0cc6deae911875091820fcb338f2c1614c402e|1 new commit> by Shawn Lassiter",
                "text": "`<https:\/\/github.com\/SalientCRGT\/scrgt-bdso-cc-startup\/commit\/7d0cc6deae911875091820fcb338f2c1614c402e|7d0cc6d>` added ocp setup to startup.sh - Shawn Lassiter",
                "pretext": "<https:\/\/github.com\/SalientCRGT\/scrgt-bdso-cc-startup\/tree\/pipeline|[scrgt-bdso-cc-startup:pipeline]> 1 new commit by Shawn Lassiter:",
                "id": 1,
                "color": "4183C4",
                "mrkdwn_in": [
                    "text",
                    "pretext"
                ]
            }
        ]
    },
    {
        "type": "message",
        "subtype": "bot_message",
        "text": "",
        "ts": "1567172040.000300",
        "bot_id": "BMPMA7GPJ",
        "attachments": [
            {
                "fallback": "<https:\/\/github.com\/SalientCRGT\/scrgt-bdso-cc-startup|[scrgt-bdso-cc-startup]> New branch \"<https:\/\/github.com\/SalientCRGT\/scrgt-bdso-cc-startup\/tree\/cfn-fix-rolename|cfn-fix-rolename>\" was pushed by vjdeshmukhgit",
                "text": "<https:\/\/github.com\/SalientCRGT\/scrgt-bdso-cc-startup|[scrgt-bdso-cc-startup]> New branch \"<https:\/\/github.com\/SalientCRGT\/scrgt-bdso-cc-startup\/tree\/cfn-fix-rolename|cfn-fix-rolename>\" was pushed by vjdeshmukhgit",
                "id": 1,
                "color": "4183C4",
                "mrkdwn_in": [
                    "text",
                    "pretext"
                ]
            }
        ]
    },
    {
        "type": "message",
        "subtype": "bot_message",
        "text": "",
        "ts": "1567172684.000400",
        "bot_id": "BMPMA7GPJ",
        "attachments": [
            {
                "fallback": "<https:\/\/github.com\/SalientCRGT\/scrgt-bdso-cc-startup\/tree\/pipeline|[scrgt-bdso-cc-startup:pipeline]> <https:\/\/github.com\/SalientCRGT\/scrgt-bdso-cc-startup\/commit\/0e0bcd59a6076c94395d398fef2c8ed8d6da4072|1 new commit> by Shawn Lassiter",
                "text": "`<https:\/\/github.com\/SalientCRGT\/scrgt-bdso-cc-startup\/commit\/0e0bcd59a6076c94395d398fef2c8ed8d6da4072|0e0bcd5>` add destroy - Shawn Lassiter",
                "pretext": "<https:\/\/github.com\/SalientCRGT\/scrgt-bdso-cc-startup\/tree\/pipeline|[scrgt-bdso-cc-startup:pipeline]> 1 new commit by Shawn Lassiter:",
                "id": 1,
                "color": "4183C4",
                "mrkdwn_in": [
                    "text",
                    "pretext"
                ]
            }
        ]
    },
    {
        "type": "message",
        "subtype": "bot_message",
        "text": "",
        "ts": "1567176516.000500",
        "bot_id": "BMPMA7GPJ",
        "attachments": [
            {
                "fallback": "<https:\/\/github.com\/SalientCRGT\/scrgt-bdso-cc-startup\/tree\/pipeline|[scrgt-bdso-cc-startup:pipeline]> <https:\/\/github.com\/SalientCRGT\/scrgt-bdso-cc-startup\/commit\/15627e141a87212d908476e0858973ce6ab253a6|1 new commit> by Shawn Lassiter",
                "text": "`<https:\/\/github.com\/SalientCRGT\/scrgt-bdso-cc-startup\/commit\/15627e141a87212d908476e0858973ce6ab253a6|15627e1>` ocp integration changes - Shawn Lassiter",
                "pretext": "<https:\/\/github.com\/SalientCRGT\/scrgt-bdso-cc-startup\/tree\/pipeline|[scrgt-bdso-cc-startup:pipeline]> 1 new commit by Shawn Lassiter:",
                "id": 1,
                "color": "4183C4",
                "mrkdwn_in": [
                    "text",
                    "pretext"
                ]
            }
        ]
    },
    {
        "type": "message",
        "subtype": "bot_message",
        "text": "",
        "ts": "1567177467.000600",
        "bot_id": "BMPMA7GPJ",
        "attachments": [
            {
                "fallback": "<https:\/\/github.com\/SalientCRGT\/scrgt-bdso-cc-startup\/tree\/pipeline|[scrgt-bdso-cc-startup:pipeline]> <https:\/\/github.com\/SalientCRGT\/scrgt-bdso-cc-startup\/commit\/099679b730034ee2f3032d6d86afb1d8c675861d|1 new commit> by Shawn Lassiter",
                "text": "`<https:\/\/github.com\/SalientCRGT\/scrgt-bdso-cc-startup\/commit\/099679b730034ee2f3032d6d86afb1d8c675861d|099679b>` simplify key files - Shawn Lassiter",
                "pretext": "<https:\/\/github.com\/SalientCRGT\/scrgt-bdso-cc-startup\/tree\/pipeline|[scrgt-bdso-cc-startup:pipeline]> 1 new commit by Shawn Lassiter:",
                "id": 1,
                "color": "4183C4",
                "mrkdwn_in": [
                    "text",
                    "pretext"
                ]
            }
        ]
    },
    {
        "type": "message",
        "subtype": "bot_message",
        "text": "",
        "ts": "1567177890.000700",
        "bot_id": "BMPMA7GPJ",
        "attachments": [
            {
                "fallback": "<https:\/\/github.com\/SalientCRGT\/scrgt-bdso-cc-startup\/tree\/pipeline|[scrgt-bdso-cc-startup:pipeline]> <https:\/\/github.com\/SalientCRGT\/scrgt-bdso-cc-startup\/commit\/fa6e36626de1f87cea7dd0b3ea7f51e17d109c7a|1 new commit> by Shawn Lassiter",
                "text": "`<https:\/\/github.com\/SalientCRGT\/scrgt-bdso-cc-startup\/commit\/fa6e36626de1f87cea7dd0b3ea7f51e17d109c7a|fa6e366>` key file simplification - Shawn Lassiter",
                "pretext": "<https:\/\/github.com\/SalientCRGT\/scrgt-bdso-cc-startup\/tree\/pipeline|[scrgt-bdso-cc-startup:pipeline]> 1 new commit by Shawn Lassiter:",
                "id": 1,
                "color": "4183C4",
                "mrkdwn_in": [
                    "text",
                    "pretext"
                ]
            }
        ]
    },
    {
        "type": "message",
        "subtype": "bot_message",
        "text": "",
        "ts": "1567179220.000800",
        "bot_id": "BMPMA7GPJ",
        "attachments": [
            {
                "fallback": "<https:\/\/github.com\/SalientCRGT\/scrgt-bdso-cc-startup\/tree\/pipeline|[scrgt-bdso-cc-startup:pipeline]> <https:\/\/github.com\/SalientCRGT\/scrgt-bdso-cc-startup\/commit\/415a44adc4d63bff82ab914b62646f15a6fff970|1 new commit> by Shawn Lassiter",
                "text": "`<https:\/\/github.com\/SalientCRGT\/scrgt-bdso-cc-startup\/commit\/415a44adc4d63bff82ab914b62646f15a6fff970|415a44a>` ssh agent - Shawn Lassiter",
                "pretext": "<https:\/\/github.com\/SalientCRGT\/scrgt-bdso-cc-startup\/tree\/pipeline|[scrgt-bdso-cc-startup:pipeline]> 1 new commit by Shawn Lassiter:",
                "id": 1,
                "color": "4183C4",
                "mrkdwn_in": [
                    "text",
                    "pretext"
                ]
            }
        ]
    },
    {
        "type": "message",
        "subtype": "bot_message",
        "text": "",
        "ts": "1567181147.000900",
        "bot_id": "BMPMA7GPJ",
        "attachments": [
            {
                "fallback": "<https:\/\/github.com\/SalientCRGT\/scrgt-bdso-cc-startup\/tree\/pipeline|[scrgt-bdso-cc-startup:pipeline]> <https:\/\/github.com\/SalientCRGT\/scrgt-bdso-cc-startup\/commit\/297a199e77b3fc9aacf3912820b6bea005c84cd4|1 new commit> by Shawn Lassiter",
                "text": "`<https:\/\/github.com\/SalientCRGT\/scrgt-bdso-cc-startup\/commit\/297a199e77b3fc9aacf3912820b6bea005c84cd4|297a199>` permissions issues - Shawn Lassiter",
                "pretext": "<https:\/\/github.com\/SalientCRGT\/scrgt-bdso-cc-startup\/tree\/pipeline|[scrgt-bdso-cc-startup:pipeline]> 1 new commit by Shawn Lassiter:",
                "id": 1,
                "color": "4183C4",
                "mrkdwn_in": [
                    "text",
                    "pretext"
                ]
            }
        ]
    },
    {
        "type": "message",
        "subtype": "bot_message",
        "text": "",
        "ts": "1567181550.001000",
        "bot_id": "BMPMA7GPJ",
        "attachments": [
            {
                "fallback": "<https:\/\/github.com\/SalientCRGT\/scrgt-bdso-cc-startup\/tree\/pipeline|[scrgt-bdso-cc-startup:pipeline]> <https:\/\/github.com\/SalientCRGT\/scrgt-bdso-cc-startup\/commit\/643fcec326665ad0cb2b923a760504cf7ef06ef4|1 new commit> by Shawn Lassiter",
                "text": "`<https:\/\/github.com\/SalientCRGT\/scrgt-bdso-cc-startup\/commit\/643fcec326665ad0cb2b923a760504cf7ef06ef4|643fcec>` further permissions fix - Shawn Lassiter",
                "pretext": "<https:\/\/github.com\/SalientCRGT\/scrgt-bdso-cc-startup\/tree\/pipeline|[scrgt-bdso-cc-startup:pipeline]> 1 new commit by Shawn Lassiter:",
                "id": 1,
                "color": "4183C4",
                "mrkdwn_in": [
                    "text",
                    "pretext"
                ]
            }
        ]
    },
    {
        "type": "message",
        "subtype": "bot_message",
        "text": "",
        "ts": "1567181820.001100",
        "bot_id": "BMPMA7GPJ",
        "attachments": [
            {
                "fallback": "<https:\/\/github.com\/SalientCRGT\/scrgt-bdso-cc-startup\/tree\/pipeline|[scrgt-bdso-cc-startup:pipeline]> <https:\/\/github.com\/SalientCRGT\/scrgt-bdso-cc-startup\/commit\/bce0ed92ed2b0c377168613467a4ae5b1248327b|1 new commit> by Vijay S Deshmukh",
                "text": "`<https:\/\/github.com\/SalientCRGT\/scrgt-bdso-cc-startup\/commit\/bce0ed92ed2b0c377168613467a4ae5b1248327b|bce0ed9>` changed role names to include SCRGT_BDSO_ prefix. Added +x to make the destroy.sh as an executable - Vijay S Deshmukh",
                "pretext": "<https:\/\/github.com\/SalientCRGT\/scrgt-bdso-cc-startup\/tree\/pipeline|[scrgt-bdso-cc-startup:pipeline]> 1 new commit by Vijay S Deshmukh:",
                "id": 1,
                "color": "4183C4",
                "mrkdwn_in": [
                    "text",
                    "pretext"
                ]
            }
        ]
    },
    {
        "type": "message",
        "subtype": "bot_message",
        "text": "",
        "ts": "1567182319.001200",
        "bot_id": "BMPMA7GPJ",
        "attachments": [
            {
                "fallback": "<https:\/\/github.com\/SalientCRGT\/scrgt-bdso-cc-startup\/tree\/pipeline|[scrgt-bdso-cc-startup:pipeline]> <https:\/\/github.com\/SalientCRGT\/scrgt-bdso-cc-startup\/compare\/bce0ed92ed2b...0c9b3f922b4c|2 new commits> by Shawn Lassiter",
                "text": "`<https:\/\/github.com\/SalientCRGT\/scrgt-bdso-cc-startup\/commit\/603795c6cf8a9f2f90215e9cd3509c6761570b4f|603795c>` key permissions again - Shawn Lassiter\n `<https:\/\/github.com\/SalientCRGT\/scrgt-bdso-cc-startup\/commit\/0c9b3f922b4cc98b8a33cb4392b51d11f1c0af04|0c9b3f9>` Merge branch 'pipeline' of github.com:SalientCRGT\/scrgt-bdso-cc-startup into pipeline - Shawn Lassiter",
                "pretext": "<https:\/\/github.com\/SalientCRGT\/scrgt-bdso-cc-startup\/tree\/pipeline|[scrgt-bdso-cc-startup:pipeline]> <https:\/\/github.com\/SalientCRGT\/scrgt-bdso-cc-startup\/compare\/bce0ed92ed2b...0c9b3f922b4c|2 new commits> by Shawn Lassiter:",
                "id": 1,
                "color": "4183C4",
                "mrkdwn_in": [
                    "text",
                    "pretext"
                ]
            }
        ]
    },
    {
        "type": "message",
        "subtype": "bot_message",
        "text": "",
        "ts": "1567182622.001300",
        "bot_id": "BMPMA7GPJ",
        "attachments": [
            {
                "fallback": "<https:\/\/github.com\/SalientCRGT\/scrgt-bdso-cc-startup\/tree\/pipeline|[scrgt-bdso-cc-startup:pipeline]> <https:\/\/github.com\/SalientCRGT\/scrgt-bdso-cc-startup\/compare\/0c9b3f922b4c...3a529a36a942|2 new commits> by Vijay S Deshmukh",
                "text": "`<https:\/\/github.com\/SalientCRGT\/scrgt-bdso-cc-startup\/commit\/05609916e7ee288380ba38c2f6bf25b4e06864c1|0560991>` updated destroy script to exit and get to pronpt and added a custom message - Vijay S Deshmukh\n `<https:\/\/github.com\/SalientCRGT\/scrgt-bdso-cc-startup\/commit\/3a529a36a942a3e95b64c36c9b70a49766835741|3a529a3>` updated destroy script to exit and get to pronpt and added a custom message - Vijay S Deshmukh",
                "pretext": "<https:\/\/github.com\/SalientCRGT\/scrgt-bdso-cc-startup\/tree\/pipeline|[scrgt-bdso-cc-startup:pipeline]> <https:\/\/github.com\/SalientCRGT\/scrgt-bdso-cc-startup\/compare\/0c9b3f922b4c...3a529a36a942|2 new commits> by Vijay S Deshmukh:",
                "id": 1,
                "color": "4183C4",
                "mrkdwn_in": [
                    "text",
                    "pretext"
                ]
            }
        ]
    },
    {
        "type": "message",
        "subtype": "bot_message",
        "text": "",
        "ts": "1567183731.001400",
        "bot_id": "BMPMA7GPJ",
        "attachments": [
            {
                "fallback": "<https:\/\/github.com\/SalientCRGT\/scrgt-bdso-cc-startup\/tree\/pipeline|[scrgt-bdso-cc-startup:pipeline]> <https:\/\/github.com\/SalientCRGT\/scrgt-bdso-cc-startup\/commit\/ca7ca795c09cee91e7ecc8013e1838042dfd3ea7|1 new commit> by Shawn Lassiter",
                "text": "`<https:\/\/github.com\/SalientCRGT\/scrgt-bdso-cc-startup\/commit\/ca7ca795c09cee91e7ecc8013e1838042dfd3ea7|ca7ca79>` reinstate parallelism - Shawn Lassiter",
                "pretext": "<https:\/\/github.com\/SalientCRGT\/scrgt-bdso-cc-startup\/tree\/pipeline|[scrgt-bdso-cc-startup:pipeline]> 1 new commit by Shawn Lassiter:",
                "id": 1,
                "color": "4183C4",
                "mrkdwn_in": [
                    "text",
                    "pretext"
                ]
            }
        ]
    },
    {
        "type": "message",
        "subtype": "bot_message",
        "text": "",
        "ts": "1567184467.001500",
        "bot_id": "BMPMA7GPJ",
        "attachments": [
            {
                "fallback": "<https:\/\/github.com\/SalientCRGT\/scrgt-bdso-cc-startup\/tree\/pipeline|[scrgt-bdso-cc-startup:pipeline]> <https:\/\/github.com\/SalientCRGT\/scrgt-bdso-cc-startup\/compare\/ca7ca795c09c...f411d17746ba|6 new commits> by Pramod Malhotra and 3 others",
                "text": "`<https:\/\/github.com\/SalientCRGT\/scrgt-bdso-cc-startup\/commit\/b44dc0b7e0ac1e58065606c84f4d33925729a9be|b44dc0b>` initial commit of ReadME.md - Pramod Malhotra\n `<https:\/\/github.com\/SalientCRGT\/scrgt-bdso-cc-startup\/commit\/a61a35b0eb1c07bb8ac6012ea9196a5c2fe6b25a|a61a35b>` ongoing update to get readme.md file completed. - Pramod Malhotra\n `<https:\/\/github.com\/SalientCRGT\/scrgt-bdso-cc-startup\/commit\/5f2cdc3b935f2839b841f32e8f65575ad2ca2687|5f2cdc3>` more changes - Pramod Malhotra\n `<https:\/\/github.com\/SalientCRGT\/scrgt-bdso-cc-startup\/commit\/735ed04e2f15154cd95ec6932308a3174fa24ca3|735ed04>` Merge pull request #1 from SalientCRGT\/pmalhotra-iiinfo-patch-1 - Alice Blackburn\n `<https:\/\/github.com\/SalientCRGT\/scrgt-bdso-cc-startup\/commit\/afb3356dc3b2e8714eb4435c1cce18e132b6e4b2|afb3356>` Merge pull request #3 from SalientCRGT\/pipeline - vjdeshmukhgit\n `<https:\/\/github.com\/SalientCRGT\/scrgt-bdso-cc-startup\/commit\/f411d17746ba15c9a75f576811419788d7d8865f|f411d17>` Merge branch 'bdso-dev' into pipeline - Shawn Lassiter",
                "pretext": "<https:\/\/github.com\/SalientCRGT\/scrgt-bdso-cc-startup\/tree\/pipeline|[scrgt-bdso-cc-startup:pipeline]> <https:\/\/github.com\/SalientCRGT\/scrgt-bdso-cc-startup\/compare\/ca7ca795c09c...f411d17746ba|6 new commits> by Pramod Malhotra and 3 others:",
                "id": 1,
                "color": "4183C4",
                "mrkdwn_in": [
                    "text",
                    "pretext"
                ]
            }
        ]
    },
    {
        "type": "message",
        "subtype": "bot_message",
        "text": "",
        "ts": "1567188115.001600",
        "bot_id": "BMPMA7GPJ",
        "attachments": [
            {
                "fallback": "<https:\/\/github.com\/SalientCRGT\/scrgt-bdso-cc-startup|[scrgt-bdso-cc-startup]> New branch \"<https:\/\/github.com\/SalientCRGT\/scrgt-bdso-cc-startup\/tree\/emr_cloudformation|emr_cloudformation>\" was pushed by gwmorris",
                "text": "<https:\/\/github.com\/SalientCRGT\/scrgt-bdso-cc-startup|[scrgt-bdso-cc-startup]> New branch \"<https:\/\/github.com\/SalientCRGT\/scrgt-bdso-cc-startup\/tree\/emr_cloudformation|emr_cloudformation>\" was pushed by gwmorris",
                "id": 1,
                "color": "4183C4",
                "mrkdwn_in": [
                    "text",
                    "pretext"
                ]
            }
        ]
    },
    {
        "type": "message",
        "subtype": "bot_message",
        "text": "",
        "ts": "1567191170.001700",
        "bot_id": "BMPMA7GPJ",
        "attachments": [
            {
                "fallback": "<https:\/\/github.com\/SalientCRGT\/scrgt-bdso-cc-startup\/tree\/pipeline|[scrgt-bdso-cc-startup:pipeline]> <https:\/\/github.com\/SalientCRGT\/scrgt-bdso-cc-startup\/commit\/91b1190030e3f34f1d37d18749a3786aa8f5818a|1 new commit> by Shawn Lassiter",
                "text": "`<https:\/\/github.com\/SalientCRGT\/scrgt-bdso-cc-startup\/commit\/91b1190030e3f34f1d37d18749a3786aa8f5818a|91b1190>` tools vpc output - Shawn Lassiter",
                "pretext": "<https:\/\/github.com\/SalientCRGT\/scrgt-bdso-cc-startup\/tree\/pipeline|[scrgt-bdso-cc-startup:pipeline]> 1 new commit by Shawn Lassiter:",
                "id": 1,
                "color": "4183C4",
                "mrkdwn_in": [
                    "text",
                    "pretext"
                ]
            }
        ]
    },
    {
        "type": "message",
        "subtype": "bot_message",
        "text": "",
        "ts": "1567193127.001800",
        "bot_id": "BMPMA7GPJ",
        "attachments": [
            {
                "fallback": "<https:\/\/github.com\/SalientCRGT\/scrgt-bdso-cc-startup|[scrgt-bdso-cc-startup]> New branch \"<https:\/\/github.com\/SalientCRGT\/scrgt-bdso-cc-startup\/tree\/vj-test-pipeline|vj-test-pipeline>\" was pushed by vjdeshmukhgit",
                "text": "<https:\/\/github.com\/SalientCRGT\/scrgt-bdso-cc-startup|[scrgt-bdso-cc-startup]> New branch \"<https:\/\/github.com\/SalientCRGT\/scrgt-bdso-cc-startup\/tree\/vj-test-pipeline|vj-test-pipeline>\" was pushed by vjdeshmukhgit",
                "id": 1,
                "color": "4183C4",
                "mrkdwn_in": [
                    "text",
                    "pretext"
                ]
            }
        ]
    },
    {
        "type": "message",
        "subtype": "bot_message",
        "text": "",
        "ts": "1567194464.001900",
        "bot_id": "BMPMA7GPJ",
        "attachments": [
            {
                "fallback": "<https:\/\/github.com\/SalientCRGT\/scrgt-bdso-cc-startup\/tree\/emr_cloudformation|[scrgt-bdso-cc-startup:emr_cloudformation]> <https:\/\/github.com\/SalientCRGT\/scrgt-bdso-cc-startup\/commit\/069a657c359fc2ec7af385d98e272d76af8a2bf9|1 new commit> by Gary Morris",
                "text": "`<https:\/\/github.com\/SalientCRGT\/scrgt-bdso-cc-startup\/commit\/069a657c359fc2ec7af385d98e272d76af8a2bf9|069a657>` Added Jupyter information and EMR Cluster Create - Gary Morris",
                "pretext": "<https:\/\/github.com\/SalientCRGT\/scrgt-bdso-cc-startup\/tree\/emr_cloudformation|[scrgt-bdso-cc-startup:emr_cloudformation]> 1 new commit by Gary Morris:",
                "id": 1,
                "color": "4183C4",
                "mrkdwn_in": [
                    "text",
                    "pretext"
                ]
            }
        ]
    },
    {
        "type": "message",
        "subtype": "bot_message",
        "text": "",
        "ts": "1567194623.002000",
        "bot_id": "BMPMA7GPJ",
        "attachments": [
            {
                "fallback": "<https:\/\/github.com\/SalientCRGT\/scrgt-bdso-cc-startup\/tree\/pipeline|[scrgt-bdso-cc-startup:pipeline]> <https:\/\/github.com\/SalientCRGT\/scrgt-bdso-cc-startup\/compare\/91b1190030e3...3460ece06ef1|3 new commits> by Gary Morris and 1 other",
                "text": "`<https:\/\/github.com\/SalientCRGT\/scrgt-bdso-cc-startup\/commit\/92ff777d6054cc040e25b729b3187fca6dabbf47|92ff777>` Cluster create initial script - Gary Morris\n `<https:\/\/github.com\/SalientCRGT\/scrgt-bdso-cc-startup\/commit\/069a657c359fc2ec7af385d98e272d76af8a2bf9|069a657>` Added Jupyter information and EMR Cluster Create - Gary Morris\n `<https:\/\/github.com\/SalientCRGT\/scrgt-bdso-cc-startup\/commit\/3460ece06ef100d6a6aa535a68b2c46957d2f333|3460ece>` Merge pull request #7 from SalientCRGT\/emr_cloudformation - gwmorris",
                "pretext": "<https:\/\/github.com\/SalientCRGT\/scrgt-bdso-cc-startup\/tree\/pipeline|[scrgt-bdso-cc-startup:pipeline]> <https:\/\/github.com\/SalientCRGT\/scrgt-bdso-cc-startup\/compare\/91b1190030e3...3460ece06ef1|3 new commits> by Gary Morris and 1 other:",
                "id": 1,
                "color": "4183C4",
                "mrkdwn_in": [
                    "text",
                    "pretext"
                ]
            }
        ]
    },
    {
        "type": "message",
        "subtype": "bot_message",
        "text": "",
        "ts": "1567194762.002100",
        "bot_id": "BMPMA7GPJ",
        "attachments": [
            {
                "fallback": "<https:\/\/github.com\/SalientCRGT\/scrgt-bdso-cc-startup\/tree\/pipeline|[scrgt-bdso-cc-startup:pipeline]> <https:\/\/github.com\/SalientCRGT\/scrgt-bdso-cc-startup\/commit\/35e527466c54a52bf389e1b8bcde1d3f5e98dbd7|1 new commit> by Vijay S Deshmukh",
                "text": "`<https:\/\/github.com\/SalientCRGT\/scrgt-bdso-cc-startup\/commit\/35e527466c54a52bf389e1b8bcde1d3f5e98dbd7|35e5274>` Added output urls - Vijay S Deshmukh",
                "pretext": "<https:\/\/github.com\/SalientCRGT\/scrgt-bdso-cc-startup\/tree\/pipeline|[scrgt-bdso-cc-startup:pipeline]> 1 new commit by Vijay S Deshmukh:",
                "id": 1,
                "color": "4183C4",
                "mrkdwn_in": [
                    "text",
                    "pretext"
                ]
            }
        ]
    },
    {
        "type": "message",
        "subtype": "bot_message",
        "text": "",
        "ts": "1567198590.002200",
        "bot_id": "BMPMA7GPJ",
        "attachments": [
            {
                "fallback": "<https:\/\/github.com\/SalientCRGT\/scrgt-bdso-cc-startup\/tree\/pipeline|[scrgt-bdso-cc-startup:pipeline]> <https:\/\/github.com\/SalientCRGT\/scrgt-bdso-cc-startup\/commit\/f8a954885fc41599c4c436645f20cbe545f2a213|1 new commit> by Vijay S Deshmukh",
                "text": "`<https:\/\/github.com\/SalientCRGT\/scrgt-bdso-cc-startup\/commit\/f8a954885fc41599c4c436645f20cbe545f2a213|f8a9548>` the urls are ot shoing up. It appears the call to ocp &amp; tools is causing an issue - Vijay S Deshmukh",
                "pretext": "<https:\/\/github.com\/SalientCRGT\/scrgt-bdso-cc-startup\/tree\/pipeline|[scrgt-bdso-cc-startup:pipeline]> 1 new commit by Vijay S Deshmukh:",
                "id": 1,
                "color": "4183C4",
                "mrkdwn_in": [
                    "text",
                    "pretext"
                ]
            }
        ]
    },
    {
        "type": "message",
        "subtype": "bot_message",
        "text": "",
        "ts": "1567198852.002300",
        "bot_id": "BMPMA7GPJ",
        "attachments": [
            {
                "fallback": "<https:\/\/github.com\/SalientCRGT\/scrgt-bdso-cc-startup\/tree\/pipeline|[scrgt-bdso-cc-startup:pipeline]> <https:\/\/github.com\/SalientCRGT\/scrgt-bdso-cc-startup\/commit\/c5a01b0478b6a3ce6b80fdf455afec734413079a|1 new commit> by Vijay S Deshmukh",
                "text": "`<https:\/\/github.com\/SalientCRGT\/scrgt-bdso-cc-startup\/commit\/c5a01b0478b6a3ce6b80fdf455afec734413079a|c5a01b0>` process destroy ocp and then tools on a separate ine. Keeping them together with &amp; does not gracefully end - Vijay S Deshmukh",
                "pretext": "<https:\/\/github.com\/SalientCRGT\/scrgt-bdso-cc-startup\/tree\/pipeline|[scrgt-bdso-cc-startup:pipeline]> 1 new commit by Vijay S Deshmukh:",
                "id": 1,
                "color": "4183C4",
                "mrkdwn_in": [
                    "text",
                    "pretext"
                ]
            }
        ]
    },
    {
        "type": "message",
        "subtype": "bot_message",
        "text": "",
        "ts": "1567200213.002400",
        "bot_id": "BMPMA7GPJ",
        "attachments": [
            {
                "fallback": "<https:\/\/github.com\/SalientCRGT\/scrgt-bdso-cc-startup\/tree\/pipeline|[scrgt-bdso-cc-startup:pipeline]> <https:\/\/github.com\/SalientCRGT\/scrgt-bdso-cc-startup\/commit\/6946594daf396d87af9f4e4bd6b6d322528206b3|1 new commit> by Vijay S Deshmukh",
                "text": "`<https:\/\/github.com\/SalientCRGT\/scrgt-bdso-cc-startup\/commit\/6946594daf396d87af9f4e4bd6b6d322528206b3|6946594>` re-enabled make openshift clause to do full test - Vijay S Deshmukh",
                "pretext": "<https:\/\/github.com\/SalientCRGT\/scrgt-bdso-cc-startup\/tree\/pipeline|[scrgt-bdso-cc-startup:pipeline]> 1 new commit by Vijay S Deshmukh:",
                "id": 1,
                "color": "4183C4",
                "mrkdwn_in": [
                    "text",
                    "pretext"
                ]
            }
        ]
    },
    {
        "type": "message",
        "subtype": "bot_message",
        "text": "",
        "ts": "1567207168.002500",
        "bot_id": "BMPMA7GPJ",
        "attachments": [
            {
                "fallback": "<https:\/\/github.com\/SalientCRGT\/scrgt-bdso-cc-startup\/tree\/pipeline|[scrgt-bdso-cc-startup:pipeline]> <https:\/\/github.com\/SalientCRGT\/scrgt-bdso-cc-startup\/commit\/c12cc0d2240630ca8dc55b52b98f4f59c18ab5af|1 new commit> by Vijay S Deshmukh",
                "text": "`<https:\/\/github.com\/SalientCRGT\/scrgt-bdso-cc-startup\/commit\/c12cc0d2240630ca8dc55b52b98f4f59c18ab5af|c12cc0d>` Testing tools only - Vijay S Deshmukh",
                "pretext": "<https:\/\/github.com\/SalientCRGT\/scrgt-bdso-cc-startup\/tree\/pipeline|[scrgt-bdso-cc-startup:pipeline]> 1 new commit by Vijay S Deshmukh:",
                "id": 1,
                "color": "4183C4",
                "mrkdwn_in": [
                    "text",
                    "pretext"
                ]
            }
        ]
    },
    {
        "type": "message",
        "subtype": "bot_message",
        "text": "",
        "ts": "1567208629.002600",
        "bot_id": "BMPMA7GPJ",
        "attachments": [
            {
                "fallback": "<https:\/\/github.com\/SalientCRGT\/scrgt-bdso-cc-startup\/tree\/pipeline|[scrgt-bdso-cc-startup:pipeline]> <https:\/\/github.com\/SalientCRGT\/scrgt-bdso-cc-startup\/commit\/9b53b29b1276a0b7e1e06d705471442145731dc9|1 new commit> by Shawn Lassiter",
                "text": "`<https:\/\/github.com\/SalientCRGT\/scrgt-bdso-cc-startup\/commit\/9b53b29b1276a0b7e1e06d705471442145731dc9|9b53b29>` s3 access roles to openshift - Shawn Lassiter",
                "pretext": "<https:\/\/github.com\/SalientCRGT\/scrgt-bdso-cc-startup\/tree\/pipeline|[scrgt-bdso-cc-startup:pipeline]> 1 new commit by Shawn Lassiter:",
                "id": 1,
                "color": "4183C4",
                "mrkdwn_in": [
                    "text",
                    "pretext"
                ]
            }
        ]
    },
    {
        "type": "message",
        "subtype": "bot_message",
        "text": "",
        "ts": "1567210907.002700",
        "bot_id": "BMPMA7GPJ",
        "attachments": [
            {
                "fallback": "<https:\/\/github.com\/SalientCRGT\/scrgt-bdso-cc-startup\/tree\/pipeline-no-nexus|[scrgt-bdso-cc-startup:pipeline-no-nexus]> was branched from \"pipeline\" and pushed by vjdeshmukhgit",
                "text": "<https:\/\/github.com\/SalientCRGT\/scrgt-bdso-cc-startup\/tree\/pipeline-no-nexus|[scrgt-bdso-cc-startup:pipeline-no-nexus]> was branched from \"pipeline\" and pushed by vjdeshmukhgit",
                "id": 1,
                "color": "4183C4",
                "mrkdwn_in": [
                    "text",
                    "pretext"
                ]
            }
        ]
    },
    {
        "type": "message",
        "subtype": "bot_message",
        "text": "",
        "ts": "1567211271.002800",
        "bot_id": "BMPMA7GPJ",
        "attachments": [
            {
                "fallback": "<https:\/\/github.com\/SalientCRGT\/scrgt-bdso-cc-startup\/tree\/pipeline-no-nexus|[scrgt-bdso-cc-startup:pipeline-no-nexus]> <https:\/\/github.com\/SalientCRGT\/scrgt-bdso-cc-startup\/commit\/da6e7d8379d8c45b84051d06fb5e9da0d99fa7e7|1 new commit> by Shawn Lassiter",
                "text": "`<https:\/\/github.com\/SalientCRGT\/scrgt-bdso-cc-startup\/commit\/da6e7d8379d8c45b84051d06fb5e9da0d99fa7e7|da6e7d8>` denexusify code - Shawn Lassiter",
                "pretext": "<https:\/\/github.com\/SalientCRGT\/scrgt-bdso-cc-startup\/tree\/pipeline-no-nexus|[scrgt-bdso-cc-startup:pipeline-no-nexus]> 1 new commit by Shawn Lassiter:",
                "id": 1,
                "color": "4183C4",
                "mrkdwn_in": [
                    "text",
                    "pretext"
                ]
            }
        ]
    },
    {
        "type": "message",
        "subtype": "bot_message",
        "text": "",
        "ts": "1567213272.000100",
        "bot_id": "BMPMA7GPJ",
        "attachments": [
            {
                "fallback": "<https:\/\/github.com\/SalientCRGT\/scrgt-bdso-cc-startup\/tree\/pipeline-no-nexus|[scrgt-bdso-cc-startup:pipeline-no-nexus]> <https:\/\/github.com\/SalientCRGT\/scrgt-bdso-cc-startup\/commit\/30e95527ea26b298ba260949b823dbbb994a7ca0|1 new commit> by Vijay S Deshmukh",
                "text": "`<https:\/\/github.com\/SalientCRGT\/scrgt-bdso-cc-startup\/commit\/30e95527ea26b298ba260949b823dbbb994a7ca0|30e9552>` Testing tools only - Vijay S Deshmukh",
                "pretext": "<https:\/\/github.com\/SalientCRGT\/scrgt-bdso-cc-startup\/tree\/pipeline-no-nexus|[scrgt-bdso-cc-startup:pipeline-no-nexus]> 1 new commit by Vijay S Deshmukh:",
                "id": 1,
                "color": "4183C4",
                "mrkdwn_in": [
                    "text",
                    "pretext"
                ]
            }
        ]
    },
    {
        "type": "message",
        "subtype": "bot_message",
        "text": "",
        "ts": "1567214368.000100",
        "bot_id": "BMPMA7GPJ",
        "attachments": [
            {
                "fallback": "<https:\/\/github.com\/SalientCRGT\/scrgt-bdso-cc-startup\/tree\/pipeline-no-nexus|[scrgt-bdso-cc-startup:pipeline-no-nexus]> <https:\/\/github.com\/SalientCRGT\/scrgt-bdso-cc-startup\/compare\/30e95527ea26...7c2e09d5a0db|2 new commits> by Shawn Lassiter",
                "text": "`<https:\/\/github.com\/SalientCRGT\/scrgt-bdso-cc-startup\/commit\/0289df71000d302d2373541eb87ca1d8f44cdad2|0289df7>` jenkins config fix - Shawn Lassiter\n `<https:\/\/github.com\/SalientCRGT\/scrgt-bdso-cc-startup\/commit\/7c2e09d5a0dba618dcaa7ca061ed7227e6b6a153|7c2e09d>` Merge branch 'pipeline-no-nexus' of github.com:SalientCRGT\/scrgt-bdso-cc-startup into pipeline-no-nexus - Shawn Lassiter",
                "pretext": "<https:\/\/github.com\/SalientCRGT\/scrgt-bdso-cc-startup\/tree\/pipeline-no-nexus|[scrgt-bdso-cc-startup:pipeline-no-nexus]> <https:\/\/github.com\/SalientCRGT\/scrgt-bdso-cc-startup\/compare\/30e95527ea26...7c2e09d5a0db|2 new commits> by Shawn Lassiter:",
                "id": 1,
                "color": "4183C4",
                "mrkdwn_in": [
                    "text",
                    "pretext"
                ]
            }
        ]
    },
    {
        "type": "message",
        "subtype": "bot_message",
        "text": "",
        "ts": "1567214834.000100",
        "bot_id": "BMPMA7GPJ",
        "attachments": [
            {
                "fallback": "<https:\/\/github.com\/SalientCRGT\/scrgt-bdso-cc-startup\/tree\/pipeline-no-nexus|[scrgt-bdso-cc-startup:pipeline-no-nexus]> <https:\/\/github.com\/SalientCRGT\/scrgt-bdso-cc-startup\/commit\/4169794d2bef9d9385088bf2fdfdf3e634dc7025|1 new commit> by Shawn Lassiter",
                "text": "`<https:\/\/github.com\/SalientCRGT\/scrgt-bdso-cc-startup\/commit\/4169794d2bef9d9385088bf2fdfdf3e634dc7025|4169794>` another jenkins issue - Shawn Lassiter",
                "pretext": "<https:\/\/github.com\/SalientCRGT\/scrgt-bdso-cc-startup\/tree\/pipeline-no-nexus|[scrgt-bdso-cc-startup:pipeline-no-nexus]> 1 new commit by Shawn Lassiter:",
                "id": 1,
                "color": "4183C4",
                "mrkdwn_in": [
                    "text",
                    "pretext"
                ]
            }
        ]
    },
    {
        "type": "message",
        "subtype": "bot_message",
        "text": "",
        "ts": "1567216699.000100",
        "bot_id": "BMPMA7GPJ",
        "attachments": [
            {
                "fallback": "<https:\/\/github.com\/SalientCRGT\/scrgt-bdso-cc-startup\/tree\/pipeline-no-nexus|[scrgt-bdso-cc-startup:pipeline-no-nexus]> <https:\/\/github.com\/SalientCRGT\/scrgt-bdso-cc-startup\/commit\/dcb78803a48c766812267444f54cd3dbead1cd31|1 new commit> by Vijay S Deshmukh",
                "text": "`<https:\/\/github.com\/SalientCRGT\/scrgt-bdso-cc-startup\/commit\/dcb78803a48c766812267444f54cd3dbead1cd31|dcb7880>` Testing tools only - Vijay S Deshmukh",
                "pretext": "<https:\/\/github.com\/SalientCRGT\/scrgt-bdso-cc-startup\/tree\/pipeline-no-nexus|[scrgt-bdso-cc-startup:pipeline-no-nexus]> 1 new commit by Vijay S Deshmukh:",
                "id": 1,
                "color": "4183C4",
                "mrkdwn_in": [
                    "text",
                    "pretext"
                ]
            }
        ]
    },
    {
        "type": "message",
        "subtype": "bot_message",
        "text": "",
        "ts": "1567216748.000200",
        "bot_id": "BMPMA7GPJ",
        "attachments": [
            {
                "fallback": "<https:\/\/github.com\/SalientCRGT\/scrgt-bdso-cc-startup\/tree\/pipeline-no-nexus|[scrgt-bdso-cc-startup:pipeline-no-nexus]> <https:\/\/github.com\/SalientCRGT\/scrgt-bdso-cc-startup\/commit\/a25787a57d624decefc73fd92a33ea2ff93f4b41|1 new commit> by Vijay S Deshmukh",
                "text": "`<https:\/\/github.com\/SalientCRGT\/scrgt-bdso-cc-startup\/commit\/a25787a57d624decefc73fd92a33ea2ff93f4b41|a25787a>` Testing tools only - Vijay S Deshmukh",
                "pretext": "<https:\/\/github.com\/SalientCRGT\/scrgt-bdso-cc-startup\/tree\/pipeline-no-nexus|[scrgt-bdso-cc-startup:pipeline-no-nexus]> 1 new commit by Vijay S Deshmukh:",
                "id": 1,
                "color": "4183C4",
                "mrkdwn_in": [
                    "text",
                    "pretext"
                ]
            }
        ]
    },
    {
        "type": "message",
        "subtype": "bot_message",
        "text": "",
        "ts": "1567218454.000100",
        "bot_id": "BMPMA7GPJ",
        "attachments": [
            {
                "fallback": "<https:\/\/github.com\/SalientCRGT\/scrgt-bdso-cc-startup|[scrgt-bdso-cc-startup]> The branch \"emr_cloudformation\" was deleted by gwmorris",
                "text": "<https:\/\/github.com\/SalientCRGT\/scrgt-bdso-cc-startup|[scrgt-bdso-cc-startup]> The branch \"emr_cloudformation\" was deleted by gwmorris",
                "id": 1,
                "color": "4183C4",
                "mrkdwn_in": [
                    "text",
                    "pretext"
                ]
            }
        ]
    },
    {
        "type": "message",
        "subtype": "bot_message",
        "text": "",
        "ts": "1567218522.000200",
        "bot_id": "BMPMA7GPJ",
        "attachments": [
            {
                "fallback": "<https:\/\/github.com\/SalientCRGT\/scrgt-bdso-cc-startup|[scrgt-bdso-cc-startup]> The branch \"start_cloudformation\" was deleted by gwmorris",
                "text": "<https:\/\/github.com\/SalientCRGT\/scrgt-bdso-cc-startup|[scrgt-bdso-cc-startup]> The branch \"start_cloudformation\" was deleted by gwmorris",
                "id": 1,
                "color": "4183C4",
                "mrkdwn_in": [
                    "text",
                    "pretext"
                ]
            }
        ]
    },
    {
        "type": "message",
        "subtype": "bot_message",
        "text": "",
        "ts": "1567220242.000100",
        "bot_id": "BMPMA7GPJ",
        "attachments": [
            {
                "fallback": "<https:\/\/github.com\/SalientCRGT\/scrgt-bdso-cc-startup\/tree\/pipeline-no-nexus|[scrgt-bdso-cc-startup:pipeline-no-nexus]> <https:\/\/github.com\/SalientCRGT\/scrgt-bdso-cc-startup\/commit\/d635549501cfe72309916bddb825dce192d19d78|1 new commit> by Vijay S Deshmukh",
                "text": "`<https:\/\/github.com\/SalientCRGT\/scrgt-bdso-cc-startup\/commit\/d635549501cfe72309916bddb825dce192d19d78|d635549>` Testing tools only - Vijay S Deshmukh",
                "pretext": "<https:\/\/github.com\/SalientCRGT\/scrgt-bdso-cc-startup\/tree\/pipeline-no-nexus|[scrgt-bdso-cc-startup:pipeline-no-nexus]> 1 new commit by Vijay S Deshmukh:",
                "id": 1,
                "color": "4183C4",
                "mrkdwn_in": [
                    "text",
                    "pretext"
                ]
            }
        ]
    },
    {
        "type": "message",
        "subtype": "bot_message",
        "text": "",
        "ts": "1567221488.000100",
        "bot_id": "BMPMA7GPJ",
        "attachments": [
            {
                "fallback": "<https:\/\/github.com\/SalientCRGT\/scrgt-bdso-cc-startup\/tree\/pipeline-no-nexus|[scrgt-bdso-cc-startup:pipeline-no-nexus]> <https:\/\/github.com\/SalientCRGT\/scrgt-bdso-cc-startup\/commit\/713c17db5899beff81f8fb914311890c30a705f6|1 new commit> by Vijay S Deshmukh",
                "text": "`<https:\/\/github.com\/SalientCRGT\/scrgt-bdso-cc-startup\/commit\/713c17db5899beff81f8fb914311890c30a705f6|713c17d>` Testing tools only - Vijay S Deshmukh",
                "pretext": "<https:\/\/github.com\/SalientCRGT\/scrgt-bdso-cc-startup\/tree\/pipeline-no-nexus|[scrgt-bdso-cc-startup:pipeline-no-nexus]> 1 new commit by Vijay S Deshmukh:",
                "id": 1,
                "color": "4183C4",
                "mrkdwn_in": [
                    "text",
                    "pretext"
                ]
            }
        ]
    },
    {
        "type": "message",
        "subtype": "bot_message",
        "text": "",
        "ts": "1567227387.000100",
        "bot_id": "BMPMA7GPJ",
        "attachments": [
            {
                "fallback": "<https:\/\/github.com\/SalientCRGT\/scrgt-bdso-cc-startup|[scrgt-bdso-cc-startup]> New branch \"<https:\/\/github.com\/SalientCRGT\/scrgt-bdso-cc-startup\/tree\/elasticsearch|elasticsearch>\" was pushed by gwmorris",
                "text": "<https:\/\/github.com\/SalientCRGT\/scrgt-bdso-cc-startup|[scrgt-bdso-cc-startup]> New branch \"<https:\/\/github.com\/SalientCRGT\/scrgt-bdso-cc-startup\/tree\/elasticsearch|elasticsearch>\" was pushed by gwmorris",
                "id": 1,
                "color": "4183C4",
                "mrkdwn_in": [
                    "text",
                    "pretext"
                ]
            }
        ]
    }
]