[
    {
        "type": "message",
        "subtype": "bot_message",
        "text": "",
        "ts": "1567512439.000100",
        "bot_id": "BMPMA7GPJ",
        "attachments": [
            {
                "fallback": "<https:\/\/github.com\/SalientCRGT\/scrgt-bdso-cc-startup|[scrgt-bdso-cc-startup]> New branch \"<https:\/\/github.com\/SalientCRGT\/scrgt-bdso-cc-startup\/tree\/automation-testing|automation-testing>\" was pushed by vjdeshmukhgit",
                "text": "<https:\/\/github.com\/SalientCRGT\/scrgt-bdso-cc-startup|[scrgt-bdso-cc-startup]> New branch \"<https:\/\/github.com\/SalientCRGT\/scrgt-bdso-cc-startup\/tree\/automation-testing|automation-testing>\" was pushed by vjdeshmukhgit",
                "id": 1,
                "color": "4183C4",
                "mrkdwn_in": [
                    "text",
                    "pretext"
                ]
            }
        ]
    },
    {
        "type": "message",
        "subtype": "bot_message",
        "text": "",
        "ts": "1567512750.000200",
        "bot_id": "BMPMA7GPJ",
        "attachments": [
            {
                "fallback": "<https:\/\/github.com\/SalientCRGT\/scrgt-bdso-cc-startup\/tree\/ft-deploymentarch|[scrgt-bdso-cc-startup:ft-deploymentarch]> <https:\/\/github.com\/SalientCRGT\/scrgt-bdso-cc-startup\/commit\/dd726508d282b6a1555e441e29fa901dd5e88fb6|1 new commit> by Amit Yadav",
                "text": "`<https:\/\/github.com\/SalientCRGT\/scrgt-bdso-cc-startup\/commit\/dd726508d282b6a1555e441e29fa901dd5e88fb6|dd72650>` Added datascience pipeline - Amit Yadav",
                "pretext": "<https:\/\/github.com\/SalientCRGT\/scrgt-bdso-cc-startup\/tree\/ft-deploymentarch|[scrgt-bdso-cc-startup:ft-deploymentarch]> 1 new commit by Amit Yadav:",
                "id": 1,
                "color": "4183C4",
                "mrkdwn_in": [
                    "text",
                    "pretext"
                ]
            }
        ]
    },
    {
        "type": "message",
        "subtype": "bot_message",
        "text": "",
        "ts": "1567514089.000300",
        "bot_id": "BMPMA7GPJ",
        "attachments": [
            {
                "fallback": "<https:\/\/github.com\/SalientCRGT\/scrgt-bdso-cc-startup\/tree\/develop|[scrgt-bdso-cc-startup:develop]> <https:\/\/github.com\/SalientCRGT\/scrgt-bdso-cc-startup\/compare\/95579b391dfb...c300041434e8|2 new commits> by Vijay S Deshmukh and 1 other",
                "text": "`<https:\/\/github.com\/SalientCRGT\/scrgt-bdso-cc-startup\/commit\/5cdcf16f6d068a2db49b5f7169287f8ba52e2e46|5cdcf16>` fixed error related to output from terraform - Vijay S Deshmukh\n `<https:\/\/github.com\/SalientCRGT\/scrgt-bdso-cc-startup\/commit\/c300041434e8d8370fe0960404012062e70031fa|c300041>` Merge pull request #22 from SalientCRGT\/automation-testing - gwmorris",
                "pretext": "<https:\/\/github.com\/SalientCRGT\/scrgt-bdso-cc-startup\/tree\/develop|[scrgt-bdso-cc-startup:develop]> <https:\/\/github.com\/SalientCRGT\/scrgt-bdso-cc-startup\/compare\/95579b391dfb...c300041434e8|2 new commits> by Vijay S Deshmukh and 1 other:",
                "id": 1,
                "color": "4183C4",
                "mrkdwn_in": [
                    "text",
                    "pretext"
                ]
            }
        ]
    },
    {
        "type": "message",
        "subtype": "bot_message",
        "text": "",
        "ts": "1567537066.000400",
        "bot_id": "BMPMA7GPJ",
        "attachments": [
            {
                "fallback": "<https:\/\/github.com\/SalientCRGT\/scrgt-bdso-cc-startup\/tree\/automation-testing|[scrgt-bdso-cc-startup:automation-testing]> <https:\/\/github.com\/SalientCRGT\/scrgt-bdso-cc-startup\/commit\/0ba966c20d8441591b1f68af6a235c9f833d3338|1 new commit> by Vijay S Deshmukh",
                "text": "`<https:\/\/github.com\/SalientCRGT\/scrgt-bdso-cc-startup\/commit\/0ba966c20d8441591b1f68af6a235c9f833d3338|0ba966c>` added 3 s3 buckets for data science team as requested - Vijay S Deshmukh",
                "pretext": "<https:\/\/github.com\/SalientCRGT\/scrgt-bdso-cc-startup\/tree\/automation-testing|[scrgt-bdso-cc-startup:automation-testing]> 1 new commit by Vijay S Deshmukh:",
                "id": 1,
                "color": "4183C4",
                "mrkdwn_in": [
                    "text",
                    "pretext"
                ]
            }
        ]
    },
    {
        "type": "message",
        "subtype": "bot_message",
        "text": "",
        "ts": "1567540565.000500",
        "bot_id": "BMPMA7GPJ",
        "attachments": [
            {
                "fallback": "<https:\/\/github.com\/SalientCRGT\/scrgt-bdso-cc-startup\/tree\/pipeline-shawn|[scrgt-bdso-cc-startup:pipeline-shawn]> <https:\/\/github.com\/SalientCRGT\/scrgt-bdso-cc-startup\/compare\/4925cbdcd91b...f140899c97ab|26 new commits> by Vijay S Deshmukh and 3 others",
                "text": "`<https:\/\/github.com\/SalientCRGT\/scrgt-bdso-cc-startup\/commit\/6ed078fd1c42274817e72e3c816e7d0c5ce94816|6ed078f>` added code for EMR custer creation. Testing. - Vijay S Deshmukh\n `<https:\/\/github.com\/SalientCRGT\/scrgt-bdso-cc-startup\/commit\/d69d6de5cc6dc43477bee021b9c044f49bf5a395|d69d6de>` Testing emr. need to pass capabiities. - Vijay S Deshmukh\n `<https:\/\/github.com\/SalientCRGT\/scrgt-bdso-cc-startup\/commit\/3b698f1254303b745de36b4cbad0f3f6daa14978|3b698f1>` testing ES for dev and test env's - Vijay S Deshmukh\n `<https:\/\/github.com\/SalientCRGT\/scrgt-bdso-cc-startup\/commit\/4c8ef9c5bb14e33dd45b47e1baec42062eb10576|4c8ef9c>` testing ES for dev and test env's. added linked service - Vijay S Deshmukh\n `<https:\/\/github.com\/SalientCRGT\/scrgt-bdso-cc-startup\/commit\/0aa8c67486d979bbf8009c59e1dbaf84e340e8c0|0aa8c67>` testing... - Vijay S Deshmukh\n `<https:\/\/github.com\/SalientCRGT\/scrgt-bdso-cc-startup\/commit\/3fe5274e30b69939338ec7092c8fad79fd590f2f|3fe5274>` added prod and emr dev. Testing - Vijay S Deshmukh\n `<https:\/\/github.com\/SalientCRGT\/scrgt-bdso-cc-startup\/commit\/a467e37e73d277d115d3397c5a8fcd1d796e838e|a467e37>` Added EMR test and prod and now testing. - Vijay S Deshmukh\n `<https:\/\/github.com\/SalientCRGT\/scrgt-bdso-cc-startup\/commit\/352d882debfa2f76e1f05dcba28d79371088f91b|352d882>` ES all env's and EMR Dev. - Vijay S Deshmukh\n `<https:\/\/github.com\/SalientCRGT\/scrgt-bdso-cc-startup\/commit\/43ea919d3b4c500b96c9ede5d078c62e46067cf1|43ea919>` re-run test2 - Vijay S Deshmukh\n `<https:\/\/github.com\/SalientCRGT\/scrgt-bdso-cc-startup\/commit\/6b171b34ce5abd35e26a09a261f29f38f1c4ab0b|6b171b3>` testing es and emr - Vijay S Deshmukh\n `<https:\/\/github.com\/SalientCRGT\/scrgt-bdso-cc-startup\/commit\/94722ed9468d9ab66b611105859c2acfbc143cc2|94722ed>` there is only one EMR cluster required as long as it has auto scaling. It exists in this instance. Will create more EMR clusters if required - Vijay S Deshmukh\n `<https:\/\/github.com\/SalientCRGT\/scrgt-bdso-cc-startup\/commit\/d27f7d2215f753f4c076449aba1cb8c59dc6e0a2|d27f7d2>` there is only one EMR cluster required as long as it has auto scaling. It exists in this instance. Will create more EMR clusters if required - Vijay S Deshmukh\n `<https:\/\/github.com\/SalientCRGT\/scrgt-bdso-cc-startup\/commit\/1949f56b6a480511c4d5b3d4a64fc7c25ca34155|1949f56>`  working to fix issue of s3 bucket not being deleted by TF destroy - Vijay S Deshmukh\n `<https:\/\/github.com\/SalientCRGT\/scrgt-bdso-cc-startup\/commit\/03ac1855a625e85e07431f16cfa281d18e7ffd9e|03ac185>`  working to fix issue of s3 bucket not being deleted by TF destroy - Vijay S Deshmukh\n `<https:\/\/github.com\/SalientCRGT\/scrgt-bdso-cc-startup\/commit\/7a74ef8e29565aa13019ef6a80180419c7ad9c36|7a74ef8>` testing emr - Vijay S Deshmukh\n `<https:\/\/github.com\/SalientCRGT\/scrgt-bdso-cc-startup\/commit\/db535ad568fb054c1be57fb80a779b7d4dd154ed|db535ad>` testing - Vijay S Deshmukh\n `<https:\/\/github.com\/SalientCRGT\/scrgt-bdso-cc-startup\/commit\/37033eb55f81b4da0a702d9fbb1eba7ed0a39c79|37033eb>` Merge pull request #20 from SalientCRGT\/pipeline-shawn - Shawn Lassiter\n `<https:\/\/github.com\/SalientCRGT\/scrgt-bdso-cc-startup\/commit\/546abc793ce8118e48f4021e35186e4ceb40ddce|546abc7>` implemented force-destroy for emr s3 - Vijay S Deshmukh\n `<https:\/\/github.com\/SalientCRGT\/scrgt-bdso-cc-startup\/commit\/a55552b7f0b2c26df58c9e90ca38701d3c652aa2|a55552b>` implemented ES -dev, test and prod and tested for functionality. Also includes EMD+R in dev env - Vijay S Deshmukh\n `<https:\/\/github.com\/SalientCRGT\/scrgt-bdso-cc-startup\/commit\/a0dd0168c2042f9bdd086627d8139688d314d6da|a0dd016>` removed the files deploy and destroy shel scripts for EMR and ES. They are now part of terraform and will be deleted when the TF env is destroyed. - Vijay S Deshmukh\n `<https:\/\/github.com\/SalientCRGT\/scrgt-bdso-cc-startup\/commit\/6616d85f49b088a38ab5f6d77758d8b6f4c6f288|6616d85>` Merge branch 'develop' into automation-es-emr - vjdeshmukhgit\n `<https:\/\/github.com\/SalientCRGT\/scrgt-bdso-cc-startup\/commit\/95579b391dfbeafc2674b6ac62936b37965f71d8|95579b3>` Merge pull request #21 from SalientCRGT\/automation-es-emr - gwmorris\n `<https:\/\/github.com\/SalientCRGT\/scrgt-bdso-cc-startup\/commit\/5cdcf16f6d068a2db49b5f7169287f8ba52e2e46|5cdcf16>` fixed error related to output from terraform - Vijay S Deshmukh\n `<https:\/\/github.com\/SalientCRGT\/scrgt-bdso-cc-startup\/commit\/c300041434e8d8370fe0960404012062e70031fa|c300041>` Merge pull request #22 from SalientCRGT\/automation-testing - gwmorris\n `<https:\/\/github.com\/SalientCRGT\/scrgt-bdso-cc-startup\/commit\/d70b4be6f85b86f203f6588a6472cbc4b792f2e1|d70b4be>` jenkins vault setup - Shawn Lassiter\n `<https:\/\/github.com\/SalientCRGT\/scrgt-bdso-cc-startup\/commit\/f140899c97ab43bd2bdd6ae2aed6e317f83cb4be|f140899>` Merge branch 'develop' of github.com:SalientCRGT\/scrgt-bdso-cc-startup into pipeline-shawn - Shawn Lassiter",
                "pretext": "<https:\/\/github.com\/SalientCRGT\/scrgt-bdso-cc-startup\/tree\/pipeline-shawn|[scrgt-bdso-cc-startup:pipeline-shawn]> <https:\/\/github.com\/SalientCRGT\/scrgt-bdso-cc-startup\/compare\/4925cbdcd91b...f140899c97ab|26 new commits> by Vijay S Deshmukh and 3 others:",
                "id": 1,
                "color": "4183C4",
                "mrkdwn_in": [
                    "text",
                    "pretext"
                ]
            }
        ]
    },
    {
        "type": "message",
        "subtype": "bot_message",
        "text": "",
        "ts": "1567549000.000600",
        "bot_id": "BMPMA7GPJ",
        "attachments": [
            {
                "fallback": "<https:\/\/github.com\/SalientCRGT\/scrgt-bdso-cc-startup\/tree\/automation-testing|[scrgt-bdso-cc-startup:automation-testing]> <https:\/\/github.com\/SalientCRGT\/scrgt-bdso-cc-startup\/commit\/1abc6988bc1d458cc119fcd14dfc5f50d57be338|1 new commit> by Vijay S Deshmukh",
                "text": "`<https:\/\/github.com\/SalientCRGT\/scrgt-bdso-cc-startup\/commit\/1abc6988bc1d458cc119fcd14dfc5f50d57be338|1abc698>` testing jenkins file for zap - Vijay S Deshmukh",
                "pretext": "<https:\/\/github.com\/SalientCRGT\/scrgt-bdso-cc-startup\/tree\/automation-testing|[scrgt-bdso-cc-startup:automation-testing]> 1 new commit by Vijay S Deshmukh:",
                "id": 1,
                "color": "4183C4",
                "mrkdwn_in": [
                    "text",
                    "pretext"
                ]
            }
        ]
    },
    {
        "type": "message",
        "subtype": "bot_message",
        "text": "",
        "ts": "1567549523.000700",
        "bot_id": "BMPMA7GPJ",
        "attachments": [
            {
                "fallback": "<https:\/\/github.com\/SalientCRGT\/scrgt-bdso-cc-startup\/tree\/automation-testing|[scrgt-bdso-cc-startup:automation-testing]> <https:\/\/github.com\/SalientCRGT\/scrgt-bdso-cc-startup\/commit\/770736a401684bfb34f01ac3350a5994d6efdb04|1 new commit> by Vijay S Deshmukh",
                "text": "`<https:\/\/github.com\/SalientCRGT\/scrgt-bdso-cc-startup\/commit\/770736a401684bfb34f01ac3350a5994d6efdb04|770736a>` testing jenkins file for zap - Vijay S Deshmukh",
                "pretext": "<https:\/\/github.com\/SalientCRGT\/scrgt-bdso-cc-startup\/tree\/automation-testing|[scrgt-bdso-cc-startup:automation-testing]> 1 new commit by Vijay S Deshmukh:",
                "id": 1,
                "color": "4183C4",
                "mrkdwn_in": [
                    "text",
                    "pretext"
                ]
            }
        ]
    },
    {
        "type": "message",
        "subtype": "bot_message",
        "text": "",
        "ts": "1567550528.000800",
        "bot_id": "BMPMA7GPJ",
        "attachments": [
            {
                "fallback": "<https:\/\/github.com\/SalientCRGT\/scrgt-bdso-cc-startup\/tree\/automation-testing|[scrgt-bdso-cc-startup:automation-testing]> <https:\/\/github.com\/SalientCRGT\/scrgt-bdso-cc-startup\/commit\/1b119e7354f13f656dc96056a6e1880ce3b6560c|1 new commit> by Vijay S Deshmukh",
                "text": "`<https:\/\/github.com\/SalientCRGT\/scrgt-bdso-cc-startup\/commit\/1b119e7354f13f656dc96056a6e1880ce3b6560c|1b119e7>` testing jenkins file for zap - Vijay S Deshmukh",
                "pretext": "<https:\/\/github.com\/SalientCRGT\/scrgt-bdso-cc-startup\/tree\/automation-testing|[scrgt-bdso-cc-startup:automation-testing]> 1 new commit by Vijay S Deshmukh:",
                "id": 1,
                "color": "4183C4",
                "mrkdwn_in": [
                    "text",
                    "pretext"
                ]
            }
        ]
    },
    {
        "type": "message",
        "subtype": "bot_message",
        "text": "",
        "ts": "1567579551.000100",
        "bot_id": "BMPMA7GPJ",
        "attachments": [
            {
                "fallback": "<https:\/\/github.com\/SalientCRGT\/scrgt-bdso-cc-startup|[scrgt-bdso-cc-startup]> New branch \"<https:\/\/github.com\/SalientCRGT\/scrgt-bdso-cc-startup\/tree\/pmalhotra-iiinfo-patch-1|pmalhotra-iiinfo-patch-1>\" was pushed by pmalhotra-iiinfo",
                "text": "<https:\/\/github.com\/SalientCRGT\/scrgt-bdso-cc-startup|[scrgt-bdso-cc-startup]> New branch \"<https:\/\/github.com\/SalientCRGT\/scrgt-bdso-cc-startup\/tree\/pmalhotra-iiinfo-patch-1|pmalhotra-iiinfo-patch-1>\" was pushed by pmalhotra-iiinfo",
                "id": 1,
                "color": "4183C4",
                "mrkdwn_in": [
                    "text",
                    "pretext"
                ]
            }
        ]
    },
    {
        "type": "message",
        "subtype": "bot_message",
        "text": "",
        "ts": "1567579679.000200",
        "bot_id": "BMPMA7GPJ",
        "attachments": [
            {
                "fallback": "<https:\/\/github.com\/SalientCRGT\/scrgt-bdso-cc-startup\/tree\/pmalhotra-iiinfo-patch-1|[scrgt-bdso-cc-startup:pmalhotra-iiinfo-patch-1]> <https:\/\/github.com\/SalientCRGT\/scrgt-bdso-cc-startup\/commit\/a4e41feb46432b7378a92c417c1ddf99b5035762|1 new commit> by Pramod Malhotra",
                "text": "`<https:\/\/github.com\/SalientCRGT\/scrgt-bdso-cc-startup\/commit\/a4e41feb46432b7378a92c417c1ddf99b5035762|a4e41fe>` Add files via upload - Pramod Malhotra",
                "pretext": "<https:\/\/github.com\/SalientCRGT\/scrgt-bdso-cc-startup\/tree\/pmalhotra-iiinfo-patch-1|[scrgt-bdso-cc-startup:pmalhotra-iiinfo-patch-1]> 1 new commit by Pramod Malhotra:",
                "id": 1,
                "color": "4183C4",
                "mrkdwn_in": [
                    "text",
                    "pretext"
                ]
            }
        ]
    },
    {
        "type": "message",
        "subtype": "bot_message",
        "text": "",
        "ts": "1567579703.000300",
        "bot_id": "BMPMA7GPJ",
        "attachments": [
            {
                "fallback": "<https:\/\/github.com\/SalientCRGT\/scrgt-bdso-cc-startup\/tree\/pmalhotra-iiinfo-patch-1|[scrgt-bdso-cc-startup:pmalhotra-iiinfo-patch-1]> <https:\/\/github.com\/SalientCRGT\/scrgt-bdso-cc-startup\/commit\/8c01183a6c9985b67db7ec492fba8117e597f5ae|1 new commit> by Pramod Malhotra",
                "text": "`<https:\/\/github.com\/SalientCRGT\/scrgt-bdso-cc-startup\/commit\/8c01183a6c9985b67db7ec492fba8117e597f5ae|8c01183>` Add files via upload - Pramod Malhotra",
                "pretext": "<https:\/\/github.com\/SalientCRGT\/scrgt-bdso-cc-startup\/tree\/pmalhotra-iiinfo-patch-1|[scrgt-bdso-cc-startup:pmalhotra-iiinfo-patch-1]> 1 new commit by Pramod Malhotra:",
                "id": 1,
                "color": "4183C4",
                "mrkdwn_in": [
                    "text",
                    "pretext"
                ]
            }
        ]
    },
    {
        "type": "message",
        "subtype": "bot_message",
        "text": "",
        "ts": "1567579743.000400",
        "bot_id": "BMPMA7GPJ",
        "attachments": [
            {
                "fallback": "<https:\/\/github.com\/SalientCRGT\/scrgt-bdso-cc-startup\/tree\/pmalhotra-iiinfo-patch-1|[scrgt-bdso-cc-startup:pmalhotra-iiinfo-patch-1]> <https:\/\/github.com\/SalientCRGT\/scrgt-bdso-cc-startup\/commit\/d43a6974e77066595eeaa2c15fc40233b2fe2ac4|1 new commit> by Pramod Malhotra",
                "text": "`<https:\/\/github.com\/SalientCRGT\/scrgt-bdso-cc-startup\/commit\/d43a6974e77066595eeaa2c15fc40233b2fe2ac4|d43a697>` Add files via upload - Pramod Malhotra",
                "pretext": "<https:\/\/github.com\/SalientCRGT\/scrgt-bdso-cc-startup\/tree\/pmalhotra-iiinfo-patch-1|[scrgt-bdso-cc-startup:pmalhotra-iiinfo-patch-1]> 1 new commit by Pramod Malhotra:",
                "id": 1,
                "color": "4183C4",
                "mrkdwn_in": [
                    "text",
                    "pretext"
                ]
            }
        ]
    },
    {
        "type": "message",
        "subtype": "bot_message",
        "text": "",
        "ts": "1567579784.000500",
        "bot_id": "BMPMA7GPJ",
        "attachments": [
            {
                "fallback": "<https:\/\/github.com\/SalientCRGT\/scrgt-bdso-cc-startup\/tree\/pmalhotra-iiinfo-patch-1|[scrgt-bdso-cc-startup:pmalhotra-iiinfo-patch-1]> <https:\/\/github.com\/SalientCRGT\/scrgt-bdso-cc-startup\/commit\/41d89a222e54b626777f7096c58400872c6496d9|1 new commit> by Pramod Malhotra",
                "text": "`<https:\/\/github.com\/SalientCRGT\/scrgt-bdso-cc-startup\/commit\/41d89a222e54b626777f7096c58400872c6496d9|41d89a2>` Add files via upload - Pramod Malhotra",
                "pretext": "<https:\/\/github.com\/SalientCRGT\/scrgt-bdso-cc-startup\/tree\/pmalhotra-iiinfo-patch-1|[scrgt-bdso-cc-startup:pmalhotra-iiinfo-patch-1]> 1 new commit by Pramod Malhotra:",
                "id": 1,
                "color": "4183C4",
                "mrkdwn_in": [
                    "text",
                    "pretext"
                ]
            }
        ]
    },
    {
        "type": "message",
        "subtype": "bot_message",
        "text": "",
        "ts": "1567579975.000600",
        "bot_id": "BMPMA7GPJ",
        "attachments": [
            {
                "fallback": "<https:\/\/github.com\/SalientCRGT\/scrgt-bdso-cc-startup|[scrgt-bdso-cc-startup]> New branch \"<https:\/\/github.com\/SalientCRGT\/scrgt-bdso-cc-startup\/tree\/pmalhotra-iiinfo-patch-1-1|pmalhotra-iiinfo-patch-1-1>\" was pushed by pmalhotra-iiinfo",
                "text": "<https:\/\/github.com\/SalientCRGT\/scrgt-bdso-cc-startup|[scrgt-bdso-cc-startup]> New branch \"<https:\/\/github.com\/SalientCRGT\/scrgt-bdso-cc-startup\/tree\/pmalhotra-iiinfo-patch-1-1|pmalhotra-iiinfo-patch-1-1>\" was pushed by pmalhotra-iiinfo",
                "id": 1,
                "color": "4183C4",
                "mrkdwn_in": [
                    "text",
                    "pretext"
                ]
            }
        ]
    },
    {
        "type": "message",
        "subtype": "bot_message",
        "text": "",
        "ts": "1567580103.000700",
        "bot_id": "BMPMA7GPJ",
        "attachments": [
            {
                "fallback": "<https:\/\/github.com\/SalientCRGT\/scrgt-bdso-cc-startup\/tree\/pmalhotra-iiinfo-patch-1|[scrgt-bdso-cc-startup:pmalhotra-iiinfo-patch-1]> <https:\/\/github.com\/SalientCRGT\/scrgt-bdso-cc-startup\/compare\/41d89a222e54...300207ce6b7e|2 new commits> by Pramod Malhotra",
                "text": "`<https:\/\/github.com\/SalientCRGT\/scrgt-bdso-cc-startup\/commit\/a3ccf5f0d064e8f971b3be660a6611886c24d10a|a3ccf5f>` Update README.md - Pramod Malhotra\n `<https:\/\/github.com\/SalientCRGT\/scrgt-bdso-cc-startup\/commit\/300207ce6b7e9a9faedf87fb5421dd9fbbc95176|300207c>` Merge pull request #25 from SalientCRGT\/pmalhotra-iiinfo-patch-1-1 - Pramod Malhotra",
                "pretext": "<https:\/\/github.com\/SalientCRGT\/scrgt-bdso-cc-startup\/tree\/pmalhotra-iiinfo-patch-1|[scrgt-bdso-cc-startup:pmalhotra-iiinfo-patch-1]> <https:\/\/github.com\/SalientCRGT\/scrgt-bdso-cc-startup\/compare\/41d89a222e54...300207ce6b7e|2 new commits> by Pramod Malhotra:",
                "id": 1,
                "color": "4183C4",
                "mrkdwn_in": [
                    "text",
                    "pretext"
                ]
            }
        ]
    }
]