[
    {
        "type": "message",
        "subtype": "bot_message",
        "text": "",
        "ts": "1567858902.000300",
        "bot_id": "BMPMA7GPJ",
        "attachments": [
            {
                "fallback": "<https:\/\/github.com\/SalientCRGT\/scrgt-bdso-cc-startup\/tree\/develop|[scrgt-bdso-cc-startup:develop]> <https:\/\/github.com\/SalientCRGT\/scrgt-bdso-cc-startup\/compare\/9dfdcd93b9d4...5dd793b534b7|3 new commits> by Shawn Lassiter",
                "text": "`<https:\/\/github.com\/SalientCRGT\/scrgt-bdso-cc-startup\/commit\/5cd6c197fb9d0ea5a5ce785e5874efefa5bc5067|5cd6c19>` sonar integration with jenkins, refactor - Shawn Lassiter\n `<https:\/\/github.com\/SalientCRGT\/scrgt-bdso-cc-startup\/commit\/9ce40a6b951da5f496fae1081e0630d8109bc59f|9ce40a6>` Merge branch 'develop' of github.com:SalientCRGT\/scrgt-bdso-cc-startup into pipeline-shawn - Shawn Lassiter\n `<https:\/\/github.com\/SalientCRGT\/scrgt-bdso-cc-startup\/commit\/5dd793b534b7e1f9ffc6ed5de8adc62245e5fefd|5dd793b>` Merge pull request #33 from SalientCRGT\/pipeline-shawn - Shawn Lassiter",
                "pretext": "<https:\/\/github.com\/SalientCRGT\/scrgt-bdso-cc-startup\/tree\/develop|[scrgt-bdso-cc-startup:develop]> <https:\/\/github.com\/SalientCRGT\/scrgt-bdso-cc-startup\/compare\/9dfdcd93b9d4...5dd793b534b7|3 new commits> by Shawn Lassiter:",
                "id": 1,
                "color": "4183C4",
                "mrkdwn_in": [
                    "text",
                    "pretext"
                ]
            }
        ]
    },
    {
        "type": "message",
        "subtype": "bot_message",
        "text": "",
        "ts": "1567878470.000400",
        "bot_id": "BMPMA7GPJ",
        "attachments": [
            {
                "fallback": "<https:\/\/github.com\/SalientCRGT\/scrgt-bdso-cc-startup|[scrgt-bdso-cc-startup]> The branch \"pmalhotra-iiinfo-patch-1\" was deleted by pmalhotra-iiinfo",
                "text": "<https:\/\/github.com\/SalientCRGT\/scrgt-bdso-cc-startup|[scrgt-bdso-cc-startup]> The branch \"pmalhotra-iiinfo-patch-1\" was deleted by pmalhotra-iiinfo",
                "id": 1,
                "color": "4183C4",
                "mrkdwn_in": [
                    "text",
                    "pretext"
                ]
            }
        ]
    },
    {
        "type": "message",
        "subtype": "bot_message",
        "text": "",
        "ts": "1567878473.000500",
        "bot_id": "BMPMA7GPJ",
        "attachments": [
            {
                "fallback": "<https:\/\/github.com\/SalientCRGT\/scrgt-bdso-cc-startup|[scrgt-bdso-cc-startup]> The branch \"pmalhotra-iiinfo-patch-2\" was deleted by pmalhotra-iiinfo",
                "text": "<https:\/\/github.com\/SalientCRGT\/scrgt-bdso-cc-startup|[scrgt-bdso-cc-startup]> The branch \"pmalhotra-iiinfo-patch-2\" was deleted by pmalhotra-iiinfo",
                "id": 1,
                "color": "4183C4",
                "mrkdwn_in": [
                    "text",
                    "pretext"
                ]
            }
        ]
    },
    {
        "type": "message",
        "subtype": "bot_message",
        "text": "",
        "ts": "1567878643.000600",
        "bot_id": "BMPMA7GPJ",
        "attachments": [
            {
                "fallback": "<https:\/\/github.com\/SalientCRGT\/scrgt-bdso-cc-startup\/tree\/develop|[scrgt-bdso-cc-startup:develop]> <https:\/\/github.com\/SalientCRGT\/scrgt-bdso-cc-startup\/compare\/5dd793b534b7...3d4ed064d966|5 new commits> by Vijay S Deshmukh and 1 other",
                "text": "`<https:\/\/github.com\/SalientCRGT\/scrgt-bdso-cc-startup\/commit\/26bd173fd744b0bddc9075269cc347f0e0460e30|26bd173>` Added datascience pipeline for testing - Vijay S Deshmukh\n `<https:\/\/github.com\/SalientCRGT\/scrgt-bdso-cc-startup\/commit\/db1c7920de8262aaf54138b4193cf8aea8aad632|db1c792>` Merge branch 'automation-testing-trace' of <https:\/\/github.com\/SalientCRGT\/scrgt-bdso-cc-startup> into automation-testing-trace - Vijay S Deshmukh\n `<https:\/\/github.com\/SalientCRGT\/scrgt-bdso-cc-startup\/commit\/76173c61c2128afaf27467c7c18a90fe1df0d75c|76173c6>` Reset changes. Jenkins infr did not work. Will try later. - Vijay S Deshmukh\n `<https:\/\/github.com\/SalientCRGT\/scrgt-bdso-cc-startup\/commit\/1374127c31ab884375a5a8032ada8f19f4d77286|1374127>` added git username to the git clone command - Vijay S Deshmukh\n `<https:\/\/github.com\/SalientCRGT\/scrgt-bdso-cc-startup\/commit\/3d4ed064d9667861541326855cd80cf6e0a62c20|3d4ed06>` Merge pull request #34 from SalientCRGT\/automation-testing-trace - Shawn Lassiter",
                "pretext": "<https:\/\/github.com\/SalientCRGT\/scrgt-bdso-cc-startup\/tree\/develop|[scrgt-bdso-cc-startup:develop]> <https:\/\/github.com\/SalientCRGT\/scrgt-bdso-cc-startup\/compare\/5dd793b534b7...3d4ed064d966|5 new commits> by Vijay S Deshmukh and 1 other:",
                "id": 1,
                "color": "4183C4",
                "mrkdwn_in": [
                    "text",
                    "pretext"
                ]
            }
        ]
    },
    {
        "type": "message",
        "subtype": "bot_message",
        "text": "",
        "ts": "1567878665.000700",
        "bot_id": "BMPMA7GPJ",
        "attachments": [
            {
                "fallback": "<https:\/\/github.com\/SalientCRGT\/scrgt-bdso-cc-startup\/tree\/automation-testing-trace|[scrgt-bdso-cc-startup:automation-testing-trace]> <https:\/\/github.com\/SalientCRGT\/scrgt-bdso-cc-startup\/commit\/1a9399771332d1c40fe6e75062ad5457c0bba24b|1 new commit> by Vijay S Deshmukh",
                "text": "`<https:\/\/github.com\/SalientCRGT\/scrgt-bdso-cc-startup\/commit\/1a9399771332d1c40fe6e75062ad5457c0bba24b|1a93997>` added overwrite flag for parameter store vars - Vijay S Deshmukh",
                "pretext": "<https:\/\/github.com\/SalientCRGT\/scrgt-bdso-cc-startup\/tree\/automation-testing-trace|[scrgt-bdso-cc-startup:automation-testing-trace]> 1 new commit by Vijay S Deshmukh:",
                "id": 1,
                "color": "4183C4",
                "mrkdwn_in": [
                    "text",
                    "pretext"
                ]
            }
        ]
    },
    {
        "type": "message",
        "subtype": "bot_message",
        "text": "",
        "ts": "1567879478.000800",
        "bot_id": "BMPMA7GPJ",
        "attachments": [
            {
                "fallback": "<https:\/\/github.com\/SalientCRGT\/scrgt-bdso-cc-startup|[scrgt-bdso-cc-startup]> New branch \"<https:\/\/github.com\/SalientCRGT\/scrgt-bdso-cc-startup\/tree\/pmalhotra-iiinfo-patch-1|pmalhotra-iiinfo-patch-1>\" was pushed by pmalhotra-iiinfo",
                "text": "<https:\/\/github.com\/SalientCRGT\/scrgt-bdso-cc-startup|[scrgt-bdso-cc-startup]> New branch \"<https:\/\/github.com\/SalientCRGT\/scrgt-bdso-cc-startup\/tree\/pmalhotra-iiinfo-patch-1|pmalhotra-iiinfo-patch-1>\" was pushed by pmalhotra-iiinfo",
                "id": 1,
                "color": "4183C4",
                "mrkdwn_in": [
                    "text",
                    "pretext"
                ]
            }
        ]
    }
]