[
    {
        "type": "message",
        "subtype": "bot_message",
        "text": "",
        "ts": "1566832037.000100",
        "bot_id": "BMPMA7GPJ",
        "attachments": [
            {
                "fallback": "<https:\/\/github.com\/SalientCRGT\/scrgt-bdso-cc-startup\/tree\/bdso-dev|[scrgt-bdso-cc-startup:bdso-dev]> <https:\/\/github.com\/SalientCRGT\/scrgt-bdso-cc-startup\/compare\/3cb34062e16c...735ed04e2f15|4 new commits> by Pramod Malhotra and 1 other",
                "text": "`<https:\/\/github.com\/SalientCRGT\/scrgt-bdso-cc-startup\/commit\/b44dc0b7e0ac1e58065606c84f4d33925729a9be|b44dc0b>` initial commit of ReadME.md - Pramod Malhotra\n `<https:\/\/github.com\/SalientCRGT\/scrgt-bdso-cc-startup\/commit\/a61a35b0eb1c07bb8ac6012ea9196a5c2fe6b25a|a61a35b>` ongoing update to get readme.md file completed. - Pramod Malhotra\n `<https:\/\/github.com\/SalientCRGT\/scrgt-bdso-cc-startup\/commit\/5f2cdc3b935f2839b841f32e8f65575ad2ca2687|5f2cdc3>` more changes - Pramod Malhotra\n `<https:\/\/github.com\/SalientCRGT\/scrgt-bdso-cc-startup\/commit\/735ed04e2f15154cd95ec6932308a3174fa24ca3|735ed04>` Merge pull request #1 from SalientCRGT\/pmalhotra-iiinfo-patch-1 - Alice Blackburn",
                "pretext": "<https:\/\/github.com\/SalientCRGT\/scrgt-bdso-cc-startup\/tree\/bdso-dev|[scrgt-bdso-cc-startup:bdso-dev]> <https:\/\/github.com\/SalientCRGT\/scrgt-bdso-cc-startup\/compare\/3cb34062e16c...735ed04e2f15|4 new commits> by Pramod Malhotra and 1 other:",
                "id": 1,
                "color": "4183C4",
                "mrkdwn_in": [
                    "text",
                    "pretext"
                ]
            }
        ]
    },
    {
        "type": "message",
        "subtype": "bot_message",
        "text": "",
        "ts": "1566832042.000200",
        "bot_id": "BMPMA7GPJ",
        "attachments": [
            {
                "fallback": "<https:\/\/github.com\/SalientCRGT\/scrgt-bdso-cc-startup|[scrgt-bdso-cc-startup]> New branch \"<https:\/\/github.com\/SalientCRGT\/scrgt-bdso-cc-startup\/tree\/pmalhotra-iiinfo-patch-2|pmalhotra-iiinfo-patch-2>\" was pushed by pmalhotra-iiinfo",
                "text": "<https:\/\/github.com\/SalientCRGT\/scrgt-bdso-cc-startup|[scrgt-bdso-cc-startup]> New branch \"<https:\/\/github.com\/SalientCRGT\/scrgt-bdso-cc-startup\/tree\/pmalhotra-iiinfo-patch-2|pmalhotra-iiinfo-patch-2>\" was pushed by pmalhotra-iiinfo",
                "id": 1,
                "color": "4183C4",
                "mrkdwn_in": [
                    "text",
                    "pretext"
                ]
            }
        ]
    },
    {
        "type": "message",
        "subtype": "bot_message",
        "text": "",
        "ts": "1566872372.000100",
        "bot_id": "BMPMA7GPJ",
        "attachments": [
            {
                "fallback": "<https:\/\/github.com\/SalientCRGT\/scrgt-bdso-cc-startup|[scrgt-bdso-cc-startup]> New branch \"<https:\/\/github.com\/SalientCRGT\/scrgt-bdso-cc-startup\/tree\/pipeline|pipeline>\" was pushed by ShawnLassiter",
                "text": "<https:\/\/github.com\/SalientCRGT\/scrgt-bdso-cc-startup|[scrgt-bdso-cc-startup]> New branch \"<https:\/\/github.com\/SalientCRGT\/scrgt-bdso-cc-startup\/tree\/pipeline|pipeline>\" was pushed by ShawnLassiter",
                "id": 1,
                "color": "4183C4",
                "mrkdwn_in": [
                    "text",
                    "pretext"
                ]
            }
        ]
    },
    {
        "type": "message",
        "subtype": "bot_message",
        "text": "",
        "ts": "1566872814.000200",
        "bot_id": "BMPMA7GPJ",
        "attachments": [
            {
                "fallback": "<https:\/\/github.com\/SalientCRGT\/scrgt-bdso-cc-startup\/tree\/pipeline|[scrgt-bdso-cc-startup:pipeline]> <https:\/\/github.com\/SalientCRGT\/scrgt-bdso-cc-startup\/compare\/6684a3890f56...77f13f208f32|2 new commits> by Shawn Lassiter",
                "text": "`<https:\/\/github.com\/SalientCRGT\/scrgt-bdso-cc-startup\/commit\/6f5cc50ef4be596b08a449a8da0c37e8e7d73155|6f5cc50>` Merge branch 'master' of github.com:SalientCRGT\/scrgt-bdso-cc-startup - Shawn Lassiter\n `<https:\/\/github.com\/SalientCRGT\/scrgt-bdso-cc-startup\/commit\/77f13f208f32c3df67fe931242cf783f6cf2d047|77f13f2>` Merge branch 'pipeline' of github.com:SalientCRGT\/scrgt-bdso-cc-startup into pipeline - Shawn Lassiter",
                "pretext": "<https:\/\/github.com\/SalientCRGT\/scrgt-bdso-cc-startup\/tree\/pipeline|[scrgt-bdso-cc-startup:pipeline]> <https:\/\/github.com\/SalientCRGT\/scrgt-bdso-cc-startup\/compare\/6684a3890f56...77f13f208f32|2 new commits> by Shawn Lassiter:",
                "id": 1,
                "color": "4183C4",
                "mrkdwn_in": [
                    "text",
                    "pretext"
                ]
            }
        ]
    },
    {
        "type": "message",
        "subtype": "bot_message",
        "text": "",
        "ts": "1566873995.000300",
        "bot_id": "BMPMA7GPJ",
        "attachments": [
            {
                "fallback": "<https:\/\/github.com\/SalientCRGT\/scrgt-bdso-cc-startup|[scrgt-bdso-cc-startup]> New branch \"<https:\/\/github.com\/SalientCRGT\/scrgt-bdso-cc-startup\/tree\/start_cloudformation|start_cloudformation>\" was pushed by gwmorris",
                "text": "<https:\/\/github.com\/SalientCRGT\/scrgt-bdso-cc-startup|[scrgt-bdso-cc-startup]> New branch \"<https:\/\/github.com\/SalientCRGT\/scrgt-bdso-cc-startup\/tree\/start_cloudformation|start_cloudformation>\" was pushed by gwmorris",
                "id": 1,
                "color": "4183C4",
                "mrkdwn_in": [
                    "text",
                    "pretext"
                ]
            }
        ]
    },
    {
        "type": "message",
        "subtype": "bot_message",
        "text": "",
        "ts": "1566875446.000400",
        "bot_id": "BMPMA7GPJ",
        "attachments": [
            {
                "fallback": "<https:\/\/github.com\/SalientCRGT\/scrgt-bdso-cc-startup\/tree\/start_cloudformation|[scrgt-bdso-cc-startup:start_cloudformation]> <https:\/\/github.com\/SalientCRGT\/scrgt-bdso-cc-startup\/commit\/5e2b36699154b55c395e0870938a3e6e2a8632eb|1 new commit> by Gary Morris",
                "text": "`<https:\/\/github.com\/SalientCRGT\/scrgt-bdso-cc-startup\/commit\/5e2b36699154b55c395e0870938a3e6e2a8632eb|5e2b366>` changed systemctl to service - Gary Morris",
                "pretext": "<https:\/\/github.com\/SalientCRGT\/scrgt-bdso-cc-startup\/tree\/start_cloudformation|[scrgt-bdso-cc-startup:start_cloudformation]> 1 new commit by Gary Morris:",
                "id": 1,
                "color": "4183C4",
                "mrkdwn_in": [
                    "text",
                    "pretext"
                ]
            }
        ]
    }
]