[
    {
        "type": "message",
        "subtype": "bot_message",
        "text": "",
        "ts": "1567580831.000800",
        "bot_id": "BMPMA7GPJ",
        "attachments": [
            {
                "fallback": "<https:\/\/github.com\/SalientCRGT\/scrgt-bdso-cc-startup\/tree\/pmalhotra-iiinfo-patch-1|[scrgt-bdso-cc-startup:pmalhotra-iiinfo-patch-1]> <https:\/\/github.com\/SalientCRGT\/scrgt-bdso-cc-startup\/commit\/63ab4878cba2be871629fb4b0745e7a75a3ed38a|1 new commit> by Pramod Malhotra",
                "text": "`<https:\/\/github.com\/SalientCRGT\/scrgt-bdso-cc-startup\/commit\/63ab4878cba2be871629fb4b0745e7a75a3ed38a|63ab487>` Update README.md - Pramod Malhotra",
                "pretext": "<https:\/\/github.com\/SalientCRGT\/scrgt-bdso-cc-startup\/tree\/pmalhotra-iiinfo-patch-1|[scrgt-bdso-cc-startup:pmalhotra-iiinfo-patch-1]> 1 new commit by Pramod Malhotra:",
                "id": 1,
                "color": "4183C4",
                "mrkdwn_in": [
                    "text",
                    "pretext"
                ]
            }
        ]
    },
    {
        "type": "message",
        "subtype": "bot_message",
        "text": "",
        "ts": "1567581294.000900",
        "bot_id": "BMPMA7GPJ",
        "attachments": [
            {
                "fallback": "<https:\/\/github.com\/SalientCRGT\/scrgt-bdso-cc-startup\/tree\/pmalhotra-iiinfo-patch-1|[scrgt-bdso-cc-startup:pmalhotra-iiinfo-patch-1]> <https:\/\/github.com\/SalientCRGT\/scrgt-bdso-cc-startup\/commit\/9948c941bc0fc19cf7cdccdf53d08fc1c15543e0|1 new commit> by Pramod Malhotra",
                "text": "`<https:\/\/github.com\/SalientCRGT\/scrgt-bdso-cc-startup\/commit\/9948c941bc0fc19cf7cdccdf53d08fc1c15543e0|9948c94>` Revisit Installation instruction, - Pramod Malhotra",
                "pretext": "<https:\/\/github.com\/SalientCRGT\/scrgt-bdso-cc-startup\/tree\/pmalhotra-iiinfo-patch-1|[scrgt-bdso-cc-startup:pmalhotra-iiinfo-patch-1]> 1 new commit by Pramod Malhotra:",
                "id": 1,
                "color": "4183C4",
                "mrkdwn_in": [
                    "text",
                    "pretext"
                ]
            }
        ]
    },
    {
        "type": "message",
        "subtype": "bot_message",
        "text": "",
        "ts": "1567581918.001000",
        "bot_id": "BMPMA7GPJ",
        "attachments": [
            {
                "fallback": "<https:\/\/github.com\/SalientCRGT\/scrgt-bdso-cc-startup|[scrgt-bdso-cc-startup]> The branch \"pmalhotra-iiinfo-patch-1-1\" was deleted by pmalhotra-iiinfo",
                "text": "<https:\/\/github.com\/SalientCRGT\/scrgt-bdso-cc-startup|[scrgt-bdso-cc-startup]> The branch \"pmalhotra-iiinfo-patch-1-1\" was deleted by pmalhotra-iiinfo",
                "id": 1,
                "color": "4183C4",
                "mrkdwn_in": [
                    "text",
                    "pretext"
                ]
            }
        ]
    },
    {
        "type": "message",
        "subtype": "bot_message",
        "text": "",
        "ts": "1567582024.001100",
        "bot_id": "BMPMA7GPJ",
        "attachments": [
            {
                "fallback": "<https:\/\/github.com\/SalientCRGT\/scrgt-bdso-cc-startup\/tree\/pmalhotra-iiinfo-patch-1|[scrgt-bdso-cc-startup:pmalhotra-iiinfo-patch-1]> <https:\/\/github.com\/SalientCRGT\/scrgt-bdso-cc-startup\/commit\/ded09f4a4bc0da7de82dccca5723c61dd0a04335|1 new commit> by Pramod Malhotra",
                "text": "`<https:\/\/github.com\/SalientCRGT\/scrgt-bdso-cc-startup\/commit\/ded09f4a4bc0da7de82dccca5723c61dd0a04335|ded09f4>` removed comments - Pramod Malhotra",
                "pretext": "<https:\/\/github.com\/SalientCRGT\/scrgt-bdso-cc-startup\/tree\/pmalhotra-iiinfo-patch-1|[scrgt-bdso-cc-startup:pmalhotra-iiinfo-patch-1]> 1 new commit by Pramod Malhotra:",
                "id": 1,
                "color": "4183C4",
                "mrkdwn_in": [
                    "text",
                    "pretext"
                ]
            }
        ]
    },
    {
        "type": "message",
        "subtype": "bot_message",
        "text": "",
        "ts": "1567599826.001200",
        "bot_id": "BMPMA7GPJ",
        "attachments": [
            {
                "fallback": "<https:\/\/github.com\/SalientCRGT\/scrgt-bdso-cc-startup\/tree\/pipeline-shawn|[scrgt-bdso-cc-startup:pipeline-shawn]> <https:\/\/github.com\/SalientCRGT\/scrgt-bdso-cc-startup\/compare\/f140899c97ab...6cd17e50e3f1|3 new commits> by Amit Yadav and 1 other",
                "text": "`<https:\/\/github.com\/SalientCRGT\/scrgt-bdso-cc-startup\/commit\/eeb535ecd5ce057390b8512d4bfd0a5b58099a2d|eeb535e>` added keycloak and elastic 7.3 - Amit Yadav\n `<https:\/\/github.com\/SalientCRGT\/scrgt-bdso-cc-startup\/commit\/303c2608728c9138a9149ceb560ba51dc40920cd|303c260>` Merge branch 'ft-keycloak' of github.com:SalientCRGT\/scrgt-bdso-cc-startup into pipeline-shawn - Shawn Lassiter\n `<https:\/\/github.com\/SalientCRGT\/scrgt-bdso-cc-startup\/commit\/6cd17e50e3f1ab554f8363ab859f2b3583f5a1f6|6cd17e5>` openshift environment config - Shawn Lassiter",
                "pretext": "<https:\/\/github.com\/SalientCRGT\/scrgt-bdso-cc-startup\/tree\/pipeline-shawn|[scrgt-bdso-cc-startup:pipeline-shawn]> <https:\/\/github.com\/SalientCRGT\/scrgt-bdso-cc-startup\/compare\/f140899c97ab...6cd17e50e3f1|3 new commits> by Amit Yadav and 1 other:",
                "id": 1,
                "color": "4183C4",
                "mrkdwn_in": [
                    "text",
                    "pretext"
                ]
            }
        ]
    },
    {
        "type": "message",
        "subtype": "bot_message",
        "text": "",
        "ts": "1567600326.001300",
        "bot_id": "BMPMA7GPJ",
        "attachments": [
            {
                "fallback": "<https:\/\/github.com\/SalientCRGT\/scrgt-bdso-cc-startup\/tree\/develop|[scrgt-bdso-cc-startup:develop]> <https:\/\/github.com\/SalientCRGT\/scrgt-bdso-cc-startup\/compare\/c300041434e8...ca920d55b20e|2 new commits> by Amit Yadav and 1 other",
                "text": "`<https:\/\/github.com\/SalientCRGT\/scrgt-bdso-cc-startup\/commit\/eeb535ecd5ce057390b8512d4bfd0a5b58099a2d|eeb535e>` added keycloak and elastic 7.3 - Amit Yadav\n `<https:\/\/github.com\/SalientCRGT\/scrgt-bdso-cc-startup\/commit\/ca920d55b20edd320d49845cc74a34a21b3a413e|ca920d5>` Merge pull request #23 from SalientCRGT\/ft-keycloak - Shawn Lassiter",
                "pretext": "<https:\/\/github.com\/SalientCRGT\/scrgt-bdso-cc-startup\/tree\/develop|[scrgt-bdso-cc-startup:develop]> <https:\/\/github.com\/SalientCRGT\/scrgt-bdso-cc-startup\/compare\/c300041434e8...ca920d55b20e|2 new commits> by Amit Yadav and 1 other:",
                "id": 1,
                "color": "4183C4",
                "mrkdwn_in": [
                    "text",
                    "pretext"
                ]
            }
        ]
    },
    {
        "type": "message",
        "subtype": "bot_message",
        "text": "",
        "ts": "1567600422.001400",
        "bot_id": "BMPMA7GPJ",
        "attachments": [
            {
                "fallback": "<https:\/\/github.com\/SalientCRGT\/scrgt-bdso-cc-startup\/tree\/pipeline-shawn|[scrgt-bdso-cc-startup:pipeline-shawn]> <https:\/\/github.com\/SalientCRGT\/scrgt-bdso-cc-startup\/compare\/6cd17e50e3f1...91deaf22612c|2 new commits> by Shawn Lassiter",
                "text": "`<https:\/\/github.com\/SalientCRGT\/scrgt-bdso-cc-startup\/commit\/ca920d55b20edd320d49845cc74a34a21b3a413e|ca920d5>` Merge pull request #23 from SalientCRGT\/ft-keycloak - Shawn Lassiter\n `<https:\/\/github.com\/SalientCRGT\/scrgt-bdso-cc-startup\/commit\/91deaf22612cef1edd6f2ffdd6f72c5aa0c0d825|91deaf2>` Merge branch 'develop' of github.com:SalientCRGT\/scrgt-bdso-cc-startup into pipeline-shawn - Shawn Lassiter",
                "pretext": "<https:\/\/github.com\/SalientCRGT\/scrgt-bdso-cc-startup\/tree\/pipeline-shawn|[scrgt-bdso-cc-startup:pipeline-shawn]> <https:\/\/github.com\/SalientCRGT\/scrgt-bdso-cc-startup\/compare\/6cd17e50e3f1...91deaf22612c|2 new commits> by Shawn Lassiter:",
                "id": 1,
                "color": "4183C4",
                "mrkdwn_in": [
                    "text",
                    "pretext"
                ]
            }
        ]
    },
    {
        "type": "message",
        "subtype": "bot_message",
        "text": "",
        "ts": "1567607574.001500",
        "bot_id": "BMPMA7GPJ",
        "attachments": [
            {
                "fallback": "<https:\/\/github.com\/SalientCRGT\/scrgt-bdso-cc-startup\/tree\/develop|[scrgt-bdso-cc-startup:develop]> <https:\/\/github.com\/SalientCRGT\/scrgt-bdso-cc-startup\/compare\/ca920d55b20e...149346cd25b5|6 new commits> by Shawn Lassiter",
                "text": "`<https:\/\/github.com\/SalientCRGT\/scrgt-bdso-cc-startup\/commit\/d70b4be6f85b86f203f6588a6472cbc4b792f2e1|d70b4be>` jenkins vault setup - Shawn Lassiter\n `<https:\/\/github.com\/SalientCRGT\/scrgt-bdso-cc-startup\/commit\/f140899c97ab43bd2bdd6ae2aed6e317f83cb4be|f140899>` Merge branch 'develop' of github.com:SalientCRGT\/scrgt-bdso-cc-startup into pipeline-shawn - Shawn Lassiter\n `<https:\/\/github.com\/SalientCRGT\/scrgt-bdso-cc-startup\/commit\/303c2608728c9138a9149ceb560ba51dc40920cd|303c260>` Merge branch 'ft-keycloak' of github.com:SalientCRGT\/scrgt-bdso-cc-startup into pipeline-shawn - Shawn Lassiter\n `<https:\/\/github.com\/SalientCRGT\/scrgt-bdso-cc-startup\/commit\/6cd17e50e3f1ab554f8363ab859f2b3583f5a1f6|6cd17e5>` openshift environment config - Shawn Lassiter\n `<https:\/\/github.com\/SalientCRGT\/scrgt-bdso-cc-startup\/commit\/91deaf22612cef1edd6f2ffdd6f72c5aa0c0d825|91deaf2>` Merge branch 'develop' of github.com:SalientCRGT\/scrgt-bdso-cc-startup into pipeline-shawn - Shawn Lassiter\n `<https:\/\/github.com\/SalientCRGT\/scrgt-bdso-cc-startup\/commit\/149346cd25b5a9dc69b39af72b74dae55699c111|149346c>` Merge pull request #24 from SalientCRGT\/pipeline-shawn - Shawn Lassiter",
                "pretext": "<https:\/\/github.com\/SalientCRGT\/scrgt-bdso-cc-startup\/tree\/develop|[scrgt-bdso-cc-startup:develop]> <https:\/\/github.com\/SalientCRGT\/scrgt-bdso-cc-startup\/compare\/ca920d55b20e...149346cd25b5|6 new commits> by Shawn Lassiter:",
                "id": 1,
                "color": "4183C4",
                "mrkdwn_in": [
                    "text",
                    "pretext"
                ]
            }
        ]
    },
    {
        "type": "message",
        "subtype": "bot_message",
        "text": "",
        "ts": "1567608252.001600",
        "bot_id": "BMPMA7GPJ",
        "attachments": [
            {
                "fallback": "<https:\/\/github.com\/SalientCRGT\/scrgt-bdso-cc-startup\/tree\/automation-testing|[scrgt-bdso-cc-startup:automation-testing]> <https:\/\/github.com\/SalientCRGT\/scrgt-bdso-cc-startup\/commit\/b0bdd444e3afc21a86424a3802bd36cf90e6b7ed|1 new commit> by Vijay S Deshmukh",
                "text": "`<https:\/\/github.com\/SalientCRGT\/scrgt-bdso-cc-startup\/commit\/b0bdd444e3afc21a86424a3802bd36cf90e6b7ed|b0bdd44>` removed jenkinsfile. needs updates and was included for experimetation purpose. - Vijay S Deshmukh",
                "pretext": "<https:\/\/github.com\/SalientCRGT\/scrgt-bdso-cc-startup\/tree\/automation-testing|[scrgt-bdso-cc-startup:automation-testing]> 1 new commit by Vijay S Deshmukh:",
                "id": 1,
                "color": "4183C4",
                "mrkdwn_in": [
                    "text",
                    "pretext"
                ]
            }
        ]
    },
    {
        "type": "message",
        "subtype": "bot_message",
        "text": "",
        "ts": "1567611546.001700",
        "bot_id": "BMPMA7GPJ",
        "attachments": [
            {
                "fallback": "<https:\/\/github.com\/SalientCRGT\/scrgt-bdso-cc-startup\/tree\/develop|[scrgt-bdso-cc-startup:develop]> <https:\/\/github.com\/SalientCRGT\/scrgt-bdso-cc-startup\/compare\/149346cd25b5...d28c88daa734|6 new commits> by Vijay S Deshmukh and 1 other",
                "text": "`<https:\/\/github.com\/SalientCRGT\/scrgt-bdso-cc-startup\/commit\/0ba966c20d8441591b1f68af6a235c9f833d3338|0ba966c>` added 3 s3 buckets for data science team as requested - Vijay S Deshmukh\n `<https:\/\/github.com\/SalientCRGT\/scrgt-bdso-cc-startup\/commit\/1abc6988bc1d458cc119fcd14dfc5f50d57be338|1abc698>` testing jenkins file for zap - Vijay S Deshmukh\n `<https:\/\/github.com\/SalientCRGT\/scrgt-bdso-cc-startup\/commit\/770736a401684bfb34f01ac3350a5994d6efdb04|770736a>` testing jenkins file for zap - Vijay S Deshmukh\n `<https:\/\/github.com\/SalientCRGT\/scrgt-bdso-cc-startup\/commit\/1b119e7354f13f656dc96056a6e1880ce3b6560c|1b119e7>` testing jenkins file for zap - Vijay S Deshmukh\n `<https:\/\/github.com\/SalientCRGT\/scrgt-bdso-cc-startup\/commit\/b0bdd444e3afc21a86424a3802bd36cf90e6b7ed|b0bdd44>` removed jenkinsfile. needs updates and was included for experimetation purpose. - Vijay S Deshmukh\n `<https:\/\/github.com\/SalientCRGT\/scrgt-bdso-cc-startup\/commit\/d28c88daa734961e502356caaae297ba85ce3b22|d28c88d>` Merge pull request #27 from SalientCRGT\/automation-testing - vjdeshmukhgit",
                "pretext": "<https:\/\/github.com\/SalientCRGT\/scrgt-bdso-cc-startup\/tree\/develop|[scrgt-bdso-cc-startup:develop]> <https:\/\/github.com\/SalientCRGT\/scrgt-bdso-cc-startup\/compare\/149346cd25b5...d28c88daa734|6 new commits> by Vijay S Deshmukh and 1 other:",
                "id": 1,
                "color": "4183C4",
                "mrkdwn_in": [
                    "text",
                    "pretext"
                ]
            }
        ]
    },
    {
        "type": "message",
        "subtype": "bot_message",
        "text": "",
        "ts": "1567611561.001800",
        "bot_id": "BMPMA7GPJ",
        "attachments": [
            {
                "fallback": "<https:\/\/github.com\/SalientCRGT\/scrgt-bdso-cc-startup|[scrgt-bdso-cc-startup]> The branch \"automation-testing\" was deleted by vjdeshmukhgit",
                "text": "<https:\/\/github.com\/SalientCRGT\/scrgt-bdso-cc-startup|[scrgt-bdso-cc-startup]> The branch \"automation-testing\" was deleted by vjdeshmukhgit",
                "id": 1,
                "color": "4183C4",
                "mrkdwn_in": [
                    "text",
                    "pretext"
                ]
            }
        ]
    },
    {
        "type": "message",
        "subtype": "bot_message",
        "text": "",
        "ts": "1567611699.001900",
        "bot_id": "BMPMA7GPJ",
        "attachments": [
            {
                "fallback": "<https:\/\/github.com\/SalientCRGT\/scrgt-bdso-cc-startup\/tree\/automation-testing-jenkins-incl|[scrgt-bdso-cc-startup:automation-testing-jenkins-incl]> was branched from \"develop\" and pushed by vjdeshmukhgit",
                "text": "<https:\/\/github.com\/SalientCRGT\/scrgt-bdso-cc-startup\/tree\/automation-testing-jenkins-incl|[scrgt-bdso-cc-startup:automation-testing-jenkins-incl]> was branched from \"develop\" and pushed by vjdeshmukhgit",
                "id": 1,
                "color": "4183C4",
                "mrkdwn_in": [
                    "text",
                    "pretext"
                ]
            }
        ]
    },
    {
        "type": "message",
        "subtype": "bot_message",
        "text": "",
        "ts": "1567616808.002000",
        "bot_id": "BMPMA7GPJ",
        "attachments": [
            {
                "fallback": "<https:\/\/github.com\/SalientCRGT\/scrgt-bdso-cc-startup\/tree\/develop|[scrgt-bdso-cc-startup:develop]> <https:\/\/github.com\/SalientCRGT\/scrgt-bdso-cc-startup\/compare\/d28c88daa734...ab17a0d060dd|11 new commits> by Pramod Malhotra",
                "text": "`<https:\/\/github.com\/SalientCRGT\/scrgt-bdso-cc-startup\/commit\/211b2f9ab529a9e14dd2f83e967926755c5079cd|211b2f9>` Create README.md - Pramod Malhotra\n `<https:\/\/github.com\/SalientCRGT\/scrgt-bdso-cc-startup\/commit\/a4e41feb46432b7378a92c417c1ddf99b5035762|a4e41fe>` Add files via upload - Pramod Malhotra\n `<https:\/\/github.com\/SalientCRGT\/scrgt-bdso-cc-startup\/commit\/8c01183a6c9985b67db7ec492fba8117e597f5ae|8c01183>` Add files via upload - Pramod Malhotra\n `<https:\/\/github.com\/SalientCRGT\/scrgt-bdso-cc-startup\/commit\/d43a6974e77066595eeaa2c15fc40233b2fe2ac4|d43a697>` Add files via upload - Pramod Malhotra\n `<https:\/\/github.com\/SalientCRGT\/scrgt-bdso-cc-startup\/commit\/41d89a222e54b626777f7096c58400872c6496d9|41d89a2>` Add files via upload - Pramod Malhotra\n `<https:\/\/github.com\/SalientCRGT\/scrgt-bdso-cc-startup\/commit\/a3ccf5f0d064e8f971b3be660a6611886c24d10a|a3ccf5f>` Update README.md - Pramod Malhotra\n `<https:\/\/github.com\/SalientCRGT\/scrgt-bdso-cc-startup\/commit\/300207ce6b7e9a9faedf87fb5421dd9fbbc95176|300207c>` Merge pull request #25 from SalientCRGT\/pmalhotra-iiinfo-patch-1-1 - Pramod Malhotra\n `<https:\/\/github.com\/SalientCRGT\/scrgt-bdso-cc-startup\/commit\/63ab4878cba2be871629fb4b0745e7a75a3ed38a|63ab487>` Update README.md - Pramod Malhotra\n `<https:\/\/github.com\/SalientCRGT\/scrgt-bdso-cc-startup\/commit\/9948c941bc0fc19cf7cdccdf53d08fc1c15543e0|9948c94>` Revisit Installation instruction, - Pramod Malhotra\n `<https:\/\/github.com\/SalientCRGT\/scrgt-bdso-cc-startup\/commit\/ded09f4a4bc0da7de82dccca5723c61dd0a04335|ded09f4>` removed comments - Pramod Malhotra\n `<https:\/\/github.com\/SalientCRGT\/scrgt-bdso-cc-startup\/commit\/ab17a0d060ddc238b7684c8a27efee0575801c93|ab17a0d>` Merge pull request #26 from SalientCRGT\/pmalhotra-iiinfo-patch-1 - Pramod Malhotra",
                "pretext": "<https:\/\/github.com\/SalientCRGT\/scrgt-bdso-cc-startup\/tree\/develop|[scrgt-bdso-cc-startup:develop]> <https:\/\/github.com\/SalientCRGT\/scrgt-bdso-cc-startup\/compare\/d28c88daa734...ab17a0d060dd|11 new commits> by Pramod Malhotra:",
                "id": 1,
                "color": "4183C4",
                "mrkdwn_in": [
                    "text",
                    "pretext"
                ]
            }
        ]
    },
    {
        "type": "message",
        "subtype": "bot_message",
        "text": "",
        "ts": "1567618050.002100",
        "bot_id": "BMPMA7GPJ",
        "attachments": [
            {
                "fallback": "<https:\/\/github.com\/SalientCRGT\/scrgt-bdso-cc-startup|[scrgt-bdso-cc-startup]> New branch \"<https:\/\/github.com\/SalientCRGT\/scrgt-bdso-cc-startup\/tree\/pmalhotra-iiinfo-patch-2|pmalhotra-iiinfo-patch-2>\" was pushed by pmalhotra-iiinfo",
                "text": "<https:\/\/github.com\/SalientCRGT\/scrgt-bdso-cc-startup|[scrgt-bdso-cc-startup]> New branch \"<https:\/\/github.com\/SalientCRGT\/scrgt-bdso-cc-startup\/tree\/pmalhotra-iiinfo-patch-2|pmalhotra-iiinfo-patch-2>\" was pushed by pmalhotra-iiinfo",
                "id": 1,
                "color": "4183C4",
                "mrkdwn_in": [
                    "text",
                    "pretext"
                ]
            }
        ]
    },
    {
        "type": "message",
        "subtype": "bot_message",
        "text": "",
        "ts": "1567637313.002200",
        "bot_id": "BMPMA7GPJ",
        "attachments": [
            {
                "fallback": "<https:\/\/github.com\/SalientCRGT\/scrgt-bdso-cc-startup\/tree\/automation-testing-jenkins-incl|[scrgt-bdso-cc-startup:automation-testing-jenkins-incl]> <https:\/\/github.com\/SalientCRGT\/scrgt-bdso-cc-startup\/commit\/75a66f3fef1d1da3746d2efbc12f4d39103a1670|1 new commit> by Vijay S Deshmukh",
                "text": "`<https:\/\/github.com\/SalientCRGT\/scrgt-bdso-cc-startup\/commit\/75a66f3fef1d1da3746d2efbc12f4d39103a1670|75a66f3>` Added code to send URLs to a text file apart from showing on the console - Vijay S Deshmukh",
                "pretext": "<https:\/\/github.com\/SalientCRGT\/scrgt-bdso-cc-startup\/tree\/automation-testing-jenkins-incl|[scrgt-bdso-cc-startup:automation-testing-jenkins-incl]> 1 new commit by Vijay S Deshmukh:",
                "id": 1,
                "color": "4183C4",
                "mrkdwn_in": [
                    "text",
                    "pretext"
                ]
            }
        ]
    },
    {
        "type": "message",
        "subtype": "bot_message",
        "text": "",
        "ts": "1567638207.002300",
        "bot_id": "BMPMA7GPJ",
        "attachments": [
            {
                "fallback": "<https:\/\/github.com\/SalientCRGT\/scrgt-bdso-cc-startup\/tree\/pipeline-shawn|[scrgt-bdso-cc-startup:pipeline-shawn]> <https:\/\/github.com\/SalientCRGT\/scrgt-bdso-cc-startup\/commit\/54f68ff64df81777a13001d42f4d2b205219a3ff|1 new commit> by Shawn Lassiter",
                "text": "`<https:\/\/github.com\/SalientCRGT\/scrgt-bdso-cc-startup\/commit\/54f68ff64df81777a13001d42f4d2b205219a3ff|54f68ff>` bug fixes - Shawn Lassiter",
                "pretext": "<https:\/\/github.com\/SalientCRGT\/scrgt-bdso-cc-startup\/tree\/pipeline-shawn|[scrgt-bdso-cc-startup:pipeline-shawn]> 1 new commit by Shawn Lassiter:",
                "id": 1,
                "color": "4183C4",
                "mrkdwn_in": [
                    "text",
                    "pretext"
                ]
            }
        ]
    },
    {
        "type": "message",
        "subtype": "bot_message",
        "text": "",
        "ts": "1567638242.002400",
        "bot_id": "BMPMA7GPJ",
        "attachments": [
            {
                "fallback": "<https:\/\/github.com\/SalientCRGT\/scrgt-bdso-cc-startup\/tree\/pipeline-shawn|[scrgt-bdso-cc-startup:pipeline-shawn]> <https:\/\/github.com\/SalientCRGT\/scrgt-bdso-cc-startup\/compare\/54f68ff64df8...9f31ed680f12|19 new commits> by Vijay S Deshmukh and 3 others",
                "text": "`<https:\/\/github.com\/SalientCRGT\/scrgt-bdso-cc-startup\/commit\/0ba966c20d8441591b1f68af6a235c9f833d3338|0ba966c>` added 3 s3 buckets for data science team as requested - Vijay S Deshmukh\n `<https:\/\/github.com\/SalientCRGT\/scrgt-bdso-cc-startup\/commit\/1abc6988bc1d458cc119fcd14dfc5f50d57be338|1abc698>` testing jenkins file for zap - Vijay S Deshmukh\n `<https:\/\/github.com\/SalientCRGT\/scrgt-bdso-cc-startup\/commit\/770736a401684bfb34f01ac3350a5994d6efdb04|770736a>` testing jenkins file for zap - Vijay S Deshmukh\n `<https:\/\/github.com\/SalientCRGT\/scrgt-bdso-cc-startup\/commit\/1b119e7354f13f656dc96056a6e1880ce3b6560c|1b119e7>` testing jenkins file for zap - Vijay S Deshmukh\n `<https:\/\/github.com\/SalientCRGT\/scrgt-bdso-cc-startup\/commit\/211b2f9ab529a9e14dd2f83e967926755c5079cd|211b2f9>` Create README.md - Pramod Malhotra\n `<https:\/\/github.com\/SalientCRGT\/scrgt-bdso-cc-startup\/commit\/a4e41feb46432b7378a92c417c1ddf99b5035762|a4e41fe>` Add files via upload - Pramod Malhotra\n `<https:\/\/github.com\/SalientCRGT\/scrgt-bdso-cc-startup\/commit\/8c01183a6c9985b67db7ec492fba8117e597f5ae|8c01183>` Add files via upload - Pramod Malhotra\n `<https:\/\/github.com\/SalientCRGT\/scrgt-bdso-cc-startup\/commit\/d43a6974e77066595eeaa2c15fc40233b2fe2ac4|d43a697>` Add files via upload - Pramod Malhotra\n `<https:\/\/github.com\/SalientCRGT\/scrgt-bdso-cc-startup\/commit\/41d89a222e54b626777f7096c58400872c6496d9|41d89a2>` Add files via upload - Pramod Malhotra\n `<https:\/\/github.com\/SalientCRGT\/scrgt-bdso-cc-startup\/commit\/a3ccf5f0d064e8f971b3be660a6611886c24d10a|a3ccf5f>` Update README.md - Pramod Malhotra\n `<https:\/\/github.com\/SalientCRGT\/scrgt-bdso-cc-startup\/commit\/300207ce6b7e9a9faedf87fb5421dd9fbbc95176|300207c>` Merge pull request #25 from SalientCRGT\/pmalhotra-iiinfo-patch-1-1 - Pramod Malhotra\n `<https:\/\/github.com\/SalientCRGT\/scrgt-bdso-cc-startup\/commit\/63ab4878cba2be871629fb4b0745e7a75a3ed38a|63ab487>` Update README.md - Pramod Malhotra\n `<https:\/\/github.com\/SalientCRGT\/scrgt-bdso-cc-startup\/commit\/9948c941bc0fc19cf7cdccdf53d08fc1c15543e0|9948c94>` Revisit Installation instruction, - Pramod Malhotra\n `<https:\/\/github.com\/SalientCRGT\/scrgt-bdso-cc-startup\/commit\/ded09f4a4bc0da7de82dccca5723c61dd0a04335|ded09f4>` removed comments - Pramod Malhotra\n `<https:\/\/github.com\/SalientCRGT\/scrgt-bdso-cc-startup\/commit\/149346cd25b5a9dc69b39af72b74dae55699c111|149346c>` Merge pull request #24 from SalientCRGT\/pipeline-shawn - Shawn Lassiter\n `<https:\/\/github.com\/SalientCRGT\/scrgt-bdso-cc-startup\/commit\/b0bdd444e3afc21a86424a3802bd36cf90e6b7ed|b0bdd44>` removed jenkinsfile. needs updates and was included for experimetation purpose. - Vijay S Deshmukh\n `<https:\/\/github.com\/SalientCRGT\/scrgt-bdso-cc-startup\/commit\/d28c88daa734961e502356caaae297ba85ce3b22|d28c88d>` Merge pull request #27 from SalientCRGT\/automation-testing - vjdeshmukhgit\n `<https:\/\/github.com\/SalientCRGT\/scrgt-bdso-cc-startup\/commit\/ab17a0d060ddc238b7684c8a27efee0575801c93|ab17a0d>` Merge pull request #26 from SalientCRGT\/pmalhotra-iiinfo-patch-1 - Pramod Malhotra\n `<https:\/\/github.com\/SalientCRGT\/scrgt-bdso-cc-startup\/commit\/9f31ed680f1235be3badc3df8189e6b7bb9523a7|9f31ed6>` Merge branch 'develop' of github.com:SalientCRGT\/scrgt-bdso-cc-startup into pipeline-shawn - Shawn Lassiter",
                "pretext": "<https:\/\/github.com\/SalientCRGT\/scrgt-bdso-cc-startup\/tree\/pipeline-shawn|[scrgt-bdso-cc-startup:pipeline-shawn]> <https:\/\/github.com\/SalientCRGT\/scrgt-bdso-cc-startup\/compare\/54f68ff64df8...9f31ed680f12|19 new commits> by Vijay S Deshmukh and 3 others:",
                "id": 1,
                "color": "4183C4",
                "mrkdwn_in": [
                    "text",
                    "pretext"
                ]
            }
        ]
    },
    {
        "type": "message",
        "subtype": "bot_message",
        "text": "",
        "ts": "1567638427.002500",
        "bot_id": "BMPMA7GPJ",
        "attachments": [
            {
                "fallback": "<https:\/\/github.com\/SalientCRGT\/scrgt-bdso-cc-startup\/tree\/develop|[scrgt-bdso-cc-startup:develop]> <https:\/\/github.com\/SalientCRGT\/scrgt-bdso-cc-startup\/compare\/ab17a0d060dd...bd18cf493604|3 new commits> by Shawn Lassiter and 1 other",
                "text": "`<https:\/\/github.com\/SalientCRGT\/scrgt-bdso-cc-startup\/commit\/54f68ff64df81777a13001d42f4d2b205219a3ff|54f68ff>` bug fixes - Shawn Lassiter\n `<https:\/\/github.com\/SalientCRGT\/scrgt-bdso-cc-startup\/commit\/9f31ed680f1235be3badc3df8189e6b7bb9523a7|9f31ed6>` Merge branch 'develop' of github.com:SalientCRGT\/scrgt-bdso-cc-startup into pipeline-shawn - Shawn Lassiter\n `<https:\/\/github.com\/SalientCRGT\/scrgt-bdso-cc-startup\/commit\/bd18cf493604a4fc56be1caf3d67bf725791ad69|bd18cf4>` Merge pull request #30 from SalientCRGT\/pipeline-shawn - vjdeshmukhgit",
                "pretext": "<https:\/\/github.com\/SalientCRGT\/scrgt-bdso-cc-startup\/tree\/develop|[scrgt-bdso-cc-startup:develop]> <https:\/\/github.com\/SalientCRGT\/scrgt-bdso-cc-startup\/compare\/ab17a0d060dd...bd18cf493604|3 new commits> by Shawn Lassiter and 1 other:",
                "id": 1,
                "color": "4183C4",
                "mrkdwn_in": [
                    "text",
                    "pretext"
                ]
            }
        ]
    },
    {
        "type": "message",
        "subtype": "bot_message",
        "text": "",
        "ts": "1567638667.002600",
        "bot_id": "BMPMA7GPJ",
        "attachments": [
            {
                "fallback": "<https:\/\/github.com\/SalientCRGT\/scrgt-bdso-cc-startup\/tree\/develop|[scrgt-bdso-cc-startup:develop]> <https:\/\/github.com\/SalientCRGT\/scrgt-bdso-cc-startup\/compare\/bd18cf493604...76496e7008e9|2 new commits> by Vijay S Deshmukh and 1 other",
                "text": "`<https:\/\/github.com\/SalientCRGT\/scrgt-bdso-cc-startup\/commit\/75a66f3fef1d1da3746d2efbc12f4d39103a1670|75a66f3>` Added code to send URLs to a text file apart from showing on the console - Vijay S Deshmukh\n `<https:\/\/github.com\/SalientCRGT\/scrgt-bdso-cc-startup\/commit\/76496e7008e9919e4a145c7ae9df07281ba93993|76496e7>` Merge pull request #29 from SalientCRGT\/automation-testing-jenkins-incl - Shawn Lassiter",
                "pretext": "<https:\/\/github.com\/SalientCRGT\/scrgt-bdso-cc-startup\/tree\/develop|[scrgt-bdso-cc-startup:develop]> <https:\/\/github.com\/SalientCRGT\/scrgt-bdso-cc-startup\/compare\/bd18cf493604...76496e7008e9|2 new commits> by Vijay S Deshmukh and 1 other:",
                "id": 1,
                "color": "4183C4",
                "mrkdwn_in": [
                    "text",
                    "pretext"
                ]
            }
        ]
    },
    {
        "type": "message",
        "subtype": "bot_message",
        "text": "",
        "ts": "1567638670.002700",
        "bot_id": "BMPMA7GPJ",
        "attachments": [
            {
                "fallback": "<https:\/\/github.com\/SalientCRGT\/scrgt-bdso-cc-startup|[scrgt-bdso-cc-startup]> The branch \"automation-testing-jenkins-incl\" was deleted by ShawnLassiter",
                "text": "<https:\/\/github.com\/SalientCRGT\/scrgt-bdso-cc-startup|[scrgt-bdso-cc-startup]> The branch \"automation-testing-jenkins-incl\" was deleted by ShawnLassiter",
                "id": 1,
                "color": "4183C4",
                "mrkdwn_in": [
                    "text",
                    "pretext"
                ]
            }
        ]
    }
]