[
    {
        "user": "UKPCZJWQL",
        "type": "message",
        "subtype": "channel_join",
        "ts": "1566773708.000200",
        "text": "<@UKPCZJWQL> has joined the channel"
    },
    {
        "type": "message",
        "subtype": "bot_add",
        "text": "added an integration to this channel: <https:\/\/scrgt-bdso.slack.com\/services\/BMPMA7GPJ|github>",
        "user": "UKPCZJWQL",
        "bot_id": "BMPMA7GPJ",
        "bot_link": "<https:\/\/scrgt-bdso.slack.com\/services\/BMPMA7GPJ|github>",
        "ts": "1566773718.000300"
    },
    {
        "type": "message",
        "subtype": "bot_message",
        "text": "",
        "ts": "1566779239.000400",
        "bot_id": "BMPMA7GPJ",
        "attachments": [
            {
                "fallback": "<https:\/\/github.com\/SalientCRGT\/scrgt-bdso-cc-startup|[scrgt-bdso-cc-startup]> New branch \"<https:\/\/github.com\/SalientCRGT\/scrgt-bdso-cc-startup\/tree\/pmalhotra-iiinfo-patch-1|pmalhotra-iiinfo-patch-1>\" was pushed by pmalhotra-iiinfo",
                "text": "<https:\/\/github.com\/SalientCRGT\/scrgt-bdso-cc-startup|[scrgt-bdso-cc-startup]> New branch \"<https:\/\/github.com\/SalientCRGT\/scrgt-bdso-cc-startup\/tree\/pmalhotra-iiinfo-patch-1|pmalhotra-iiinfo-patch-1>\" was pushed by pmalhotra-iiinfo",
                "id": 1,
                "color": "4183C4",
                "mrkdwn_in": [
                    "text",
                    "pretext"
                ]
            }
        ]
    },
    {
        "type": "message",
        "subtype": "bot_message",
        "text": "",
        "ts": "1566783921.000500",
        "bot_id": "BMPMA7GPJ",
        "attachments": [
            {
                "fallback": "<https:\/\/github.com\/SalientCRGT\/scrgt-bdso-cc-startup\/tree\/pmalhotra-iiinfo-patch-1|[scrgt-bdso-cc-startup:pmalhotra-iiinfo-patch-1]> <https:\/\/github.com\/SalientCRGT\/scrgt-bdso-cc-startup\/commit\/a61a35b0eb1c07bb8ac6012ea9196a5c2fe6b25a|1 new commit> by Pramod Malhotra",
                "text": "`<https:\/\/github.com\/SalientCRGT\/scrgt-bdso-cc-startup\/commit\/a61a35b0eb1c07bb8ac6012ea9196a5c2fe6b25a|a61a35b>` ongoing update to get readme.md file completed. - Pramod Malhotra",
                "pretext": "<https:\/\/github.com\/SalientCRGT\/scrgt-bdso-cc-startup\/tree\/pmalhotra-iiinfo-patch-1|[scrgt-bdso-cc-startup:pmalhotra-iiinfo-patch-1]> 1 new commit by Pramod Malhotra:",
                "id": 1,
                "color": "4183C4",
                "mrkdwn_in": [
                    "text",
                    "pretext"
                ]
            }
        ]
    },
    {
        "type": "message",
        "subtype": "bot_message",
        "text": "",
        "ts": "1566784211.000600",
        "bot_id": "BMPMA7GPJ",
        "attachments": [
            {
                "fallback": "<https:\/\/github.com\/SalientCRGT\/scrgt-bdso-cc-startup\/tree\/pmalhotra-iiinfo-patch-1|[scrgt-bdso-cc-startup:pmalhotra-iiinfo-patch-1]> <https:\/\/github.com\/SalientCRGT\/scrgt-bdso-cc-startup\/commit\/5f2cdc3b935f2839b841f32e8f65575ad2ca2687|1 new commit> by Pramod Malhotra",
                "text": "`<https:\/\/github.com\/SalientCRGT\/scrgt-bdso-cc-startup\/commit\/5f2cdc3b935f2839b841f32e8f65575ad2ca2687|5f2cdc3>` more changes - Pramod Malhotra",
                "pretext": "<https:\/\/github.com\/SalientCRGT\/scrgt-bdso-cc-startup\/tree\/pmalhotra-iiinfo-patch-1|[scrgt-bdso-cc-startup:pmalhotra-iiinfo-patch-1]> 1 new commit by Pramod Malhotra:",
                "id": 1,
                "color": "4183C4",
                "mrkdwn_in": [
                    "text",
                    "pretext"
                ]
            }
        ]
    }
]