[
    {
        "type": "message",
        "subtype": "bot_message",
        "text": "",
        "ts": "1567257152.000100",
        "bot_id": "BMPMA7GPJ",
        "attachments": [
            {
                "fallback": "<https:\/\/github.com\/SalientCRGT\/scrgt-bdso-cc-startup\/tree\/pipeline-no-nexus|[scrgt-bdso-cc-startup:pipeline-no-nexus]> <https:\/\/github.com\/SalientCRGT\/scrgt-bdso-cc-startup\/compare\/713c17db5899...7ba81958b450|2 new commits> by Gary Morris and 1 other",
                "text": "`<https:\/\/github.com\/SalientCRGT\/scrgt-bdso-cc-startup\/commit\/daa87194f0911fec1a81ca4a71aae0eea56b2c3f|daa8719>` Added destroy scripts. Added ElasticSearch. Added bucket create on EMR script. Added SSM Parameter Store for ElasticSearch entry - Gary Morris\n `<https:\/\/github.com\/SalientCRGT\/scrgt-bdso-cc-startup\/commit\/7ba81958b4505db0540361ad1713179920ac0038|7ba8195>` Merge pull request #8 from SalientCRGT\/elasticsearch - gwmorris",
                "pretext": "<https:\/\/github.com\/SalientCRGT\/scrgt-bdso-cc-startup\/tree\/pipeline-no-nexus|[scrgt-bdso-cc-startup:pipeline-no-nexus]> <https:\/\/github.com\/SalientCRGT\/scrgt-bdso-cc-startup\/compare\/713c17db5899...7ba81958b450|2 new commits> by Gary Morris and 1 other:",
                "id": 1,
                "color": "4183C4",
                "mrkdwn_in": [
                    "text",
                    "pretext"
                ]
            }
        ]
    },
    {
        "type": "message",
        "subtype": "bot_message",
        "text": "",
        "ts": "1567260457.000200",
        "bot_id": "BMPMA7GPJ",
        "attachments": [
            {
                "fallback": "<https:\/\/github.com\/SalientCRGT\/scrgt-bdso-cc-startup\/tree\/pipeline-no-nexus|[scrgt-bdso-cc-startup:pipeline-no-nexus]> <https:\/\/github.com\/SalientCRGT\/scrgt-bdso-cc-startup\/commit\/654f1efc7972b094167bb848ba8c30e6d33101a4|1 new commit> by Shawn Lassiter",
                "text": "`<https:\/\/github.com\/SalientCRGT\/scrgt-bdso-cc-startup\/commit\/654f1efc7972b094167bb848ba8c30e6d33101a4|654f1ef>` oc binaries on jenkins - Shawn Lassiter",
                "pretext": "<https:\/\/github.com\/SalientCRGT\/scrgt-bdso-cc-startup\/tree\/pipeline-no-nexus|[scrgt-bdso-cc-startup:pipeline-no-nexus]> 1 new commit by Shawn Lassiter:",
                "id": 1,
                "color": "4183C4",
                "mrkdwn_in": [
                    "text",
                    "pretext"
                ]
            }
        ]
    },
    {
        "type": "message",
        "subtype": "bot_message",
        "text": "",
        "ts": "1567262487.000300",
        "bot_id": "BMPMA7GPJ",
        "attachments": [
            {
                "fallback": "<https:\/\/github.com\/SalientCRGT\/scrgt-bdso-cc-startup\/tree\/pipeline-no-nexus|[scrgt-bdso-cc-startup:pipeline-no-nexus]> <https:\/\/github.com\/SalientCRGT\/scrgt-bdso-cc-startup\/commit\/8b07918274e3e30e1ccf878470378da52c525cc3|1 new commit> by Vijay S Deshmukh",
                "text": "`<https:\/\/github.com\/SalientCRGT\/scrgt-bdso-cc-startup\/commit\/8b07918274e3e30e1ccf878470378da52c525cc3|8b07918>` After demo to team, now merging to bdso-dev - Vijay S Deshmukh",
                "pretext": "<https:\/\/github.com\/SalientCRGT\/scrgt-bdso-cc-startup\/tree\/pipeline-no-nexus|[scrgt-bdso-cc-startup:pipeline-no-nexus]> 1 new commit by Vijay S Deshmukh:",
                "id": 1,
                "color": "4183C4",
                "mrkdwn_in": [
                    "text",
                    "pretext"
                ]
            }
        ]
    },
    {
        "type": "message",
        "subtype": "bot_message",
        "text": "",
        "ts": "1567262828.000400",
        "bot_id": "BMPMA7GPJ",
        "attachments": [
            {
                "fallback": "<https:\/\/github.com\/SalientCRGT\/scrgt-bdso-cc-startup\/tree\/bdso-dev|[scrgt-bdso-cc-startup:bdso-dev]> <https:\/\/github.com\/SalientCRGT\/scrgt-bdso-cc-startup\/compare\/afb3356dc3b2...3749f46d3258|64 new commits> by Shawn Lassiter and 3 others",
                "text": "`<https:\/\/github.com\/SalientCRGT\/scrgt-bdso-cc-startup\/commit\/1c3a1093f1f1c58cc21b0be62820a3e3f4956997|1c3a109>` password pass-in - Shawn Lassiter\n `<https:\/\/github.com\/SalientCRGT\/scrgt-bdso-cc-startup\/commit\/09c5c5313d66ce84eb8a2752b95bddfcf8b3f740|09c5c53>` postgres needed by sonar - Shawn Lassiter\n `<https:\/\/github.com\/SalientCRGT\/scrgt-bdso-cc-startup\/commit\/e2a550277caaea39b319ed0b4f000c1a1a07e33a|e2a5502>` jenkins version lock, cloudflare dns, misc improvements and bugfixes - Shawn Lassiter\n `<https:\/\/github.com\/SalientCRGT\/scrgt-bdso-cc-startup\/commit\/d708abdac6d99092dc0cffe33e928bae870c0002|d708abd>` very basic instructions - Shawn Lassiter\n `<https:\/\/github.com\/SalientCRGT\/scrgt-bdso-cc-startup\/commit\/be51749203b63a2b6d0099c3f80bdb8722771c6e|be51749>` setup instructions update - Shawn Lassiter\n `<https:\/\/github.com\/SalientCRGT\/scrgt-bdso-cc-startup\/commit\/6f9de4b743a3af66b1413bf513b39c11bd967f42|6f9de4b>` removing neptune from main source until bug resolution - Shawn Lassiter\n `<https:\/\/github.com\/SalientCRGT\/scrgt-bdso-cc-startup\/commit\/1b2458ec7761fcfb9c7d3a3dca2bc030fff39eff|1b2458e>` db naming conventions - Shawn Lassiter\n `<https:\/\/github.com\/SalientCRGT\/scrgt-bdso-cc-startup\/commit\/bb97a83c4e66fec36c94037b5ef1301666a6d874|bb97a83>` typo fix - Shawn Lassiter\n `<https:\/\/github.com\/SalientCRGT\/scrgt-bdso-cc-startup\/commit\/eeea203012fc82aa4d30b1eb1ca6b052bbf730b4|eeea203>` output urls and master password for easy reference - Shawn Lassiter\n `<https:\/\/github.com\/SalientCRGT\/scrgt-bdso-cc-startup\/commit\/b37f7c681e9ec8e79e5adacdaae07b0384ca4039|b37f7c6>` Cloudformation start template - Gary Morris\n `<https:\/\/github.com\/SalientCRGT\/scrgt-bdso-cc-startup\/commit\/825afe991d522558896b7508350de648939c4079|825afe9>` Merge branch 'pipeline' of <https:\/\/github.com\/SalientCRGT\/scrgt-bdso-cc-startup> into pipeline - Gary Morris\n `<https:\/\/github.com\/SalientCRGT\/scrgt-bdso-cc-startup\/commit\/b22c4858bec06d4322a6f19154f4f2f86c5c3018|b22c485>` Added destroy script - Gary Morris\n `<https:\/\/github.com\/SalientCRGT\/scrgt-bdso-cc-startup\/commit\/06b1c3c29482d20d976fe5aad65d5d76cadde9c0|06b1c3c>` Added keys to ansible directory - Gary Morris\n `<https:\/\/github.com\/SalientCRGT\/scrgt-bdso-cc-startup\/commit\/4a77f6d5f9fb182226cef76c6fa4fbe687b76909|4a77f6d>` Changing cert.pem to cert.crt, changing password to alphanumeric only, coding start.sh with CFN password, installing python-pip and ansible latest (2.8) - Gary Morris\n `<https:\/\/github.com\/SalientCRGT\/scrgt-bdso-cc-startup\/commit\/1f608f17a7c29f5b445991375d1a6d8952fa68b3|1f608f1>` Adding password constraints and changed nomenclature - Gary Morris\n `<https:\/\/github.com\/SalientCRGT\/scrgt-bdso-cc-startup\/commit\/923e7346c1cea45e7c5791b06e47c9ad2bf54822|923e734>` Quoted EOF in HEREDOC to prevent variable interpolation - Gary Morris\n `<https:\/\/github.com\/SalientCRGT\/scrgt-bdso-cc-startup\/commit\/c3a705d38b86b9bfce2c7f0bd19bebba7ea8ecf9|c3a705d>` Added a cd to location of terraform state file for destory.sh to work properly - Gary Morris\n `<https:\/\/github.com\/SalientCRGT\/scrgt-bdso-cc-startup\/commit\/bfdff58faaf561ff563487b2b915a9fd147a9a71|bfdff58>` removed pycache from repo - Shawn Lassiter\n `<https:\/\/github.com\/SalientCRGT\/scrgt-bdso-cc-startup\/commit\/0d580ad453aa240bb927e0d80396d42a8ec235c6|0d580ad>` added http port for docker registry - Shawn Lassiter\n `<https:\/\/github.com\/SalientCRGT\/scrgt-bdso-cc-startup\/commit\/69c4f874203280b7999f1b3929f30fdd90b439aa|69c4f87>` Merge branch 'pipeline' of github.com:SalientCRGT\/scrgt-bdso-cc-startup into pipeline - Shawn Lassiter\n `<https:\/\/github.com\/SalientCRGT\/scrgt-bdso-cc-startup\/commit\/e03b22f8a81a95dd5ec9d129ac2316d6b115a5ad|e03b22f>` moved ocp-setup to its own directory - Shawn Lassiter\n `<https:\/\/github.com\/SalientCRGT\/scrgt-bdso-cc-startup\/commit\/41aa92bc414693c6395875595000e16b0d277897|41aa92b>` refactor to break out rds and neptune - Shawn Lassiter\n `<https:\/\/github.com\/SalientCRGT\/scrgt-bdso-cc-startup\/commit\/40b85c1e3bef26e07ee250cd4c1f201149b1c55f|40b85c1>` remove rds from tools terraform - Shawn Lassiter\n `<https:\/\/github.com\/SalientCRGT\/scrgt-bdso-cc-startup\/commit\/0615a36204f38b5ba76f8270ed28e05a9b2d4ceb|0615a36>` startup refactor fixes - Shawn Lassiter\n `<https:\/\/github.com\/SalientCRGT\/scrgt-bdso-cc-startup\/commit\/c2830d9242d32889eb7de75ac17c12ae65cd144e|c2830d9>` removed project from baseline - Shawn Lassiter\n `<https:\/\/github.com\/SalientCRGT\/scrgt-bdso-cc-startup\/commit\/7d0cc6deae911875091820fcb338f2c1614c402e|7d0cc6d>` added ocp setup to startup.sh - Shawn Lassiter\n `<https:\/\/github.com\/SalientCRGT\/scrgt-bdso-cc-startup\/commit\/0e0bcd59a6076c94395d398fef2c8ed8d6da4072|0e0bcd5>` add destroy - Shawn Lassiter\n `<https:\/\/github.com\/SalientCRGT\/scrgt-bdso-cc-startup\/commit\/15627e141a87212d908476e0858973ce6ab253a6|15627e1>` ocp integration changes - Shawn Lassiter\n `<https:\/\/github.com\/SalientCRGT\/scrgt-bdso-cc-startup\/commit\/099679b730034ee2f3032d6d86afb1d8c675861d|099679b>` simplify key files - Shawn Lassiter\n `<https:\/\/github.com\/SalientCRGT\/scrgt-bdso-cc-startup\/commit\/fa6e36626de1f87cea7dd0b3ea7f51e17d109c7a|fa6e366>` key file simplification - Shawn Lassiter\n `<https:\/\/github.com\/SalientCRGT\/scrgt-bdso-cc-startup\/commit\/415a44adc4d63bff82ab914b62646f15a6fff970|415a44a>` ssh agent - Shawn Lassiter\n `<https:\/\/github.com\/SalientCRGT\/scrgt-bdso-cc-startup\/commit\/297a199e77b3fc9aacf3912820b6bea005c84cd4|297a199>` permissions issues - Shawn Lassiter\n `<https:\/\/github.com\/SalientCRGT\/scrgt-bdso-cc-startup\/commit\/643fcec326665ad0cb2b923a760504cf7ef06ef4|643fcec>` further permissions fix - Shawn Lassiter\n `<https:\/\/github.com\/SalientCRGT\/scrgt-bdso-cc-startup\/commit\/bce0ed92ed2b0c377168613467a4ae5b1248327b|bce0ed9>` changed role names to include SCRGT_BDSO_ prefix. Added +x to make the destroy.sh as an executable - Vijay S Deshmukh\n `<https:\/\/github.com\/SalientCRGT\/scrgt-bdso-cc-startup\/commit\/603795c6cf8a9f2f90215e9cd3509c6761570b4f|603795c>` key permissions again - Shawn Lassiter\n `<https:\/\/github.com\/SalientCRGT\/scrgt-bdso-cc-startup\/commit\/0c9b3f922b4cc98b8a33cb4392b51d11f1c0af04|0c9b3f9>` Merge branch 'pipeline' of github.com:SalientCRGT\/scrgt-bdso-cc-startup into pipeline - Shawn Lassiter\n `<https:\/\/github.com\/SalientCRGT\/scrgt-bdso-cc-startup\/commit\/05609916e7ee288380ba38c2f6bf25b4e06864c1|0560991>` updated destroy script to exit and get to pronpt and added a custom message - Vijay S Deshmukh\n `<https:\/\/github.com\/SalientCRGT\/scrgt-bdso-cc-startup\/commit\/3a529a36a942a3e95b64c36c9b70a49766835741|3a529a3>` updated destroy script to exit and get to pronpt and added a custom message - Vijay S Deshmukh\n `<https:\/\/github.com\/SalientCRGT\/scrgt-bdso-cc-startup\/commit\/ca7ca795c09cee91e7ecc8013e1838042dfd3ea7|ca7ca79>` reinstate parallelism - Shawn Lassiter\n `<https:\/\/github.com\/SalientCRGT\/scrgt-bdso-cc-startup\/commit\/f411d17746ba15c9a75f576811419788d7d8865f|f411d17>` Merge branch 'bdso-dev' into pipeline - Shawn Lassiter\n `<https:\/\/github.com\/SalientCRGT\/scrgt-bdso-cc-startup\/commit\/92ff777d6054cc040e25b729b3187fca6dabbf47|92ff777>` Cluster create initial script - Gary Morris\n `<https:\/\/github.com\/SalientCRGT\/scrgt-bdso-cc-startup\/commit\/91b1190030e3f34f1d37d18749a3786aa8f5818a|91b1190>` tools vpc output - Shawn Lassiter\n `<https:\/\/github.com\/SalientCRGT\/scrgt-bdso-cc-startup\/commit\/069a657c359fc2ec7af385d98e272d76af8a2bf9|069a657>` Added Jupyter information and EMR Cluster Create - Gary Morris\n `<https:\/\/github.com\/SalientCRGT\/scrgt-bdso-cc-startup\/commit\/3460ece06ef100d6a6aa535a68b2c46957d2f333|3460ece>` Merge pull request #7 from SalientCRGT\/emr_cloudformation - gwmorris\n `<https:\/\/github.com\/SalientCRGT\/scrgt-bdso-cc-startup\/commit\/35e527466c54a52bf389e1b8bcde1d3f5e98dbd7|35e5274>` Added output urls - Vijay S Deshmukh\n `<https:\/\/github.com\/SalientCRGT\/scrgt-bdso-cc-startup\/commit\/f8a954885fc41599c4c436645f20cbe545f2a213|f8a9548>` the urls are ot shoing up. It appears the call to ocp &amp; tools is causing an issue - Vijay S Deshmukh\n `<https:\/\/github.com\/SalientCRGT\/sc…",
                "pretext": "<https:\/\/github.com\/SalientCRGT\/scrgt-bdso-cc-startup\/tree\/bdso-dev|[scrgt-bdso-cc-startup:bdso-dev]> <https:\/\/github.com\/SalientCRGT\/scrgt-bdso-cc-startup\/compare\/afb3356dc3b2...3749f46d3258|64 new commits> by Shawn Lassiter and 3 others:",
                "id": 1,
                "color": "4183C4",
                "mrkdwn_in": [
                    "text",
                    "pretext"
                ]
            }
        ]
    },
    {
        "type": "message",
        "subtype": "bot_message",
        "text": "",
        "ts": "1567262831.000500",
        "bot_id": "BMPMA7GPJ",
        "attachments": [
            {
                "fallback": "<https:\/\/github.com\/SalientCRGT\/scrgt-bdso-cc-startup|[scrgt-bdso-cc-startup]> The branch \"pipeline-no-nexus\" was deleted by ShawnLassiter",
                "text": "<https:\/\/github.com\/SalientCRGT\/scrgt-bdso-cc-startup|[scrgt-bdso-cc-startup]> The branch \"pipeline-no-nexus\" was deleted by ShawnLassiter",
                "id": 1,
                "color": "4183C4",
                "mrkdwn_in": [
                    "text",
                    "pretext"
                ]
            }
        ]
    },
    {
        "type": "message",
        "subtype": "bot_message",
        "text": "",
        "ts": "1567273186.000100",
        "bot_id": "BMPMA7GPJ",
        "attachments": [
            {
                "fallback": "<https:\/\/github.com\/SalientCRGT\/scrgt-bdso-cc-startup\/tree\/elasticsearch|[scrgt-bdso-cc-startup:elasticsearch]> <https:\/\/github.com\/SalientCRGT\/scrgt-bdso-cc-startup\/commit\/cc97240e16ccaa45056fb3f0644c3647b489e6dc|1 new commit> by Gary Morris",
                "text": "`<https:\/\/github.com\/SalientCRGT\/scrgt-bdso-cc-startup\/commit\/cc97240e16ccaa45056fb3f0644c3647b489e6dc|cc97240>` Fixing SSM Name.  Removing VPC from Elasticsearch - Gary Morris",
                "pretext": "<https:\/\/github.com\/SalientCRGT\/scrgt-bdso-cc-startup\/tree\/elasticsearch|[scrgt-bdso-cc-startup:elasticsearch]> 1 new commit by Gary Morris:",
                "id": 1,
                "color": "4183C4",
                "mrkdwn_in": [
                    "text",
                    "pretext"
                ]
            }
        ]
    },
    {
        "type": "message",
        "subtype": "bot_message",
        "text": "",
        "ts": "1567276560.000200",
        "bot_id": "BMPMA7GPJ",
        "attachments": [
            {
                "fallback": "<https:\/\/github.com\/SalientCRGT\/scrgt-bdso-cc-startup\/tree\/elasticsearch|[scrgt-bdso-cc-startup:elasticsearch]> <https:\/\/github.com\/SalientCRGT\/scrgt-bdso-cc-startup\/commit\/97b9f555e8a5299f39d4650b975f79d5095b6038|1 new commit> by Gary Morris",
                "text": "`<https:\/\/github.com\/SalientCRGT\/scrgt-bdso-cc-startup\/commit\/97b9f555e8a5299f39d4650b975f79d5095b6038|97b9f55>` Fixing bucket naming error - Gary Morris",
                "pretext": "<https:\/\/github.com\/SalientCRGT\/scrgt-bdso-cc-startup\/tree\/elasticsearch|[scrgt-bdso-cc-startup:elasticsearch]> 1 new commit by Gary Morris:",
                "id": 1,
                "color": "4183C4",
                "mrkdwn_in": [
                    "text",
                    "pretext"
                ]
            }
        ]
    },
    {
        "type": "message",
        "subtype": "bot_message",
        "text": "",
        "ts": "1567278585.000300",
        "bot_id": "BMPMA7GPJ",
        "attachments": [
            {
                "fallback": "<https:\/\/github.com\/SalientCRGT\/scrgt-bdso-cc-startup|[scrgt-bdso-cc-startup]> New branch \"<https:\/\/github.com\/SalientCRGT\/scrgt-bdso-cc-startup\/tree\/automation-es-emr|automation-es-emr>\" was pushed by vjdeshmukhgit",
                "text": "<https:\/\/github.com\/SalientCRGT\/scrgt-bdso-cc-startup|[scrgt-bdso-cc-startup]> New branch \"<https:\/\/github.com\/SalientCRGT\/scrgt-bdso-cc-startup\/tree\/automation-es-emr|automation-es-emr>\" was pushed by vjdeshmukhgit",
                "id": 1,
                "color": "4183C4",
                "mrkdwn_in": [
                    "text",
                    "pretext"
                ]
            }
        ]
    },
    {
        "type": "message",
        "subtype": "bot_message",
        "text": "",
        "ts": "1567279693.000400",
        "bot_id": "BMPMA7GPJ",
        "attachments": [
            {
                "fallback": "<https:\/\/github.com\/SalientCRGT\/scrgt-bdso-cc-startup\/tree\/bdso-dev|[scrgt-bdso-cc-startup:bdso-dev]> <https:\/\/github.com\/SalientCRGT\/scrgt-bdso-cc-startup\/compare\/3749f46d3258...581591752e1c|3 new commits> by Gary Morris and 1 other",
                "text": "`<https:\/\/github.com\/SalientCRGT\/scrgt-bdso-cc-startup\/commit\/cc97240e16ccaa45056fb3f0644c3647b489e6dc|cc97240>` Fixing SSM Name.  Removing VPC from Elasticsearch - Gary Morris\n `<https:\/\/github.com\/SalientCRGT\/scrgt-bdso-cc-startup\/commit\/97b9f555e8a5299f39d4650b975f79d5095b6038|97b9f55>` Fixing bucket naming error - Gary Morris\n `<https:\/\/github.com\/SalientCRGT\/scrgt-bdso-cc-startup\/commit\/581591752e1cd1591c3ef11a4757b82f520defc3|5815917>` Merge pull request #10 from SalientCRGT\/elasticsearch - vjdeshmukhgit",
                "pretext": "<https:\/\/github.com\/SalientCRGT\/scrgt-bdso-cc-startup\/tree\/bdso-dev|[scrgt-bdso-cc-startup:bdso-dev]> <https:\/\/github.com\/SalientCRGT\/scrgt-bdso-cc-startup\/compare\/3749f46d3258...581591752e1c|3 new commits> by Gary Morris and 1 other:",
                "id": 1,
                "color": "4183C4",
                "mrkdwn_in": [
                    "text",
                    "pretext"
                ]
            }
        ]
    },
    {
        "type": "message",
        "subtype": "bot_message",
        "text": "",
        "ts": "1567279834.000500",
        "bot_id": "BMPMA7GPJ",
        "attachments": [
            {
                "fallback": "<https:\/\/github.com\/SalientCRGT\/scrgt-bdso-cc-startup|[scrgt-bdso-cc-startup]> New branch \"<https:\/\/github.com\/SalientCRGT\/scrgt-bdso-cc-startup\/tree\/pipeline-shawn|pipeline-shawn>\" was pushed by ShawnLassiter",
                "text": "<https:\/\/github.com\/SalientCRGT\/scrgt-bdso-cc-startup|[scrgt-bdso-cc-startup]> New branch \"<https:\/\/github.com\/SalientCRGT\/scrgt-bdso-cc-startup\/tree\/pipeline-shawn|pipeline-shawn>\" was pushed by ShawnLassiter",
                "id": 1,
                "color": "4183C4",
                "mrkdwn_in": [
                    "text",
                    "pretext"
                ]
            }
        ]
    },
    {
        "type": "message",
        "subtype": "bot_message",
        "text": "",
        "ts": "1567280460.000600",
        "bot_id": "BMPMA7GPJ",
        "attachments": [
            {
                "fallback": "<https:\/\/github.com\/SalientCRGT\/scrgt-bdso-cc-startup\/tree\/pipeline-shawn|[scrgt-bdso-cc-startup:pipeline-shawn]> <https:\/\/github.com\/SalientCRGT\/scrgt-bdso-cc-startup\/compare\/b4e1acd521c8...a3409076724d|2 new commits> by Shawn Lassiter",
                "text": "`<https:\/\/github.com\/SalientCRGT\/scrgt-bdso-cc-startup\/commit\/c1467f985135fedea9f88dd7aaf26eee25014c69|c1467f9>` db integration - Shawn Lassiter\n `<https:\/\/github.com\/SalientCRGT\/scrgt-bdso-cc-startup\/commit\/a3409076724d4d9769e566db8e413648c0777d09|a340907>` removed key gen as we are not using it anymore - Shawn Lassiter",
                "pretext": "<https:\/\/github.com\/SalientCRGT\/scrgt-bdso-cc-startup\/tree\/pipeline-shawn|[scrgt-bdso-cc-startup:pipeline-shawn]> <https:\/\/github.com\/SalientCRGT\/scrgt-bdso-cc-startup\/compare\/b4e1acd521c8...a3409076724d|2 new commits> by Shawn Lassiter:",
                "id": 1,
                "color": "4183C4",
                "mrkdwn_in": [
                    "text",
                    "pretext"
                ]
            }
        ]
    },
    {
        "type": "message",
        "subtype": "bot_message",
        "text": "",
        "ts": "1567285785.000700",
        "bot_id": "BMPMA7GPJ",
        "attachments": [
            {
                "fallback": "<https:\/\/github.com\/SalientCRGT\/scrgt-bdso-cc-startup\/tree\/automation-es-emr|[scrgt-bdso-cc-startup:automation-es-emr]> <https:\/\/github.com\/SalientCRGT\/scrgt-bdso-cc-startup\/commit\/cede2330b3d539fabaa17d603cbcdafecc41a133|1 new commit> by Vijay S Deshmukh",
                "text": "`<https:\/\/github.com\/SalientCRGT\/scrgt-bdso-cc-startup\/commit\/cede2330b3d539fabaa17d603cbcdafecc41a133|cede233>` Updated code after tetsing to pass region and set output endpoint for elastic search - Vijay S Deshmukh",
                "pretext": "<https:\/\/github.com\/SalientCRGT\/scrgt-bdso-cc-startup\/tree\/automation-es-emr|[scrgt-bdso-cc-startup:automation-es-emr]> 1 new commit by Vijay S Deshmukh:",
                "id": 1,
                "color": "4183C4",
                "mrkdwn_in": [
                    "text",
                    "pretext"
                ]
            }
        ]
    },
    {
        "type": "message",
        "subtype": "bot_message",
        "text": "",
        "ts": "1567288003.000800",
        "bot_id": "BMPMA7GPJ",
        "attachments": [
            {
                "fallback": "<https:\/\/github.com\/SalientCRGT\/scrgt-bdso-cc-startup\/tree\/pipeline-shawn|[scrgt-bdso-cc-startup:pipeline-shawn]> <https:\/\/github.com\/SalientCRGT\/scrgt-bdso-cc-startup\/commit\/38a1c1e0c609aec3a283097271aeb7d18d82b25e|1 new commit> by Shawn Lassiter",
                "text": "`<https:\/\/github.com\/SalientCRGT\/scrgt-bdso-cc-startup\/commit\/38a1c1e0c609aec3a283097271aeb7d18d82b25e|38a1c1e>` jenkins fixes - Shawn Lassiter",
                "pretext": "<https:\/\/github.com\/SalientCRGT\/scrgt-bdso-cc-startup\/tree\/pipeline-shawn|[scrgt-bdso-cc-startup:pipeline-shawn]> 1 new commit by Shawn Lassiter:",
                "id": 1,
                "color": "4183C4",
                "mrkdwn_in": [
                    "text",
                    "pretext"
                ]
            }
        ]
    },
    {
        "type": "message",
        "subtype": "bot_message",
        "text": "",
        "ts": "1567288747.000900",
        "bot_id": "BMPMA7GPJ",
        "attachments": [
            {
                "fallback": "<https:\/\/github.com\/SalientCRGT\/scrgt-bdso-cc-startup\/tree\/pipeline-shawn|[scrgt-bdso-cc-startup:pipeline-shawn]> <https:\/\/github.com\/SalientCRGT\/scrgt-bdso-cc-startup\/commit\/6ad7807efaf4d0322daf66c6d42d0456ae5c08b0|1 new commit> by Shawn Lassiter",
                "text": "`<https:\/\/github.com\/SalientCRGT\/scrgt-bdso-cc-startup\/commit\/6ad7807efaf4d0322daf66c6d42d0456ae5c08b0|6ad7807>` lets just be silly with the timeout - Shawn Lassiter",
                "pretext": "<https:\/\/github.com\/SalientCRGT\/scrgt-bdso-cc-startup\/tree\/pipeline-shawn|[scrgt-bdso-cc-startup:pipeline-shawn]> 1 new commit by Shawn Lassiter:",
                "id": 1,
                "color": "4183C4",
                "mrkdwn_in": [
                    "text",
                    "pretext"
                ]
            }
        ]
    }
]