[
    {
        "type": "message",
        "subtype": "bot_message",
        "text": "",
        "ts": "1567410619.005600",
        "bot_id": "BMPMA7GPJ",
        "attachments": [
            {
                "fallback": "<https:\/\/github.com\/SalientCRGT\/scrgt-bdso-cc-startup|[scrgt-bdso-cc-startup]> New branch \"<https:\/\/github.com\/SalientCRGT\/scrgt-bdso-cc-startup\/tree\/pmalhotra-iiinfo-patch-3|pmalhotra-iiinfo-patch-3>\" was pushed by pmalhotra-iiinfo",
                "text": "<https:\/\/github.com\/SalientCRGT\/scrgt-bdso-cc-startup|[scrgt-bdso-cc-startup]> New branch \"<https:\/\/github.com\/SalientCRGT\/scrgt-bdso-cc-startup\/tree\/pmalhotra-iiinfo-patch-3|pmalhotra-iiinfo-patch-3>\" was pushed by pmalhotra-iiinfo",
                "id": 1,
                "color": "4183C4",
                "mrkdwn_in": [
                    "text",
                    "pretext"
                ]
            }
        ]
    },
    {
        "type": "message",
        "subtype": "bot_message",
        "text": "",
        "ts": "1567413133.005700",
        "bot_id": "BMPMA7GPJ",
        "attachments": [
            {
                "fallback": "<https:\/\/github.com\/SalientCRGT\/scrgt-bdso-cc-startup\/tree\/pmalhotra-iiinfo-patch-3|[scrgt-bdso-cc-startup:pmalhotra-iiinfo-patch-3]> <https:\/\/github.com\/SalientCRGT\/scrgt-bdso-cc-startup\/commit\/f208cd2a66e9b02c7d9fdc0da0d73f6bd11f79e2|1 new commit> by Pramod Malhotra",
                "text": "`<https:\/\/github.com\/SalientCRGT\/scrgt-bdso-cc-startup\/commit\/f208cd2a66e9b02c7d9fdc0da0d73f6bd11f79e2|f208cd2>` Update README.md - Pramod Malhotra",
                "pretext": "<https:\/\/github.com\/SalientCRGT\/scrgt-bdso-cc-startup\/tree\/pmalhotra-iiinfo-patch-3|[scrgt-bdso-cc-startup:pmalhotra-iiinfo-patch-3]> 1 new commit by Pramod Malhotra:",
                "id": 1,
                "color": "4183C4",
                "mrkdwn_in": [
                    "text",
                    "pretext"
                ]
            }
        ]
    },
    {
        "type": "message",
        "subtype": "bot_message",
        "text": "",
        "ts": "1567413522.005800",
        "bot_id": "BMPMA7GPJ",
        "attachments": [
            {
                "fallback": "<https:\/\/github.com\/SalientCRGT\/scrgt-bdso-cc-startup\/tree\/pmalhotra-iiinfo-patch-3|[scrgt-bdso-cc-startup:pmalhotra-iiinfo-patch-3]> <https:\/\/github.com\/SalientCRGT\/scrgt-bdso-cc-startup\/commit\/835c2ac0dd10dbb549acf0753d44df40556ac654|1 new commit> by Pramod Malhotra",
                "text": "`<https:\/\/github.com\/SalientCRGT\/scrgt-bdso-cc-startup\/commit\/835c2ac0dd10dbb549acf0753d44df40556ac654|835c2ac>` Update README.md - Pramod Malhotra",
                "pretext": "<https:\/\/github.com\/SalientCRGT\/scrgt-bdso-cc-startup\/tree\/pmalhotra-iiinfo-patch-3|[scrgt-bdso-cc-startup:pmalhotra-iiinfo-patch-3]> 1 new commit by Pramod Malhotra:",
                "id": 1,
                "color": "4183C4",
                "mrkdwn_in": [
                    "text",
                    "pretext"
                ]
            }
        ]
    },
    {
        "type": "message",
        "subtype": "bot_message",
        "text": "",
        "ts": "1567413821.005900",
        "bot_id": "BMPMA7GPJ",
        "attachments": [
            {
                "fallback": "<https:\/\/github.com\/SalientCRGT\/scrgt-bdso-cc-startup\/tree\/pmalhotra-iiinfo-patch-3|[scrgt-bdso-cc-startup:pmalhotra-iiinfo-patch-3]> <https:\/\/github.com\/SalientCRGT\/scrgt-bdso-cc-startup\/commit\/ccf60b9854fdee93ea12551e1e9e1969d9f7627e|1 new commit> by Pramod Malhotra",
                "text": "`<https:\/\/github.com\/SalientCRGT\/scrgt-bdso-cc-startup\/commit\/ccf60b9854fdee93ea12551e1e9e1969d9f7627e|ccf60b9>` Update README.md - Pramod Malhotra",
                "pretext": "<https:\/\/github.com\/SalientCRGT\/scrgt-bdso-cc-startup\/tree\/pmalhotra-iiinfo-patch-3|[scrgt-bdso-cc-startup:pmalhotra-iiinfo-patch-3]> 1 new commit by Pramod Malhotra:",
                "id": 1,
                "color": "4183C4",
                "mrkdwn_in": [
                    "text",
                    "pretext"
                ]
            }
        ]
    },
    {
        "type": "message",
        "subtype": "bot_message",
        "text": "",
        "ts": "1567424595.006000",
        "bot_id": "BMPMA7GPJ",
        "attachments": [
            {
                "fallback": "<https:\/\/github.com\/SalientCRGT\/scrgt-bdso-cc-startup\/tree\/automation-es-emr|[scrgt-bdso-cc-startup:automation-es-emr]> <https:\/\/github.com\/SalientCRGT\/scrgt-bdso-cc-startup\/commit\/a467e37e73d277d115d3397c5a8fcd1d796e838e|1 new commit> by Vijay S Deshmukh",
                "text": "`<https:\/\/github.com\/SalientCRGT\/scrgt-bdso-cc-startup\/commit\/a467e37e73d277d115d3397c5a8fcd1d796e838e|a467e37>` Added EMR test and prod and now testing. - Vijay S Deshmukh",
                "pretext": "<https:\/\/github.com\/SalientCRGT\/scrgt-bdso-cc-startup\/tree\/automation-es-emr|[scrgt-bdso-cc-startup:automation-es-emr]> 1 new commit by Vijay S Deshmukh:",
                "id": 1,
                "color": "4183C4",
                "mrkdwn_in": [
                    "text",
                    "pretext"
                ]
            }
        ]
    },
    {
        "type": "message",
        "subtype": "bot_message",
        "text": "",
        "ts": "1567430948.006100",
        "bot_id": "BMPMA7GPJ",
        "attachments": [
            {
                "fallback": "<https:\/\/github.com\/SalientCRGT\/scrgt-bdso-cc-startup\/tree\/automation-es-emr|[scrgt-bdso-cc-startup:automation-es-emr]> <https:\/\/github.com\/SalientCRGT\/scrgt-bdso-cc-startup\/commit\/352d882debfa2f76e1f05dcba28d79371088f91b|1 new commit> by Vijay S Deshmukh",
                "text": "`<https:\/\/github.com\/SalientCRGT\/scrgt-bdso-cc-startup\/commit\/352d882debfa2f76e1f05dcba28d79371088f91b|352d882>` ES all env's and EMR Dev. - Vijay S Deshmukh",
                "pretext": "<https:\/\/github.com\/SalientCRGT\/scrgt-bdso-cc-startup\/tree\/automation-es-emr|[scrgt-bdso-cc-startup:automation-es-emr]> 1 new commit by Vijay S Deshmukh:",
                "id": 1,
                "color": "4183C4",
                "mrkdwn_in": [
                    "text",
                    "pretext"
                ]
            }
        ]
    },
    {
        "type": "message",
        "subtype": "bot_message",
        "text": "",
        "ts": "1567432177.006200",
        "bot_id": "BMPMA7GPJ",
        "attachments": [
            {
                "fallback": "<https:\/\/github.com\/SalientCRGT\/scrgt-bdso-cc-startup\/tree\/develop|[scrgt-bdso-cc-startup:develop]> <https:\/\/github.com\/SalientCRGT\/scrgt-bdso-cc-startup\/compare\/86613477e019...84b71d7b3548|5 new commits> by Pramod Malhotra",
                "text": "`<https:\/\/github.com\/SalientCRGT\/scrgt-bdso-cc-startup\/commit\/2474d5e3b1fa45680f6d8438eead4f2209d90a17|2474d5e>` Update README.md - Pramod Malhotra\n `<https:\/\/github.com\/SalientCRGT\/scrgt-bdso-cc-startup\/commit\/f208cd2a66e9b02c7d9fdc0da0d73f6bd11f79e2|f208cd2>` Update README.md - Pramod Malhotra\n `<https:\/\/github.com\/SalientCRGT\/scrgt-bdso-cc-startup\/commit\/835c2ac0dd10dbb549acf0753d44df40556ac654|835c2ac>` Update README.md - Pramod Malhotra\n `<https:\/\/github.com\/SalientCRGT\/scrgt-bdso-cc-startup\/commit\/ccf60b9854fdee93ea12551e1e9e1969d9f7627e|ccf60b9>` Update README.md - Pramod Malhotra\n `<https:\/\/github.com\/SalientCRGT\/scrgt-bdso-cc-startup\/commit\/84b71d7b3548e0909590efd95ed71c2f17821608|84b71d7>` Merge pull request #19 from SalientCRGT\/pmalhotra-iiinfo-patch-3 - Pramod Malhotra",
                "pretext": "<https:\/\/github.com\/SalientCRGT\/scrgt-bdso-cc-startup\/tree\/develop|[scrgt-bdso-cc-startup:develop]> <https:\/\/github.com\/SalientCRGT\/scrgt-bdso-cc-startup\/compare\/86613477e019...84b71d7b3548|5 new commits> by Pramod Malhotra:",
                "id": 1,
                "color": "4183C4",
                "mrkdwn_in": [
                    "text",
                    "pretext"
                ]
            }
        ]
    },
    {
        "type": "message",
        "subtype": "bot_message",
        "text": "",
        "ts": "1567432650.006300",
        "bot_id": "BMPMA7GPJ",
        "attachments": [
            {
                "fallback": "<https:\/\/github.com\/SalientCRGT\/scrgt-bdso-cc-startup|[scrgt-bdso-cc-startup]> The branch \"pmalhotra-iiinfo-patch-2\" was deleted by pmalhotra-iiinfo",
                "text": "<https:\/\/github.com\/SalientCRGT\/scrgt-bdso-cc-startup|[scrgt-bdso-cc-startup]> The branch \"pmalhotra-iiinfo-patch-2\" was deleted by pmalhotra-iiinfo",
                "id": 1,
                "color": "4183C4",
                "mrkdwn_in": [
                    "text",
                    "pretext"
                ]
            }
        ]
    },
    {
        "type": "message",
        "subtype": "bot_message",
        "text": "",
        "ts": "1567432656.006400",
        "bot_id": "BMPMA7GPJ",
        "attachments": [
            {
                "fallback": "<https:\/\/github.com\/SalientCRGT\/scrgt-bdso-cc-startup|[scrgt-bdso-cc-startup]> The branch \"pmalhotra-iiinfo-patch-1\" was deleted by pmalhotra-iiinfo",
                "text": "<https:\/\/github.com\/SalientCRGT\/scrgt-bdso-cc-startup|[scrgt-bdso-cc-startup]> The branch \"pmalhotra-iiinfo-patch-1\" was deleted by pmalhotra-iiinfo",
                "id": 1,
                "color": "4183C4",
                "mrkdwn_in": [
                    "text",
                    "pretext"
                ]
            }
        ]
    },
    {
        "type": "message",
        "subtype": "bot_message",
        "text": "",
        "ts": "1567432783.006500",
        "bot_id": "BMPMA7GPJ",
        "attachments": [
            {
                "fallback": "<https:\/\/github.com\/SalientCRGT\/scrgt-bdso-cc-startup|[scrgt-bdso-cc-startup]> The branch \"pmalhotra-iiinfo-patch-3\" was deleted by pmalhotra-iiinfo",
                "text": "<https:\/\/github.com\/SalientCRGT\/scrgt-bdso-cc-startup|[scrgt-bdso-cc-startup]> The branch \"pmalhotra-iiinfo-patch-3\" was deleted by pmalhotra-iiinfo",
                "id": 1,
                "color": "4183C4",
                "mrkdwn_in": [
                    "text",
                    "pretext"
                ]
            }
        ]
    },
    {
        "type": "message",
        "subtype": "bot_message",
        "text": "",
        "ts": "1567435729.006600",
        "bot_id": "BMPMA7GPJ",
        "attachments": [
            {
                "fallback": "<https:\/\/github.com\/SalientCRGT\/scrgt-bdso-cc-startup\/tree\/automation-es-emr|[scrgt-bdso-cc-startup:automation-es-emr]> <https:\/\/github.com\/SalientCRGT\/scrgt-bdso-cc-startup\/commit\/43ea919d3b4c500b96c9ede5d078c62e46067cf1|1 new commit> by Vijay S Deshmukh",
                "text": "`<https:\/\/github.com\/SalientCRGT\/scrgt-bdso-cc-startup\/commit\/43ea919d3b4c500b96c9ede5d078c62e46067cf1|43ea919>` re-run test2 - Vijay S Deshmukh",
                "pretext": "<https:\/\/github.com\/SalientCRGT\/scrgt-bdso-cc-startup\/tree\/automation-es-emr|[scrgt-bdso-cc-startup:automation-es-emr]> 1 new commit by Vijay S Deshmukh:",
                "id": 1,
                "color": "4183C4",
                "mrkdwn_in": [
                    "text",
                    "pretext"
                ]
            }
        ]
    },
    {
        "type": "message",
        "subtype": "bot_message",
        "text": "",
        "ts": "1567437845.006700",
        "bot_id": "BMPMA7GPJ",
        "attachments": [
            {
                "fallback": "<https:\/\/github.com\/SalientCRGT\/scrgt-bdso-cc-startup\/tree\/automation-es-emr|[scrgt-bdso-cc-startup:automation-es-emr]> <https:\/\/github.com\/SalientCRGT\/scrgt-bdso-cc-startup\/commit\/6b171b34ce5abd35e26a09a261f29f38f1c4ab0b|1 new commit> by Vijay S Deshmukh",
                "text": "`<https:\/\/github.com\/SalientCRGT\/scrgt-bdso-cc-startup\/commit\/6b171b34ce5abd35e26a09a261f29f38f1c4ab0b|6b171b3>` testing es and emr - Vijay S Deshmukh",
                "pretext": "<https:\/\/github.com\/SalientCRGT\/scrgt-bdso-cc-startup\/tree\/automation-es-emr|[scrgt-bdso-cc-startup:automation-es-emr]> 1 new commit by Vijay S Deshmukh:",
                "id": 1,
                "color": "4183C4",
                "mrkdwn_in": [
                    "text",
                    "pretext"
                ]
            }
        ]
    },
    {
        "type": "message",
        "subtype": "bot_message",
        "text": "",
        "ts": "1567450474.006800",
        "bot_id": "BMPMA7GPJ",
        "attachments": [
            {
                "fallback": "<https:\/\/github.com\/SalientCRGT\/scrgt-bdso-cc-startup\/tree\/automation-es-emr|[scrgt-bdso-cc-startup:automation-es-emr]> <https:\/\/github.com\/SalientCRGT\/scrgt-bdso-cc-startup\/commit\/94722ed9468d9ab66b611105859c2acfbc143cc2|1 new commit> by Vijay S Deshmukh",
                "text": "`<https:\/\/github.com\/SalientCRGT\/scrgt-bdso-cc-startup\/commit\/94722ed9468d9ab66b611105859c2acfbc143cc2|94722ed>` there is only one EMR cluster required as long as it has auto scaling. It exists in this instance. Will create more EMR clusters if required - Vijay S Deshmukh",
                "pretext": "<https:\/\/github.com\/SalientCRGT\/scrgt-bdso-cc-startup\/tree\/automation-es-emr|[scrgt-bdso-cc-startup:automation-es-emr]> 1 new commit by Vijay S Deshmukh:",
                "id": 1,
                "color": "4183C4",
                "mrkdwn_in": [
                    "text",
                    "pretext"
                ]
            }
        ]
    },
    {
        "type": "message",
        "subtype": "bot_message",
        "text": "",
        "ts": "1567451047.006900",
        "bot_id": "BMPMA7GPJ",
        "attachments": [
            {
                "fallback": "<https:\/\/github.com\/SalientCRGT\/scrgt-bdso-cc-startup\/tree\/automation-es-emr|[scrgt-bdso-cc-startup:automation-es-emr]> <https:\/\/github.com\/SalientCRGT\/scrgt-bdso-cc-startup\/commit\/d27f7d2215f753f4c076449aba1cb8c59dc6e0a2|1 new commit> by Vijay S Deshmukh",
                "text": "`<https:\/\/github.com\/SalientCRGT\/scrgt-bdso-cc-startup\/commit\/d27f7d2215f753f4c076449aba1cb8c59dc6e0a2|d27f7d2>` there is only one EMR cluster required as long as it has auto scaling. It exists in this instance. Will create more EMR clusters if required - Vijay S Deshmukh",
                "pretext": "<https:\/\/github.com\/SalientCRGT\/scrgt-bdso-cc-startup\/tree\/automation-es-emr|[scrgt-bdso-cc-startup:automation-es-emr]> 1 new commit by Vijay S Deshmukh:",
                "id": 1,
                "color": "4183C4",
                "mrkdwn_in": [
                    "text",
                    "pretext"
                ]
            }
        ]
    },
    {
        "type": "message",
        "subtype": "bot_message",
        "text": "",
        "ts": "1567453261.007000",
        "bot_id": "BMPMA7GPJ",
        "attachments": [
            {
                "fallback": "<https:\/\/github.com\/SalientCRGT\/scrgt-bdso-cc-startup\/tree\/pipeline-shawn|[scrgt-bdso-cc-startup:pipeline-shawn]> <https:\/\/github.com\/SalientCRGT\/scrgt-bdso-cc-startup\/compare\/8f9a9eaf32e1...7d7df451db07|18 new commits> by Gary Morris and 2 others",
                "text": "`<https:\/\/github.com\/SalientCRGT\/scrgt-bdso-cc-startup\/commit\/7151bbf48de773cc9506caf8b845ded6ab7ee4b9|7151bbf>` Made updates to use Amazon Linux AMI2 instead of CentOS marketplace AMI - Gary Morris\n `<https:\/\/github.com\/SalientCRGT\/scrgt-bdso-cc-startup\/commit\/a6c3f416d5afd5f29763d82c10a4c2134ebb4e14|a6c3f41>` Change AMI from ARM. changing -u centos to ec2-user in ansible provisioner - Gary Morris\n `<https:\/\/github.com\/SalientCRGT\/scrgt-bdso-cc-startup\/commit\/d29635aecbb6513e4630a9cd2a57181d8505d65b|d29635a>` Changing centos user to ec2-user - Gary Morris\n `<https:\/\/github.com\/SalientCRGT\/scrgt-bdso-cc-startup\/commit\/8b6661e0c609ac14de6929fe1d40e1fc25e34493|8b6661e>` Change block device names from \/dev\/sda1 to \/dev\/nvme0n1p1 - Gary Morris\n `<https:\/\/github.com\/SalientCRGT\/scrgt-bdso-cc-startup\/commit\/d3426d3c4846f557ee6e9902372918d6c3eb33fa|d3426d3>` Changing block device from \/dev\/sda1 to \/dev\/xvda and fixing postgres for amazon linux - Gary Morris\n `<https:\/\/github.com\/SalientCRGT\/scrgt-bdso-cc-startup\/commit\/272892fe533cf169ecc9fcb4cd1cf04f866ad1b7|272892f>` Adding amazon-linux-extras for successful openjdk11 install - Gary Morris\n `<https:\/\/github.com\/SalientCRGT\/scrgt-bdso-cc-startup\/commit\/2fbdff2f51acd4573be1745654af32743b4f6b55|2fbdff2>` Edited sonar db manipulation to match amazon-linux-ami intallation of pgsql - Gary Morris\n `<https:\/\/github.com\/SalientCRGT\/scrgt-bdso-cc-startup\/commit\/55d68efe5e2edee419a0d347dc3d70e473fe0f50|55d68ef>` Merge branch 'develop' into amazon-ami - Shawn Lassiter\n `<https:\/\/github.com\/SalientCRGT\/scrgt-bdso-cc-startup\/commit\/bf618de99fee8218ba26a2d9411226b1d74615a5|bf618de>` openshift dns - Shawn Lassiter\n `<https:\/\/github.com\/SalientCRGT\/scrgt-bdso-cc-startup\/commit\/8239b9582a95f3c499298cb56e571349709e87c6|8239b95>` Swap out variable centos_ami for base_ami - Gary Morris\n `<https:\/\/github.com\/SalientCRGT\/scrgt-bdso-cc-startup\/commit\/86613477e019292bdf16f788dceb45c9f8b79a2a|8661347>` Merge pull request #17 from SalientCRGT\/amazon-ami - Shawn Lassiter\n `<https:\/\/github.com\/SalientCRGT\/scrgt-bdso-cc-startup\/commit\/2474d5e3b1fa45680f6d8438eead4f2209d90a17|2474d5e>` Update README.md - Pramod Malhotra\n `<https:\/\/github.com\/SalientCRGT\/scrgt-bdso-cc-startup\/commit\/f208cd2a66e9b02c7d9fdc0da0d73f6bd11f79e2|f208cd2>` Update README.md - Pramod Malhotra\n `<https:\/\/github.com\/SalientCRGT\/scrgt-bdso-cc-startup\/commit\/835c2ac0dd10dbb549acf0753d44df40556ac654|835c2ac>` Update README.md - Pramod Malhotra\n `<https:\/\/github.com\/SalientCRGT\/scrgt-bdso-cc-startup\/commit\/ccf60b9854fdee93ea12551e1e9e1969d9f7627e|ccf60b9>` Update README.md - Pramod Malhotra\n `<https:\/\/github.com\/SalientCRGT\/scrgt-bdso-cc-startup\/commit\/84b71d7b3548e0909590efd95ed71c2f17821608|84b71d7>` Merge pull request #19 from SalientCRGT\/pmalhotra-iiinfo-patch-3 - Pramod Malhotra\n `<https:\/\/github.com\/SalientCRGT\/scrgt-bdso-cc-startup\/commit\/5cc924873dc8a52273487158c03289d715a24ed3|5cc9248>` RDS networking fix - Shawn Lassiter\n `<https:\/\/github.com\/SalientCRGT\/scrgt-bdso-cc-startup\/commit\/7d7df451db07e58be3fbdb7771adec35eafe1fdb|7d7df45>` Merge branch 'develop' of github.com:SalientCRGT\/scrgt-bdso-cc-startup into pipeline-shawn - Shawn Lassiter",
                "pretext": "<https:\/\/github.com\/SalientCRGT\/scrgt-bdso-cc-startup\/tree\/pipeline-shawn|[scrgt-bdso-cc-startup:pipeline-shawn]> <https:\/\/github.com\/SalientCRGT\/scrgt-bdso-cc-startup\/compare\/8f9a9eaf32e1...7d7df451db07|18 new commits> by Gary Morris and 2 others:",
                "id": 1,
                "color": "4183C4",
                "mrkdwn_in": [
                    "text",
                    "pretext"
                ]
            }
        ]
    },
    {
        "type": "message",
        "subtype": "bot_message",
        "text": "",
        "ts": "1567453797.007100",
        "bot_id": "BMPMA7GPJ",
        "attachments": [
            {
                "fallback": "<https:\/\/github.com\/SalientCRGT\/scrgt-bdso-cc-startup\/tree\/pipeline-shawn|[scrgt-bdso-cc-startup:pipeline-shawn]> <https:\/\/github.com\/SalientCRGT\/scrgt-bdso-cc-startup\/commit\/9f1664fb7ee52997a66845f024c47cab6a4d18ad|1 new commit> by Shawn Lassiter",
                "text": "`<https:\/\/github.com\/SalientCRGT\/scrgt-bdso-cc-startup\/commit\/9f1664fb7ee52997a66845f024c47cab6a4d18ad|9f1664f>` added DB_NAME - Shawn Lassiter",
                "pretext": "<https:\/\/github.com\/SalientCRGT\/scrgt-bdso-cc-startup\/tree\/pipeline-shawn|[scrgt-bdso-cc-startup:pipeline-shawn]> 1 new commit by Shawn Lassiter:",
                "id": 1,
                "color": "4183C4",
                "mrkdwn_in": [
                    "text",
                    "pretext"
                ]
            }
        ]
    },
    {
        "type": "message",
        "subtype": "bot_message",
        "text": "",
        "ts": "1567458165.007200",
        "bot_id": "BMPMA7GPJ",
        "attachments": [
            {
                "fallback": "<https:\/\/github.com\/SalientCRGT\/scrgt-bdso-cc-startup\/tree\/terraform_force_bucket|[scrgt-bdso-cc-startup:terraform_force_bucket]> was branched from \"automation-es-emr\" and pushed by gwmorris",
                "text": "<https:\/\/github.com\/SalientCRGT\/scrgt-bdso-cc-startup\/tree\/terraform_force_bucket|[scrgt-bdso-cc-startup:terraform_force_bucket]> was branched from \"automation-es-emr\" and pushed by gwmorris",
                "id": 1,
                "color": "4183C4",
                "mrkdwn_in": [
                    "text",
                    "pretext"
                ]
            }
        ]
    },
    {
        "type": "message",
        "subtype": "bot_message",
        "text": "",
        "ts": "1567459965.000100",
        "bot_id": "BMPMA7GPJ",
        "attachments": [
            {
                "fallback": "<https:\/\/github.com\/SalientCRGT\/scrgt-bdso-cc-startup\/tree\/automation-es-emr|[scrgt-bdso-cc-startup:automation-es-emr]> <https:\/\/github.com\/SalientCRGT\/scrgt-bdso-cc-startup\/commit\/1949f56b6a480511c4d5b3d4a64fc7c25ca34155|1 new commit> by Vijay S Deshmukh",
                "text": "`<https:\/\/github.com\/SalientCRGT\/scrgt-bdso-cc-startup\/commit\/1949f56b6a480511c4d5b3d4a64fc7c25ca34155|1949f56>`  working to fix issue of s3 bucket not being deleted by TF destroy - Vijay S Deshmukh",
                "pretext": "<https:\/\/github.com\/SalientCRGT\/scrgt-bdso-cc-startup\/tree\/automation-es-emr|[scrgt-bdso-cc-startup:automation-es-emr]> 1 new commit by Vijay S Deshmukh:",
                "id": 1,
                "color": "4183C4",
                "mrkdwn_in": [
                    "text",
                    "pretext"
                ]
            }
        ]
    },
    {
        "type": "message",
        "subtype": "bot_message",
        "text": "",
        "ts": "1567460122.000200",
        "bot_id": "BMPMA7GPJ",
        "attachments": [
            {
                "fallback": "<https:\/\/github.com\/SalientCRGT\/scrgt-bdso-cc-startup\/tree\/automation-es-emr|[scrgt-bdso-cc-startup:automation-es-emr]> <https:\/\/github.com\/SalientCRGT\/scrgt-bdso-cc-startup\/commit\/03ac1855a625e85e07431f16cfa281d18e7ffd9e|1 new commit> by Vijay S Deshmukh",
                "text": "`<https:\/\/github.com\/SalientCRGT\/scrgt-bdso-cc-startup\/commit\/03ac1855a625e85e07431f16cfa281d18e7ffd9e|03ac185>`  working to fix issue of s3 bucket not being deleted by TF destroy - Vijay S Deshmukh",
                "pretext": "<https:\/\/github.com\/SalientCRGT\/scrgt-bdso-cc-startup\/tree\/automation-es-emr|[scrgt-bdso-cc-startup:automation-es-emr]> 1 new commit by Vijay S Deshmukh:",
                "id": 1,
                "color": "4183C4",
                "mrkdwn_in": [
                    "text",
                    "pretext"
                ]
            }
        ]
    },
    {
        "type": "message",
        "subtype": "bot_message",
        "text": "",
        "ts": "1567460184.000300",
        "bot_id": "BMPMA7GPJ",
        "attachments": [
            {
                "fallback": "<https:\/\/github.com\/SalientCRGT\/scrgt-bdso-cc-startup\/tree\/terraform_force_bucket|[scrgt-bdso-cc-startup:terraform_force_bucket]> <https:\/\/github.com\/SalientCRGT\/scrgt-bdso-cc-startup\/commit\/531680850bf70cdeb625a4479234cd9da7333c64|1 new commit> by Gary Morris",
                "text": "`<https:\/\/github.com\/SalientCRGT\/scrgt-bdso-cc-startup\/commit\/531680850bf70cdeb625a4479234cd9da7333c64|5316808>` Change S3 bucket to have a random suffix (instead of vpc-id) to use Terraform built-in functionality, and change s3 bucket creation to use force_destroy so that it will destroy the bucket even if it has objects - Gary Morris",
                "pretext": "<https:\/\/github.com\/SalientCRGT\/scrgt-bdso-cc-startup\/tree\/terraform_force_bucket|[scrgt-bdso-cc-startup:terraform_force_bucket]> 1 new commit by Gary Morris:",
                "id": 1,
                "color": "4183C4",
                "mrkdwn_in": [
                    "text",
                    "pretext"
                ]
            }
        ]
    },
    {
        "type": "message",
        "subtype": "bot_message",
        "text": "",
        "ts": "1567460933.000400",
        "bot_id": "BMPMA7GPJ",
        "attachments": [
            {
                "fallback": "<https:\/\/github.com\/SalientCRGT\/scrgt-bdso-cc-startup\/tree\/automation-es-emr|[scrgt-bdso-cc-startup:automation-es-emr]> <https:\/\/github.com\/SalientCRGT\/scrgt-bdso-cc-startup\/commit\/7a74ef8e29565aa13019ef6a80180419c7ad9c36|1 new commit> by Vijay S Deshmukh",
                "text": "`<https:\/\/github.com\/SalientCRGT\/scrgt-bdso-cc-startup\/commit\/7a74ef8e29565aa13019ef6a80180419c7ad9c36|7a74ef8>` testing emr - Vijay S Deshmukh",
                "pretext": "<https:\/\/github.com\/SalientCRGT\/scrgt-bdso-cc-startup\/tree\/automation-es-emr|[scrgt-bdso-cc-startup:automation-es-emr]> 1 new commit by Vijay S Deshmukh:",
                "id": 1,
                "color": "4183C4",
                "mrkdwn_in": [
                    "text",
                    "pretext"
                ]
            }
        ]
    },
    {
        "type": "message",
        "subtype": "bot_message",
        "text": "",
        "ts": "1567462646.000500",
        "bot_id": "BMPMA7GPJ",
        "attachments": [
            {
                "fallback": "<https:\/\/github.com\/SalientCRGT\/scrgt-bdso-cc-startup\/tree\/automation-es-emr|[scrgt-bdso-cc-startup:automation-es-emr]> <https:\/\/github.com\/SalientCRGT\/scrgt-bdso-cc-startup\/commit\/db535ad568fb054c1be57fb80a779b7d4dd154ed|1 new commit> by Vijay S Deshmukh",
                "text": "`<https:\/\/github.com\/SalientCRGT\/scrgt-bdso-cc-startup\/commit\/db535ad568fb054c1be57fb80a779b7d4dd154ed|db535ad>` testing - Vijay S Deshmukh",
                "pretext": "<https:\/\/github.com\/SalientCRGT\/scrgt-bdso-cc-startup\/tree\/automation-es-emr|[scrgt-bdso-cc-startup:automation-es-emr]> 1 new commit by Vijay S Deshmukh:",
                "id": 1,
                "color": "4183C4",
                "mrkdwn_in": [
                    "text",
                    "pretext"
                ]
            }
        ]
    },
    {
        "type": "message",
        "subtype": "bot_message",
        "text": "",
        "ts": "1567472118.000600",
        "bot_id": "BMPMA7GPJ",
        "attachments": [
            {
                "fallback": "<https:\/\/github.com\/SalientCRGT\/scrgt-bdso-cc-startup\/tree\/pipeline-shawn|[scrgt-bdso-cc-startup:pipeline-shawn]> <https:\/\/github.com\/SalientCRGT\/scrgt-bdso-cc-startup\/commit\/4925cbdcd91b6ca328080d3f2491a8b6a902848f|1 new commit> by Shawn Lassiter",
                "text": "`<https:\/\/github.com\/SalientCRGT\/scrgt-bdso-cc-startup\/commit\/4925cbdcd91b6ca328080d3f2491a8b6a902848f|4925cbd>` jenkins jobs setup - Shawn Lassiter",
                "pretext": "<https:\/\/github.com\/SalientCRGT\/scrgt-bdso-cc-startup\/tree\/pipeline-shawn|[scrgt-bdso-cc-startup:pipeline-shawn]> 1 new commit by Shawn Lassiter:",
                "id": 1,
                "color": "4183C4",
                "mrkdwn_in": [
                    "text",
                    "pretext"
                ]
            }
        ]
    },
    {
        "type": "message",
        "subtype": "bot_message",
        "text": "",
        "ts": "1567472399.000700",
        "bot_id": "BMPMA7GPJ",
        "attachments": [
            {
                "fallback": "<https:\/\/github.com\/SalientCRGT\/scrgt-bdso-cc-startup\/tree\/develop|[scrgt-bdso-cc-startup:develop]> <https:\/\/github.com\/SalientCRGT\/scrgt-bdso-cc-startup\/compare\/84b71d7b3548...37033eb55f81|9 new commits> by Shawn Lassiter",
                "text": "`<https:\/\/github.com\/SalientCRGT\/scrgt-bdso-cc-startup\/commit\/85711dfa506e2692bb55d3aff15381664f40fc4a|85711df>` jenkins fixes - Shawn Lassiter\n `<https:\/\/github.com\/SalientCRGT\/scrgt-bdso-cc-startup\/commit\/164dd047c8ca26fd5aed740293dcef4c7bb0c452|164dd04>` Merge branch 'develop' of github.com:SalientCRGT\/scrgt-bdso-cc-startup into pipeline-shawn - Shawn Lassiter\n `<https:\/\/github.com\/SalientCRGT\/scrgt-bdso-cc-startup\/commit\/8f9a9eaf32e1f16678831de3b5ee8a226d0dd5cc|8f9a9ea>` path+extra config - Shawn Lassiter\n `<https:\/\/github.com\/SalientCRGT\/scrgt-bdso-cc-startup\/commit\/bf618de99fee8218ba26a2d9411226b1d74615a5|bf618de>` openshift dns - Shawn Lassiter\n `<https:\/\/github.com\/SalientCRGT\/scrgt-bdso-cc-startup\/commit\/5cc924873dc8a52273487158c03289d715a24ed3|5cc9248>` RDS networking fix - Shawn Lassiter\n `<https:\/\/github.com\/SalientCRGT\/scrgt-bdso-cc-startup\/commit\/7d7df451db07e58be3fbdb7771adec35eafe1fdb|7d7df45>` Merge branch 'develop' of github.com:SalientCRGT\/scrgt-bdso-cc-startup into pipeline-shawn - Shawn Lassiter\n `<https:\/\/github.com\/SalientCRGT\/scrgt-bdso-cc-startup\/commit\/9f1664fb7ee52997a66845f024c47cab6a4d18ad|9f1664f>` added DB_NAME - Shawn Lassiter\n `<https:\/\/github.com\/SalientCRGT\/scrgt-bdso-cc-startup\/commit\/4925cbdcd91b6ca328080d3f2491a8b6a902848f|4925cbd>` jenkins jobs setup - Shawn Lassiter\n `<https:\/\/github.com\/SalientCRGT\/scrgt-bdso-cc-startup\/commit\/37033eb55f81b4da0a702d9fbb1eba7ed0a39c79|37033eb>` Merge pull request #20 from SalientCRGT\/pipeline-shawn - Shawn Lassiter",
                "pretext": "<https:\/\/github.com\/SalientCRGT\/scrgt-bdso-cc-startup\/tree\/develop|[scrgt-bdso-cc-startup:develop]> <https:\/\/github.com\/SalientCRGT\/scrgt-bdso-cc-startup\/compare\/84b71d7b3548...37033eb55f81|9 new commits> by Shawn Lassiter:",
                "id": 1,
                "color": "4183C4",
                "mrkdwn_in": [
                    "text",
                    "pretext"
                ]
            }
        ]
    },
    {
        "type": "message",
        "subtype": "bot_message",
        "text": "",
        "ts": "1567473462.000800",
        "bot_id": "BMPMA7GPJ",
        "attachments": [
            {
                "fallback": "<https:\/\/github.com\/SalientCRGT\/scrgt-bdso-cc-startup|[scrgt-bdso-cc-startup]> New branch \"<https:\/\/github.com\/SalientCRGT\/scrgt-bdso-cc-startup\/tree\/ft-keycloak|ft-keycloak>\" was pushed by amit-techsur",
                "text": "<https:\/\/github.com\/SalientCRGT\/scrgt-bdso-cc-startup|[scrgt-bdso-cc-startup]> New branch \"<https:\/\/github.com\/SalientCRGT\/scrgt-bdso-cc-startup\/tree\/ft-keycloak|ft-keycloak>\" was pushed by amit-techsur",
                "id": 1,
                "color": "4183C4",
                "mrkdwn_in": [
                    "text",
                    "pretext"
                ]
            }
        ]
    },
    {
        "type": "message",
        "subtype": "bot_message",
        "text": "",
        "ts": "1567473595.000900",
        "bot_id": "BMPMA7GPJ",
        "attachments": [
            {
                "fallback": "<https:\/\/github.com\/SalientCRGT\/scrgt-bdso-cc-startup\/tree\/automation-es-emr|[scrgt-bdso-cc-startup:automation-es-emr]> <https:\/\/github.com\/SalientCRGT\/scrgt-bdso-cc-startup\/commit\/546abc793ce8118e48f4021e35186e4ceb40ddce|1 new commit> by Vijay S Deshmukh",
                "text": "`<https:\/\/github.com\/SalientCRGT\/scrgt-bdso-cc-startup\/commit\/546abc793ce8118e48f4021e35186e4ceb40ddce|546abc7>` implemented force-destroy for emr s3 - Vijay S Deshmukh",
                "pretext": "<https:\/\/github.com\/SalientCRGT\/scrgt-bdso-cc-startup\/tree\/automation-es-emr|[scrgt-bdso-cc-startup:automation-es-emr]> 1 new commit by Vijay S Deshmukh:",
                "id": 1,
                "color": "4183C4",
                "mrkdwn_in": [
                    "text",
                    "pretext"
                ]
            }
        ]
    },
    {
        "type": "message",
        "subtype": "bot_message",
        "text": "",
        "ts": "1567475744.001000",
        "bot_id": "BMPMA7GPJ",
        "attachments": [
            {
                "fallback": "<https:\/\/github.com\/SalientCRGT\/scrgt-bdso-cc-startup\/tree\/automation-es-emr|[scrgt-bdso-cc-startup:automation-es-emr]> <https:\/\/github.com\/SalientCRGT\/scrgt-bdso-cc-startup\/commit\/a55552b7f0b2c26df58c9e90ca38701d3c652aa2|1 new commit> by Vijay S Deshmukh",
                "text": "`<https:\/\/github.com\/SalientCRGT\/scrgt-bdso-cc-startup\/commit\/a55552b7f0b2c26df58c9e90ca38701d3c652aa2|a55552b>` implemented ES -dev, test and prod and tested for functionality. Also includes EMD+R in dev env - Vijay S Deshmukh",
                "pretext": "<https:\/\/github.com\/SalientCRGT\/scrgt-bdso-cc-startup\/tree\/automation-es-emr|[scrgt-bdso-cc-startup:automation-es-emr]> 1 new commit by Vijay S Deshmukh:",
                "id": 1,
                "color": "4183C4",
                "mrkdwn_in": [
                    "text",
                    "pretext"
                ]
            }
        ]
    },
    {
        "type": "message",
        "subtype": "bot_message",
        "text": "",
        "ts": "1567476014.001100",
        "bot_id": "BMPMA7GPJ",
        "attachments": [
            {
                "fallback": "<https:\/\/github.com\/SalientCRGT\/scrgt-bdso-cc-startup\/tree\/automation-es-emr|[scrgt-bdso-cc-startup:automation-es-emr]> <https:\/\/github.com\/SalientCRGT\/scrgt-bdso-cc-startup\/commit\/a0dd0168c2042f9bdd086627d8139688d314d6da|1 new commit> by Vijay S Deshmukh",
                "text": "`<https:\/\/github.com\/SalientCRGT\/scrgt-bdso-cc-startup\/commit\/a0dd0168c2042f9bdd086627d8139688d314d6da|a0dd016>` removed the files deploy and destroy shel scripts for EMR and ES. They are now part of terraform and will be deleted when the TF env is destroyed. - Vijay S Deshmukh",
                "pretext": "<https:\/\/github.com\/SalientCRGT\/scrgt-bdso-cc-startup\/tree\/automation-es-emr|[scrgt-bdso-cc-startup:automation-es-emr]> 1 new commit by Vijay S Deshmukh:",
                "id": 1,
                "color": "4183C4",
                "mrkdwn_in": [
                    "text",
                    "pretext"
                ]
            }
        ]
    },
    {
        "type": "message",
        "subtype": "bot_message",
        "text": "",
        "ts": "1567476595.001200",
        "bot_id": "BMPMA7GPJ",
        "attachments": [
            {
                "fallback": "<https:\/\/github.com\/SalientCRGT\/scrgt-bdso-cc-startup\/tree\/automation-es-emr|[scrgt-bdso-cc-startup:automation-es-emr]> <https:\/\/github.com\/SalientCRGT\/scrgt-bdso-cc-startup\/compare\/a0dd0168c204...6616d85f49b0|40 new commits> by Vijay S Deshmukh and 5 others",
                "text": "`<https:\/\/github.com\/SalientCRGT\/scrgt-bdso-cc-startup\/commit\/4df81f7589efd465f2f18d2af23507c8e28c29eb|4df81f7>` Changed rolesnames to prefix with SCRD_BDSO_ - Vijay S Deshmukh\n `<https:\/\/github.com\/SalientCRGT\/scrgt-bdso-cc-startup\/commit\/224e96eaa0c040e9358d0ac4b20a2e3cbaa3a048|224e96e>` database config and openshift secrets files - Shawn Lassiter\n `<https:\/\/github.com\/SalientCRGT\/scrgt-bdso-cc-startup\/commit\/b4e1acd521c8972c2c6633bacc827d2d7ef24cf9|b4e1acd>` Merge branch 'bdso-dev' of github.com:SalientCRGT\/scrgt-bdso-cc-startup into pipeline-shawn - Shawn Lassiter\n `<https:\/\/github.com\/SalientCRGT\/scrgt-bdso-cc-startup\/commit\/c1467f985135fedea9f88dd7aaf26eee25014c69|c1467f9>` db integration - Shawn Lassiter\n `<https:\/\/github.com\/SalientCRGT\/scrgt-bdso-cc-startup\/commit\/a3409076724d4d9769e566db8e413648c0777d09|a340907>` removed key gen as we are not using it anymore - Shawn Lassiter\n `<https:\/\/github.com\/SalientCRGT\/scrgt-bdso-cc-startup\/commit\/38a1c1e0c609aec3a283097271aeb7d18d82b25e|38a1c1e>` jenkins fixes - Shawn Lassiter\n `<https:\/\/github.com\/SalientCRGT\/scrgt-bdso-cc-startup\/commit\/6ad7807efaf4d0322daf66c6d42d0456ae5c08b0|6ad7807>` lets just be silly with the timeout - Shawn Lassiter\n `<https:\/\/github.com\/SalientCRGT\/scrgt-bdso-cc-startup\/commit\/85ba9d070af74aaa40aa6c1d1b1604900adcd510|85ba9d0>` Merge pull request #12 from SalientCRGT\/automation-es-emr - gwmorris\n `<https:\/\/github.com\/SalientCRGT\/scrgt-bdso-cc-startup\/commit\/b753d9bcce04cf9de8b44220d4fc0e921e9cd326|b753d9b>` updated start template to clone from develop instead of bdso-dev branch - Vijay S Deshmukh\n `<https:\/\/github.com\/SalientCRGT\/scrgt-bdso-cc-startup\/commit\/a2d09998bfd3e4badf5477300a56363d4f258072|a2d0999>` Merge pull request #13 from SalientCRGT\/update-clone-branch-fo-develop - gwmorris\n `<https:\/\/github.com\/SalientCRGT\/scrgt-bdso-cc-startup\/commit\/7151bbf48de773cc9506caf8b845ded6ab7ee4b9|7151bbf>` Made updates to use Amazon Linux AMI2 instead of CentOS marketplace AMI - Gary Morris\n `<https:\/\/github.com\/SalientCRGT\/scrgt-bdso-cc-startup\/commit\/a6c3f416d5afd5f29763d82c10a4c2134ebb4e14|a6c3f41>` Change AMI from ARM. changing -u centos to ec2-user in ansible provisioner - Gary Morris\n `<https:\/\/github.com\/SalientCRGT\/scrgt-bdso-cc-startup\/commit\/522eacb20e8b3408be1ed0194516491062e38ffd|522eacb>` Merge pull request #14 from SalientCRGT\/automation-es-emr - gwmorris\n `<https:\/\/github.com\/SalientCRGT\/scrgt-bdso-cc-startup\/commit\/d29635aecbb6513e4630a9cd2a57181d8505d65b|d29635a>` Changing centos user to ec2-user - Gary Morris\n `<https:\/\/github.com\/SalientCRGT\/scrgt-bdso-cc-startup\/commit\/8b6661e0c609ac14de6929fe1d40e1fc25e34493|8b6661e>` Change block device names from \/dev\/sda1 to \/dev\/nvme0n1p1 - Gary Morris\n `<https:\/\/github.com\/SalientCRGT\/scrgt-bdso-cc-startup\/commit\/b6f1c1ae83887a1b7a1ce14b24c8fb11296db78d|b6f1c1a>` Merge pull request #15 from SalientCRGT\/automation-es-emr - vjdeshmukhgit\n `<https:\/\/github.com\/SalientCRGT\/scrgt-bdso-cc-startup\/commit\/6f77b30bf75adc6795c67c04926004bc8531dee6|6f77b30>` Merge pull request #6 from SalientCRGT\/cfn-fix-rolename - vjdeshmukhgit\n `<https:\/\/github.com\/SalientCRGT\/scrgt-bdso-cc-startup\/commit\/d3426d3c4846f557ee6e9902372918d6c3eb33fa|d3426d3>` Changing block device from \/dev\/sda1 to \/dev\/xvda and fixing postgres for amazon linux - Gary Morris\n `<https:\/\/github.com\/SalientCRGT\/scrgt-bdso-cc-startup\/commit\/272892fe533cf169ecc9fcb4cd1cf04f866ad1b7|272892f>` Adding amazon-linux-extras for successful openjdk11 install - Gary Morris\n `<https:\/\/github.com\/SalientCRGT\/scrgt-bdso-cc-startup\/commit\/2fbdff2f51acd4573be1745654af32743b4f6b55|2fbdff2>` Edited sonar db manipulation to match amazon-linux-ami intallation of pgsql - Gary Morris\n `<https:\/\/github.com\/SalientCRGT\/scrgt-bdso-cc-startup\/commit\/f4042709593f040b9ba1c88e3a6a7180f745bea5|f404270>` Merge branch 'develop' into pipeline-shawn - Shawn Lassiter\n `<https:\/\/github.com\/SalientCRGT\/scrgt-bdso-cc-startup\/commit\/cab23e4daaa2428d8ebf07713876e1005e02e378|cab23e4>` Merge pull request #11 from SalientCRGT\/pipeline-shawn - Shawn Lassiter\n `<https:\/\/github.com\/SalientCRGT\/scrgt-bdso-cc-startup\/commit\/55d68efe5e2edee419a0d347dc3d70e473fe0f50|55d68ef>` Merge branch 'develop' into amazon-ami - Shawn Lassiter\n `<https:\/\/github.com\/SalientCRGT\/scrgt-bdso-cc-startup\/commit\/85711dfa506e2692bb55d3aff15381664f40fc4a|85711df>` jenkins fixes - Shawn Lassiter\n `<https:\/\/github.com\/SalientCRGT\/scrgt-bdso-cc-startup\/commit\/164dd047c8ca26fd5aed740293dcef4c7bb0c452|164dd04>` Merge branch 'develop' of github.com:SalientCRGT\/scrgt-bdso-cc-startup into pipeline-shawn - Shawn Lassiter\n `<https:\/\/github.com\/SalientCRGT\/scrgt-bdso-cc-startup\/commit\/8f9a9eaf32e1f16678831de3b5ee8a226d0dd5cc|8f9a9ea>` path+extra config - Shawn Lassiter\n `<https:\/\/github.com\/SalientCRGT\/scrgt-bdso-cc-startup\/commit\/bf618de99fee8218ba26a2d9411226b1d74615a5|bf618de>` openshift dns - Shawn Lassiter\n `<https:\/\/github.com\/SalientCRGT\/scrgt-bdso-cc-startup\/commit\/8239b9582a95f3c499298cb56e571349709e87c6|8239b95>` Swap out variable centos_ami for base_ami - Gary Morris\n `<https:\/\/github.com\/SalientCRGT\/scrgt-bdso-cc-startup\/commit\/86613477e019292bdf16f788dceb45c9f8b79a2a|8661347>` Merge pull request #17 from SalientCRGT\/amazon-ami - Shawn Lassiter\n `<https:\/\/github.com\/SalientCRGT\/scrgt-bdso-cc-startup\/commit\/2474d5e3b1fa45680f6d8438eead4f2209d90a17|2474d5e>` Update README.md - Pramod Malhotra\n `<https:\/\/github.com\/SalientCRGT\/scrgt-bdso-cc-startup\/commit\/f208cd2a66e9b02c7d9fdc0da0d73f6bd11f79e2|f208cd2>` Update README.md - Pramod Malhotra\n `<https:\/\/github.com\/SalientCRGT\/scrgt-bdso-cc-startup\/commit\/835c2ac0dd10dbb549acf0753d44df40556ac654|835c2ac>` Update README.md - Pramod Malhotra\n `<https:\/\/github.com\/SalientCRGT\/scrgt-bdso-cc-startup\/commit\/ccf60b9854fdee93ea12551e1e9e1969d9f7627e|ccf60b9>` Update README.md - Pramod Malhotra\n `<https:\/\/github.com\/SalientCRGT\/scrgt-bdso-cc-startup\/commit\/84b71d7b3548e0909590efd95ed71c2f17821608|84b71d7>` Merge pull request #19 from SalientCRGT\/pmalhotra-iiinfo-patch-3 - Pramod Malhotra\n `<https:\/\/github.com\/SalientCRGT\/scrgt-bdso-cc-startup\/commit\/5cc924873dc8a52273487158c03289d715a24ed3|5cc9248>` RDS networking fix - Shawn Lassiter\n `<https:\/\/github.com\/SalientCRGT\/scrgt-bdso-cc-startup\/commit\/7d7df451db07e58be3fbdb7771adec35eafe1fdb|7d7df45>` Merge branch 'develop' of github.com:SalientCRGT\/scrgt-bdso-cc-startup into pipeline-shawn - Shawn Lassiter\n `<https:\/\/github.com\/SalientCRGT\/scrgt-bdso-cc-startup\/commit\/9f1664fb7ee52997a66845f024c47cab6a4d18ad|9f1664f>` added DB_NAME - Shawn Lassiter\n `<https:\/\/github.com\/SalientCRGT\/scrgt-bdso-cc-startup\/commit\/4925cbdcd91b6ca328080d3f2491a8b6a902848f|4925cbd>` jenkins jobs setup - Shawn Lassiter\n `<https:\/\/github.com\/SalientCRGT\/scrgt-bdso-cc-startup\/commit\/37033eb55f81b4da0a702d9fbb1eba7ed0a39c79|37033eb>` Merge pull request #20 from SalientCRGT\/pipeline-shawn - Shawn Lassiter\n `<https:\/\/github.com\/SalientCRGT\/scrgt-bdso-cc-startup\/commit\/6616d85f49b088a38ab5f6d77758d8b6f4c6f288|6616d85>` Merge branch 'develop' into automation-es-emr - vjdeshmukhgit",
                "pretext": "<https:\/\/github.com\/SalientCRGT\/scrgt-bdso-cc-startup\/tree\/automation-es-emr|[scrgt-bdso-cc-startup:automation-es-emr]> <https:\/\/github.com\/SalientCRGT\/scrgt-bdso-cc-startup\/compare\/a0dd0168c204...6616d85f49b0|40 new commits> by Vijay S Deshmukh and 5 others:",
                "id": 1,
                "color": "4183C4",
                "mrkdwn_in": [
                    "text",
                    "pretext"
                ]
            }
        ]
    },
    {
        "type": "message",
        "subtype": "bot_message",
        "text": "",
        "ts": "1567477352.001300",
        "bot_id": "BMPMA7GPJ",
        "attachments": [
            {
                "fallback": "<https:\/\/github.com\/SalientCRGT\/scrgt-bdso-cc-startup\/tree\/develop|[scrgt-bdso-cc-startup:develop]> <https:\/\/github.com\/SalientCRGT\/scrgt-bdso-cc-startup\/compare\/37033eb55f81...95579b391dfb|21 new commits> by Vijay S Deshmukh and 2 others",
                "text": "`<https:\/\/github.com\/SalientCRGT\/scrgt-bdso-cc-startup\/commit\/6ed078fd1c42274817e72e3c816e7d0c5ce94816|6ed078f>` added code for EMR custer creation. Testing. - Vijay S Deshmukh\n `<https:\/\/github.com\/SalientCRGT\/scrgt-bdso-cc-startup\/commit\/d69d6de5cc6dc43477bee021b9c044f49bf5a395|d69d6de>` Testing emr. need to pass capabiities. - Vijay S Deshmukh\n `<https:\/\/github.com\/SalientCRGT\/scrgt-bdso-cc-startup\/commit\/3b698f1254303b745de36b4cbad0f3f6daa14978|3b698f1>` testing ES for dev and test env's - Vijay S Deshmukh\n `<https:\/\/github.com\/SalientCRGT\/scrgt-bdso-cc-startup\/commit\/4c8ef9c5bb14e33dd45b47e1baec42062eb10576|4c8ef9c>` testing ES for dev and test env's. added linked service - Vijay S Deshmukh\n `<https:\/\/github.com\/SalientCRGT\/scrgt-bdso-cc-startup\/commit\/0aa8c67486d979bbf8009c59e1dbaf84e340e8c0|0aa8c67>` testing... - Vijay S Deshmukh\n `<https:\/\/github.com\/SalientCRGT\/scrgt-bdso-cc-startup\/commit\/3fe5274e30b69939338ec7092c8fad79fd590f2f|3fe5274>` added prod and emr dev. Testing - Vijay S Deshmukh\n `<https:\/\/github.com\/SalientCRGT\/scrgt-bdso-cc-startup\/commit\/a467e37e73d277d115d3397c5a8fcd1d796e838e|a467e37>` Added EMR test and prod and now testing. - Vijay S Deshmukh\n `<https:\/\/github.com\/SalientCRGT\/scrgt-bdso-cc-startup\/commit\/352d882debfa2f76e1f05dcba28d79371088f91b|352d882>` ES all env's and EMR Dev. - Vijay S Deshmukh\n `<https:\/\/github.com\/SalientCRGT\/scrgt-bdso-cc-startup\/commit\/43ea919d3b4c500b96c9ede5d078c62e46067cf1|43ea919>` re-run test2 - Vijay S Deshmukh\n `<https:\/\/github.com\/SalientCRGT\/scrgt-bdso-cc-startup\/commit\/6b171b34ce5abd35e26a09a261f29f38f1c4ab0b|6b171b3>` testing es and emr - Vijay S Deshmukh\n `<https:\/\/github.com\/SalientCRGT\/scrgt-bdso-cc-startup\/commit\/94722ed9468d9ab66b611105859c2acfbc143cc2|94722ed>` there is only one EMR cluster required as long as it has auto scaling. It exists in this instance. Will create more EMR clusters if required - Vijay S Deshmukh\n `<https:\/\/github.com\/SalientCRGT\/scrgt-bdso-cc-startup\/commit\/d27f7d2215f753f4c076449aba1cb8c59dc6e0a2|d27f7d2>` there is only one EMR cluster required as long as it has auto scaling. It exists in this instance. Will create more EMR clusters if required - Vijay S Deshmukh\n `<https:\/\/github.com\/SalientCRGT\/scrgt-bdso-cc-startup\/commit\/1949f56b6a480511c4d5b3d4a64fc7c25ca34155|1949f56>`  working to fix issue of s3 bucket not being deleted by TF destroy - Vijay S Deshmukh\n `<https:\/\/github.com\/SalientCRGT\/scrgt-bdso-cc-startup\/commit\/03ac1855a625e85e07431f16cfa281d18e7ffd9e|03ac185>`  working to fix issue of s3 bucket not being deleted by TF destroy - Vijay S Deshmukh\n `<https:\/\/github.com\/SalientCRGT\/scrgt-bdso-cc-startup\/commit\/7a74ef8e29565aa13019ef6a80180419c7ad9c36|7a74ef8>` testing emr - Vijay S Deshmukh\n `<https:\/\/github.com\/SalientCRGT\/scrgt-bdso-cc-startup\/commit\/db535ad568fb054c1be57fb80a779b7d4dd154ed|db535ad>` testing - Vijay S Deshmukh\n `<https:\/\/github.com\/SalientCRGT\/scrgt-bdso-cc-startup\/commit\/546abc793ce8118e48f4021e35186e4ceb40ddce|546abc7>` implemented force-destroy for emr s3 - Vijay S Deshmukh\n `<https:\/\/github.com\/SalientCRGT\/scrgt-bdso-cc-startup\/commit\/a55552b7f0b2c26df58c9e90ca38701d3c652aa2|a55552b>` implemented ES -dev, test and prod and tested for functionality. Also includes EMD+R in dev env - Vijay S Deshmukh\n `<https:\/\/github.com\/SalientCRGT\/scrgt-bdso-cc-startup\/commit\/a0dd0168c2042f9bdd086627d8139688d314d6da|a0dd016>` removed the files deploy and destroy shel scripts for EMR and ES. They are now part of terraform and will be deleted when the TF env is destroyed. - Vijay S Deshmukh\n `<https:\/\/github.com\/SalientCRGT\/scrgt-bdso-cc-startup\/commit\/6616d85f49b088a38ab5f6d77758d8b6f4c6f288|6616d85>` Merge branch 'develop' into automation-es-emr - vjdeshmukhgit\n `<https:\/\/github.com\/SalientCRGT\/scrgt-bdso-cc-startup\/commit\/95579b391dfbeafc2674b6ac62936b37965f71d8|95579b3>` Merge pull request #21 from SalientCRGT\/automation-es-emr - gwmorris",
                "pretext": "<https:\/\/github.com\/SalientCRGT\/scrgt-bdso-cc-startup\/tree\/develop|[scrgt-bdso-cc-startup:develop]> <https:\/\/github.com\/SalientCRGT\/scrgt-bdso-cc-startup\/compare\/37033eb55f81...95579b391dfb|21 new commits> by Vijay S Deshmukh and 2 others:",
                "id": 1,
                "color": "4183C4",
                "mrkdwn_in": [
                    "text",
                    "pretext"
                ]
            }
        ]
    },
    {
        "type": "message",
        "subtype": "bot_message",
        "text": "",
        "ts": "1567477362.001400",
        "bot_id": "BMPMA7GPJ",
        "attachments": [
            {
                "fallback": "<https:\/\/github.com\/SalientCRGT\/scrgt-bdso-cc-startup|[scrgt-bdso-cc-startup]> The branch \"automation-es-emr\" was deleted by gwmorris",
                "text": "<https:\/\/github.com\/SalientCRGT\/scrgt-bdso-cc-startup|[scrgt-bdso-cc-startup]> The branch \"automation-es-emr\" was deleted by gwmorris",
                "id": 1,
                "color": "4183C4",
                "mrkdwn_in": [
                    "text",
                    "pretext"
                ]
            }
        ]
    },
    {
        "type": "message",
        "subtype": "bot_message",
        "text": "",
        "ts": "1567487725.000100",
        "bot_id": "BMPMA7GPJ",
        "attachments": [
            {
                "fallback": "<https:\/\/github.com\/SalientCRGT\/scrgt-bdso-cc-startup\/tree\/ft-deploymentarch|[scrgt-bdso-cc-startup:ft-deploymentarch]> <https:\/\/github.com\/SalientCRGT\/scrgt-bdso-cc-startup\/commit\/7b208556a112d766a0ccb452c51069f8ac281ccc|1 new commit> by Amit Yadav",
                "text": "`<https:\/\/github.com\/SalientCRGT\/scrgt-bdso-cc-startup\/commit\/7b208556a112d766a0ccb452c51069f8ac281ccc|7b20855>` Added datascience pipeline - Amit Yadav",
                "pretext": "<https:\/\/github.com\/SalientCRGT\/scrgt-bdso-cc-startup\/tree\/ft-deploymentarch|[scrgt-bdso-cc-startup:ft-deploymentarch]> 1 new commit by Amit Yadav:",
                "id": 1,
                "color": "4183C4",
                "mrkdwn_in": [
                    "text",
                    "pretext"
                ]
            }
        ]
    },
    {
        "type": "message",
        "subtype": "bot_message",
        "text": "",
        "ts": "1567487805.000200",
        "bot_id": "BMPMA7GPJ",
        "attachments": [
            {
                "fallback": "<https:\/\/github.com\/SalientCRGT\/scrgt-bdso-cc-startup\/tree\/ft-deploymentarch|[scrgt-bdso-cc-startup:ft-deploymentarch]> <https:\/\/github.com\/SalientCRGT\/scrgt-bdso-cc-startup\/commit\/bc6c7a5c220359cee1a0cda0073e66626d89871d|1 new commit> by Amit Yadav",
                "text": "`<https:\/\/github.com\/SalientCRGT\/scrgt-bdso-cc-startup\/commit\/bc6c7a5c220359cee1a0cda0073e66626d89871d|bc6c7a5>` Added datascience pipeline - Amit Yadav",
                "pretext": "<https:\/\/github.com\/SalientCRGT\/scrgt-bdso-cc-startup\/tree\/ft-deploymentarch|[scrgt-bdso-cc-startup:ft-deploymentarch]> 1 new commit by Amit Yadav:",
                "id": 1,
                "color": "4183C4",
                "mrkdwn_in": [
                    "text",
                    "pretext"
                ]
            }
        ]
    },
    {
        "type": "message",
        "subtype": "bot_message",
        "text": "",
        "ts": "1567487863.000300",
        "bot_id": "BMPMA7GPJ",
        "attachments": [
            {
                "fallback": "<https:\/\/github.com\/SalientCRGT\/scrgt-bdso-cc-startup\/tree\/ft-deploymentarch|[scrgt-bdso-cc-startup:ft-deploymentarch]> <https:\/\/github.com\/SalientCRGT\/scrgt-bdso-cc-startup\/commit\/715f0abcfedd7d6c03c4d9a3af489c6fe6a5607e|1 new commit> by Amit Yadav",
                "text": "`<https:\/\/github.com\/SalientCRGT\/scrgt-bdso-cc-startup\/commit\/715f0abcfedd7d6c03c4d9a3af489c6fe6a5607e|715f0ab>` Added datascience pipeline - Amit Yadav",
                "pretext": "<https:\/\/github.com\/SalientCRGT\/scrgt-bdso-cc-startup\/tree\/ft-deploymentarch|[scrgt-bdso-cc-startup:ft-deploymentarch]> 1 new commit by Amit Yadav:",
                "id": 1,
                "color": "4183C4",
                "mrkdwn_in": [
                    "text",
                    "pretext"
                ]
            }
        ]
    }
]