[
    {
        "type": "message",
        "subtype": "bot_message",
        "text": "",
        "ts": "1567338228.001000",
        "bot_id": "BMPMA7GPJ",
        "attachments": [
            {
                "fallback": "<https:\/\/github.com\/SalientCRGT\/scrgt-bdso-cc-startup|[scrgt-bdso-cc-startup]> New branch \"<https:\/\/github.com\/SalientCRGT\/scrgt-bdso-cc-startup\/tree\/develop|develop>\" was pushed by vjdeshmukhgit",
                "text": "<https:\/\/github.com\/SalientCRGT\/scrgt-bdso-cc-startup|[scrgt-bdso-cc-startup]> New branch \"<https:\/\/github.com\/SalientCRGT\/scrgt-bdso-cc-startup\/tree\/develop|develop>\" was pushed by vjdeshmukhgit",
                "id": 1,
                "color": "4183C4",
                "mrkdwn_in": [
                    "text",
                    "pretext"
                ]
            }
        ]
    },
    {
        "type": "message",
        "subtype": "bot_message",
        "text": "",
        "ts": "1567339090.001100",
        "bot_id": "BMPMA7GPJ",
        "attachments": [
            {
                "fallback": "<https:\/\/github.com\/SalientCRGT\/scrgt-bdso-cc-startup|[scrgt-bdso-cc-startup]> The branch \"vj-test-pipeline\" was deleted by vjdeshmukhgit",
                "text": "<https:\/\/github.com\/SalientCRGT\/scrgt-bdso-cc-startup|[scrgt-bdso-cc-startup]> The branch \"vj-test-pipeline\" was deleted by vjdeshmukhgit",
                "id": 1,
                "color": "4183C4",
                "mrkdwn_in": [
                    "text",
                    "pretext"
                ]
            }
        ]
    },
    {
        "type": "message",
        "subtype": "bot_message",
        "text": "",
        "ts": "1567340650.001200",
        "bot_id": "BMPMA7GPJ",
        "attachments": [
            {
                "fallback": "<https:\/\/github.com\/SalientCRGT\/scrgt-bdso-cc-startup\/tree\/automation-es-emr|[scrgt-bdso-cc-startup:automation-es-emr]> <https:\/\/github.com\/SalientCRGT\/scrgt-bdso-cc-startup\/commit\/ab30681e0cc20c525b17d77b2b15fb5787238ab3|1 new commit> by Vijay S Deshmukh",
                "text": "`<https:\/\/github.com\/SalientCRGT\/scrgt-bdso-cc-startup\/commit\/ab30681e0cc20c525b17d77b2b15fb5787238ab3|ab30681>` removed dup output def of tools-vpc var - Vijay S Deshmukh",
                "pretext": "<https:\/\/github.com\/SalientCRGT\/scrgt-bdso-cc-startup\/tree\/automation-es-emr|[scrgt-bdso-cc-startup:automation-es-emr]> 1 new commit by Vijay S Deshmukh:",
                "id": 1,
                "color": "4183C4",
                "mrkdwn_in": [
                    "text",
                    "pretext"
                ]
            }
        ]
    },
    {
        "type": "message",
        "subtype": "bot_message",
        "text": "",
        "ts": "1567340784.001300",
        "bot_id": "BMPMA7GPJ",
        "attachments": [
            {
                "fallback": "<https:\/\/github.com\/SalientCRGT\/scrgt-bdso-cc-startup\/tree\/automation-es-emr|[scrgt-bdso-cc-startup:automation-es-emr]> <https:\/\/github.com\/SalientCRGT\/scrgt-bdso-cc-startup\/commit\/8e18b102da2c1b41a372383ed67ca09a5aa48056|1 new commit> by Vijay S Deshmukh",
                "text": "`<https:\/\/github.com\/SalientCRGT\/scrgt-bdso-cc-startup\/commit\/8e18b102da2c1b41a372383ed67ca09a5aa48056|8e18b10>` removed single quotes and replaced with double for variable name in output - Vijay S Deshmukh",
                "pretext": "<https:\/\/github.com\/SalientCRGT\/scrgt-bdso-cc-startup\/tree\/automation-es-emr|[scrgt-bdso-cc-startup:automation-es-emr]> 1 new commit by Vijay S Deshmukh:",
                "id": 1,
                "color": "4183C4",
                "mrkdwn_in": [
                    "text",
                    "pretext"
                ]
            }
        ]
    },
    {
        "type": "message",
        "subtype": "bot_message",
        "text": "",
        "ts": "1567343270.001400",
        "bot_id": "BMPMA7GPJ",
        "attachments": [
            {
                "fallback": "<https:\/\/github.com\/SalientCRGT\/scrgt-bdso-cc-startup\/tree\/automation-es-emr|[scrgt-bdso-cc-startup:automation-es-emr]> <https:\/\/github.com\/SalientCRGT\/scrgt-bdso-cc-startup\/commit\/9ba7b3c0a31bdf9e28be7225b17faf4974c102b7|1 new commit> by Vijay S Deshmukh",
                "text": "`<https:\/\/github.com\/SalientCRGT\/scrgt-bdso-cc-startup\/commit\/9ba7b3c0a31bdf9e28be7225b17faf4974c102b7|9ba7b3c>` added path for elasticsearch yaml file - Vijay S Deshmukh",
                "pretext": "<https:\/\/github.com\/SalientCRGT\/scrgt-bdso-cc-startup\/tree\/automation-es-emr|[scrgt-bdso-cc-startup:automation-es-emr]> 1 new commit by Vijay S Deshmukh:",
                "id": 1,
                "color": "4183C4",
                "mrkdwn_in": [
                    "text",
                    "pretext"
                ]
            }
        ]
    },
    {
        "type": "message",
        "subtype": "bot_message",
        "text": "",
        "ts": "1567344941.001500",
        "bot_id": "BMPMA7GPJ",
        "attachments": [
            {
                "fallback": "<https:\/\/github.com\/SalientCRGT\/scrgt-bdso-cc-startup\/tree\/automation-es-emr|[scrgt-bdso-cc-startup:automation-es-emr]> <https:\/\/github.com\/SalientCRGT\/scrgt-bdso-cc-startup\/commit\/83c94eb5b40a6bd48be969e5f8df5054634b30f3|1 new commit> by Vijay S Deshmukh",
                "text": "`<https:\/\/github.com\/SalientCRGT\/scrgt-bdso-cc-startup\/commit\/83c94eb5b40a6bd48be969e5f8df5054634b30f3|83c94eb>` renamed elasticsearch folder to elasticsearch-emr. This way same S3 bucket references can be used by both. - Vijay S Deshmukh",
                "pretext": "<https:\/\/github.com\/SalientCRGT\/scrgt-bdso-cc-startup\/tree\/automation-es-emr|[scrgt-bdso-cc-startup:automation-es-emr]> 1 new commit by Vijay S Deshmukh:",
                "id": 1,
                "color": "4183C4",
                "mrkdwn_in": [
                    "text",
                    "pretext"
                ]
            }
        ]
    },
    {
        "type": "message",
        "subtype": "bot_message",
        "text": "",
        "ts": "1567346469.001600",
        "bot_id": "BMPMA7GPJ",
        "attachments": [
            {
                "fallback": "<https:\/\/github.com\/SalientCRGT\/scrgt-bdso-cc-startup\/tree\/develop|[scrgt-bdso-cc-startup:develop]> <https:\/\/github.com\/SalientCRGT\/scrgt-bdso-cc-startup\/compare\/a0459a367ca8...85ba9d070af7|7 new commits> by Vijay S Deshmukh and 1 other",
                "text": "`<https:\/\/github.com\/SalientCRGT\/scrgt-bdso-cc-startup\/commit\/33037a663194a3e9eca35094ef4c4f7fc36f63be|33037a6>` added functions to create elasticsearch cluster - Vijay S Deshmukh\n `<https:\/\/github.com\/SalientCRGT\/scrgt-bdso-cc-startup\/commit\/cede2330b3d539fabaa17d603cbcdafecc41a133|cede233>` Updated code after tetsing to pass region and set output endpoint for elastic search - Vijay S Deshmukh\n `<https:\/\/github.com\/SalientCRGT\/scrgt-bdso-cc-startup\/commit\/ab30681e0cc20c525b17d77b2b15fb5787238ab3|ab30681>` removed dup output def of tools-vpc var - Vijay S Deshmukh\n `<https:\/\/github.com\/SalientCRGT\/scrgt-bdso-cc-startup\/commit\/8e18b102da2c1b41a372383ed67ca09a5aa48056|8e18b10>` removed single quotes and replaced with double for variable name in output - Vijay S Deshmukh\n `<https:\/\/github.com\/SalientCRGT\/scrgt-bdso-cc-startup\/commit\/9ba7b3c0a31bdf9e28be7225b17faf4974c102b7|9ba7b3c>` added path for elasticsearch yaml file - Vijay S Deshmukh\n `<https:\/\/github.com\/SalientCRGT\/scrgt-bdso-cc-startup\/commit\/83c94eb5b40a6bd48be969e5f8df5054634b30f3|83c94eb>` renamed elasticsearch folder to elasticsearch-emr. This way same S3 bucket references can be used by both. - Vijay S Deshmukh\n `<https:\/\/github.com\/SalientCRGT\/scrgt-bdso-cc-startup\/commit\/85ba9d070af74aaa40aa6c1d1b1604900adcd510|85ba9d0>` Merge pull request #12 from SalientCRGT\/automation-es-emr - gwmorris",
                "pretext": "<https:\/\/github.com\/SalientCRGT\/scrgt-bdso-cc-startup\/tree\/develop|[scrgt-bdso-cc-startup:develop]> <https:\/\/github.com\/SalientCRGT\/scrgt-bdso-cc-startup\/compare\/a0459a367ca8...85ba9d070af7|7 new commits> by Vijay S Deshmukh and 1 other:",
                "id": 1,
                "color": "4183C4",
                "mrkdwn_in": [
                    "text",
                    "pretext"
                ]
            }
        ]
    },
    {
        "type": "message",
        "subtype": "bot_message",
        "text": "",
        "ts": "1567346572.001700",
        "bot_id": "BMPMA7GPJ",
        "attachments": [
            {
                "fallback": "<https:\/\/github.com\/SalientCRGT\/scrgt-bdso-cc-startup\/tree\/automation-es-emr|[scrgt-bdso-cc-startup:automation-es-emr]> <https:\/\/github.com\/SalientCRGT\/scrgt-bdso-cc-startup\/commit\/91158077f0715a00bc0a0be3a1ac24ab9af9905e|1 new commit> by Vijay S Deshmukh",
                "text": "`<https:\/\/github.com\/SalientCRGT\/scrgt-bdso-cc-startup\/commit\/91158077f0715a00bc0a0be3a1ac24ab9af9905e|9115807>` passing bdso-dev to cfn so elasticsearch is created for dev - Vijay S Deshmukh",
                "pretext": "<https:\/\/github.com\/SalientCRGT\/scrgt-bdso-cc-startup\/tree\/automation-es-emr|[scrgt-bdso-cc-startup:automation-es-emr]> 1 new commit by Vijay S Deshmukh:",
                "id": 1,
                "color": "4183C4",
                "mrkdwn_in": [
                    "text",
                    "pretext"
                ]
            }
        ]
    },
    {
        "type": "message",
        "subtype": "bot_message",
        "text": "",
        "ts": "1567348480.001800",
        "bot_id": "BMPMA7GPJ",
        "attachments": [
            {
                "fallback": "<https:\/\/github.com\/SalientCRGT\/scrgt-bdso-cc-startup\/tree\/automation-es-emr|[scrgt-bdso-cc-startup:automation-es-emr]> <https:\/\/github.com\/SalientCRGT\/scrgt-bdso-cc-startup\/commit\/9dcb27db43cb1829981ef5b502f75713bf33843f|1 new commit> by Vijay S Deshmukh",
                "text": "`<https:\/\/github.com\/SalientCRGT\/scrgt-bdso-cc-startup\/commit\/9dcb27db43cb1829981ef5b502f75713bf33843f|9dcb27d>` added elasticsearch endpoint to parameter store ecrypted - Vijay S Deshmukh",
                "pretext": "<https:\/\/github.com\/SalientCRGT\/scrgt-bdso-cc-startup\/tree\/automation-es-emr|[scrgt-bdso-cc-startup:automation-es-emr]> 1 new commit by Vijay S Deshmukh:",
                "id": 1,
                "color": "4183C4",
                "mrkdwn_in": [
                    "text",
                    "pretext"
                ]
            }
        ]
    },
    {
        "type": "message",
        "subtype": "bot_message",
        "text": "",
        "ts": "1567348817.001900",
        "bot_id": "BMPMA7GPJ",
        "attachments": [
            {
                "fallback": "<https:\/\/github.com\/SalientCRGT\/scrgt-bdso-cc-startup|[scrgt-bdso-cc-startup]> New branch \"<https:\/\/github.com\/SalientCRGT\/scrgt-bdso-cc-startup\/tree\/update-clone-branch-fo-develop|update-clone-branch-fo-develop>\" was pushed by vjdeshmukhgit",
                "text": "<https:\/\/github.com\/SalientCRGT\/scrgt-bdso-cc-startup|[scrgt-bdso-cc-startup]> New branch \"<https:\/\/github.com\/SalientCRGT\/scrgt-bdso-cc-startup\/tree\/update-clone-branch-fo-develop|update-clone-branch-fo-develop>\" was pushed by vjdeshmukhgit",
                "id": 1,
                "color": "4183C4",
                "mrkdwn_in": [
                    "text",
                    "pretext"
                ]
            }
        ]
    },
    {
        "type": "message",
        "subtype": "bot_message",
        "text": "",
        "ts": "1567349027.002000",
        "bot_id": "BMPMA7GPJ",
        "attachments": [
            {
                "fallback": "<https:\/\/github.com\/SalientCRGT\/scrgt-bdso-cc-startup\/tree\/develop|[scrgt-bdso-cc-startup:develop]> <https:\/\/github.com\/SalientCRGT\/scrgt-bdso-cc-startup\/compare\/85ba9d070af7...a2d09998bfd3|2 new commits> by Vijay S Deshmukh and 1 other",
                "text": "`<https:\/\/github.com\/SalientCRGT\/scrgt-bdso-cc-startup\/commit\/b753d9bcce04cf9de8b44220d4fc0e921e9cd326|b753d9b>` updated start template to clone from develop instead of bdso-dev branch - Vijay S Deshmukh\n `<https:\/\/github.com\/SalientCRGT\/scrgt-bdso-cc-startup\/commit\/a2d09998bfd3e4badf5477300a56363d4f258072|a2d0999>` Merge pull request #13 from SalientCRGT\/update-clone-branch-fo-develop - gwmorris",
                "pretext": "<https:\/\/github.com\/SalientCRGT\/scrgt-bdso-cc-startup\/tree\/develop|[scrgt-bdso-cc-startup:develop]> <https:\/\/github.com\/SalientCRGT\/scrgt-bdso-cc-startup\/compare\/85ba9d070af7...a2d09998bfd3|2 new commits> by Vijay S Deshmukh and 1 other:",
                "id": 1,
                "color": "4183C4",
                "mrkdwn_in": [
                    "text",
                    "pretext"
                ]
            }
        ]
    },
    {
        "type": "message",
        "subtype": "bot_message",
        "text": "",
        "ts": "1567350381.002100",
        "bot_id": "BMPMA7GPJ",
        "attachments": [
            {
                "fallback": "<https:\/\/github.com\/SalientCRGT\/scrgt-bdso-cc-startup\/tree\/automation-es-emr|[scrgt-bdso-cc-startup:automation-es-emr]> <https:\/\/github.com\/SalientCRGT\/scrgt-bdso-cc-startup\/commit\/856f2366fe35a6dd8efc371e36f46c4a93908ca1|1 new commit> by Vijay S Deshmukh",
                "text": "`<https:\/\/github.com\/SalientCRGT\/scrgt-bdso-cc-startup\/commit\/856f2366fe35a6dd8efc371e36f46c4a93908ca1|856f236>` added creation of local secrets file for openshift reg - Vijay S Deshmukh",
                "pretext": "<https:\/\/github.com\/SalientCRGT\/scrgt-bdso-cc-startup\/tree\/automation-es-emr|[scrgt-bdso-cc-startup:automation-es-emr]> 1 new commit by Vijay S Deshmukh:",
                "id": 1,
                "color": "4183C4",
                "mrkdwn_in": [
                    "text",
                    "pretext"
                ]
            }
        ]
    },
    {
        "type": "message",
        "subtype": "bot_message",
        "text": "",
        "ts": "1567350502.002200",
        "bot_id": "BMPMA7GPJ",
        "attachments": [
            {
                "fallback": "<https:\/\/github.com\/SalientCRGT\/scrgt-bdso-cc-startup|[scrgt-bdso-cc-startup]> New branch \"<https:\/\/github.com\/SalientCRGT\/scrgt-bdso-cc-startup\/tree\/amazon-ami|amazon-ami>\" was pushed by gwmorris",
                "text": "<https:\/\/github.com\/SalientCRGT\/scrgt-bdso-cc-startup|[scrgt-bdso-cc-startup]> New branch \"<https:\/\/github.com\/SalientCRGT\/scrgt-bdso-cc-startup\/tree\/amazon-ami|amazon-ami>\" was pushed by gwmorris",
                "id": 1,
                "color": "4183C4",
                "mrkdwn_in": [
                    "text",
                    "pretext"
                ]
            }
        ]
    },
    {
        "type": "message",
        "subtype": "bot_message",
        "text": "",
        "ts": "1567350642.002300",
        "bot_id": "BMPMA7GPJ",
        "attachments": [
            {
                "fallback": "<https:\/\/github.com\/SalientCRGT\/scrgt-bdso-cc-startup\/tree\/automation-es-emr|[scrgt-bdso-cc-startup:automation-es-emr]> <https:\/\/github.com\/SalientCRGT\/scrgt-bdso-cc-startup\/commit\/5590167060223471734fb5ef28880686b797c496|1 new commit> by Vijay S Deshmukh",
                "text": "`<https:\/\/github.com\/SalientCRGT\/scrgt-bdso-cc-startup\/commit\/5590167060223471734fb5ef28880686b797c496|5590167>` updated parh to module es - Vijay S Deshmukh",
                "pretext": "<https:\/\/github.com\/SalientCRGT\/scrgt-bdso-cc-startup\/tree\/automation-es-emr|[scrgt-bdso-cc-startup:automation-es-emr]> 1 new commit by Vijay S Deshmukh:",
                "id": 1,
                "color": "4183C4",
                "mrkdwn_in": [
                    "text",
                    "pretext"
                ]
            }
        ]
    },
    {
        "type": "message",
        "subtype": "bot_message",
        "text": "",
        "ts": "1567352220.002400",
        "bot_id": "BMPMA7GPJ",
        "attachments": [
            {
                "fallback": "<https:\/\/github.com\/SalientCRGT\/scrgt-bdso-cc-startup\/tree\/automation-es-emr|[scrgt-bdso-cc-startup:automation-es-emr]> <https:\/\/github.com\/SalientCRGT\/scrgt-bdso-cc-startup\/commit\/a5992f409413628a09e2a05979aa5a6bbd3de8cb|1 new commit> by Vijay S Deshmukh",
                "text": "`<https:\/\/github.com\/SalientCRGT\/scrgt-bdso-cc-startup\/commit\/a5992f409413628a09e2a05979aa5a6bbd3de8cb|a5992f4>` append vpc id to s3 bucket - Vijay S Deshmukh",
                "pretext": "<https:\/\/github.com\/SalientCRGT\/scrgt-bdso-cc-startup\/tree\/automation-es-emr|[scrgt-bdso-cc-startup:automation-es-emr]> 1 new commit by Vijay S Deshmukh:",
                "id": 1,
                "color": "4183C4",
                "mrkdwn_in": [
                    "text",
                    "pretext"
                ]
            }
        ]
    },
    {
        "type": "message",
        "subtype": "bot_message",
        "text": "",
        "ts": "1567353550.002500",
        "bot_id": "BMPMA7GPJ",
        "attachments": [
            {
                "fallback": "<https:\/\/github.com\/SalientCRGT\/scrgt-bdso-cc-startup\/tree\/automation-es-emr|[scrgt-bdso-cc-startup:automation-es-emr]> <https:\/\/github.com\/SalientCRGT\/scrgt-bdso-cc-startup\/commit\/1202f75c939ee496884ae93e618586ad3551f2ac|1 new commit> by Vijay S Deshmukh",
                "text": "`<https:\/\/github.com\/SalientCRGT\/scrgt-bdso-cc-startup\/commit\/1202f75c939ee496884ae93e618586ad3551f2ac|1202f75>` created folder secretfiles under ocp-setup. This folder will have the secret files to be added to openshift - Vijay S Deshmukh",
                "pretext": "<https:\/\/github.com\/SalientCRGT\/scrgt-bdso-cc-startup\/tree\/automation-es-emr|[scrgt-bdso-cc-startup:automation-es-emr]> 1 new commit by Vijay S Deshmukh:",
                "id": 1,
                "color": "4183C4",
                "mrkdwn_in": [
                    "text",
                    "pretext"
                ]
            }
        ]
    },
    {
        "type": "message",
        "subtype": "bot_message",
        "text": "",
        "ts": "1567353695.002600",
        "bot_id": "BMPMA7GPJ",
        "attachments": [
            {
                "fallback": "<https:\/\/github.com\/SalientCRGT\/scrgt-bdso-cc-startup\/tree\/automation-es-emr|[scrgt-bdso-cc-startup:automation-es-emr]> <https:\/\/github.com\/SalientCRGT\/scrgt-bdso-cc-startup\/commit\/c736482540434fea8539d4324596dd3a8b7aab1a|1 new commit> by Vijay S Deshmukh",
                "text": "`<https:\/\/github.com\/SalientCRGT\/scrgt-bdso-cc-startup\/commit\/c736482540434fea8539d4324596dd3a8b7aab1a|c736482>` removed extra double quote - Vijay S Deshmukh",
                "pretext": "<https:\/\/github.com\/SalientCRGT\/scrgt-bdso-cc-startup\/tree\/automation-es-emr|[scrgt-bdso-cc-startup:automation-es-emr]> 1 new commit by Vijay S Deshmukh:",
                "id": 1,
                "color": "4183C4",
                "mrkdwn_in": [
                    "text",
                    "pretext"
                ]
            }
        ]
    },
    {
        "type": "message",
        "subtype": "bot_message",
        "text": "",
        "ts": "1567353931.002700",
        "bot_id": "BMPMA7GPJ",
        "attachments": [
            {
                "fallback": "<https:\/\/github.com\/SalientCRGT\/scrgt-bdso-cc-startup\/tree\/amazon-ami|[scrgt-bdso-cc-startup:amazon-ami]> <https:\/\/github.com\/SalientCRGT\/scrgt-bdso-cc-startup\/commit\/a6c3f416d5afd5f29763d82c10a4c2134ebb4e14|1 new commit> by Gary Morris",
                "text": "`<https:\/\/github.com\/SalientCRGT\/scrgt-bdso-cc-startup\/commit\/a6c3f416d5afd5f29763d82c10a4c2134ebb4e14|a6c3f41>` Change AMI from ARM. changing -u centos to ec2-user in ansible provisioner - Gary Morris",
                "pretext": "<https:\/\/github.com\/SalientCRGT\/scrgt-bdso-cc-startup\/tree\/amazon-ami|[scrgt-bdso-cc-startup:amazon-ami]> 1 new commit by Gary Morris:",
                "id": 1,
                "color": "4183C4",
                "mrkdwn_in": [
                    "text",
                    "pretext"
                ]
            }
        ]
    },
    {
        "type": "message",
        "subtype": "bot_message",
        "text": "",
        "ts": "1567354853.002800",
        "bot_id": "BMPMA7GPJ",
        "attachments": [
            {
                "fallback": "<https:\/\/github.com\/SalientCRGT\/scrgt-bdso-cc-startup\/tree\/develop|[scrgt-bdso-cc-startup:develop]> <https:\/\/github.com\/SalientCRGT\/scrgt-bdso-cc-startup\/compare\/a2d09998bfd3...522eacb20e8b|8 new commits> by Vijay S Deshmukh and 1 other",
                "text": "`<https:\/\/github.com\/SalientCRGT\/scrgt-bdso-cc-startup\/commit\/91158077f0715a00bc0a0be3a1ac24ab9af9905e|9115807>` passing bdso-dev to cfn so elasticsearch is created for dev - Vijay S Deshmukh\n `<https:\/\/github.com\/SalientCRGT\/scrgt-bdso-cc-startup\/commit\/9dcb27db43cb1829981ef5b502f75713bf33843f|9dcb27d>` added elasticsearch endpoint to parameter store ecrypted - Vijay S Deshmukh\n `<https:\/\/github.com\/SalientCRGT\/scrgt-bdso-cc-startup\/commit\/856f2366fe35a6dd8efc371e36f46c4a93908ca1|856f236>` added creation of local secrets file for openshift reg - Vijay S Deshmukh\n `<https:\/\/github.com\/SalientCRGT\/scrgt-bdso-cc-startup\/commit\/5590167060223471734fb5ef28880686b797c496|5590167>` updated parh to module es - Vijay S Deshmukh\n `<https:\/\/github.com\/SalientCRGT\/scrgt-bdso-cc-startup\/commit\/a5992f409413628a09e2a05979aa5a6bbd3de8cb|a5992f4>` append vpc id to s3 bucket - Vijay S Deshmukh\n `<https:\/\/github.com\/SalientCRGT\/scrgt-bdso-cc-startup\/commit\/1202f75c939ee496884ae93e618586ad3551f2ac|1202f75>` created folder secretfiles under ocp-setup. This folder will have the secret files to be added to openshift - Vijay S Deshmukh\n `<https:\/\/github.com\/SalientCRGT\/scrgt-bdso-cc-startup\/commit\/c736482540434fea8539d4324596dd3a8b7aab1a|c736482>` removed extra double quote - Vijay S Deshmukh\n `<https:\/\/github.com\/SalientCRGT\/scrgt-bdso-cc-startup\/commit\/522eacb20e8b3408be1ed0194516491062e38ffd|522eacb>` Merge pull request #14 from SalientCRGT\/automation-es-emr - gwmorris",
                "pretext": "<https:\/\/github.com\/SalientCRGT\/scrgt-bdso-cc-startup\/tree\/develop|[scrgt-bdso-cc-startup:develop]> <https:\/\/github.com\/SalientCRGT\/scrgt-bdso-cc-startup\/compare\/a2d09998bfd3...522eacb20e8b|8 new commits> by Vijay S Deshmukh and 1 other:",
                "id": 1,
                "color": "4183C4",
                "mrkdwn_in": [
                    "text",
                    "pretext"
                ]
            }
        ]
    },
    {
        "type": "message",
        "subtype": "bot_message",
        "text": "",
        "ts": "1567355899.002900",
        "bot_id": "BMPMA7GPJ",
        "attachments": [
            {
                "fallback": "<https:\/\/github.com\/SalientCRGT\/scrgt-bdso-cc-startup\/tree\/amazon-ami|[scrgt-bdso-cc-startup:amazon-ami]> <https:\/\/github.com\/SalientCRGT\/scrgt-bdso-cc-startup\/commit\/d29635aecbb6513e4630a9cd2a57181d8505d65b|1 new commit> by Gary Morris",
                "text": "`<https:\/\/github.com\/SalientCRGT\/scrgt-bdso-cc-startup\/commit\/d29635aecbb6513e4630a9cd2a57181d8505d65b|d29635a>` Changing centos user to ec2-user - Gary Morris",
                "pretext": "<https:\/\/github.com\/SalientCRGT\/scrgt-bdso-cc-startup\/tree\/amazon-ami|[scrgt-bdso-cc-startup:amazon-ami]> 1 new commit by Gary Morris:",
                "id": 1,
                "color": "4183C4",
                "mrkdwn_in": [
                    "text",
                    "pretext"
                ]
            }
        ]
    },
    {
        "type": "message",
        "subtype": "bot_message",
        "text": "",
        "ts": "1567356418.003000",
        "bot_id": "BMPMA7GPJ",
        "attachments": [
            {
                "fallback": "<https:\/\/github.com\/SalientCRGT\/scrgt-bdso-cc-startup\/tree\/automation-es-emr|[scrgt-bdso-cc-startup:automation-es-emr]> <https:\/\/github.com\/SalientCRGT\/scrgt-bdso-cc-startup\/compare\/c73648254043...8ad61905e4b5|5 new commits> by Gary Morris and 2 others",
                "text": "`<https:\/\/github.com\/SalientCRGT\/scrgt-bdso-cc-startup\/commit\/97b9f555e8a5299f39d4650b975f79d5095b6038|97b9f55>` Fixing bucket naming error - Gary Morris\n `<https:\/\/github.com\/SalientCRGT\/scrgt-bdso-cc-startup\/commit\/581591752e1cd1591c3ef11a4757b82f520defc3|5815917>` Merge pull request #10 from SalientCRGT\/elasticsearch - vjdeshmukhgit\n `<https:\/\/github.com\/SalientCRGT\/scrgt-bdso-cc-startup\/commit\/a0459a367ca8773182451fd9342142b6110655c0|a0459a3>` Merge branch 'bdso-dev' of <https:\/\/github.com\/SalientCRGT\/scrgt-bdso-cc-startup> into bdso-dev - Vijay S Deshmukh\n `<https:\/\/github.com\/SalientCRGT\/scrgt-bdso-cc-startup\/commit\/37633558037f661f5518a1bc634138eb1299655a|3763355>` Merge branch 'develop' into automation-es-emr - Vijay S Deshmukh\n `<https:\/\/github.com\/SalientCRGT\/scrgt-bdso-cc-startup\/commit\/8ad61905e4b53b0e228e0316acfc43d6e631c1bb|8ad6190>` enabled ocp setup. it was commented for my dev\/test for elasticsearch - Vijay S Deshmukh",
                "pretext": "<https:\/\/github.com\/SalientCRGT\/scrgt-bdso-cc-startup\/tree\/automation-es-emr|[scrgt-bdso-cc-startup:automation-es-emr]> <https:\/\/github.com\/SalientCRGT\/scrgt-bdso-cc-startup\/compare\/c73648254043...8ad61905e4b5|5 new commits> by Gary Morris and 2 others:",
                "id": 1,
                "color": "4183C4",
                "mrkdwn_in": [
                    "text",
                    "pretext"
                ]
            }
        ]
    },
    {
        "type": "message",
        "subtype": "bot_message",
        "text": "",
        "ts": "1567357448.003100",
        "bot_id": "BMPMA7GPJ",
        "attachments": [
            {
                "fallback": "<https:\/\/github.com\/SalientCRGT\/scrgt-bdso-cc-startup\/tree\/automation-es-emr|[scrgt-bdso-cc-startup:automation-es-emr]> <https:\/\/github.com\/SalientCRGT\/scrgt-bdso-cc-startup\/commit\/fb5a743b9ee23f33c7ebf2da791568221d3ea3a9|1 new commit> by Vijay S Deshmukh",
                "text": "`<https:\/\/github.com\/SalientCRGT\/scrgt-bdso-cc-startup\/commit\/fb5a743b9ee23f33c7ebf2da791568221d3ea3a9|fb5a743>` added env parameter - Vijay S Deshmukh",
                "pretext": "<https:\/\/github.com\/SalientCRGT\/scrgt-bdso-cc-startup\/tree\/automation-es-emr|[scrgt-bdso-cc-startup:automation-es-emr]> 1 new commit by Vijay S Deshmukh:",
                "id": 1,
                "color": "4183C4",
                "mrkdwn_in": [
                    "text",
                    "pretext"
                ]
            }
        ]
    },
    {
        "type": "message",
        "subtype": "bot_message",
        "text": "",
        "ts": "1567357722.003200",
        "bot_id": "BMPMA7GPJ",
        "attachments": [
            {
                "fallback": "<https:\/\/github.com\/SalientCRGT\/scrgt-bdso-cc-startup\/tree\/automation-es-emr|[scrgt-bdso-cc-startup:automation-es-emr]> <https:\/\/github.com\/SalientCRGT\/scrgt-bdso-cc-startup\/commit\/65239bb6cac9f17b025d787e830746184e2ef0da|1 new commit> by Vijay S Deshmukh",
                "text": "`<https:\/\/github.com\/SalientCRGT\/scrgt-bdso-cc-startup\/commit\/65239bb6cac9f17b025d787e830746184e2ef0da|65239bb>` updated missing quote - Vijay S Deshmukh",
                "pretext": "<https:\/\/github.com\/SalientCRGT\/scrgt-bdso-cc-startup\/tree\/automation-es-emr|[scrgt-bdso-cc-startup:automation-es-emr]> 1 new commit by Vijay S Deshmukh:",
                "id": 1,
                "color": "4183C4",
                "mrkdwn_in": [
                    "text",
                    "pretext"
                ]
            }
        ]
    },
    {
        "type": "message",
        "subtype": "bot_message",
        "text": "",
        "ts": "1567357853.003300",
        "bot_id": "BMPMA7GPJ",
        "attachments": [
            {
                "fallback": "<https:\/\/github.com\/SalientCRGT\/scrgt-bdso-cc-startup\/tree\/automation-es-emr|[scrgt-bdso-cc-startup:automation-es-emr]> <https:\/\/github.com\/SalientCRGT\/scrgt-bdso-cc-startup\/commit\/7f4c1af7c3e4739829396bc62267da58f8399d31|1 new commit> by Vijay S Deshmukh",
                "text": "`<https:\/\/github.com\/SalientCRGT\/scrgt-bdso-cc-startup\/commit\/7f4c1af7c3e4739829396bc62267da58f8399d31|7f4c1af>` commented ocp processing to test emr and es - Vijay S Deshmukh",
                "pretext": "<https:\/\/github.com\/SalientCRGT\/scrgt-bdso-cc-startup\/tree\/automation-es-emr|[scrgt-bdso-cc-startup:automation-es-emr]> 1 new commit by Vijay S Deshmukh:",
                "id": 1,
                "color": "4183C4",
                "mrkdwn_in": [
                    "text",
                    "pretext"
                ]
            }
        ]
    },
    {
        "type": "message",
        "subtype": "bot_message",
        "text": "",
        "ts": "1567358104.003400",
        "bot_id": "BMPMA7GPJ",
        "attachments": [
            {
                "fallback": "<https:\/\/github.com\/SalientCRGT\/scrgt-bdso-cc-startup\/tree\/automation-es-emr|[scrgt-bdso-cc-startup:automation-es-emr]> <https:\/\/github.com\/SalientCRGT\/scrgt-bdso-cc-startup\/commit\/e0b542de32875fc7f7dcf81328551b0f75f95a45|1 new commit> by Vijay S Deshmukh",
                "text": "`<https:\/\/github.com\/SalientCRGT\/scrgt-bdso-cc-startup\/commit\/e0b542de32875fc7f7dcf81328551b0f75f95a45|e0b542d>` uncomment ocp - Vijay S Deshmukh",
                "pretext": "<https:\/\/github.com\/SalientCRGT\/scrgt-bdso-cc-startup\/tree\/automation-es-emr|[scrgt-bdso-cc-startup:automation-es-emr]> 1 new commit by Vijay S Deshmukh:",
                "id": 1,
                "color": "4183C4",
                "mrkdwn_in": [
                    "text",
                    "pretext"
                ]
            }
        ]
    },
    {
        "type": "message",
        "subtype": "bot_message",
        "text": "",
        "ts": "1567358228.003500",
        "bot_id": "BMPMA7GPJ",
        "attachments": [
            {
                "fallback": "<https:\/\/github.com\/SalientCRGT\/scrgt-bdso-cc-startup\/tree\/automation-es-emr|[scrgt-bdso-cc-startup:automation-es-emr]> <https:\/\/github.com\/SalientCRGT\/scrgt-bdso-cc-startup\/commit\/5b36e055006a27e92a0b36844a659812ddce9dea|1 new commit> by Vijay S Deshmukh",
                "text": "`<https:\/\/github.com\/SalientCRGT\/scrgt-bdso-cc-startup\/commit\/5b36e055006a27e92a0b36844a659812ddce9dea|5b36e05>` uncomment ocp - Vijay S Deshmukh",
                "pretext": "<https:\/\/github.com\/SalientCRGT\/scrgt-bdso-cc-startup\/tree\/automation-es-emr|[scrgt-bdso-cc-startup:automation-es-emr]> 1 new commit by Vijay S Deshmukh:",
                "id": 1,
                "color": "4183C4",
                "mrkdwn_in": [
                    "text",
                    "pretext"
                ]
            }
        ]
    },
    {
        "type": "message",
        "subtype": "bot_message",
        "text": "",
        "ts": "1567359208.003600",
        "bot_id": "BMPMA7GPJ",
        "attachments": [
            {
                "fallback": "<https:\/\/github.com\/SalientCRGT\/scrgt-bdso-cc-startup\/tree\/amazon-ami|[scrgt-bdso-cc-startup:amazon-ami]> <https:\/\/github.com\/SalientCRGT\/scrgt-bdso-cc-startup\/commit\/8b6661e0c609ac14de6929fe1d40e1fc25e34493|1 new commit> by Gary Morris",
                "text": "`<https:\/\/github.com\/SalientCRGT\/scrgt-bdso-cc-startup\/commit\/8b6661e0c609ac14de6929fe1d40e1fc25e34493|8b6661e>` Change block device names from \/dev\/sda1 to \/dev\/nvme0n1p1 - Gary Morris",
                "pretext": "<https:\/\/github.com\/SalientCRGT\/scrgt-bdso-cc-startup\/tree\/amazon-ami|[scrgt-bdso-cc-startup:amazon-ami]> 1 new commit by Gary Morris:",
                "id": 1,
                "color": "4183C4",
                "mrkdwn_in": [
                    "text",
                    "pretext"
                ]
            }
        ]
    },
    {
        "type": "message",
        "subtype": "bot_message",
        "text": "",
        "ts": "1567362538.003700",
        "bot_id": "BMPMA7GPJ",
        "attachments": [
            {
                "fallback": "<https:\/\/github.com\/SalientCRGT\/scrgt-bdso-cc-startup\/tree\/automation-es-emr|[scrgt-bdso-cc-startup:automation-es-emr]> <https:\/\/github.com\/SalientCRGT\/scrgt-bdso-cc-startup\/commit\/a26977563c92ba10d2d80290070a5e77a8e51a5d|1 new commit> by Vijay S Deshmukh",
                "text": "`<https:\/\/github.com\/SalientCRGT\/scrgt-bdso-cc-startup\/commit\/a26977563c92ba10d2d80290070a5e77a8e51a5d|a269775>` re-enabled ocp-setup - Vijay S Deshmukh",
                "pretext": "<https:\/\/github.com\/SalientCRGT\/scrgt-bdso-cc-startup\/tree\/automation-es-emr|[scrgt-bdso-cc-startup:automation-es-emr]> 1 new commit by Vijay S Deshmukh:",
                "id": 1,
                "color": "4183C4",
                "mrkdwn_in": [
                    "text",
                    "pretext"
                ]
            }
        ]
    },
    {
        "type": "message",
        "subtype": "bot_message",
        "text": "",
        "ts": "1567362680.003800",
        "bot_id": "BMPMA7GPJ",
        "attachments": [
            {
                "fallback": "<https:\/\/github.com\/SalientCRGT\/scrgt-bdso-cc-startup\/tree\/develop|[scrgt-bdso-cc-startup:develop]> <https:\/\/github.com\/SalientCRGT\/scrgt-bdso-cc-startup\/compare\/522eacb20e8b...b6f1c1ae8388|9 new commits> by Vijay S Deshmukh and 1 other",
                "text": "`<https:\/\/github.com\/SalientCRGT\/scrgt-bdso-cc-startup\/commit\/37633558037f661f5518a1bc634138eb1299655a|3763355>` Merge branch 'develop' into automation-es-emr - Vijay S Deshmukh\n `<https:\/\/github.com\/SalientCRGT\/scrgt-bdso-cc-startup\/commit\/8ad61905e4b53b0e228e0316acfc43d6e631c1bb|8ad6190>` enabled ocp setup. it was commented for my dev\/test for elasticsearch - Vijay S Deshmukh\n `<https:\/\/github.com\/SalientCRGT\/scrgt-bdso-cc-startup\/commit\/fb5a743b9ee23f33c7ebf2da791568221d3ea3a9|fb5a743>` added env parameter - Vijay S Deshmukh\n `<https:\/\/github.com\/SalientCRGT\/scrgt-bdso-cc-startup\/commit\/65239bb6cac9f17b025d787e830746184e2ef0da|65239bb>` updated missing quote - Vijay S Deshmukh\n `<https:\/\/github.com\/SalientCRGT\/scrgt-bdso-cc-startup\/commit\/7f4c1af7c3e4739829396bc62267da58f8399d31|7f4c1af>` commented ocp processing to test emr and es - Vijay S Deshmukh\n `<https:\/\/github.com\/SalientCRGT\/scrgt-bdso-cc-startup\/commit\/e0b542de32875fc7f7dcf81328551b0f75f95a45|e0b542d>` uncomment ocp - Vijay S Deshmukh\n `<https:\/\/github.com\/SalientCRGT\/scrgt-bdso-cc-startup\/commit\/5b36e055006a27e92a0b36844a659812ddce9dea|5b36e05>` uncomment ocp - Vijay S Deshmukh\n `<https:\/\/github.com\/SalientCRGT\/scrgt-bdso-cc-startup\/commit\/a26977563c92ba10d2d80290070a5e77a8e51a5d|a269775>` re-enabled ocp-setup - Vijay S Deshmukh\n `<https:\/\/github.com\/SalientCRGT\/scrgt-bdso-cc-startup\/commit\/b6f1c1ae83887a1b7a1ce14b24c8fb11296db78d|b6f1c1a>` Merge pull request #15 from SalientCRGT\/automation-es-emr - vjdeshmukhgit",
                "pretext": "<https:\/\/github.com\/SalientCRGT\/scrgt-bdso-cc-startup\/tree\/develop|[scrgt-bdso-cc-startup:develop]> <https:\/\/github.com\/SalientCRGT\/scrgt-bdso-cc-startup\/compare\/522eacb20e8b...b6f1c1ae8388|9 new commits> by Vijay S Deshmukh and 1 other:",
                "id": 1,
                "color": "4183C4",
                "mrkdwn_in": [
                    "text",
                    "pretext"
                ]
            }
        ]
    },
    {
        "type": "message",
        "subtype": "bot_message",
        "text": "",
        "ts": "1567362842.003900",
        "bot_id": "BMPMA7GPJ",
        "attachments": [
            {
                "fallback": "<https:\/\/github.com\/SalientCRGT\/scrgt-bdso-cc-startup\/tree\/develop|[scrgt-bdso-cc-startup:develop]> <https:\/\/github.com\/SalientCRGT\/scrgt-bdso-cc-startup\/compare\/b6f1c1ae8388...6f77b30bf75a|2 new commits> by Vijay S Deshmukh and 1 other",
                "text": "`<https:\/\/github.com\/SalientCRGT\/scrgt-bdso-cc-startup\/commit\/4df81f7589efd465f2f18d2af23507c8e28c29eb|4df81f7>` Changed rolesnames to prefix with SCRD_BDSO_ - Vijay S Deshmukh\n `<https:\/\/github.com\/SalientCRGT\/scrgt-bdso-cc-startup\/commit\/6f77b30bf75adc6795c67c04926004bc8531dee6|6f77b30>` Merge pull request #6 from SalientCRGT\/cfn-fix-rolename - vjdeshmukhgit",
                "pretext": "<https:\/\/github.com\/SalientCRGT\/scrgt-bdso-cc-startup\/tree\/develop|[scrgt-bdso-cc-startup:develop]> <https:\/\/github.com\/SalientCRGT\/scrgt-bdso-cc-startup\/compare\/b6f1c1ae8388...6f77b30bf75a|2 new commits> by Vijay S Deshmukh and 1 other:",
                "id": 1,
                "color": "4183C4",
                "mrkdwn_in": [
                    "text",
                    "pretext"
                ]
            }
        ]
    },
    {
        "type": "message",
        "subtype": "bot_message",
        "text": "",
        "ts": "1567364220.004000",
        "bot_id": "BMPMA7GPJ",
        "attachments": [
            {
                "fallback": "<https:\/\/github.com\/SalientCRGT\/scrgt-bdso-cc-startup\/tree\/amazon-ami|[scrgt-bdso-cc-startup:amazon-ami]> <https:\/\/github.com\/SalientCRGT\/scrgt-bdso-cc-startup\/commit\/d3426d3c4846f557ee6e9902372918d6c3eb33fa|1 new commit> by Gary Morris",
                "text": "`<https:\/\/github.com\/SalientCRGT\/scrgt-bdso-cc-startup\/commit\/d3426d3c4846f557ee6e9902372918d6c3eb33fa|d3426d3>` Changing block device from \/dev\/sda1 to \/dev\/xvda and fixing postgres for amazon linux - Gary Morris",
                "pretext": "<https:\/\/github.com\/SalientCRGT\/scrgt-bdso-cc-startup\/tree\/amazon-ami|[scrgt-bdso-cc-startup:amazon-ami]> 1 new commit by Gary Morris:",
                "id": 1,
                "color": "4183C4",
                "mrkdwn_in": [
                    "text",
                    "pretext"
                ]
            }
        ]
    },
    {
        "type": "message",
        "subtype": "bot_message",
        "text": "",
        "ts": "1567365072.004100",
        "bot_id": "BMPMA7GPJ",
        "attachments": [
            {
                "fallback": "<https:\/\/github.com\/SalientCRGT\/scrgt-bdso-cc-startup\/tree\/amazon-ami|[scrgt-bdso-cc-startup:amazon-ami]> <https:\/\/github.com\/SalientCRGT\/scrgt-bdso-cc-startup\/commit\/272892fe533cf169ecc9fcb4cd1cf04f866ad1b7|1 new commit> by Gary Morris",
                "text": "`<https:\/\/github.com\/SalientCRGT\/scrgt-bdso-cc-startup\/commit\/272892fe533cf169ecc9fcb4cd1cf04f866ad1b7|272892f>` Adding amazon-linux-extras for successful openjdk11 install - Gary Morris",
                "pretext": "<https:\/\/github.com\/SalientCRGT\/scrgt-bdso-cc-startup\/tree\/amazon-ami|[scrgt-bdso-cc-startup:amazon-ami]> 1 new commit by Gary Morris:",
                "id": 1,
                "color": "4183C4",
                "mrkdwn_in": [
                    "text",
                    "pretext"
                ]
            }
        ]
    },
    {
        "type": "message",
        "subtype": "bot_message",
        "text": "",
        "ts": "1567366051.004200",
        "bot_id": "BMPMA7GPJ",
        "attachments": [
            {
                "fallback": "<https:\/\/github.com\/SalientCRGT\/scrgt-bdso-cc-startup\/tree\/automation-es-emr|[scrgt-bdso-cc-startup:automation-es-emr]> <https:\/\/github.com\/SalientCRGT\/scrgt-bdso-cc-startup\/commit\/6ed078fd1c42274817e72e3c816e7d0c5ce94816|1 new commit> by Vijay S Deshmukh",
                "text": "`<https:\/\/github.com\/SalientCRGT\/scrgt-bdso-cc-startup\/commit\/6ed078fd1c42274817e72e3c816e7d0c5ce94816|6ed078f>` added code for EMR custer creation. Testing. - Vijay S Deshmukh",
                "pretext": "<https:\/\/github.com\/SalientCRGT\/scrgt-bdso-cc-startup\/tree\/automation-es-emr|[scrgt-bdso-cc-startup:automation-es-emr]> 1 new commit by Vijay S Deshmukh:",
                "id": 1,
                "color": "4183C4",
                "mrkdwn_in": [
                    "text",
                    "pretext"
                ]
            }
        ]
    },
    {
        "type": "message",
        "subtype": "bot_message",
        "text": "",
        "ts": "1567366221.004300",
        "bot_id": "BMPMA7GPJ",
        "attachments": [
            {
                "fallback": "<https:\/\/github.com\/SalientCRGT\/scrgt-bdso-cc-startup\/tree\/amazon-ami|[scrgt-bdso-cc-startup:amazon-ami]> <https:\/\/github.com\/SalientCRGT\/scrgt-bdso-cc-startup\/commit\/2fbdff2f51acd4573be1745654af32743b4f6b55|1 new commit> by Gary Morris",
                "text": "`<https:\/\/github.com\/SalientCRGT\/scrgt-bdso-cc-startup\/commit\/2fbdff2f51acd4573be1745654af32743b4f6b55|2fbdff2>` Edited sonar db manipulation to match amazon-linux-ami intallation of pgsql - Gary Morris",
                "pretext": "<https:\/\/github.com\/SalientCRGT\/scrgt-bdso-cc-startup\/tree\/amazon-ami|[scrgt-bdso-cc-startup:amazon-ami]> 1 new commit by Gary Morris:",
                "id": 1,
                "color": "4183C4",
                "mrkdwn_in": [
                    "text",
                    "pretext"
                ]
            }
        ]
    },
    {
        "type": "message",
        "subtype": "bot_message",
        "text": "",
        "ts": "1567368879.004400",
        "bot_id": "BMPMA7GPJ",
        "attachments": [
            {
                "fallback": "<https:\/\/github.com\/SalientCRGT\/scrgt-bdso-cc-startup\/tree\/automation-es-emr|[scrgt-bdso-cc-startup:automation-es-emr]> <https:\/\/github.com\/SalientCRGT\/scrgt-bdso-cc-startup\/commit\/d69d6de5cc6dc43477bee021b9c044f49bf5a395|1 new commit> by Vijay S Deshmukh",
                "text": "`<https:\/\/github.com\/SalientCRGT\/scrgt-bdso-cc-startup\/commit\/d69d6de5cc6dc43477bee021b9c044f49bf5a395|d69d6de>` Testing emr. need to pass capabiities. - Vijay S Deshmukh",
                "pretext": "<https:\/\/github.com\/SalientCRGT\/scrgt-bdso-cc-startup\/tree\/automation-es-emr|[scrgt-bdso-cc-startup:automation-es-emr]> 1 new commit by Vijay S Deshmukh:",
                "id": 1,
                "color": "4183C4",
                "mrkdwn_in": [
                    "text",
                    "pretext"
                ]
            }
        ]
    },
    {
        "type": "message",
        "subtype": "bot_message",
        "text": "",
        "ts": "1567368996.004500",
        "bot_id": "BMPMA7GPJ",
        "attachments": [
            {
                "fallback": "<https:\/\/github.com\/SalientCRGT\/scrgt-bdso-cc-startup\/tree\/pipeline-shawn|[scrgt-bdso-cc-startup:pipeline-shawn]> <https:\/\/github.com\/SalientCRGT\/scrgt-bdso-cc-startup\/compare\/6ad7807efaf4...f4042709593f|31 new commits> by Vijay S Deshmukh and 3 others",
                "text": "`<https:\/\/github.com\/SalientCRGT\/scrgt-bdso-cc-startup\/commit\/4df81f7589efd465f2f18d2af23507c8e28c29eb|4df81f7>` Changed rolesnames to prefix with SCRD_BDSO_ - Vijay S Deshmukh\n `<https:\/\/github.com\/SalientCRGT\/scrgt-bdso-cc-startup\/commit\/b1203f305c595df797884dc5085ea670210f682f|b1203f3>` Merge branch 'bdso-dev' of <https:\/\/github.com\/SalientCRGT\/scrgt-bdso-cc-startup> into bdso-dev - Vijay S Deshmukh\n `<https:\/\/github.com\/SalientCRGT\/scrgt-bdso-cc-startup\/commit\/33037a663194a3e9eca35094ef4c4f7fc36f63be|33037a6>` added functions to create elasticsearch cluster - Vijay S Deshmukh\n `<https:\/\/github.com\/SalientCRGT\/scrgt-bdso-cc-startup\/commit\/cede2330b3d539fabaa17d603cbcdafecc41a133|cede233>` Updated code after tetsing to pass region and set output endpoint for elastic search - Vijay S Deshmukh\n `<https:\/\/github.com\/SalientCRGT\/scrgt-bdso-cc-startup\/commit\/a0459a367ca8773182451fd9342142b6110655c0|a0459a3>` Merge branch 'bdso-dev' of <https:\/\/github.com\/SalientCRGT\/scrgt-bdso-cc-startup> into bdso-dev - Vijay S Deshmukh\n `<https:\/\/github.com\/SalientCRGT\/scrgt-bdso-cc-startup\/commit\/ab30681e0cc20c525b17d77b2b15fb5787238ab3|ab30681>` removed dup output def of tools-vpc var - Vijay S Deshmukh\n `<https:\/\/github.com\/SalientCRGT\/scrgt-bdso-cc-startup\/commit\/8e18b102da2c1b41a372383ed67ca09a5aa48056|8e18b10>` removed single quotes and replaced with double for variable name in output - Vijay S Deshmukh\n `<https:\/\/github.com\/SalientCRGT\/scrgt-bdso-cc-startup\/commit\/9ba7b3c0a31bdf9e28be7225b17faf4974c102b7|9ba7b3c>` added path for elasticsearch yaml file - Vijay S Deshmukh\n `<https:\/\/github.com\/SalientCRGT\/scrgt-bdso-cc-startup\/commit\/83c94eb5b40a6bd48be969e5f8df5054634b30f3|83c94eb>` renamed elasticsearch folder to elasticsearch-emr. This way same S3 bucket references can be used by both. - Vijay S Deshmukh\n `<https:\/\/github.com\/SalientCRGT\/scrgt-bdso-cc-startup\/commit\/85ba9d070af74aaa40aa6c1d1b1604900adcd510|85ba9d0>` Merge pull request #12 from SalientCRGT\/automation-es-emr - gwmorris\n `<https:\/\/github.com\/SalientCRGT\/scrgt-bdso-cc-startup\/commit\/91158077f0715a00bc0a0be3a1ac24ab9af9905e|9115807>` passing bdso-dev to cfn so elasticsearch is created for dev - Vijay S Deshmukh\n `<https:\/\/github.com\/SalientCRGT\/scrgt-bdso-cc-startup\/commit\/9dcb27db43cb1829981ef5b502f75713bf33843f|9dcb27d>` added elasticsearch endpoint to parameter store ecrypted - Vijay S Deshmukh\n `<https:\/\/github.com\/SalientCRGT\/scrgt-bdso-cc-startup\/commit\/b753d9bcce04cf9de8b44220d4fc0e921e9cd326|b753d9b>` updated start template to clone from develop instead of bdso-dev branch - Vijay S Deshmukh\n `<https:\/\/github.com\/SalientCRGT\/scrgt-bdso-cc-startup\/commit\/a2d09998bfd3e4badf5477300a56363d4f258072|a2d0999>` Merge pull request #13 from SalientCRGT\/update-clone-branch-fo-develop - gwmorris\n `<https:\/\/github.com\/SalientCRGT\/scrgt-bdso-cc-startup\/commit\/856f2366fe35a6dd8efc371e36f46c4a93908ca1|856f236>` added creation of local secrets file for openshift reg - Vijay S Deshmukh\n `<https:\/\/github.com\/SalientCRGT\/scrgt-bdso-cc-startup\/commit\/5590167060223471734fb5ef28880686b797c496|5590167>` updated parh to module es - Vijay S Deshmukh\n `<https:\/\/github.com\/SalientCRGT\/scrgt-bdso-cc-startup\/commit\/a5992f409413628a09e2a05979aa5a6bbd3de8cb|a5992f4>` append vpc id to s3 bucket - Vijay S Deshmukh\n `<https:\/\/github.com\/SalientCRGT\/scrgt-bdso-cc-startup\/commit\/1202f75c939ee496884ae93e618586ad3551f2ac|1202f75>` created folder secretfiles under ocp-setup. This folder will have the secret files to be added to openshift - Vijay S Deshmukh\n `<https:\/\/github.com\/SalientCRGT\/scrgt-bdso-cc-startup\/commit\/c736482540434fea8539d4324596dd3a8b7aab1a|c736482>` removed extra double quote - Vijay S Deshmukh\n `<https:\/\/github.com\/SalientCRGT\/scrgt-bdso-cc-startup\/commit\/522eacb20e8b3408be1ed0194516491062e38ffd|522eacb>` Merge pull request #14 from SalientCRGT\/automation-es-emr - gwmorris\n `<https:\/\/github.com\/SalientCRGT\/scrgt-bdso-cc-startup\/commit\/37633558037f661f5518a1bc634138eb1299655a|3763355>` Merge branch 'develop' into automation-es-emr - Vijay S Deshmukh\n `<https:\/\/github.com\/SalientCRGT\/scrgt-bdso-cc-startup\/commit\/8ad61905e4b53b0e228e0316acfc43d6e631c1bb|8ad6190>` enabled ocp setup. it was commented for my dev\/test for elasticsearch - Vijay S Deshmukh\n `<https:\/\/github.com\/SalientCRGT\/scrgt-bdso-cc-startup\/commit\/fb5a743b9ee23f33c7ebf2da791568221d3ea3a9|fb5a743>` added env parameter - Vijay S Deshmukh\n `<https:\/\/github.com\/SalientCRGT\/scrgt-bdso-cc-startup\/commit\/65239bb6cac9f17b025d787e830746184e2ef0da|65239bb>` updated missing quote - Vijay S Deshmukh\n `<https:\/\/github.com\/SalientCRGT\/scrgt-bdso-cc-startup\/commit\/7f4c1af7c3e4739829396bc62267da58f8399d31|7f4c1af>` commented ocp processing to test emr and es - Vijay S Deshmukh\n `<https:\/\/github.com\/SalientCRGT\/scrgt-bdso-cc-startup\/commit\/e0b542de32875fc7f7dcf81328551b0f75f95a45|e0b542d>` uncomment ocp - Vijay S Deshmukh\n `<https:\/\/github.com\/SalientCRGT\/scrgt-bdso-cc-startup\/commit\/5b36e055006a27e92a0b36844a659812ddce9dea|5b36e05>` uncomment ocp - Vijay S Deshmukh\n `<https:\/\/github.com\/SalientCRGT\/scrgt-bdso-cc-startup\/commit\/a26977563c92ba10d2d80290070a5e77a8e51a5d|a269775>` re-enabled ocp-setup - Vijay S Deshmukh\n `<https:\/\/github.com\/SalientCRGT\/scrgt-bdso-cc-startup\/commit\/b6f1c1ae83887a1b7a1ce14b24c8fb11296db78d|b6f1c1a>` Merge pull request #15 from SalientCRGT\/automation-es-emr - vjdeshmukhgit\n `<https:\/\/github.com\/SalientCRGT\/scrgt-bdso-cc-startup\/commit\/6f77b30bf75adc6795c67c04926004bc8531dee6|6f77b30>` Merge pull request #6 from SalientCRGT\/cfn-fix-rolename - vjdeshmukhgit\n `<https:\/\/github.com\/SalientCRGT\/scrgt-bdso-cc-startup\/commit\/f4042709593f040b9ba1c88e3a6a7180f745bea5|f404270>` Merge branch 'develop' into pipeline-shawn - Shawn Lassiter",
                "pretext": "<https:\/\/github.com\/SalientCRGT\/scrgt-bdso-cc-startup\/tree\/pipeline-shawn|[scrgt-bdso-cc-startup:pipeline-shawn]> <https:\/\/github.com\/SalientCRGT\/scrgt-bdso-cc-startup\/compare\/6ad7807efaf4...f4042709593f|31 new commits> by Vijay S Deshmukh and 3 others:",
                "id": 1,
                "color": "4183C4",
                "mrkdwn_in": [
                    "text",
                    "pretext"
                ]
            }
        ]
    },
    {
        "type": "message",
        "subtype": "bot_message",
        "text": "",
        "ts": "1567369024.004600",
        "bot_id": "BMPMA7GPJ",
        "attachments": [
            {
                "fallback": "<https:\/\/github.com\/SalientCRGT\/scrgt-bdso-cc-startup\/tree\/develop|[scrgt-bdso-cc-startup:develop]> <https:\/\/github.com\/SalientCRGT\/scrgt-bdso-cc-startup\/compare\/6f77b30bf75a...cab23e4daaa2|8 new commits> by Shawn Lassiter",
                "text": "`<https:\/\/github.com\/SalientCRGT\/scrgt-bdso-cc-startup\/commit\/224e96eaa0c040e9358d0ac4b20a2e3cbaa3a048|224e96e>` database config and openshift secrets files - Shawn Lassiter\n `<https:\/\/github.com\/SalientCRGT\/scrgt-bdso-cc-startup\/commit\/b4e1acd521c8972c2c6633bacc827d2d7ef24cf9|b4e1acd>` Merge branch 'bdso-dev' of github.com:SalientCRGT\/scrgt-bdso-cc-startup into pipeline-shawn - Shawn Lassiter\n `<https:\/\/github.com\/SalientCRGT\/scrgt-bdso-cc-startup\/commit\/c1467f985135fedea9f88dd7aaf26eee25014c69|c1467f9>` db integration - Shawn Lassiter\n `<https:\/\/github.com\/SalientCRGT\/scrgt-bdso-cc-startup\/commit\/a3409076724d4d9769e566db8e413648c0777d09|a340907>` removed key gen as we are not using it anymore - Shawn Lassiter\n `<https:\/\/github.com\/SalientCRGT\/scrgt-bdso-cc-startup\/commit\/38a1c1e0c609aec3a283097271aeb7d18d82b25e|38a1c1e>` jenkins fixes - Shawn Lassiter\n `<https:\/\/github.com\/SalientCRGT\/scrgt-bdso-cc-startup\/commit\/6ad7807efaf4d0322daf66c6d42d0456ae5c08b0|6ad7807>` lets just be silly with the timeout - Shawn Lassiter\n `<https:\/\/github.com\/SalientCRGT\/scrgt-bdso-cc-startup\/commit\/f4042709593f040b9ba1c88e3a6a7180f745bea5|f404270>` Merge branch 'develop' into pipeline-shawn - Shawn Lassiter\n `<https:\/\/github.com\/SalientCRGT\/scrgt-bdso-cc-startup\/commit\/cab23e4daaa2428d8ebf07713876e1005e02e378|cab23e4>` Merge pull request #11 from SalientCRGT\/pipeline-shawn - Shawn Lassiter",
                "pretext": "<https:\/\/github.com\/SalientCRGT\/scrgt-bdso-cc-startup\/tree\/develop|[scrgt-bdso-cc-startup:develop]> <https:\/\/github.com\/SalientCRGT\/scrgt-bdso-cc-startup\/compare\/6f77b30bf75a...cab23e4daaa2|8 new commits> by Shawn Lassiter:",
                "id": 1,
                "color": "4183C4",
                "mrkdwn_in": [
                    "text",
                    "pretext"
                ]
            }
        ]
    },
    {
        "type": "message",
        "subtype": "bot_message",
        "text": "",
        "ts": "1567374118.004700",
        "bot_id": "BMPMA7GPJ",
        "attachments": [
            {
                "fallback": "<https:\/\/github.com\/SalientCRGT\/scrgt-bdso-cc-startup\/tree\/amazon-ami|[scrgt-bdso-cc-startup:amazon-ami]> <https:\/\/github.com\/SalientCRGT\/scrgt-bdso-cc-startup\/compare\/2fbdff2f51ac...55d68efe5e2e|30 new commits> by Vijay S Deshmukh and 3 others",
                "text": "`<https:\/\/github.com\/SalientCRGT\/scrgt-bdso-cc-startup\/commit\/4df81f7589efd465f2f18d2af23507c8e28c29eb|4df81f7>` Changed rolesnames to prefix with SCRD_BDSO_ - Vijay S Deshmukh\n `<https:\/\/github.com\/SalientCRGT\/scrgt-bdso-cc-startup\/commit\/224e96eaa0c040e9358d0ac4b20a2e3cbaa3a048|224e96e>` database config and openshift secrets files - Shawn Lassiter\n `<https:\/\/github.com\/SalientCRGT\/scrgt-bdso-cc-startup\/commit\/b4e1acd521c8972c2c6633bacc827d2d7ef24cf9|b4e1acd>` Merge branch 'bdso-dev' of github.com:SalientCRGT\/scrgt-bdso-cc-startup into pipeline-shawn - Shawn Lassiter\n `<https:\/\/github.com\/SalientCRGT\/scrgt-bdso-cc-startup\/commit\/c1467f985135fedea9f88dd7aaf26eee25014c69|c1467f9>` db integration - Shawn Lassiter\n `<https:\/\/github.com\/SalientCRGT\/scrgt-bdso-cc-startup\/commit\/a3409076724d4d9769e566db8e413648c0777d09|a340907>` removed key gen as we are not using it anymore - Shawn Lassiter\n `<https:\/\/github.com\/SalientCRGT\/scrgt-bdso-cc-startup\/commit\/38a1c1e0c609aec3a283097271aeb7d18d82b25e|38a1c1e>` jenkins fixes - Shawn Lassiter\n `<https:\/\/github.com\/SalientCRGT\/scrgt-bdso-cc-startup\/commit\/6ad7807efaf4d0322daf66c6d42d0456ae5c08b0|6ad7807>` lets just be silly with the timeout - Shawn Lassiter\n `<https:\/\/github.com\/SalientCRGT\/scrgt-bdso-cc-startup\/commit\/91158077f0715a00bc0a0be3a1ac24ab9af9905e|9115807>` passing bdso-dev to cfn so elasticsearch is created for dev - Vijay S Deshmukh\n `<https:\/\/github.com\/SalientCRGT\/scrgt-bdso-cc-startup\/commit\/9dcb27db43cb1829981ef5b502f75713bf33843f|9dcb27d>` added elasticsearch endpoint to parameter store ecrypted - Vijay S Deshmukh\n `<https:\/\/github.com\/SalientCRGT\/scrgt-bdso-cc-startup\/commit\/b753d9bcce04cf9de8b44220d4fc0e921e9cd326|b753d9b>` updated start template to clone from develop instead of bdso-dev branch - Vijay S Deshmukh\n `<https:\/\/github.com\/SalientCRGT\/scrgt-bdso-cc-startup\/commit\/a2d09998bfd3e4badf5477300a56363d4f258072|a2d0999>` Merge pull request #13 from SalientCRGT\/update-clone-branch-fo-develop - gwmorris\n `<https:\/\/github.com\/SalientCRGT\/scrgt-bdso-cc-startup\/commit\/856f2366fe35a6dd8efc371e36f46c4a93908ca1|856f236>` added creation of local secrets file for openshift reg - Vijay S Deshmukh\n `<https:\/\/github.com\/SalientCRGT\/scrgt-bdso-cc-startup\/commit\/5590167060223471734fb5ef28880686b797c496|5590167>` updated parh to module es - Vijay S Deshmukh\n `<https:\/\/github.com\/SalientCRGT\/scrgt-bdso-cc-startup\/commit\/a5992f409413628a09e2a05979aa5a6bbd3de8cb|a5992f4>` append vpc id to s3 bucket - Vijay S Deshmukh\n `<https:\/\/github.com\/SalientCRGT\/scrgt-bdso-cc-startup\/commit\/1202f75c939ee496884ae93e618586ad3551f2ac|1202f75>` created folder secretfiles under ocp-setup. This folder will have the secret files to be added to openshift - Vijay S Deshmukh\n `<https:\/\/github.com\/SalientCRGT\/scrgt-bdso-cc-startup\/commit\/c736482540434fea8539d4324596dd3a8b7aab1a|c736482>` removed extra double quote - Vijay S Deshmukh\n `<https:\/\/github.com\/SalientCRGT\/scrgt-bdso-cc-startup\/commit\/522eacb20e8b3408be1ed0194516491062e38ffd|522eacb>` Merge pull request #14 from SalientCRGT\/automation-es-emr - gwmorris\n `<https:\/\/github.com\/SalientCRGT\/scrgt-bdso-cc-startup\/commit\/37633558037f661f5518a1bc634138eb1299655a|3763355>` Merge branch 'develop' into automation-es-emr - Vijay S Deshmukh\n `<https:\/\/github.com\/SalientCRGT\/scrgt-bdso-cc-startup\/commit\/8ad61905e4b53b0e228e0316acfc43d6e631c1bb|8ad6190>` enabled ocp setup. it was commented for my dev\/test for elasticsearch - Vijay S Deshmukh\n `<https:\/\/github.com\/SalientCRGT\/scrgt-bdso-cc-startup\/commit\/fb5a743b9ee23f33c7ebf2da791568221d3ea3a9|fb5a743>` added env parameter - Vijay S Deshmukh\n `<https:\/\/github.com\/SalientCRGT\/scrgt-bdso-cc-startup\/commit\/65239bb6cac9f17b025d787e830746184e2ef0da|65239bb>` updated missing quote - Vijay S Deshmukh\n `<https:\/\/github.com\/SalientCRGT\/scrgt-bdso-cc-startup\/commit\/7f4c1af7c3e4739829396bc62267da58f8399d31|7f4c1af>` commented ocp processing to test emr and es - Vijay S Deshmukh\n `<https:\/\/github.com\/SalientCRGT\/scrgt-bdso-cc-startup\/commit\/e0b542de32875fc7f7dcf81328551b0f75f95a45|e0b542d>` uncomment ocp - Vijay S Deshmukh\n `<https:\/\/github.com\/SalientCRGT\/scrgt-bdso-cc-startup\/commit\/5b36e055006a27e92a0b36844a659812ddce9dea|5b36e05>` uncomment ocp - Vijay S Deshmukh\n `<https:\/\/github.com\/SalientCRGT\/scrgt-bdso-cc-startup\/commit\/a26977563c92ba10d2d80290070a5e77a8e51a5d|a269775>` re-enabled ocp-setup - Vijay S Deshmukh\n `<https:\/\/github.com\/SalientCRGT\/scrgt-bdso-cc-startup\/commit\/b6f1c1ae83887a1b7a1ce14b24c8fb11296db78d|b6f1c1a>` Merge pull request #15 from SalientCRGT\/automation-es-emr - vjdeshmukhgit\n `<https:\/\/github.com\/SalientCRGT\/scrgt-bdso-cc-startup\/commit\/6f77b30bf75adc6795c67c04926004bc8531dee6|6f77b30>` Merge pull request #6 from SalientCRGT\/cfn-fix-rolename - vjdeshmukhgit\n `<https:\/\/github.com\/SalientCRGT\/scrgt-bdso-cc-startup\/commit\/f4042709593f040b9ba1c88e3a6a7180f745bea5|f404270>` Merge branch 'develop' into pipeline-shawn - Shawn Lassiter\n `<https:\/\/github.com\/SalientCRGT\/scrgt-bdso-cc-startup\/commit\/cab23e4daaa2428d8ebf07713876e1005e02e378|cab23e4>` Merge pull request #11 from SalientCRGT\/pipeline-shawn - Shawn Lassiter\n `<https:\/\/github.com\/SalientCRGT\/scrgt-bdso-cc-startup\/commit\/55d68efe5e2edee419a0d347dc3d70e473fe0f50|55d68ef>` Merge branch 'develop' into amazon-ami - Shawn Lassiter",
                "pretext": "<https:\/\/github.com\/SalientCRGT\/scrgt-bdso-cc-startup\/tree\/amazon-ami|[scrgt-bdso-cc-startup:amazon-ami]> <https:\/\/github.com\/SalientCRGT\/scrgt-bdso-cc-startup\/compare\/2fbdff2f51ac...55d68efe5e2e|30 new commits> by Vijay S Deshmukh and 3 others:",
                "id": 1,
                "color": "4183C4",
                "mrkdwn_in": [
                    "text",
                    "pretext"
                ]
            }
        ]
    },
    {
        "type": "message",
        "subtype": "bot_message",
        "text": "",
        "ts": "1567376935.004800",
        "bot_id": "BMPMA7GPJ",
        "attachments": [
            {
                "fallback": "<https:\/\/github.com\/SalientCRGT\/scrgt-bdso-cc-startup\/tree\/pipeline-shawn|[scrgt-bdso-cc-startup:pipeline-shawn]> <https:\/\/github.com\/SalientCRGT\/scrgt-bdso-cc-startup\/compare\/f4042709593f...164dd047c8ca|3 new commits> by Shawn Lassiter",
                "text": "`<https:\/\/github.com\/SalientCRGT\/scrgt-bdso-cc-startup\/commit\/cab23e4daaa2428d8ebf07713876e1005e02e378|cab23e4>` Merge pull request #11 from SalientCRGT\/pipeline-shawn - Shawn Lassiter\n `<https:\/\/github.com\/SalientCRGT\/scrgt-bdso-cc-startup\/commit\/85711dfa506e2692bb55d3aff15381664f40fc4a|85711df>` jenkins fixes - Shawn Lassiter\n `<https:\/\/github.com\/SalientCRGT\/scrgt-bdso-cc-startup\/commit\/164dd047c8ca26fd5aed740293dcef4c7bb0c452|164dd04>` Merge branch 'develop' of github.com:SalientCRGT\/scrgt-bdso-cc-startup into pipeline-shawn - Shawn Lassiter",
                "pretext": "<https:\/\/github.com\/SalientCRGT\/scrgt-bdso-cc-startup\/tree\/pipeline-shawn|[scrgt-bdso-cc-startup:pipeline-shawn]> <https:\/\/github.com\/SalientCRGT\/scrgt-bdso-cc-startup\/compare\/f4042709593f...164dd047c8ca|3 new commits> by Shawn Lassiter:",
                "id": 1,
                "color": "4183C4",
                "mrkdwn_in": [
                    "text",
                    "pretext"
                ]
            }
        ]
    },
    {
        "type": "message",
        "subtype": "bot_message",
        "text": "",
        "ts": "1567379432.004900",
        "bot_id": "BMPMA7GPJ",
        "attachments": [
            {
                "fallback": "<https:\/\/github.com\/SalientCRGT\/scrgt-bdso-cc-startup\/tree\/pipeline-shawn|[scrgt-bdso-cc-startup:pipeline-shawn]> <https:\/\/github.com\/SalientCRGT\/scrgt-bdso-cc-startup\/commit\/8f9a9eaf32e1f16678831de3b5ee8a226d0dd5cc|1 new commit> by Shawn Lassiter",
                "text": "`<https:\/\/github.com\/SalientCRGT\/scrgt-bdso-cc-startup\/commit\/8f9a9eaf32e1f16678831de3b5ee8a226d0dd5cc|8f9a9ea>` path+extra config - Shawn Lassiter",
                "pretext": "<https:\/\/github.com\/SalientCRGT\/scrgt-bdso-cc-startup\/tree\/pipeline-shawn|[scrgt-bdso-cc-startup:pipeline-shawn]> 1 new commit by Shawn Lassiter:",
                "id": 1,
                "color": "4183C4",
                "mrkdwn_in": [
                    "text",
                    "pretext"
                ]
            }
        ]
    },
    {
        "type": "message",
        "subtype": "bot_message",
        "text": "",
        "ts": "1567386800.005000",
        "bot_id": "BMPMA7GPJ",
        "attachments": [
            {
                "fallback": "<https:\/\/github.com\/SalientCRGT\/scrgt-bdso-cc-startup\/tree\/amazon-ami|[scrgt-bdso-cc-startup:amazon-ami]> <https:\/\/github.com\/SalientCRGT\/scrgt-bdso-cc-startup\/commit\/8239b9582a95f3c499298cb56e571349709e87c6|1 new commit> by Gary Morris",
                "text": "`<https:\/\/github.com\/SalientCRGT\/scrgt-bdso-cc-startup\/commit\/8239b9582a95f3c499298cb56e571349709e87c6|8239b95>` Swap out variable centos_ami for base_ami - Gary Morris",
                "pretext": "<https:\/\/github.com\/SalientCRGT\/scrgt-bdso-cc-startup\/tree\/amazon-ami|[scrgt-bdso-cc-startup:amazon-ami]> 1 new commit by Gary Morris:",
                "id": 1,
                "color": "4183C4",
                "mrkdwn_in": [
                    "text",
                    "pretext"
                ]
            }
        ]
    },
    {
        "type": "message",
        "subtype": "bot_message",
        "text": "",
        "ts": "1567388123.005100",
        "bot_id": "BMPMA7GPJ",
        "attachments": [
            {
                "fallback": "<https:\/\/github.com\/SalientCRGT\/scrgt-bdso-cc-startup\/tree\/develop|[scrgt-bdso-cc-startup:develop]> <https:\/\/github.com\/SalientCRGT\/scrgt-bdso-cc-startup\/compare\/cab23e4daaa2...86613477e019|10 new commits> by Gary Morris and 1 other",
                "text": "`<https:\/\/github.com\/SalientCRGT\/scrgt-bdso-cc-startup\/commit\/7151bbf48de773cc9506caf8b845ded6ab7ee4b9|7151bbf>` Made updates to use Amazon Linux AMI2 instead of CentOS marketplace AMI - Gary Morris\n `<https:\/\/github.com\/SalientCRGT\/scrgt-bdso-cc-startup\/commit\/a6c3f416d5afd5f29763d82c10a4c2134ebb4e14|a6c3f41>` Change AMI from ARM. changing -u centos to ec2-user in ansible provisioner - Gary Morris\n `<https:\/\/github.com\/SalientCRGT\/scrgt-bdso-cc-startup\/commit\/d29635aecbb6513e4630a9cd2a57181d8505d65b|d29635a>` Changing centos user to ec2-user - Gary Morris\n `<https:\/\/github.com\/SalientCRGT\/scrgt-bdso-cc-startup\/commit\/8b6661e0c609ac14de6929fe1d40e1fc25e34493|8b6661e>` Change block device names from \/dev\/sda1 to \/dev\/nvme0n1p1 - Gary Morris\n `<https:\/\/github.com\/SalientCRGT\/scrgt-bdso-cc-startup\/commit\/d3426d3c4846f557ee6e9902372918d6c3eb33fa|d3426d3>` Changing block device from \/dev\/sda1 to \/dev\/xvda and fixing postgres for amazon linux - Gary Morris\n `<https:\/\/github.com\/SalientCRGT\/scrgt-bdso-cc-startup\/commit\/272892fe533cf169ecc9fcb4cd1cf04f866ad1b7|272892f>` Adding amazon-linux-extras for successful openjdk11 install - Gary Morris\n `<https:\/\/github.com\/SalientCRGT\/scrgt-bdso-cc-startup\/commit\/2fbdff2f51acd4573be1745654af32743b4f6b55|2fbdff2>` Edited sonar db manipulation to match amazon-linux-ami intallation of pgsql - Gary Morris\n `<https:\/\/github.com\/SalientCRGT\/scrgt-bdso-cc-startup\/commit\/55d68efe5e2edee419a0d347dc3d70e473fe0f50|55d68ef>` Merge branch 'develop' into amazon-ami - Shawn Lassiter\n `<https:\/\/github.com\/SalientCRGT\/scrgt-bdso-cc-startup\/commit\/8239b9582a95f3c499298cb56e571349709e87c6|8239b95>` Swap out variable centos_ami for base_ami - Gary Morris\n `<https:\/\/github.com\/SalientCRGT\/scrgt-bdso-cc-startup\/commit\/86613477e019292bdf16f788dceb45c9f8b79a2a|8661347>` Merge pull request #17 from SalientCRGT\/amazon-ami - Shawn Lassiter",
                "pretext": "<https:\/\/github.com\/SalientCRGT\/scrgt-bdso-cc-startup\/tree\/develop|[scrgt-bdso-cc-startup:develop]> <https:\/\/github.com\/SalientCRGT\/scrgt-bdso-cc-startup\/compare\/cab23e4daaa2...86613477e019|10 new commits> by Gary Morris and 1 other:",
                "id": 1,
                "color": "4183C4",
                "mrkdwn_in": [
                    "text",
                    "pretext"
                ]
            }
        ]
    },
    {
        "type": "message",
        "subtype": "bot_message",
        "text": "",
        "ts": "1567388975.005200",
        "bot_id": "BMPMA7GPJ",
        "attachments": [
            {
                "fallback": "<https:\/\/github.com\/SalientCRGT\/scrgt-bdso-cc-startup\/tree\/automation-es-emr|[scrgt-bdso-cc-startup:automation-es-emr]> <https:\/\/github.com\/SalientCRGT\/scrgt-bdso-cc-startup\/commit\/3b698f1254303b745de36b4cbad0f3f6daa14978|1 new commit> by Vijay S Deshmukh",
                "text": "`<https:\/\/github.com\/SalientCRGT\/scrgt-bdso-cc-startup\/commit\/3b698f1254303b745de36b4cbad0f3f6daa14978|3b698f1>` testing ES for dev and test env's - Vijay S Deshmukh",
                "pretext": "<https:\/\/github.com\/SalientCRGT\/scrgt-bdso-cc-startup\/tree\/automation-es-emr|[scrgt-bdso-cc-startup:automation-es-emr]> 1 new commit by Vijay S Deshmukh:",
                "id": 1,
                "color": "4183C4",
                "mrkdwn_in": [
                    "text",
                    "pretext"
                ]
            }
        ]
    },
    {
        "type": "message",
        "subtype": "bot_message",
        "text": "",
        "ts": "1567389697.005300",
        "bot_id": "BMPMA7GPJ",
        "attachments": [
            {
                "fallback": "<https:\/\/github.com\/SalientCRGT\/scrgt-bdso-cc-startup\/tree\/automation-es-emr|[scrgt-bdso-cc-startup:automation-es-emr]> <https:\/\/github.com\/SalientCRGT\/scrgt-bdso-cc-startup\/commit\/4c8ef9c5bb14e33dd45b47e1baec42062eb10576|1 new commit> by Vijay S Deshmukh",
                "text": "`<https:\/\/github.com\/SalientCRGT\/scrgt-bdso-cc-startup\/commit\/4c8ef9c5bb14e33dd45b47e1baec42062eb10576|4c8ef9c>` testing ES for dev and test env's. added linked service - Vijay S Deshmukh",
                "pretext": "<https:\/\/github.com\/SalientCRGT\/scrgt-bdso-cc-startup\/tree\/automation-es-emr|[scrgt-bdso-cc-startup:automation-es-emr]> 1 new commit by Vijay S Deshmukh:",
                "id": 1,
                "color": "4183C4",
                "mrkdwn_in": [
                    "text",
                    "pretext"
                ]
            }
        ]
    },
    {
        "type": "message",
        "subtype": "bot_message",
        "text": "",
        "ts": "1567391070.005400",
        "bot_id": "BMPMA7GPJ",
        "attachments": [
            {
                "fallback": "<https:\/\/github.com\/SalientCRGT\/scrgt-bdso-cc-startup\/tree\/automation-es-emr|[scrgt-bdso-cc-startup:automation-es-emr]> <https:\/\/github.com\/SalientCRGT\/scrgt-bdso-cc-startup\/commit\/0aa8c67486d979bbf8009c59e1dbaf84e340e8c0|1 new commit> by Vijay S Deshmukh",
                "text": "`<https:\/\/github.com\/SalientCRGT\/scrgt-bdso-cc-startup\/commit\/0aa8c67486d979bbf8009c59e1dbaf84e340e8c0|0aa8c67>` testing... - Vijay S Deshmukh",
                "pretext": "<https:\/\/github.com\/SalientCRGT\/scrgt-bdso-cc-startup\/tree\/automation-es-emr|[scrgt-bdso-cc-startup:automation-es-emr]> 1 new commit by Vijay S Deshmukh:",
                "id": 1,
                "color": "4183C4",
                "mrkdwn_in": [
                    "text",
                    "pretext"
                ]
            }
        ]
    },
    {
        "type": "message",
        "subtype": "bot_message",
        "text": "",
        "ts": "1567396245.005500",
        "bot_id": "BMPMA7GPJ",
        "attachments": [
            {
                "fallback": "<https:\/\/github.com\/SalientCRGT\/scrgt-bdso-cc-startup\/tree\/automation-es-emr|[scrgt-bdso-cc-startup:automation-es-emr]> <https:\/\/github.com\/SalientCRGT\/scrgt-bdso-cc-startup\/commit\/3fe5274e30b69939338ec7092c8fad79fd590f2f|1 new commit> by Vijay S Deshmukh",
                "text": "`<https:\/\/github.com\/SalientCRGT\/scrgt-bdso-cc-startup\/commit\/3fe5274e30b69939338ec7092c8fad79fd590f2f|3fe5274>` added prod and emr dev. Testing - Vijay S Deshmukh",
                "pretext": "<https:\/\/github.com\/SalientCRGT\/scrgt-bdso-cc-startup\/tree\/automation-es-emr|[scrgt-bdso-cc-startup:automation-es-emr]> 1 new commit by Vijay S Deshmukh:",
                "id": 1,
                "color": "4183C4",
                "mrkdwn_in": [
                    "text",
                    "pretext"
                ]
            }
        ]
    }
]