[
    {
        "type": "message",
        "subtype": "bot_message",
        "text": "",
        "ts": "1566996554.000100",
        "bot_id": "BMPMA7GPJ",
        "attachments": [
            {
                "fallback": "<https:\/\/github.com\/SalientCRGT\/scrgt-bdso-cc-startup\/tree\/pipeline|[scrgt-bdso-cc-startup:pipeline]> <https:\/\/github.com\/SalientCRGT\/scrgt-bdso-cc-startup\/commit\/1c3a1093f1f1c58cc21b0be62820a3e3f4956997|1 new commit> by Shawn Lassiter",
                "text": "`<https:\/\/github.com\/SalientCRGT\/scrgt-bdso-cc-startup\/commit\/1c3a1093f1f1c58cc21b0be62820a3e3f4956997|1c3a109>` password pass-in - Shawn Lassiter",
                "pretext": "<https:\/\/github.com\/SalientCRGT\/scrgt-bdso-cc-startup\/tree\/pipeline|[scrgt-bdso-cc-startup:pipeline]> 1 new commit by Shawn Lassiter:",
                "id": 1,
                "color": "4183C4",
                "mrkdwn_in": [
                    "text",
                    "pretext"
                ]
            }
        ]
    },
    {
        "type": "message",
        "subtype": "bot_message",
        "text": "",
        "ts": "1567032275.000100",
        "bot_id": "BMPMA7GPJ",
        "attachments": [
            {
                "fallback": "<https:\/\/github.com\/SalientCRGT\/scrgt-bdso-cc-startup|[scrgt-bdso-cc-startup]> New branch \"<https:\/\/github.com\/SalientCRGT\/scrgt-bdso-cc-startup\/tree\/ft-deploymentarch|ft-deploymentarch>\" was pushed by amit-techsur",
                "text": "<https:\/\/github.com\/SalientCRGT\/scrgt-bdso-cc-startup|[scrgt-bdso-cc-startup]> New branch \"<https:\/\/github.com\/SalientCRGT\/scrgt-bdso-cc-startup\/tree\/ft-deploymentarch|ft-deploymentarch>\" was pushed by amit-techsur",
                "id": 1,
                "color": "4183C4",
                "mrkdwn_in": [
                    "text",
                    "pretext"
                ]
            }
        ]
    },
    {
        "type": "message",
        "subtype": "bot_message",
        "text": "",
        "ts": "1567044439.000100",
        "bot_id": "BMPMA7GPJ",
        "attachments": [
            {
                "fallback": "<https:\/\/github.com\/SalientCRGT\/scrgt-bdso-cc-startup\/tree\/pipeline|[scrgt-bdso-cc-startup:pipeline]> <https:\/\/github.com\/SalientCRGT\/scrgt-bdso-cc-startup\/compare\/1c3a1093f1f1...e2a550277caa|2 new commits> by Shawn Lassiter",
                "text": "`<https:\/\/github.com\/SalientCRGT\/scrgt-bdso-cc-startup\/commit\/09c5c5313d66ce84eb8a2752b95bddfcf8b3f740|09c5c53>` postgres needed by sonar - Shawn Lassiter\n `<https:\/\/github.com\/SalientCRGT\/scrgt-bdso-cc-startup\/commit\/e2a550277caaea39b319ed0b4f000c1a1a07e33a|e2a5502>` jenkins version lock, cloudflare dns, misc improvements and bugfixes - Shawn Lassiter",
                "pretext": "<https:\/\/github.com\/SalientCRGT\/scrgt-bdso-cc-startup\/tree\/pipeline|[scrgt-bdso-cc-startup:pipeline]> <https:\/\/github.com\/SalientCRGT\/scrgt-bdso-cc-startup\/compare\/1c3a1093f1f1...e2a550277caa|2 new commits> by Shawn Lassiter:",
                "id": 1,
                "color": "4183C4",
                "mrkdwn_in": [
                    "text",
                    "pretext"
                ]
            }
        ]
    },
    {
        "type": "message",
        "subtype": "bot_message",
        "text": "",
        "ts": "1567044669.000200",
        "bot_id": "BMPMA7GPJ",
        "attachments": [
            {
                "fallback": "<https:\/\/github.com\/SalientCRGT\/scrgt-bdso-cc-startup\/tree\/pipeline|[scrgt-bdso-cc-startup:pipeline]> <https:\/\/github.com\/SalientCRGT\/scrgt-bdso-cc-startup\/commit\/d708abdac6d99092dc0cffe33e928bae870c0002|1 new commit> by Shawn Lassiter",
                "text": "`<https:\/\/github.com\/SalientCRGT\/scrgt-bdso-cc-startup\/commit\/d708abdac6d99092dc0cffe33e928bae870c0002|d708abd>` very basic instructions - Shawn Lassiter",
                "pretext": "<https:\/\/github.com\/SalientCRGT\/scrgt-bdso-cc-startup\/tree\/pipeline|[scrgt-bdso-cc-startup:pipeline]> 1 new commit by Shawn Lassiter:",
                "id": 1,
                "color": "4183C4",
                "mrkdwn_in": [
                    "text",
                    "pretext"
                ]
            }
        ]
    },
    {
        "type": "message",
        "subtype": "bot_message",
        "text": "",
        "ts": "1567047587.000300",
        "bot_id": "BMPMA7GPJ",
        "attachments": [
            {
                "fallback": "<https:\/\/github.com\/SalientCRGT\/scrgt-bdso-cc-startup\/tree\/ft-deploymentarch|[scrgt-bdso-cc-startup:ft-deploymentarch]> <https:\/\/github.com\/SalientCRGT\/scrgt-bdso-cc-startup\/commit\/9a64349c51215d8abb77324d0caf080e58482d16|1 new commit> by Amit Yadav",
                "text": "`<https:\/\/github.com\/SalientCRGT\/scrgt-bdso-cc-startup\/commit\/9a64349c51215d8abb77324d0caf080e58482d16|9a64349>` Updated deployment arch - Amit Yadav",
                "pretext": "<https:\/\/github.com\/SalientCRGT\/scrgt-bdso-cc-startup\/tree\/ft-deploymentarch|[scrgt-bdso-cc-startup:ft-deploymentarch]> 1 new commit by Amit Yadav:",
                "id": 1,
                "color": "4183C4",
                "mrkdwn_in": [
                    "text",
                    "pretext"
                ]
            }
        ]
    }
]