[
    {
        "type": "message",
        "subtype": "bot_message",
        "text": "",
        "ts": "1567076871.000100",
        "bot_id": "BMPMA7GPJ",
        "attachments": [
            {
                "fallback": "<https:\/\/github.com\/SalientCRGT\/scrgt-bdso-cc-startup\/tree\/pipeline|[scrgt-bdso-cc-startup:pipeline]> <https:\/\/github.com\/SalientCRGT\/scrgt-bdso-cc-startup\/commit\/1b766b351d43608e1025fbec2dfe1fc6fdbbe721|1 new commit> by Shawn Lassiter",
                "text": "`<https:\/\/github.com\/SalientCRGT\/scrgt-bdso-cc-startup\/commit\/1b766b351d43608e1025fbec2dfe1fc6fdbbe721|1b766b3>` setup instructions update - Shawn Lassiter",
                "pretext": "<https:\/\/github.com\/SalientCRGT\/scrgt-bdso-cc-startup\/tree\/pipeline|[scrgt-bdso-cc-startup:pipeline]> 1 new commit by Shawn Lassiter:",
                "id": 1,
                "color": "4183C4",
                "mrkdwn_in": [
                    "text",
                    "pretext"
                ]
            }
        ]
    },
    {
        "type": "message",
        "subtype": "bot_message",
        "text": "",
        "ts": "1567079566.000100",
        "bot_id": "BMPMA7GPJ",
        "attachments": [
            {
                "fallback": "<https:\/\/github.com\/SalientCRGT\/scrgt-bdso-cc-startup|[scrgt-bdso-cc-startup]> Branch \"pipeline\" was force-pushed to `<https:\/\/github.com\/SalientCRGT\/scrgt-bdso-cc-startup\/commit\/be51749203b63a2b6d0099c3f80bdb8722771c6e|be51749>` by ShawnLassiter. <https:\/\/github.com\/SalientCRGT\/scrgt-bdso-cc-startup\/compare\/1b766b351d43...be51749203b6|Compare changes>",
                "text": "<https:\/\/github.com\/SalientCRGT\/scrgt-bdso-cc-startup|[scrgt-bdso-cc-startup]> Branch \"pipeline\" was force-pushed to `<https:\/\/github.com\/SalientCRGT\/scrgt-bdso-cc-startup\/commit\/be51749203b63a2b6d0099c3f80bdb8722771c6e|be51749>` by ShawnLassiter. <https:\/\/github.com\/SalientCRGT\/scrgt-bdso-cc-startup\/compare\/1b766b351d43...be51749203b6|Compare changes>",
                "id": 1,
                "color": "4183C4"
            }
        ]
    },
    {
        "type": "message",
        "subtype": "bot_message",
        "text": "",
        "ts": "1567079566.000200",
        "bot_id": "BMPMA7GPJ",
        "attachments": [
            {
                "fallback": "<https:\/\/github.com\/SalientCRGT\/scrgt-bdso-cc-startup\/tree\/pipeline|[scrgt-bdso-cc-startup:pipeline]> <https:\/\/github.com\/SalientCRGT\/scrgt-bdso-cc-startup\/commit\/be51749203b63a2b6d0099c3f80bdb8722771c6e|1 new commit> by Shawn Lassiter",
                "text": "`<https:\/\/github.com\/SalientCRGT\/scrgt-bdso-cc-startup\/commit\/be51749203b63a2b6d0099c3f80bdb8722771c6e|be51749>` setup instructions update - Shawn Lassiter",
                "pretext": "<https:\/\/github.com\/SalientCRGT\/scrgt-bdso-cc-startup\/tree\/pipeline|[scrgt-bdso-cc-startup:pipeline]> 1 new commit by Shawn Lassiter:",
                "id": 1,
                "color": "4183C4",
                "mrkdwn_in": [
                    "text",
                    "pretext"
                ]
            }
        ]
    },
    {
        "type": "message",
        "subtype": "bot_message",
        "text": "",
        "ts": "1567080327.000100",
        "bot_id": "BMPMA7GPJ",
        "attachments": [
            {
                "fallback": "<https:\/\/github.com\/SalientCRGT\/scrgt-bdso-cc-startup\/tree\/pipeline|[scrgt-bdso-cc-startup:pipeline]> <https:\/\/github.com\/SalientCRGT\/scrgt-bdso-cc-startup\/commit\/6f9de4b743a3af66b1413bf513b39c11bd967f42|1 new commit> by Shawn Lassiter",
                "text": "`<https:\/\/github.com\/SalientCRGT\/scrgt-bdso-cc-startup\/commit\/6f9de4b743a3af66b1413bf513b39c11bd967f42|6f9de4b>` removing neptune from main source until bug resolution - Shawn Lassiter",
                "pretext": "<https:\/\/github.com\/SalientCRGT\/scrgt-bdso-cc-startup\/tree\/pipeline|[scrgt-bdso-cc-startup:pipeline]> 1 new commit by Shawn Lassiter:",
                "id": 1,
                "color": "4183C4",
                "mrkdwn_in": [
                    "text",
                    "pretext"
                ]
            }
        ]
    },
    {
        "type": "message",
        "subtype": "bot_message",
        "text": "",
        "ts": "1567082006.000100",
        "bot_id": "BMPMA7GPJ",
        "attachments": [
            {
                "fallback": "<https:\/\/github.com\/SalientCRGT\/scrgt-bdso-cc-startup\/tree\/pipeline|[scrgt-bdso-cc-startup:pipeline]> <https:\/\/github.com\/SalientCRGT\/scrgt-bdso-cc-startup\/commit\/1b2458ec7761fcfb9c7d3a3dca2bc030fff39eff|1 new commit> by Shawn Lassiter",
                "text": "`<https:\/\/github.com\/SalientCRGT\/scrgt-bdso-cc-startup\/commit\/1b2458ec7761fcfb9c7d3a3dca2bc030fff39eff|1b2458e>` db naming conventions - Shawn Lassiter",
                "pretext": "<https:\/\/github.com\/SalientCRGT\/scrgt-bdso-cc-startup\/tree\/pipeline|[scrgt-bdso-cc-startup:pipeline]> 1 new commit by Shawn Lassiter:",
                "id": 1,
                "color": "4183C4",
                "mrkdwn_in": [
                    "text",
                    "pretext"
                ]
            }
        ]
    },
    {
        "type": "message",
        "subtype": "bot_message",
        "text": "",
        "ts": "1567087326.000100",
        "bot_id": "BMPMA7GPJ",
        "attachments": [
            {
                "fallback": "<https:\/\/github.com\/SalientCRGT\/scrgt-bdso-cc-startup\/tree\/pipeline|[scrgt-bdso-cc-startup:pipeline]> <https:\/\/github.com\/SalientCRGT\/scrgt-bdso-cc-startup\/commit\/bb97a83c4e66fec36c94037b5ef1301666a6d874|1 new commit> by Shawn Lassiter",
                "text": "`<https:\/\/github.com\/SalientCRGT\/scrgt-bdso-cc-startup\/commit\/bb97a83c4e66fec36c94037b5ef1301666a6d874|bb97a83>` typo fix - Shawn Lassiter",
                "pretext": "<https:\/\/github.com\/SalientCRGT\/scrgt-bdso-cc-startup\/tree\/pipeline|[scrgt-bdso-cc-startup:pipeline]> 1 new commit by Shawn Lassiter:",
                "id": 1,
                "color": "4183C4",
                "mrkdwn_in": [
                    "text",
                    "pretext"
                ]
            }
        ]
    },
    {
        "type": "message",
        "subtype": "bot_message",
        "text": "",
        "ts": "1567088456.000100",
        "bot_id": "BMPMA7GPJ",
        "attachments": [
            {
                "fallback": "<https:\/\/github.com\/SalientCRGT\/scrgt-bdso-cc-startup\/tree\/pipeline|[scrgt-bdso-cc-startup:pipeline]> <https:\/\/github.com\/SalientCRGT\/scrgt-bdso-cc-startup\/commit\/eeea203012fc82aa4d30b1eb1ca6b052bbf730b4|1 new commit> by Shawn Lassiter",
                "text": "`<https:\/\/github.com\/SalientCRGT\/scrgt-bdso-cc-startup\/commit\/eeea203012fc82aa4d30b1eb1ca6b052bbf730b4|eeea203>` output urls and master password for easy reference - Shawn Lassiter",
                "pretext": "<https:\/\/github.com\/SalientCRGT\/scrgt-bdso-cc-startup\/tree\/pipeline|[scrgt-bdso-cc-startup:pipeline]> 1 new commit by Shawn Lassiter:",
                "id": 1,
                "color": "4183C4",
                "mrkdwn_in": [
                    "text",
                    "pretext"
                ]
            }
        ]
    },
    {
        "type": "message",
        "subtype": "bot_message",
        "text": "",
        "ts": "1567095062.000100",
        "bot_id": "BMPMA7GPJ",
        "attachments": [
            {
                "fallback": "<https:\/\/github.com\/SalientCRGT\/scrgt-bdso-cc-startup\/tree\/pipeline|[scrgt-bdso-cc-startup:pipeline]> <https:\/\/github.com\/SalientCRGT\/scrgt-bdso-cc-startup\/compare\/eeea203012fc...825afe991d52|2 new commits> by Gary Morris",
                "text": "`<https:\/\/github.com\/SalientCRGT\/scrgt-bdso-cc-startup\/commit\/b37f7c681e9ec8e79e5adacdaae07b0384ca4039|b37f7c6>` Cloudformation start template - Gary Morris\n `<https:\/\/github.com\/SalientCRGT\/scrgt-bdso-cc-startup\/commit\/825afe991d522558896b7508350de648939c4079|825afe9>` Merge branch 'pipeline' of <https:\/\/github.com\/SalientCRGT\/scrgt-bdso-cc-startup> into pipeline - Gary Morris",
                "pretext": "<https:\/\/github.com\/SalientCRGT\/scrgt-bdso-cc-startup\/tree\/pipeline|[scrgt-bdso-cc-startup:pipeline]> <https:\/\/github.com\/SalientCRGT\/scrgt-bdso-cc-startup\/compare\/eeea203012fc...825afe991d52|2 new commits> by Gary Morris:",
                "id": 1,
                "color": "4183C4",
                "mrkdwn_in": [
                    "text",
                    "pretext"
                ]
            }
        ]
    },
    {
        "user": "UKQ0AMW48",
        "type": "message",
        "subtype": "channel_join",
        "ts": "1567097472.000300",
        "text": "<@UKQ0AMW48> has joined the channel"
    },
    {
        "user": "UMVNX6570",
        "type": "message",
        "subtype": "channel_join",
        "ts": "1567098509.000500",
        "text": "<@UMVNX6570> has joined the channel"
    },
    {
        "type": "message",
        "subtype": "bot_message",
        "text": "",
        "ts": "1567107385.000600",
        "bot_id": "BMPMA7GPJ",
        "attachments": [
            {
                "fallback": "<https:\/\/github.com\/SalientCRGT\/scrgt-bdso-cc-startup\/tree\/pipeline|[scrgt-bdso-cc-startup:pipeline]> <https:\/\/github.com\/SalientCRGT\/scrgt-bdso-cc-startup\/commit\/b22c4858bec06d4322a6f19154f4f2f86c5c3018|1 new commit> by Gary Morris",
                "text": "`<https:\/\/github.com\/SalientCRGT\/scrgt-bdso-cc-startup\/commit\/b22c4858bec06d4322a6f19154f4f2f86c5c3018|b22c485>` Added destroy script - Gary Morris",
                "pretext": "<https:\/\/github.com\/SalientCRGT\/scrgt-bdso-cc-startup\/tree\/pipeline|[scrgt-bdso-cc-startup:pipeline]> 1 new commit by Gary Morris:",
                "id": 1,
                "color": "4183C4",
                "mrkdwn_in": [
                    "text",
                    "pretext"
                ]
            }
        ]
    },
    {
        "type": "message",
        "subtype": "bot_message",
        "text": "",
        "ts": "1567114453.000700",
        "bot_id": "BMPMA7GPJ",
        "attachments": [
            {
                "fallback": "<https:\/\/github.com\/SalientCRGT\/scrgt-bdso-cc-startup\/tree\/pipeline|[scrgt-bdso-cc-startup:pipeline]> <https:\/\/github.com\/SalientCRGT\/scrgt-bdso-cc-startup\/commit\/06b1c3c29482d20d976fe5aad65d5d76cadde9c0|1 new commit> by Gary Morris",
                "text": "`<https:\/\/github.com\/SalientCRGT\/scrgt-bdso-cc-startup\/commit\/06b1c3c29482d20d976fe5aad65d5d76cadde9c0|06b1c3c>` Added keys to ansible directory - Gary Morris",
                "pretext": "<https:\/\/github.com\/SalientCRGT\/scrgt-bdso-cc-startup\/tree\/pipeline|[scrgt-bdso-cc-startup:pipeline]> 1 new commit by Gary Morris:",
                "id": 1,
                "color": "4183C4",
                "mrkdwn_in": [
                    "text",
                    "pretext"
                ]
            }
        ]
    },
    {
        "type": "message",
        "subtype": "bot_message",
        "text": "",
        "ts": "1567137592.000100",
        "bot_id": "BMPMA7GPJ",
        "attachments": [
            {
                "fallback": "<https:\/\/github.com\/SalientCRGT\/scrgt-bdso-cc-startup\/tree\/pipeline|[scrgt-bdso-cc-startup:pipeline]> <https:\/\/github.com\/SalientCRGT\/scrgt-bdso-cc-startup\/commit\/4a77f6d5f9fb182226cef76c6fa4fbe687b76909|1 new commit> by Gary Morris",
                "text": "`<https:\/\/github.com\/SalientCRGT\/scrgt-bdso-cc-startup\/commit\/4a77f6d5f9fb182226cef76c6fa4fbe687b76909|4a77f6d>` Changing cert.pem to cert.crt, changing password to alphanumeric only, coding start.sh with CFN password, installing python-pip and ansible latest (2.8) - Gary Morris",
                "pretext": "<https:\/\/github.com\/SalientCRGT\/scrgt-bdso-cc-startup\/tree\/pipeline|[scrgt-bdso-cc-startup:pipeline]> 1 new commit by Gary Morris:",
                "id": 1,
                "color": "4183C4",
                "mrkdwn_in": [
                    "text",
                    "pretext"
                ]
            }
        ]
    },
    {
        "type": "message",
        "subtype": "bot_message",
        "text": "",
        "ts": "1567138751.000100",
        "bot_id": "BMPMA7GPJ",
        "attachments": [
            {
                "fallback": "<https:\/\/github.com\/SalientCRGT\/scrgt-bdso-cc-startup\/tree\/pipeline|[scrgt-bdso-cc-startup:pipeline]> <https:\/\/github.com\/SalientCRGT\/scrgt-bdso-cc-startup\/commit\/1f608f17a7c29f5b445991375d1a6d8952fa68b3|1 new commit> by Gary Morris",
                "text": "`<https:\/\/github.com\/SalientCRGT\/scrgt-bdso-cc-startup\/commit\/1f608f17a7c29f5b445991375d1a6d8952fa68b3|1f608f1>` Adding password constraints and changed nomenclature - Gary Morris",
                "pretext": "<https:\/\/github.com\/SalientCRGT\/scrgt-bdso-cc-startup\/tree\/pipeline|[scrgt-bdso-cc-startup:pipeline]> 1 new commit by Gary Morris:",
                "id": 1,
                "color": "4183C4",
                "mrkdwn_in": [
                    "text",
                    "pretext"
                ]
            }
        ]
    },
    {
        "type": "message",
        "subtype": "bot_message",
        "text": "",
        "ts": "1567140577.000100",
        "bot_id": "BMPMA7GPJ",
        "attachments": [
            {
                "fallback": "<https:\/\/github.com\/SalientCRGT\/scrgt-bdso-cc-startup\/tree\/pipeline|[scrgt-bdso-cc-startup:pipeline]> <https:\/\/github.com\/SalientCRGT\/scrgt-bdso-cc-startup\/commit\/923e7346c1cea45e7c5791b06e47c9ad2bf54822|1 new commit> by Gary Morris",
                "text": "`<https:\/\/github.com\/SalientCRGT\/scrgt-bdso-cc-startup\/commit\/923e7346c1cea45e7c5791b06e47c9ad2bf54822|923e734>` Quoted EOF in HEREDOC to prevent variable interpolation - Gary Morris",
                "pretext": "<https:\/\/github.com\/SalientCRGT\/scrgt-bdso-cc-startup\/tree\/pipeline|[scrgt-bdso-cc-startup:pipeline]> 1 new commit by Gary Morris:",
                "id": 1,
                "color": "4183C4",
                "mrkdwn_in": [
                    "text",
                    "pretext"
                ]
            }
        ]
    },
    {
        "type": "message",
        "subtype": "bot_message",
        "text": "",
        "ts": "1567142926.000100",
        "bot_id": "BMPMA7GPJ",
        "attachments": [
            {
                "fallback": "<https:\/\/github.com\/SalientCRGT\/scrgt-bdso-cc-startup\/tree\/pipeline|[scrgt-bdso-cc-startup:pipeline]> <https:\/\/github.com\/SalientCRGT\/scrgt-bdso-cc-startup\/commit\/c3a705d38b86b9bfce2c7f0bd19bebba7ea8ecf9|1 new commit> by Gary Morris",
                "text": "`<https:\/\/github.com\/SalientCRGT\/scrgt-bdso-cc-startup\/commit\/c3a705d38b86b9bfce2c7f0bd19bebba7ea8ecf9|c3a705d>` Added a cd to location of terraform state file for destory.sh to work properly - Gary Morris",
                "pretext": "<https:\/\/github.com\/SalientCRGT\/scrgt-bdso-cc-startup\/tree\/pipeline|[scrgt-bdso-cc-startup:pipeline]> 1 new commit by Gary Morris:",
                "id": 1,
                "color": "4183C4",
                "mrkdwn_in": [
                    "text",
                    "pretext"
                ]
            }
        ]
    }
]