[
    {
        "user": "UMJGM378T",
        "type": "message",
        "subtype": "channel_join",
        "ts": "1567264545.010100",
        "text": "<@UMJGM378T> has joined the channel"
    },
    {
        "client_msg_id": "3fda6d31-31e1-43dd-ad68-4ed6ca383357",
        "type": "message",
        "text": "<@UKR4GLQKF> I am available how do I get into to the building.- Stopped by the office but unable to get in. Could be back there in 10 mins or less. Please let me know",
        "user": "UMJGM378T",
        "ts": "1567264770.011600",
        "team": "TKRNGDFFZ",
        "user_team": "TKRNGDFFZ",
        "source_team": "TKRNGDFFZ",
        "user_profile": {
            "avatar_hash": "ga8ebe70865d",
            "image_72": "https:\/\/secure.gravatar.com\/avatar\/a8ebe70865d78ca3b2328999ddf000ee.jpg?s=72&d=https%3A%2F%2Fa.slack-edge.com%2F80588%2Fimg%2Favatars%2Fava_0003-72.png",
            "first_name": "",
            "real_name": "Gertrude Offoha",
            "display_name": "Gertrude Offoha",
            "team": "TKRNGDFFZ",
            "name": "geoffoha",
            "is_restricted": false,
            "is_ultra_restricted": false
        }
    },
    {
        "client_msg_id": "71e15ab2-c372-4a23-bbb4-17035d10da0e",
        "type": "message",
        "text": "I can get you in",
        "user": "UKR4GLQKF",
        "ts": "1567264793.011900",
        "team": "TKRNGDFFZ",
        "user_team": "TKRNGDFFZ",
        "source_team": "TKRNGDFFZ",
        "user_profile": {
            "avatar_hash": "gf6859e536fb",
            "image_72": "https:\/\/secure.gravatar.com\/avatar\/f6859e536fb63a6f9d862b2f3fb9684c.jpg?s=72&d=https%3A%2F%2Fa.slack-edge.com%2F80588%2Fimg%2Favatars%2Fava_0015-72.png",
            "first_name": "",
            "real_name": "Amit Yadav",
            "display_name": "",
            "team": "TKRNGDFFZ",
            "name": "amit",
            "is_restricted": false,
            "is_ultra_restricted": false
        }
    },
    {
        "client_msg_id": "b3b97da1-7b74-4022-a35f-a628f4d9e9cb",
        "type": "message",
        "text": "Slack me when you are here",
        "user": "UKR4GLQKF",
        "ts": "1567264799.012100",
        "team": "TKRNGDFFZ",
        "user_team": "TKRNGDFFZ",
        "source_team": "TKRNGDFFZ",
        "user_profile": {
            "avatar_hash": "gf6859e536fb",
            "image_72": "https:\/\/secure.gravatar.com\/avatar\/f6859e536fb63a6f9d862b2f3fb9684c.jpg?s=72&d=https%3A%2F%2Fa.slack-edge.com%2F80588%2Fimg%2Favatars%2Fava_0015-72.png",
            "first_name": "",
            "real_name": "Amit Yadav",
            "display_name": "",
            "team": "TKRNGDFFZ",
            "name": "amit",
            "is_restricted": false,
            "is_ultra_restricted": false
        }
    }
]