[
    {
        "type": "message",
        "text": "Images for <#CMC7WU5CJ|documentation> This includes Expanded Views to demonstrate a profile dropdown within the infinity scroll page.",
        "files": [
            {
                "id": "FMSFCU7MX",
                "created": 1567514833,
                "timestamp": 1567514833,
                "name": "business_supervisor_celebrity_page_layout_v2.png",
                "title": "business_supervisor_celebrity_page_layout_v2.png",
                "mimetype": "image\/png",
                "filetype": "png",
                "pretty_type": "PNG",
                "user": "UL1DRU6R3",
                "editable": false,
                "size": 1615297,
                "mode": "hosted",
                "is_external": false,
                "external_type": "",
                "is_public": true,
                "public_url_shared": false,
                "display_as_bot": false,
                "username": "",
                "url_private": "https:\/\/files.slack.com\/files-pri\/TKRNGDFFZ-FMSFCU7MX\/business_supervisor_celebrity_page_layout_v2.png?t=xoxe-671764457543-761495007360-748720106514-e22867dc4a96f2e14ff182795f11301c",
                "url_private_download": "https:\/\/files.slack.com\/files-pri\/TKRNGDFFZ-FMSFCU7MX\/download\/business_supervisor_celebrity_page_layout_v2.png?t=xoxe-671764457543-761495007360-748720106514-e22867dc4a96f2e14ff182795f11301c",
                "thumb_64": "https:\/\/files.slack.com\/files-tmb\/TKRNGDFFZ-FMSFCU7MX-3bb5d300a5\/business_supervisor_celebrity_page_layout_v2_64.png?t=xoxe-671764457543-761495007360-748720106514-e22867dc4a96f2e14ff182795f11301c",
                "thumb_80": "https:\/\/files.slack.com\/files-tmb\/TKRNGDFFZ-FMSFCU7MX-3bb5d300a5\/business_supervisor_celebrity_page_layout_v2_80.png?t=xoxe-671764457543-761495007360-748720106514-e22867dc4a96f2e14ff182795f11301c",
                "thumb_360": "https:\/\/files.slack.com\/files-tmb\/TKRNGDFFZ-FMSFCU7MX-3bb5d300a5\/business_supervisor_celebrity_page_layout_v2_360.png?t=xoxe-671764457543-761495007360-748720106514-e22867dc4a96f2e14ff182795f11301c",
                "thumb_360_w": 360,
                "thumb_360_h": 346,
                "thumb_480": "https:\/\/files.slack.com\/files-tmb\/TKRNGDFFZ-FMSFCU7MX-3bb5d300a5\/business_supervisor_celebrity_page_layout_v2_480.png?t=xoxe-671764457543-761495007360-748720106514-e22867dc4a96f2e14ff182795f11301c",
                "thumb_480_w": 480,
                "thumb_480_h": 461,
                "thumb_160": "https:\/\/files.slack.com\/files-tmb\/TKRNGDFFZ-FMSFCU7MX-3bb5d300a5\/business_supervisor_celebrity_page_layout_v2_160.png?t=xoxe-671764457543-761495007360-748720106514-e22867dc4a96f2e14ff182795f11301c",
                "thumb_720": "https:\/\/files.slack.com\/files-tmb\/TKRNGDFFZ-FMSFCU7MX-3bb5d300a5\/business_supervisor_celebrity_page_layout_v2_720.png?t=xoxe-671764457543-761495007360-748720106514-e22867dc4a96f2e14ff182795f11301c",
                "thumb_720_w": 720,
                "thumb_720_h": 691,
                "thumb_800": "https:\/\/files.slack.com\/files-tmb\/TKRNGDFFZ-FMSFCU7MX-3bb5d300a5\/business_supervisor_celebrity_page_layout_v2_800.png?t=xoxe-671764457543-761495007360-748720106514-e22867dc4a96f2e14ff182795f11301c",
                "thumb_800_w": 800,
                "thumb_800_h": 768,
                "thumb_960": "https:\/\/files.slack.com\/files-tmb\/TKRNGDFFZ-FMSFCU7MX-3bb5d300a5\/business_supervisor_celebrity_page_layout_v2_960.png?t=xoxe-671764457543-761495007360-748720106514-e22867dc4a96f2e14ff182795f11301c",
                "thumb_960_w": 960,
                "thumb_960_h": 922,
                "thumb_1024": "https:\/\/files.slack.com\/files-tmb\/TKRNGDFFZ-FMSFCU7MX-3bb5d300a5\/business_supervisor_celebrity_page_layout_v2_1024.png?t=xoxe-671764457543-761495007360-748720106514-e22867dc4a96f2e14ff182795f11301c",
                "thumb_1024_w": 1024,
                "thumb_1024_h": 983,
                "image_exif_rotation": 1,
                "original_w": 1200,
                "original_h": 1152,
                "permalink": "https:\/\/scrgt-bdso.slack.com\/files\/UL1DRU6R3\/FMSFCU7MX\/business_supervisor_celebrity_page_layout_v2.png",
                "permalink_public": "https:\/\/slack-files.com\/TKRNGDFFZ-FMSFCU7MX-19a93d0371",
                "is_starred": false,
                "has_rich_preview": false
            },
            {
                "id": "FMYSU3JER",
                "created": 1567514833,
                "timestamp": 1567514833,
                "name": "business_user_page_layout_v2.png",
                "title": "business_user_page_layout_v2.png",
                "mimetype": "image\/png",
                "filetype": "png",
                "pretty_type": "PNG",
                "user": "UL1DRU6R3",
                "editable": false,
                "size": 1614893,
                "mode": "hosted",
                "is_external": false,
                "external_type": "",
                "is_public": true,
                "public_url_shared": false,
                "display_as_bot": false,
                "username": "",
                "url_private": "https:\/\/files.slack.com\/files-pri\/TKRNGDFFZ-FMYSU3JER\/business_user_page_layout_v2.png?t=xoxe-671764457543-761495007360-748720106514-e22867dc4a96f2e14ff182795f11301c",
                "url_private_download": "https:\/\/files.slack.com\/files-pri\/TKRNGDFFZ-FMYSU3JER\/download\/business_user_page_layout_v2.png?t=xoxe-671764457543-761495007360-748720106514-e22867dc4a96f2e14ff182795f11301c",
                "thumb_64": "https:\/\/files.slack.com\/files-tmb\/TKRNGDFFZ-FMYSU3JER-d3103b9d5e\/business_user_page_layout_v2_64.png?t=xoxe-671764457543-761495007360-748720106514-e22867dc4a96f2e14ff182795f11301c",
                "thumb_80": "https:\/\/files.slack.com\/files-tmb\/TKRNGDFFZ-FMYSU3JER-d3103b9d5e\/business_user_page_layout_v2_80.png?t=xoxe-671764457543-761495007360-748720106514-e22867dc4a96f2e14ff182795f11301c",
                "thumb_360": "https:\/\/files.slack.com\/files-tmb\/TKRNGDFFZ-FMYSU3JER-d3103b9d5e\/business_user_page_layout_v2_360.png?t=xoxe-671764457543-761495007360-748720106514-e22867dc4a96f2e14ff182795f11301c",
                "thumb_360_w": 360,
                "thumb_360_h": 349,
                "thumb_480": "https:\/\/files.slack.com\/files-tmb\/TKRNGDFFZ-FMYSU3JER-d3103b9d5e\/business_user_page_layout_v2_480.png?t=xoxe-671764457543-761495007360-748720106514-e22867dc4a96f2e14ff182795f11301c",
                "thumb_480_w": 480,
                "thumb_480_h": 465,
                "thumb_160": "https:\/\/files.slack.com\/files-tmb\/TKRNGDFFZ-FMYSU3JER-d3103b9d5e\/business_user_page_layout_v2_160.png?t=xoxe-671764457543-761495007360-748720106514-e22867dc4a96f2e14ff182795f11301c",
                "thumb_720": "https:\/\/files.slack.com\/files-tmb\/TKRNGDFFZ-FMYSU3JER-d3103b9d5e\/business_user_page_layout_v2_720.png?t=xoxe-671764457543-761495007360-748720106514-e22867dc4a96f2e14ff182795f11301c",
                "thumb_720_w": 720,
                "thumb_720_h": 697,
                "thumb_800": "https:\/\/files.slack.com\/files-tmb\/TKRNGDFFZ-FMYSU3JER-d3103b9d5e\/business_user_page_layout_v2_800.png?t=xoxe-671764457543-761495007360-748720106514-e22867dc4a96f2e14ff182795f11301c",
                "thumb_800_w": 800,
                "thumb_800_h": 775,
                "thumb_960": "https:\/\/files.slack.com\/files-tmb\/TKRNGDFFZ-FMYSU3JER-d3103b9d5e\/business_user_page_layout_v2_960.png?t=xoxe-671764457543-761495007360-748720106514-e22867dc4a96f2e14ff182795f11301c",
                "thumb_960_w": 960,
                "thumb_960_h": 930,
                "thumb_1024": "https:\/\/files.slack.com\/files-tmb\/TKRNGDFFZ-FMYSU3JER-d3103b9d5e\/business_user_page_layout_v2_1024.png?t=xoxe-671764457543-761495007360-748720106514-e22867dc4a96f2e14ff182795f11301c",
                "thumb_1024_w": 1024,
                "thumb_1024_h": 992,
                "image_exif_rotation": 1,
                "original_w": 1200,
                "original_h": 1162,
                "permalink": "https:\/\/scrgt-bdso.slack.com\/files\/UL1DRU6R3\/FMYSU3JER\/business_user_page_layout_v2.png",
                "permalink_public": "https:\/\/slack-files.com\/TKRNGDFFZ-FMYSU3JER-4c2564b78a",
                "is_starred": false,
                "has_rich_preview": false
            },
            {
                "id": "FMSFCU8FK",
                "created": 1567514833,
                "timestamp": 1567514833,
                "name": "celebrity_profile_alone_v2.png",
                "title": "celebrity_profile_alone_v2.png",
                "mimetype": "image\/png",
                "filetype": "png",
                "pretty_type": "PNG",
                "user": "UL1DRU6R3",
                "editable": false,
                "size": 515817,
                "mode": "hosted",
                "is_external": false,
                "external_type": "",
                "is_public": true,
                "public_url_shared": false,
                "display_as_bot": false,
                "username": "",
                "url_private": "https:\/\/files.slack.com\/files-pri\/TKRNGDFFZ-FMSFCU8FK\/celebrity_profile_alone_v2.png?t=xoxe-671764457543-761495007360-748720106514-e22867dc4a96f2e14ff182795f11301c",
                "url_private_download": "https:\/\/files.slack.com\/files-pri\/TKRNGDFFZ-FMSFCU8FK\/download\/celebrity_profile_alone_v2.png?t=xoxe-671764457543-761495007360-748720106514-e22867dc4a96f2e14ff182795f11301c",
                "thumb_64": "https:\/\/files.slack.com\/files-tmb\/TKRNGDFFZ-FMSFCU8FK-ff254359d4\/celebrity_profile_alone_v2_64.png?t=xoxe-671764457543-761495007360-748720106514-e22867dc4a96f2e14ff182795f11301c",
                "thumb_80": "https:\/\/files.slack.com\/files-tmb\/TKRNGDFFZ-FMSFCU8FK-ff254359d4\/celebrity_profile_alone_v2_80.png?t=xoxe-671764457543-761495007360-748720106514-e22867dc4a96f2e14ff182795f11301c",
                "thumb_360": "https:\/\/files.slack.com\/files-tmb\/TKRNGDFFZ-FMSFCU8FK-ff254359d4\/celebrity_profile_alone_v2_360.png?t=xoxe-671764457543-761495007360-748720106514-e22867dc4a96f2e14ff182795f11301c",
                "thumb_360_w": 225,
                "thumb_360_h": 360,
                "thumb_480": "https:\/\/files.slack.com\/files-tmb\/TKRNGDFFZ-FMSFCU8FK-ff254359d4\/celebrity_profile_alone_v2_480.png?t=xoxe-671764457543-761495007360-748720106514-e22867dc4a96f2e14ff182795f11301c",
                "thumb_480_w": 300,
                "thumb_480_h": 480,
                "thumb_160": "https:\/\/files.slack.com\/files-tmb\/TKRNGDFFZ-FMSFCU8FK-ff254359d4\/celebrity_profile_alone_v2_160.png?t=xoxe-671764457543-761495007360-748720106514-e22867dc4a96f2e14ff182795f11301c",
                "thumb_720": "https:\/\/files.slack.com\/files-tmb\/TKRNGDFFZ-FMSFCU8FK-ff254359d4\/celebrity_profile_alone_v2_720.png?t=xoxe-671764457543-761495007360-748720106514-e22867dc4a96f2e14ff182795f11301c",
                "thumb_720_w": 450,
                "thumb_720_h": 720,
                "thumb_800": "https:\/\/files.slack.com\/files-tmb\/TKRNGDFFZ-FMSFCU8FK-ff254359d4\/celebrity_profile_alone_v2_800.png?t=xoxe-671764457543-761495007360-748720106514-e22867dc4a96f2e14ff182795f11301c",
                "thumb_800_w": 800,
                "thumb_800_h": 1280,
                "thumb_960": "https:\/\/files.slack.com\/files-tmb\/TKRNGDFFZ-FMSFCU8FK-ff254359d4\/celebrity_profile_alone_v2_960.png?t=xoxe-671764457543-761495007360-748720106514-e22867dc4a96f2e14ff182795f11301c",
                "thumb_960_w": 600,
                "thumb_960_h": 960,
                "thumb_1024": "https:\/\/files.slack.com\/files-tmb\/TKRNGDFFZ-FMSFCU8FK-ff254359d4\/celebrity_profile_alone_v2_1024.png?t=xoxe-671764457543-761495007360-748720106514-e22867dc4a96f2e14ff182795f11301c",
                "thumb_1024_w": 640,
                "thumb_1024_h": 1024,
                "image_exif_rotation": 1,
                "original_w": 1200,
                "original_h": 1920,
                "permalink": "https:\/\/scrgt-bdso.slack.com\/files\/UL1DRU6R3\/FMSFCU8FK\/celebrity_profile_alone_v2.png",
                "permalink_public": "https:\/\/slack-files.com\/TKRNGDFFZ-FMSFCU8FK-8fc5b99e41",
                "is_starred": false,
                "has_rich_preview": false
            },
            {
                "id": "FML41NGJW",
                "mode": "tombstone"
            },
            {
                "id": "FMMDJF91R",
                "created": 1567514833,
                "timestamp": 1567514833,
                "name": "search.png",
                "title": "search.png",
                "mimetype": "image\/png",
                "filetype": "png",
                "pretty_type": "PNG",
                "user": "UL1DRU6R3",
                "editable": false,
                "size": 473960,
                "mode": "hosted",
                "is_external": false,
                "external_type": "",
                "is_public": true,
                "public_url_shared": false,
                "display_as_bot": false,
                "username": "",
                "url_private": "https:\/\/files.slack.com\/files-pri\/TKRNGDFFZ-FMMDJF91R\/search.png?t=xoxe-671764457543-761495007360-748720106514-e22867dc4a96f2e14ff182795f11301c",
                "url_private_download": "https:\/\/files.slack.com\/files-pri\/TKRNGDFFZ-FMMDJF91R\/download\/search.png?t=xoxe-671764457543-761495007360-748720106514-e22867dc4a96f2e14ff182795f11301c",
                "thumb_64": "https:\/\/files.slack.com\/files-tmb\/TKRNGDFFZ-FMMDJF91R-51c6b0e250\/search_64.png?t=xoxe-671764457543-761495007360-748720106514-e22867dc4a96f2e14ff182795f11301c",
                "thumb_80": "https:\/\/files.slack.com\/files-tmb\/TKRNGDFFZ-FMMDJF91R-51c6b0e250\/search_80.png?t=xoxe-671764457543-761495007360-748720106514-e22867dc4a96f2e14ff182795f11301c",
                "thumb_360": "https:\/\/files.slack.com\/files-tmb\/TKRNGDFFZ-FMMDJF91R-51c6b0e250\/search_360.png?t=xoxe-671764457543-761495007360-748720106514-e22867dc4a96f2e14ff182795f11301c",
                "thumb_360_w": 360,
                "thumb_360_h": 320,
                "thumb_480": "https:\/\/files.slack.com\/files-tmb\/TKRNGDFFZ-FMMDJF91R-51c6b0e250\/search_480.png?t=xoxe-671764457543-761495007360-748720106514-e22867dc4a96f2e14ff182795f11301c",
                "thumb_480_w": 480,
                "thumb_480_h": 426,
                "thumb_160": "https:\/\/files.slack.com\/files-tmb\/TKRNGDFFZ-FMMDJF91R-51c6b0e250\/search_160.png?t=xoxe-671764457543-761495007360-748720106514-e22867dc4a96f2e14ff182795f11301c",
                "thumb_720": "https:\/\/files.slack.com\/files-tmb\/TKRNGDFFZ-FMMDJF91R-51c6b0e250\/search_720.png?t=xoxe-671764457543-761495007360-748720106514-e22867dc4a96f2e14ff182795f11301c",
                "thumb_720_w": 720,
                "thumb_720_h": 639,
                "thumb_800": "https:\/\/files.slack.com\/files-tmb\/TKRNGDFFZ-FMMDJF91R-51c6b0e250\/search_800.png?t=xoxe-671764457543-761495007360-748720106514-e22867dc4a96f2e14ff182795f11301c",
                "thumb_800_w": 800,
                "thumb_800_h": 710,
                "thumb_960": "https:\/\/files.slack.com\/files-tmb\/TKRNGDFFZ-FMMDJF91R-51c6b0e250\/search_960.png?t=xoxe-671764457543-761495007360-748720106514-e22867dc4a96f2e14ff182795f11301c",
                "thumb_960_w": 960,
                "thumb_960_h": 852,
                "thumb_1024": "https:\/\/files.slack.com\/files-tmb\/TKRNGDFFZ-FMMDJF91R-51c6b0e250\/search_1024.png?t=xoxe-671764457543-761495007360-748720106514-e22867dc4a96f2e14ff182795f11301c",
                "thumb_1024_w": 1024,
                "thumb_1024_h": 909,
                "image_exif_rotation": 1,
                "original_w": 1200,
                "original_h": 1065,
                "permalink": "https:\/\/scrgt-bdso.slack.com\/files\/UL1DRU6R3\/FMMDJF91R\/search.png",
                "permalink_public": "https:\/\/slack-files.com\/TKRNGDFFZ-FMMDJF91R-7cd36431e9",
                "is_starred": false,
                "has_rich_preview": false
            },
            {
                "id": "FMYSU3KV3",
                "created": 1567514833,
                "timestamp": 1567514833,
                "name": "data_science_page.png",
                "title": "data_science_page.png",
                "mimetype": "image\/png",
                "filetype": "png",
                "pretty_type": "PNG",
                "user": "UL1DRU6R3",
                "editable": false,
                "size": 764960,
                "mode": "hosted",
                "is_external": false,
                "external_type": "",
                "is_public": true,
                "public_url_shared": false,
                "display_as_bot": false,
                "username": "",
                "url_private": "https:\/\/files.slack.com\/files-pri\/TKRNGDFFZ-FMYSU3KV3\/data_science_page.png?t=xoxe-671764457543-761495007360-748720106514-e22867dc4a96f2e14ff182795f11301c",
                "url_private_download": "https:\/\/files.slack.com\/files-pri\/TKRNGDFFZ-FMYSU3KV3\/download\/data_science_page.png?t=xoxe-671764457543-761495007360-748720106514-e22867dc4a96f2e14ff182795f11301c",
                "thumb_64": "https:\/\/files.slack.com\/files-tmb\/TKRNGDFFZ-FMYSU3KV3-4e966f7998\/data_science_page_64.png?t=xoxe-671764457543-761495007360-748720106514-e22867dc4a96f2e14ff182795f11301c",
                "thumb_80": "https:\/\/files.slack.com\/files-tmb\/TKRNGDFFZ-FMYSU3KV3-4e966f7998\/data_science_page_80.png?t=xoxe-671764457543-761495007360-748720106514-e22867dc4a96f2e14ff182795f11301c",
                "thumb_360": "https:\/\/files.slack.com\/files-tmb\/TKRNGDFFZ-FMYSU3KV3-4e966f7998\/data_science_page_360.png?t=xoxe-671764457543-761495007360-748720106514-e22867dc4a96f2e14ff182795f11301c",
                "thumb_360_w": 107,
                "thumb_360_h": 360,
                "thumb_480": "https:\/\/files.slack.com\/files-tmb\/TKRNGDFFZ-FMYSU3KV3-4e966f7998\/data_science_page_480.png?t=xoxe-671764457543-761495007360-748720106514-e22867dc4a96f2e14ff182795f11301c",
                "thumb_480_w": 142,
                "thumb_480_h": 480,
                "thumb_160": "https:\/\/files.slack.com\/files-tmb\/TKRNGDFFZ-FMYSU3KV3-4e966f7998\/data_science_page_160.png?t=xoxe-671764457543-761495007360-748720106514-e22867dc4a96f2e14ff182795f11301c",
                "thumb_720": "https:\/\/files.slack.com\/files-tmb\/TKRNGDFFZ-FMYSU3KV3-4e966f7998\/data_science_page_720.png?t=xoxe-671764457543-761495007360-748720106514-e22867dc4a96f2e14ff182795f11301c",
                "thumb_720_w": 213,
                "thumb_720_h": 720,
                "thumb_800": "https:\/\/files.slack.com\/files-tmb\/TKRNGDFFZ-FMYSU3KV3-4e966f7998\/data_science_page_800.png?t=xoxe-671764457543-761495007360-748720106514-e22867dc4a96f2e14ff182795f11301c",
                "thumb_800_w": 800,
                "thumb_800_h": 2700,
                "thumb_960": "https:\/\/files.slack.com\/files-tmb\/TKRNGDFFZ-FMYSU3KV3-4e966f7998\/data_science_page_960.png?t=xoxe-671764457543-761495007360-748720106514-e22867dc4a96f2e14ff182795f11301c",
                "thumb_960_w": 284,
                "thumb_960_h": 960,
                "thumb_1024": "https:\/\/files.slack.com\/files-tmb\/TKRNGDFFZ-FMYSU3KV3-4e966f7998\/data_science_page_1024.png?t=xoxe-671764457543-761495007360-748720106514-e22867dc4a96f2e14ff182795f11301c",
                "thumb_1024_w": 303,
                "thumb_1024_h": 1024,
                "image_exif_rotation": 1,
                "original_w": 1200,
                "original_h": 4050,
                "permalink": "https:\/\/scrgt-bdso.slack.com\/files\/UL1DRU6R3\/FMYSU3KV3\/data_science_page.png",
                "permalink_public": "https:\/\/slack-files.com\/TKRNGDFFZ-FMYSU3KV3-0d8cabc72c",
                "is_starred": false,
                "has_rich_preview": false
            },
            {
                "id": "FMMDJF9RR",
                "created": 1567514833,
                "timestamp": 1567514833,
                "name": "Supervisor View Expanded.png",
                "title": "Supervisor View Expanded.png",
                "mimetype": "image\/png",
                "filetype": "png",
                "pretty_type": "PNG",
                "user": "UL1DRU6R3",
                "editable": false,
                "size": 885946,
                "mode": "hosted",
                "is_external": false,
                "external_type": "",
                "is_public": true,
                "public_url_shared": false,
                "display_as_bot": false,
                "username": "",
                "url_private": "https:\/\/files.slack.com\/files-pri\/TKRNGDFFZ-FMMDJF9RR\/supervisor_view_expanded.png?t=xoxe-671764457543-761495007360-748720106514-e22867dc4a96f2e14ff182795f11301c",
                "url_private_download": "https:\/\/files.slack.com\/files-pri\/TKRNGDFFZ-FMMDJF9RR\/download\/supervisor_view_expanded.png?t=xoxe-671764457543-761495007360-748720106514-e22867dc4a96f2e14ff182795f11301c",
                "thumb_64": "https:\/\/files.slack.com\/files-tmb\/TKRNGDFFZ-FMMDJF9RR-e4c9bd96b7\/supervisor_view_expanded_64.png?t=xoxe-671764457543-761495007360-748720106514-e22867dc4a96f2e14ff182795f11301c",
                "thumb_80": "https:\/\/files.slack.com\/files-tmb\/TKRNGDFFZ-FMMDJF9RR-e4c9bd96b7\/supervisor_view_expanded_80.png?t=xoxe-671764457543-761495007360-748720106514-e22867dc4a96f2e14ff182795f11301c",
                "thumb_360": "https:\/\/files.slack.com\/files-tmb\/TKRNGDFFZ-FMMDJF9RR-e4c9bd96b7\/supervisor_view_expanded_360.png?t=xoxe-671764457543-761495007360-748720106514-e22867dc4a96f2e14ff182795f11301c",
                "thumb_360_w": 141,
                "thumb_360_h": 360,
                "thumb_480": "https:\/\/files.slack.com\/files-tmb\/TKRNGDFFZ-FMMDJF9RR-e4c9bd96b7\/supervisor_view_expanded_480.png?t=xoxe-671764457543-761495007360-748720106514-e22867dc4a96f2e14ff182795f11301c",
                "thumb_480_w": 188,
                "thumb_480_h": 480,
                "thumb_160": "https:\/\/files.slack.com\/files-tmb\/TKRNGDFFZ-FMMDJF9RR-e4c9bd96b7\/supervisor_view_expanded_160.png?t=xoxe-671764457543-761495007360-748720106514-e22867dc4a96f2e14ff182795f11301c",
                "thumb_720": "https:\/\/files.slack.com\/files-tmb\/TKRNGDFFZ-FMMDJF9RR-e4c9bd96b7\/supervisor_view_expanded_720.png?t=xoxe-671764457543-761495007360-748720106514-e22867dc4a96f2e14ff182795f11301c",
                "thumb_720_w": 281,
                "thumb_720_h": 720,
                "thumb_800": "https:\/\/files.slack.com\/files-tmb\/TKRNGDFFZ-FMMDJF9RR-e4c9bd96b7\/supervisor_view_expanded_800.png?t=xoxe-671764457543-761495007360-748720106514-e22867dc4a96f2e14ff182795f11301c",
                "thumb_800_w": 313,
                "thumb_800_h": 800,
                "thumb_960": "https:\/\/files.slack.com\/files-tmb\/TKRNGDFFZ-FMMDJF9RR-e4c9bd96b7\/supervisor_view_expanded_960.png?t=xoxe-671764457543-761495007360-748720106514-e22867dc4a96f2e14ff182795f11301c",
                "thumb_960_w": 375,
                "thumb_960_h": 960,
                "thumb_1024": "https:\/\/files.slack.com\/files-tmb\/TKRNGDFFZ-FMMDJF9RR-e4c9bd96b7\/supervisor_view_expanded_1024.png?t=xoxe-671764457543-761495007360-748720106514-e22867dc4a96f2e14ff182795f11301c",
                "thumb_1024_w": 400,
                "thumb_1024_h": 1024,
                "image_exif_rotation": 1,
                "original_w": 670,
                "original_h": 1714,
                "permalink": "https:\/\/scrgt-bdso.slack.com\/files\/UL1DRU6R3\/FMMDJF9RR\/supervisor_view_expanded.png",
                "permalink_public": "https:\/\/slack-files.com\/TKRNGDFFZ-FMMDJF9RR-4ebdc3fc1b",
                "is_starred": false,
                "has_rich_preview": false
            },
            {
                "id": "FMYSQJ4AU",
                "created": 1567514833,
                "timestamp": 1567514833,
                "name": "User View Expanded.png",
                "title": "User View Expanded.png",
                "mimetype": "image\/png",
                "filetype": "png",
                "pretty_type": "PNG",
                "user": "UL1DRU6R3",
                "editable": false,
                "size": 880287,
                "mode": "hosted",
                "is_external": false,
                "external_type": "",
                "is_public": true,
                "public_url_shared": false,
                "display_as_bot": false,
                "username": "",
                "url_private": "https:\/\/files.slack.com\/files-pri\/TKRNGDFFZ-FMYSQJ4AU\/user_view_expanded.png?t=xoxe-671764457543-761495007360-748720106514-e22867dc4a96f2e14ff182795f11301c",
                "url_private_download": "https:\/\/files.slack.com\/files-pri\/TKRNGDFFZ-FMYSQJ4AU\/download\/user_view_expanded.png?t=xoxe-671764457543-761495007360-748720106514-e22867dc4a96f2e14ff182795f11301c",
                "thumb_64": "https:\/\/files.slack.com\/files-tmb\/TKRNGDFFZ-FMYSQJ4AU-861d320999\/user_view_expanded_64.png?t=xoxe-671764457543-761495007360-748720106514-e22867dc4a96f2e14ff182795f11301c",
                "thumb_80": "https:\/\/files.slack.com\/files-tmb\/TKRNGDFFZ-FMYSQJ4AU-861d320999\/user_view_expanded_80.png?t=xoxe-671764457543-761495007360-748720106514-e22867dc4a96f2e14ff182795f11301c",
                "thumb_360": "https:\/\/files.slack.com\/files-tmb\/TKRNGDFFZ-FMYSQJ4AU-861d320999\/user_view_expanded_360.png?t=xoxe-671764457543-761495007360-748720106514-e22867dc4a96f2e14ff182795f11301c",
                "thumb_360_w": 141,
                "thumb_360_h": 360,
                "thumb_480": "https:\/\/files.slack.com\/files-tmb\/TKRNGDFFZ-FMYSQJ4AU-861d320999\/user_view_expanded_480.png?t=xoxe-671764457543-761495007360-748720106514-e22867dc4a96f2e14ff182795f11301c",
                "thumb_480_w": 187,
                "thumb_480_h": 480,
                "thumb_160": "https:\/\/files.slack.com\/files-tmb\/TKRNGDFFZ-FMYSQJ4AU-861d320999\/user_view_expanded_160.png?t=xoxe-671764457543-761495007360-748720106514-e22867dc4a96f2e14ff182795f11301c",
                "thumb_720": "https:\/\/files.slack.com\/files-tmb\/TKRNGDFFZ-FMYSQJ4AU-861d320999\/user_view_expanded_720.png?t=xoxe-671764457543-761495007360-748720106514-e22867dc4a96f2e14ff182795f11301c",
                "thumb_720_w": 281,
                "thumb_720_h": 720,
                "thumb_800": "https:\/\/files.slack.com\/files-tmb\/TKRNGDFFZ-FMYSQJ4AU-861d320999\/user_view_expanded_800.png?t=xoxe-671764457543-761495007360-748720106514-e22867dc4a96f2e14ff182795f11301c",
                "thumb_800_w": 312,
                "thumb_800_h": 800,
                "thumb_960": "https:\/\/files.slack.com\/files-tmb\/TKRNGDFFZ-FMYSQJ4AU-861d320999\/user_view_expanded_960.png?t=xoxe-671764457543-761495007360-748720106514-e22867dc4a96f2e14ff182795f11301c",
                "thumb_960_w": 375,
                "thumb_960_h": 960,
                "thumb_1024": "https:\/\/files.slack.com\/files-tmb\/TKRNGDFFZ-FMYSQJ4AU-861d320999\/user_view_expanded_1024.png?t=xoxe-671764457543-761495007360-748720106514-e22867dc4a96f2e14ff182795f11301c",
                "thumb_1024_w": 400,
                "thumb_1024_h": 1024,
                "image_exif_rotation": 1,
                "original_w": 674,
                "original_h": 1726,
                "permalink": "https:\/\/scrgt-bdso.slack.com\/files\/UL1DRU6R3\/FMYSQJ4AU\/user_view_expanded.png",
                "permalink_public": "https:\/\/slack-files.com\/TKRNGDFFZ-FMYSQJ4AU-d55338b2e1",
                "is_starred": false,
                "has_rich_preview": false
            },
            {
                "id": "FML41NHJ6",
                "created": 1567514833,
                "timestamp": 1567514833,
                "name": "Search View Expanded.png",
                "title": "Search View Expanded.png",
                "mimetype": "image\/png",
                "filetype": "png",
                "pretty_type": "PNG",
                "user": "UL1DRU6R3",
                "editable": false,
                "size": 481269,
                "mode": "hosted",
                "is_external": false,
                "external_type": "",
                "is_public": true,
                "public_url_shared": false,
                "display_as_bot": false,
                "username": "",
                "url_private": "https:\/\/files.slack.com\/files-pri\/TKRNGDFFZ-FML41NHJ6\/search_view_expanded.png?t=xoxe-671764457543-761495007360-748720106514-e22867dc4a96f2e14ff182795f11301c",
                "url_private_download": "https:\/\/files.slack.com\/files-pri\/TKRNGDFFZ-FML41NHJ6\/download\/search_view_expanded.png?t=xoxe-671764457543-761495007360-748720106514-e22867dc4a96f2e14ff182795f11301c",
                "thumb_64": "https:\/\/files.slack.com\/files-tmb\/TKRNGDFFZ-FML41NHJ6-c9136fb972\/search_view_expanded_64.png?t=xoxe-671764457543-761495007360-748720106514-e22867dc4a96f2e14ff182795f11301c",
                "thumb_80": "https:\/\/files.slack.com\/files-tmb\/TKRNGDFFZ-FML41NHJ6-c9136fb972\/search_view_expanded_80.png?t=xoxe-671764457543-761495007360-748720106514-e22867dc4a96f2e14ff182795f11301c",
                "thumb_360": "https:\/\/files.slack.com\/files-tmb\/TKRNGDFFZ-FML41NHJ6-c9136fb972\/search_view_expanded_360.png?t=xoxe-671764457543-761495007360-748720106514-e22867dc4a96f2e14ff182795f11301c",
                "thumb_360_w": 145,
                "thumb_360_h": 360,
                "thumb_480": "https:\/\/files.slack.com\/files-tmb\/TKRNGDFFZ-FML41NHJ6-c9136fb972\/search_view_expanded_480.png?t=xoxe-671764457543-761495007360-748720106514-e22867dc4a96f2e14ff182795f11301c",
                "thumb_480_w": 194,
                "thumb_480_h": 480,
                "thumb_160": "https:\/\/files.slack.com\/files-tmb\/TKRNGDFFZ-FML41NHJ6-c9136fb972\/search_view_expanded_160.png?t=xoxe-671764457543-761495007360-748720106514-e22867dc4a96f2e14ff182795f11301c",
                "thumb_720": "https:\/\/files.slack.com\/files-tmb\/TKRNGDFFZ-FML41NHJ6-c9136fb972\/search_view_expanded_720.png?t=xoxe-671764457543-761495007360-748720106514-e22867dc4a96f2e14ff182795f11301c",
                "thumb_720_w": 291,
                "thumb_720_h": 720,
                "thumb_800": "https:\/\/files.slack.com\/files-tmb\/TKRNGDFFZ-FML41NHJ6-c9136fb972\/search_view_expanded_800.png?t=xoxe-671764457543-761495007360-748720106514-e22867dc4a96f2e14ff182795f11301c",
                "thumb_800_w": 323,
                "thumb_800_h": 800,
                "thumb_960": "https:\/\/files.slack.com\/files-tmb\/TKRNGDFFZ-FML41NHJ6-c9136fb972\/search_view_expanded_960.png?t=xoxe-671764457543-761495007360-748720106514-e22867dc4a96f2e14ff182795f11301c",
                "thumb_960_w": 388,
                "thumb_960_h": 960,
                "thumb_1024": "https:\/\/files.slack.com\/files-tmb\/TKRNGDFFZ-FML41NHJ6-c9136fb972\/search_view_expanded_1024.png?t=xoxe-671764457543-761495007360-748720106514-e22867dc4a96f2e14ff182795f11301c",
                "thumb_1024_w": 414,
                "thumb_1024_h": 1024,
                "image_exif_rotation": 1,
                "original_w": 702,
                "original_h": 1738,
                "permalink": "https:\/\/scrgt-bdso.slack.com\/files\/UL1DRU6R3\/FML41NHJ6\/search_view_expanded.png",
                "permalink_public": "https:\/\/slack-files.com\/TKRNGDFFZ-FML41NHJ6-06ca328f07",
                "is_starred": false,
                "has_rich_preview": false
            }
        ],
        "upload": true,
        "user": "UL1DRU6R3",
        "ts": "1567514839.002500",
        "client_msg_id": "4905fa76-c800-4891-aa30-57e4f91e600b"
    },
    {
        "type": "message",
        "text": "Edit mode dropdown for celebrity profile.",
        "files": [
            {
                "id": "FML469C5Q",
                "created": 1567515066,
                "timestamp": 1567515066,
                "name": "celebrity_profile_alone_v8_-_edit_mode.png",
                "title": "celebrity_profile_alone_v8_-_edit_mode.png",
                "mimetype": "image\/png",
                "filetype": "png",
                "pretty_type": "PNG",
                "user": "UL1DRU6R3",
                "editable": false,
                "size": 515967,
                "mode": "hosted",
                "is_external": false,
                "external_type": "",
                "is_public": true,
                "public_url_shared": false,
                "display_as_bot": false,
                "username": "",
                "url_private": "https:\/\/files.slack.com\/files-pri\/TKRNGDFFZ-FML469C5Q\/celebrity_profile_alone_v8_-_edit_mode.png?t=xoxe-671764457543-761495007360-748720106514-e22867dc4a96f2e14ff182795f11301c",
                "url_private_download": "https:\/\/files.slack.com\/files-pri\/TKRNGDFFZ-FML469C5Q\/download\/celebrity_profile_alone_v8_-_edit_mode.png?t=xoxe-671764457543-761495007360-748720106514-e22867dc4a96f2e14ff182795f11301c",
                "thumb_64": "https:\/\/files.slack.com\/files-tmb\/TKRNGDFFZ-FML469C5Q-155a5f2d0b\/celebrity_profile_alone_v8_-_edit_mode_64.png?t=xoxe-671764457543-761495007360-748720106514-e22867dc4a96f2e14ff182795f11301c",
                "thumb_80": "https:\/\/files.slack.com\/files-tmb\/TKRNGDFFZ-FML469C5Q-155a5f2d0b\/celebrity_profile_alone_v8_-_edit_mode_80.png?t=xoxe-671764457543-761495007360-748720106514-e22867dc4a96f2e14ff182795f11301c",
                "thumb_360": "https:\/\/files.slack.com\/files-tmb\/TKRNGDFFZ-FML469C5Q-155a5f2d0b\/celebrity_profile_alone_v8_-_edit_mode_360.png?t=xoxe-671764457543-761495007360-748720106514-e22867dc4a96f2e14ff182795f11301c",
                "thumb_360_w": 205,
                "thumb_360_h": 360,
                "thumb_480": "https:\/\/files.slack.com\/files-tmb\/TKRNGDFFZ-FML469C5Q-155a5f2d0b\/celebrity_profile_alone_v8_-_edit_mode_480.png?t=xoxe-671764457543-761495007360-748720106514-e22867dc4a96f2e14ff182795f11301c",
                "thumb_480_w": 273,
                "thumb_480_h": 480,
                "thumb_160": "https:\/\/files.slack.com\/files-tmb\/TKRNGDFFZ-FML469C5Q-155a5f2d0b\/celebrity_profile_alone_v8_-_edit_mode_160.png?t=xoxe-671764457543-761495007360-748720106514-e22867dc4a96f2e14ff182795f11301c",
                "thumb_720": "https:\/\/files.slack.com\/files-tmb\/TKRNGDFFZ-FML469C5Q-155a5f2d0b\/celebrity_profile_alone_v8_-_edit_mode_720.png?t=xoxe-671764457543-761495007360-748720106514-e22867dc4a96f2e14ff182795f11301c",
                "thumb_720_w": 409,
                "thumb_720_h": 720,
                "thumb_800": "https:\/\/files.slack.com\/files-tmb\/TKRNGDFFZ-FML469C5Q-155a5f2d0b\/celebrity_profile_alone_v8_-_edit_mode_800.png?t=xoxe-671764457543-761495007360-748720106514-e22867dc4a96f2e14ff182795f11301c",
                "thumb_800_w": 800,
                "thumb_800_h": 1407,
                "thumb_960": "https:\/\/files.slack.com\/files-tmb\/TKRNGDFFZ-FML469C5Q-155a5f2d0b\/celebrity_profile_alone_v8_-_edit_mode_960.png?t=xoxe-671764457543-761495007360-748720106514-e22867dc4a96f2e14ff182795f11301c",
                "thumb_960_w": 546,
                "thumb_960_h": 960,
                "thumb_1024": "https:\/\/files.slack.com\/files-tmb\/TKRNGDFFZ-FML469C5Q-155a5f2d0b\/celebrity_profile_alone_v8_-_edit_mode_1024.png?t=xoxe-671764457543-761495007360-748720106514-e22867dc4a96f2e14ff182795f11301c",
                "thumb_1024_w": 582,
                "thumb_1024_h": 1024,
                "image_exif_rotation": 1,
                "original_w": 1200,
                "original_h": 2110,
                "permalink": "https:\/\/scrgt-bdso.slack.com\/files\/UL1DRU6R3\/FML469C5Q\/celebrity_profile_alone_v8_-_edit_mode.png",
                "permalink_public": "https:\/\/slack-files.com\/TKRNGDFFZ-FML469C5Q-ea39c49214",
                "is_starred": false,
                "has_rich_preview": false
            }
        ],
        "upload": true,
        "user": "UL1DRU6R3",
        "display_as_bot": false,
        "ts": "1567515069.004500",
        "client_msg_id": "0336fc2b-d30e-42ac-8914-b82b29a84a94"
    },
    {
        "user": "UKNH71890",
        "type": "message",
        "subtype": "channel_join",
        "ts": "1567516936.004900",
        "text": "<@UKNH71890> has joined the channel"
    }
]