[
    {
        "user": "UKPCZJWQL",
        "type": "message",
        "subtype": "channel_join",
        "ts": "1566772178.000200",
        "text": "<@UKPCZJWQL> has joined the channel"
    },
    {
        "user": "UKR4GLQKF",
        "type": "message",
        "subtype": "channel_join",
        "ts": "1566772179.000400",
        "text": "<@UKR4GLQKF> has joined the channel",
        "inviter": "UKPCZJWQL"
    },
    {
        "user": "UL0GK1LJD",
        "type": "message",
        "subtype": "channel_join",
        "ts": "1566772179.000600",
        "text": "<@UL0GK1LJD> has joined the channel",
        "inviter": "UKPCZJWQL"
    },
    {
        "user": "UKZFHHJQ4",
        "type": "message",
        "subtype": "channel_join",
        "ts": "1566772179.000800",
        "text": "<@UKZFHHJQ4> has joined the channel",
        "inviter": "UKPCZJWQL"
    },
    {
        "user": "UKCPDF2M8",
        "type": "message",
        "subtype": "channel_join",
        "ts": "1566772179.001000",
        "text": "<@UKCPDF2M8> has joined the channel",
        "inviter": "UKPCZJWQL"
    }
]