[
    {
        "user": "UKQ0AMW48",
        "type": "message",
        "subtype": "channel_join",
        "ts": "1567097447.000200",
        "text": "<@UKQ0AMW48> has joined the channel"
    },
    {
        "user": "UMVNX6570",
        "type": "message",
        "subtype": "channel_join",
        "ts": "1567098488.000400",
        "text": "<@UMVNX6570> has joined the channel"
    },
    {
        "user": "UMM68BPPT",
        "type": "message",
        "subtype": "channel_join",
        "ts": "1567132366.000200",
        "text": "<@UMM68BPPT> has joined the channel"
    }
]