[
    {
        "client_msg_id": "15e99d30-1fbc-4ada-8578-c091fe078f88",
        "type": "message",
        "text": "<@UL1DRU6R3>",
        "user": "UKR4GLQKF",
        "ts": "1567353398.000200",
        "team": "TKRNGDFFZ",
        "user_team": "TKRNGDFFZ",
        "source_team": "TKRNGDFFZ",
        "user_profile": {
            "avatar_hash": "gf6859e536fb",
            "image_72": "https:\/\/secure.gravatar.com\/avatar\/f6859e536fb63a6f9d862b2f3fb9684c.jpg?s=72&d=https%3A%2F%2Fa.slack-edge.com%2F80588%2Fimg%2Favatars%2Fava_0015-72.png",
            "first_name": "",
            "real_name": "Amit Yadav",
            "display_name": "",
            "team": "TKRNGDFFZ",
            "name": "amit",
            "is_restricted": false,
            "is_ultra_restricted": false
        }
    },
    {
        "user": "UL1DRU6R3",
        "type": "message",
        "subtype": "channel_join",
        "ts": "1567353402.000400",
        "text": "<@UL1DRU6R3> has joined the channel",
        "inviter": "UKR4GLQKF"
    },
    {
        "type": "message",
        "text": "Personas Draft",
        "files": [
            {
                "id": "FMKPS2Q67",
                "created": 1567353586,
                "timestamp": 1567353586,
                "name": "Personas for BDSO.docx",
                "title": "Personas for BDSO.docx",
                "mimetype": "application\/vnd.openxmlformats-officedocument.wordprocessingml.document",
                "filetype": "docx",
                "pretty_type": "Word Document",
                "user": "UL1DRU6R3",
                "editable": false,
                "size": 130178,
                "mode": "hosted",
                "is_external": false,
                "external_type": "",
                "is_public": true,
                "public_url_shared": false,
                "display_as_bot": false,
                "username": "",
                "url_private": "https:\/\/files.slack.com\/files-pri\/TKRNGDFFZ-FMKPS2Q67\/personas_for_bdso.docx?t=xoxe-671764457543-761495007360-748720106514-e22867dc4a96f2e14ff182795f11301c",
                "url_private_download": "https:\/\/files.slack.com\/files-pri\/TKRNGDFFZ-FMKPS2Q67\/download\/personas_for_bdso.docx?t=xoxe-671764457543-761495007360-748720106514-e22867dc4a96f2e14ff182795f11301c",
                "converted_pdf": "https:\/\/files.slack.com\/files-tmb\/TKRNGDFFZ-FMKPS2Q67-775edfa135\/personas_for_bdso_converted.pdf?t=xoxe-671764457543-761495007360-748720106514-e22867dc4a96f2e14ff182795f11301c",
                "thumb_pdf": "https:\/\/files.slack.com\/files-tmb\/TKRNGDFFZ-FMKPS2Q67-775edfa135\/personas_for_bdso_thumb_pdf.png?t=xoxe-671764457543-761495007360-748720106514-e22867dc4a96f2e14ff182795f11301c",
                "thumb_pdf_w": 935,
                "thumb_pdf_h": 1210,
                "permalink": "https:\/\/scrgt-bdso.slack.com\/files\/UL1DRU6R3\/FMKPS2Q67\/personas_for_bdso.docx",
                "permalink_public": "https:\/\/slack-files.com\/TKRNGDFFZ-FMKPS2Q67-7224c1fbf2",
                "is_starred": false,
                "has_rich_preview": false
            }
        ],
        "upload": true,
        "user": "UL1DRU6R3",
        "display_as_bot": false,
        "ts": "1567353589.001900",
        "client_msg_id": "03f8ab44-8219-4a86-9989-cd6f42af9d28"
    }
]