[
    {
        "type": "message",
        "text": "<@UKPCZJWQL> and <@UL0GK1LJD>, for when you're ready to update graphics in the Readme.md instructions, I've attached the updated graphic for AWS Full Stack Cloud Solution Architecture (1st image under \"Architecture Diagrams\" heading). Mark it up with any needed changes, send back to me, and I'll send it to Kelly for cleanup and a final .png file.\nI'm using this same image in Solution.pdf, and want to keep us consistent.",
        "files": [
            {
                "id": "FNCBHL292",
                "created": 1568566515,
                "timestamp": 1568566515,
                "name": "6818_03_01_AWS Full Stack Cloud Solution Architecture.pptx",
                "title": "6818_03_01_AWS Full Stack Cloud Solution Architecture.pptx",
                "mimetype": "application\/vnd.openxmlformats-officedocument.presentationml.presentation",
                "filetype": "pptx",
                "pretty_type": "PowerPoint Presentation",
                "user": "UKCPDF2M8",
                "editable": false,
                "size": 1229786,
                "mode": "hosted",
                "is_external": false,
                "external_type": "",
                "is_public": true,
                "public_url_shared": false,
                "display_as_bot": false,
                "username": "",
                "url_private": "https:\/\/files.slack.com\/files-pri\/TKRNGDFFZ-FNCBHL292\/6818_03_01_aws_full_stack_cloud_solution_architecture.pptx?t=xoxe-671764457543-761495007360-748720106514-e22867dc4a96f2e14ff182795f11301c",
                "url_private_download": "https:\/\/files.slack.com\/files-pri\/TKRNGDFFZ-FNCBHL292\/download\/6818_03_01_aws_full_stack_cloud_solution_architecture.pptx?t=xoxe-671764457543-761495007360-748720106514-e22867dc4a96f2e14ff182795f11301c",
                "converted_pdf": "https:\/\/files.slack.com\/files-tmb\/TKRNGDFFZ-FNCBHL292-6ac66e02a3\/6818_03_01_aws_full_stack_cloud_solution_architecture_converted.pdf?t=xoxe-671764457543-761495007360-748720106514-e22867dc4a96f2e14ff182795f11301c",
                "thumb_pdf": "https:\/\/files.slack.com\/files-tmb\/TKRNGDFFZ-FNCBHL292-6ac66e02a3\/6818_03_01_aws_full_stack_cloud_solution_architecture_thumb_pdf.png?t=xoxe-671764457543-761495007360-748720106514-e22867dc4a96f2e14ff182795f11301c",
                "thumb_pdf_w": 715,
                "thumb_pdf_h": 990,
                "permalink": "https:\/\/scrgt-bdso.slack.com\/files\/UKCPDF2M8\/FNCBHL292\/6818_03_01_aws_full_stack_cloud_solution_architecture.pptx",
                "permalink_public": "https:\/\/slack-files.com\/TKRNGDFFZ-FNCBHL292-0e40d01b80",
                "is_starred": false,
                "has_rich_preview": false
            }
        ],
        "upload": true,
        "user": "UKCPDF2M8",
        "display_as_bot": false,
        "ts": "1568566519.003100",
        "client_msg_id": "21391594-b8d7-433a-ad30-c54c5a1c6db9"
    },
    {
        "client_msg_id": "f03d84e6-8dc6-4d0f-b25d-3f845c284c31",
        "type": "message",
        "text": "<@UKCPDF2M8> sure will do",
        "user": "UKPCZJWQL",
        "ts": "1568566602.003700",
        "team": "TKRNGDFFZ",
        "user_team": "TKRNGDFFZ",
        "source_team": "TKRNGDFFZ",
        "user_profile": {
            "avatar_hash": "g36d88e4c93b",
            "image_72": "https:\/\/secure.gravatar.com\/avatar\/36d88e4c93b31bcf505cfdf1b76c86a9.jpg?s=72&d=https%3A%2F%2Fa.slack-edge.com%2F80588%2Fimg%2Favatars%2Fava_0020-72.png",
            "first_name": "Pramod",
            "real_name": "Pramod Malhotra",
            "display_name": "",
            "team": "TKRNGDFFZ",
            "name": "pramod.malhotra",
            "is_restricted": false,
            "is_ultra_restricted": false
        }
    },
    {
        "client_msg_id": "465f9413-1053-4a4a-816a-bbc5dc0e2f3d",
        "type": "message",
        "text": "<@UKR4GLQKF> if you check <https:\/\/github.com\/SalientCRGT\/scrgt-bdso-cc-startup> documentation",
        "user": "UKPCZJWQL",
        "ts": "1568567292.004200",
        "team": "TKRNGDFFZ",
        "user_team": "TKRNGDFFZ",
        "source_team": "TKRNGDFFZ",
        "user_profile": {
            "avatar_hash": "g36d88e4c93b",
            "image_72": "https:\/\/secure.gravatar.com\/avatar\/36d88e4c93b31bcf505cfdf1b76c86a9.jpg?s=72&d=https%3A%2F%2Fa.slack-edge.com%2F80588%2Fimg%2Favatars%2Fava_0020-72.png",
            "first_name": "Pramod",
            "real_name": "Pramod Malhotra",
            "display_name": "",
            "team": "TKRNGDFFZ",
            "name": "pramod.malhotra",
            "is_restricted": false,
            "is_ultra_restricted": false
        }
    },
    {
        "client_msg_id": "d28e3600-6afb-47e0-a292-599c1aa46245",
        "type": "message",
        "text": "Can you change the deployment picture to match services inside OC Cluster",
        "user": "UKPCZJWQL",
        "ts": "1568567315.004700",
        "team": "TKRNGDFFZ",
        "user_team": "TKRNGDFFZ",
        "source_team": "TKRNGDFFZ",
        "user_profile": {
            "avatar_hash": "g36d88e4c93b",
            "image_72": "https:\/\/secure.gravatar.com\/avatar\/36d88e4c93b31bcf505cfdf1b76c86a9.jpg?s=72&d=https%3A%2F%2Fa.slack-edge.com%2F80588%2Fimg%2Favatars%2Fava_0020-72.png",
            "first_name": "Pramod",
            "real_name": "Pramod Malhotra",
            "display_name": "",
            "team": "TKRNGDFFZ",
            "name": "pramod.malhotra",
            "is_restricted": false,
            "is_ultra_restricted": false
        }
    },
    {
        "client_msg_id": "34d16828-a00e-40a6-a48c-c7f609272bd3",
        "type": "message",
        "text": "<@UKR4GLQKF> my bad, the jupyterhub services need to be changed",
        "user": "UKPCZJWQL",
        "ts": "1568567395.005700",
        "team": "TKRNGDFFZ",
        "user_team": "TKRNGDFFZ",
        "source_team": "TKRNGDFFZ",
        "user_profile": {
            "avatar_hash": "g36d88e4c93b",
            "image_72": "https:\/\/secure.gravatar.com\/avatar\/36d88e4c93b31bcf505cfdf1b76c86a9.jpg?s=72&d=https%3A%2F%2Fa.slack-edge.com%2F80588%2Fimg%2Favatars%2Fava_0020-72.png",
            "first_name": "Pramod",
            "real_name": "Pramod Malhotra",
            "display_name": "",
            "team": "TKRNGDFFZ",
            "name": "pramod.malhotra",
            "is_restricted": false,
            "is_ultra_restricted": false
        }
    },
    {
        "client_msg_id": "a2b3a482-49f8-46d3-a0f9-f12945880405",
        "type": "message",
        "text": "or in facts in jupyterHub should we call them models?",
        "user": "UKPCZJWQL",
        "ts": "1568567429.006300",
        "team": "TKRNGDFFZ",
        "user_team": "TKRNGDFFZ",
        "source_team": "TKRNGDFFZ",
        "user_profile": {
            "avatar_hash": "g36d88e4c93b",
            "image_72": "https:\/\/secure.gravatar.com\/avatar\/36d88e4c93b31bcf505cfdf1b76c86a9.jpg?s=72&d=https%3A%2F%2Fa.slack-edge.com%2F80588%2Fimg%2Favatars%2Fava_0020-72.png",
            "first_name": "Pramod",
            "real_name": "Pramod Malhotra",
            "display_name": "",
            "team": "TKRNGDFFZ",
            "name": "pramod.malhotra",
            "is_restricted": false,
            "is_ultra_restricted": false
        }
    },
    {
        "client_msg_id": "d3e11e39-73cb-4bff-bad2-6f682eb2ee8f",
        "type": "message",
        "text": "It should be models and notebooks",
        "user": "UKR4GLQKF",
        "ts": "1568567463.006700",
        "team": "TKRNGDFFZ",
        "user_team": "TKRNGDFFZ",
        "source_team": "TKRNGDFFZ",
        "user_profile": {
            "avatar_hash": "gf6859e536fb",
            "image_72": "https:\/\/secure.gravatar.com\/avatar\/f6859e536fb63a6f9d862b2f3fb9684c.jpg?s=72&d=https%3A%2F%2Fa.slack-edge.com%2F80588%2Fimg%2Favatars%2Fava_0015-72.png",
            "first_name": "",
            "real_name": "Amit Yadav",
            "display_name": "",
            "team": "TKRNGDFFZ",
            "name": "amit",
            "is_restricted": false,
            "is_ultra_restricted": false
        }
    },
    {
        "client_msg_id": "777aabb4-63c6-4c76-9430-71a2807f00a3",
        "type": "message",
        "text": "okay, once u update and send me the image, i will make similar changes to other graphics on top of it, and we will be done from graphics perspective",
        "user": "UKPCZJWQL",
        "ts": "1568567501.007400",
        "team": "TKRNGDFFZ",
        "user_team": "TKRNGDFFZ",
        "source_team": "TKRNGDFFZ",
        "user_profile": {
            "avatar_hash": "g36d88e4c93b",
            "image_72": "https:\/\/secure.gravatar.com\/avatar\/36d88e4c93b31bcf505cfdf1b76c86a9.jpg?s=72&d=https%3A%2F%2Fa.slack-edge.com%2F80588%2Fimg%2Favatars%2Fava_0020-72.png",
            "first_name": "Pramod",
            "real_name": "Pramod Malhotra",
            "display_name": "",
            "team": "TKRNGDFFZ",
            "name": "pramod.malhotra",
            "is_restricted": false,
            "is_ultra_restricted": false
        }
    }
]