[
    {
        "client_msg_id": "EC4663C4-9887-46C6-AC92-3A5932A20990",
        "type": "message",
        "text": "<@UKCPDF2M8> Have you started to develop the documentation?",
        "user": "UKR4GLQKF",
        "ts": "1566948967.001000",
        "team": "TKRNGDFFZ",
        "user_team": "TKRNGDFFZ",
        "source_team": "TKRNGDFFZ",
        "user_profile": {
            "avatar_hash": "gf6859e536fb",
            "image_72": "https:\/\/secure.gravatar.com\/avatar\/f6859e536fb63a6f9d862b2f3fb9684c.jpg?s=72&d=https%3A%2F%2Fa.slack-edge.com%2F80588%2Fimg%2Favatars%2Fava_0015-72.png",
            "first_name": "",
            "real_name": "Amit Yadav",
            "display_name": "",
            "team": "TKRNGDFFZ",
            "name": "amit",
            "is_restricted": false,
            "is_ultra_restricted": false
        },
        "thread_ts": "1566948967.001000",
        "reply_count": 1,
        "reply_users_count": 1,
        "latest_reply": "1566949194.002900",
        "reply_users": [
            "UKCPDF2M8"
        ],
        "replies": [
            {
                "user": "UKCPDF2M8",
                "ts": "1566949194.002900"
            }
        ],
        "subscribed": false
    },
    {
        "type": "message",
        "subtype": "thread_broadcast",
        "text": "No, I haven’t. I won’t be able to lead the documentation work because I’m tasked to focus mostly on another bid.",
        "user": "UKCPDF2M8",
        "ts": "1566949194.002900",
        "thread_ts": "1566948967.001000",
        "root": {
            "client_msg_id": "EC4663C4-9887-46C6-AC92-3A5932A20990",
            "type": "message",
            "text": "<@UKCPDF2M8> Have you started to develop the documentation?",
            "user": "UKR4GLQKF",
            "ts": "1566948967.001000",
            "team": "TKRNGDFFZ",
            "thread_ts": "1566948967.001000",
            "reply_count": 1,
            "reply_users_count": 1,
            "latest_reply": "1566949194.002900",
            "reply_users": [
                "UKCPDF2M8"
            ],
            "replies": [
                {
                    "user": "UKCPDF2M8",
                    "ts": "1566949194.002900"
                }
            ],
            "subscribed": false
        },
        "client_msg_id": "712E9DCF-AE20-49B4-B8EA-4F21007246DC"
    }
]