[
    {
        "client_msg_id": "d95c2e09-4fe3-4856-bef9-d479f399ac23",
        "type": "message",
        "text": "How do we plan on loading the mock data to db?",
        "user": "UKNH717DG",
        "ts": "1567256469.016900",
        "team": "TKRNGDFFZ",
        "user_team": "TKRNGDFFZ",
        "source_team": "TKRNGDFFZ",
        "user_profile": {
            "avatar_hash": "ec31ddf685bb",
            "image_72": "https:\/\/avatars.slack-edge.com\/2019-06-30\/682845206070_ec31ddf685bb0693b21a_72.jpg",
            "first_name": "",
            "real_name": "Uche",
            "display_name": "",
            "team": "TKRNGDFFZ",
            "name": "uoffurum",
            "is_restricted": false,
            "is_ultra_restricted": false
        }
    },
    {
        "client_msg_id": "f30dc519-7880-4a04-a91d-6c9207d9f9fe",
        "type": "message",
        "text": "<!here> PR for s3 service and storing image in s3 bucket\n<https:\/\/github.com\/SalientCRGT\/scrgt-bdso-cc-ms-celebrity\/pull\/8>",
        "user": "UKNH717DG",
        "ts": "1567277436.017500",
        "team": "TKRNGDFFZ",
        "user_team": "TKRNGDFFZ",
        "source_team": "TKRNGDFFZ",
        "user_profile": {
            "avatar_hash": "ec31ddf685bb",
            "image_72": "https:\/\/avatars.slack-edge.com\/2019-06-30\/682845206070_ec31ddf685bb0693b21a_72.jpg",
            "first_name": "",
            "real_name": "Uche",
            "display_name": "",
            "team": "TKRNGDFFZ",
            "name": "uoffurum",
            "is_restricted": false,
            "is_ultra_restricted": false
        }
    }
]