[
    {
        "client_msg_id": "a38caaf3-e15f-44a5-a68d-91ff6bdc36d3",
        "type": "message",
        "text": "<!here>, here is my PR for celebrity api. Please review - <https:\/\/github.com\/SalientCRGT\/scrgt-bdso-cc-ms-celebrity\/pull\/4>",
        "user": "UKNH717DG",
        "ts": "1567202093.002000",
        "team": "TKRNGDFFZ",
        "user_team": "TKRNGDFFZ",
        "source_team": "TKRNGDFFZ",
        "user_profile": {
            "avatar_hash": "ec31ddf685bb",
            "image_72": "https:\/\/avatars.slack-edge.com\/2019-06-30\/682845206070_ec31ddf685bb0693b21a_72.jpg",
            "first_name": "",
            "real_name": "Uche",
            "display_name": "",
            "team": "TKRNGDFFZ",
            "name": "uoffurum",
            "is_restricted": false,
            "is_ultra_restricted": false
        },
        "edited": {
            "user": "UKNH717DG",
            "ts": "1567202100.000000"
        }
    },
    {
        "client_msg_id": "cb38e76a-4e25-4093-a3b1-a2adcaf50719",
        "type": "message",
        "text": "here are my api model definitions\n<https:\/\/github.com\/SalientCRGT\/scrgt-bdso-cc-ms-celebrity\/tree\/ft-s3\/src\/main\/resources\/schemas\/json>",
        "user": "UKNH717DG",
        "ts": "1567202130.002500",
        "team": "TKRNGDFFZ",
        "user_team": "TKRNGDFFZ",
        "source_team": "TKRNGDFFZ",
        "user_profile": {
            "avatar_hash": "ec31ddf685bb",
            "image_72": "https:\/\/avatars.slack-edge.com\/2019-06-30\/682845206070_ec31ddf685bb0693b21a_72.jpg",
            "first_name": "",
            "real_name": "Uche",
            "display_name": "",
            "team": "TKRNGDFFZ",
            "name": "uoffurum",
            "is_restricted": false,
            "is_ultra_restricted": false
        }
    },
    {
        "client_msg_id": "5e3961e9-51a7-4ad7-8d1b-275c340d37fa",
        "type": "message",
        "text": "I added the s3 config, but haven't tested if. No s3 bucket available.\nSpent some time trying to set up keycloak locally. Had some difficulties. Finally got it working and will add and test configuration.",
        "user": "UKNH717DG",
        "ts": "1567202158.003000",
        "team": "TKRNGDFFZ",
        "user_team": "TKRNGDFFZ",
        "source_team": "TKRNGDFFZ",
        "user_profile": {
            "avatar_hash": "ec31ddf685bb",
            "image_72": "https:\/\/avatars.slack-edge.com\/2019-06-30\/682845206070_ec31ddf685bb0693b21a_72.jpg",
            "first_name": "",
            "real_name": "Uche",
            "display_name": "",
            "team": "TKRNGDFFZ",
            "name": "uoffurum",
            "is_restricted": false,
            "is_ultra_restricted": false
        },
        "edited": {
            "user": "UKNH717DG",
            "ts": "1567202172.000000"
        }
    },
    {
        "client_msg_id": "ec9b24ce-f95c-4f00-b0a3-ecff7807bbf3",
        "type": "message",
        "text": "<@UKNH717DG> Does PR-4 still has references to Okta?",
        "user": "UKR4GLQKF",
        "ts": "1567202198.003800",
        "team": "TKRNGDFFZ",
        "user_team": "TKRNGDFFZ",
        "source_team": "TKRNGDFFZ",
        "user_profile": {
            "avatar_hash": "gf6859e536fb",
            "image_72": "https:\/\/secure.gravatar.com\/avatar\/f6859e536fb63a6f9d862b2f3fb9684c.jpg?s=72&d=https%3A%2F%2Fa.slack-edge.com%2F80588%2Fimg%2Favatars%2Fava_0015-72.png",
            "first_name": "",
            "real_name": "Amit Yadav",
            "display_name": "",
            "team": "TKRNGDFFZ",
            "name": "amit",
            "is_restricted": false,
            "is_ultra_restricted": false
        }
    },
    {
        "client_msg_id": "b21555a3-8f5a-466c-bcdd-0a739fb7fafa",
        "type": "message",
        "text": "it does",
        "user": "UKNH717DG",
        "ts": "1567202211.004000",
        "team": "TKRNGDFFZ",
        "user_team": "TKRNGDFFZ",
        "source_team": "TKRNGDFFZ",
        "user_profile": {
            "avatar_hash": "ec31ddf685bb",
            "image_72": "https:\/\/avatars.slack-edge.com\/2019-06-30\/682845206070_ec31ddf685bb0693b21a_72.jpg",
            "first_name": "",
            "real_name": "Uche",
            "display_name": "",
            "team": "TKRNGDFFZ",
            "name": "uoffurum",
            "is_restricted": false,
            "is_ultra_restricted": false
        }
    },
    {
        "client_msg_id": "81566ba9-259b-448e-94fa-90634343bddf",
        "type": "message",
        "text": "but it doesn't prevent the application from starting up",
        "user": "UKNH717DG",
        "ts": "1567202220.004300",
        "team": "TKRNGDFFZ",
        "user_team": "TKRNGDFFZ",
        "source_team": "TKRNGDFFZ",
        "user_profile": {
            "avatar_hash": "ec31ddf685bb",
            "image_72": "https:\/\/avatars.slack-edge.com\/2019-06-30\/682845206070_ec31ddf685bb0693b21a_72.jpg",
            "first_name": "",
            "real_name": "Uche",
            "display_name": "",
            "team": "TKRNGDFFZ",
            "name": "uoffurum",
            "is_restricted": false,
            "is_ultra_restricted": false
        }
    },
    {
        "client_msg_id": "15e70802-59ac-4e58-87f7-ec6763fabb9e",
        "type": "message",
        "text": "I will remove it once I add the keycloak config",
        "user": "UKNH717DG",
        "ts": "1567202235.004700",
        "team": "TKRNGDFFZ",
        "user_team": "TKRNGDFFZ",
        "source_team": "TKRNGDFFZ",
        "user_profile": {
            "avatar_hash": "ec31ddf685bb",
            "image_72": "https:\/\/avatars.slack-edge.com\/2019-06-30\/682845206070_ec31ddf685bb0693b21a_72.jpg",
            "first_name": "",
            "real_name": "Uche",
            "display_name": "",
            "team": "TKRNGDFFZ",
            "name": "uoffurum",
            "is_restricted": false,
            "is_ultra_restricted": false
        }
    },
    {
        "client_msg_id": "839dcddc-28c5-4c5c-9f48-ce4c7495003e",
        "type": "message",
        "text": "didn't want to break anything yet",
        "user": "UKNH717DG",
        "ts": "1567202242.005200",
        "team": "TKRNGDFFZ",
        "user_team": "TKRNGDFFZ",
        "source_team": "TKRNGDFFZ",
        "user_profile": {
            "avatar_hash": "ec31ddf685bb",
            "image_72": "https:\/\/avatars.slack-edge.com\/2019-06-30\/682845206070_ec31ddf685bb0693b21a_72.jpg",
            "first_name": "",
            "real_name": "Uche",
            "display_name": "",
            "team": "TKRNGDFFZ",
            "name": "uoffurum",
            "is_restricted": false,
            "is_ultra_restricted": false
        }
    },
    {
        "client_msg_id": "e788200e-962e-4e52-b0dd-29d1e28db1dd",
        "type": "message",
        "text": "Got it",
        "user": "UKR4GLQKF",
        "ts": "1567202244.005300",
        "team": "TKRNGDFFZ",
        "user_team": "TKRNGDFFZ",
        "source_team": "TKRNGDFFZ",
        "user_profile": {
            "avatar_hash": "gf6859e536fb",
            "image_72": "https:\/\/secure.gravatar.com\/avatar\/f6859e536fb63a6f9d862b2f3fb9684c.jpg?s=72&d=https%3A%2F%2Fa.slack-edge.com%2F80588%2Fimg%2Favatars%2Fava_0015-72.png",
            "first_name": "",
            "real_name": "Amit Yadav",
            "display_name": "",
            "team": "TKRNGDFFZ",
            "name": "amit",
            "is_restricted": false,
            "is_ultra_restricted": false
        }
    },
    {
        "client_msg_id": "4cbc269e-4564-4c9a-98fa-ee16ae72cbdc",
        "type": "message",
        "text": "<@UKR4GLQKF> is keycloak setup on the server yet?",
        "user": "UKNH717DG",
        "ts": "1567202577.005900",
        "team": "TKRNGDFFZ",
        "user_team": "TKRNGDFFZ",
        "source_team": "TKRNGDFFZ",
        "user_profile": {
            "avatar_hash": "ec31ddf685bb",
            "image_72": "https:\/\/avatars.slack-edge.com\/2019-06-30\/682845206070_ec31ddf685bb0693b21a_72.jpg",
            "first_name": "",
            "real_name": "Uche",
            "display_name": "",
            "team": "TKRNGDFFZ",
            "name": "uoffurum",
            "is_restricted": false,
            "is_ultra_restricted": false
        }
    },
    {
        "client_msg_id": "095a9a9a-18a6-42a5-8347-d644eedc7129",
        "type": "message",
        "text": "Also, is it possible to have a sonar scan Jenkins job on PR creation? It could be one of the PR required steps.",
        "user": "UKNH717DG",
        "ts": "1567203333.007100",
        "team": "TKRNGDFFZ",
        "user_team": "TKRNGDFFZ",
        "source_team": "TKRNGDFFZ",
        "user_profile": {
            "avatar_hash": "ec31ddf685bb",
            "image_72": "https:\/\/avatars.slack-edge.com\/2019-06-30\/682845206070_ec31ddf685bb0693b21a_72.jpg",
            "first_name": "",
            "real_name": "Uche",
            "display_name": "",
            "team": "TKRNGDFFZ",
            "name": "uoffurum",
            "is_restricted": false,
            "is_ultra_restricted": false
        }
    },
    {
        "client_msg_id": "BFE09CD0-B461-4950-B9C0-7DDA5BAAF2B5",
        "type": "message",
        "text": "<@UL2480LK0> <@UKNH717DG> I am thinking that I am going to try to build graphdb api using spring + neo4j. Should I make it a separate Microservices or try to add to Celebrity API?",
        "user": "UKR4GLQKF",
        "ts": "1567216566.009700",
        "team": "TKRNGDFFZ",
        "user_team": "TKRNGDFFZ",
        "source_team": "TKRNGDFFZ",
        "user_profile": {
            "avatar_hash": "gf6859e536fb",
            "image_72": "https:\/\/secure.gravatar.com\/avatar\/f6859e536fb63a6f9d862b2f3fb9684c.jpg?s=72&d=https%3A%2F%2Fa.slack-edge.com%2F80588%2Fimg%2Favatars%2Fava_0015-72.png",
            "first_name": "",
            "real_name": "Amit Yadav",
            "display_name": "",
            "team": "TKRNGDFFZ",
            "name": "amit",
            "is_restricted": false,
            "is_ultra_restricted": false
        }
    },
    {
        "client_msg_id": "9871f872-9acd-4d2c-a2aa-05089ba2b22a",
        "type": "message",
        "text": "I would build it with the same repo.",
        "user": "UL2480LK0",
        "ts": "1567216856.010300",
        "team": "TKRNGDFFZ",
        "user_team": "TKRNGDFFZ",
        "source_team": "TKRNGDFFZ",
        "user_profile": {
            "avatar_hash": "62ae36e8a132",
            "image_72": "https:\/\/avatars.slack-edge.com\/2019-06-29\/679787214084_62ae36e8a132791cd71b_72.png",
            "first_name": "Ranga",
            "real_name": "Ranga Lakshminarayanan",
            "display_name": "Ranga",
            "team": "TKRNGDFFZ",
            "name": "rangabalaji",
            "is_restricted": false,
            "is_ultra_restricted": false
        }
    },
    {
        "client_msg_id": "D8ECFC3F-984F-4986-B48A-64F52FB5BAE2",
        "type": "message",
        "text": "Okay. ",
        "user": "UKR4GLQKF",
        "ts": "1567217184.011100",
        "team": "TKRNGDFFZ",
        "user_team": "TKRNGDFFZ",
        "source_team": "TKRNGDFFZ",
        "user_profile": {
            "avatar_hash": "gf6859e536fb",
            "image_72": "https:\/\/secure.gravatar.com\/avatar\/f6859e536fb63a6f9d862b2f3fb9684c.jpg?s=72&d=https%3A%2F%2Fa.slack-edge.com%2F80588%2Fimg%2Favatars%2Fava_0015-72.png",
            "first_name": "",
            "real_name": "Amit Yadav",
            "display_name": "",
            "team": "TKRNGDFFZ",
            "name": "amit",
            "is_restricted": false,
            "is_ultra_restricted": false
        }
    },
    {
        "client_msg_id": "df190afc-9cae-4dfe-8bd1-9f48522af5e2",
        "type": "message",
        "text": "basically the Celebrity MS takes the data and pushes it to multiple repo with one API call from the UI",
        "user": "UL2480LK0",
        "ts": "1567217239.013200",
        "team": "TKRNGDFFZ",
        "user_team": "TKRNGDFFZ",
        "source_team": "TKRNGDFFZ",
        "user_profile": {
            "avatar_hash": "62ae36e8a132",
            "image_72": "https:\/\/avatars.slack-edge.com\/2019-06-29\/679787214084_62ae36e8a132791cd71b_72.png",
            "first_name": "Ranga",
            "real_name": "Ranga Lakshminarayanan",
            "display_name": "Ranga",
            "team": "TKRNGDFFZ",
            "name": "rangabalaji",
            "is_restricted": false,
            "is_ultra_restricted": false
        }
    },
    {
        "client_msg_id": "B8CB3CB2-DAD6-47F6-AF5F-C733EE650B62",
        "type": "message",
        "text": "So, now we will have 3 kind of methods. relational, graph and elastic ",
        "user": "UKR4GLQKF",
        "ts": "1567217242.013300",
        "team": "TKRNGDFFZ",
        "user_team": "TKRNGDFFZ",
        "source_team": "TKRNGDFFZ",
        "user_profile": {
            "avatar_hash": "gf6859e536fb",
            "image_72": "https:\/\/secure.gravatar.com\/avatar\/f6859e536fb63a6f9d862b2f3fb9684c.jpg?s=72&d=https%3A%2F%2Fa.slack-edge.com%2F80588%2Fimg%2Favatars%2Fava_0015-72.png",
            "first_name": "",
            "real_name": "Amit Yadav",
            "display_name": "",
            "team": "TKRNGDFFZ",
            "name": "amit",
            "is_restricted": false,
            "is_ultra_restricted": false
        }
    },
    {
        "client_msg_id": "bcf8ab20-f489-437d-bc84-5df116904275",
        "type": "message",
        "text": "yep.",
        "user": "UL2480LK0",
        "ts": "1567217253.013500",
        "team": "TKRNGDFFZ",
        "user_team": "TKRNGDFFZ",
        "source_team": "TKRNGDFFZ",
        "user_profile": {
            "avatar_hash": "62ae36e8a132",
            "image_72": "https:\/\/avatars.slack-edge.com\/2019-06-29\/679787214084_62ae36e8a132791cd71b_72.png",
            "first_name": "Ranga",
            "real_name": "Ranga Lakshminarayanan",
            "display_name": "Ranga",
            "team": "TKRNGDFFZ",
            "name": "rangabalaji",
            "is_restricted": false,
            "is_ultra_restricted": false
        }
    },
    {
        "client_msg_id": "8EF6BF6B-9B1D-48EC-8291-90B15798EC3A",
        "type": "message",
        "text": "I like that. Keeps things simple ",
        "user": "UKR4GLQKF",
        "ts": "1567217293.014400",
        "team": "TKRNGDFFZ",
        "user_team": "TKRNGDFFZ",
        "source_team": "TKRNGDFFZ",
        "user_profile": {
            "avatar_hash": "gf6859e536fb",
            "image_72": "https:\/\/secure.gravatar.com\/avatar\/f6859e536fb63a6f9d862b2f3fb9684c.jpg?s=72&d=https%3A%2F%2Fa.slack-edge.com%2F80588%2Fimg%2Favatars%2Fava_0015-72.png",
            "first_name": "",
            "real_name": "Amit Yadav",
            "display_name": "",
            "team": "TKRNGDFFZ",
            "name": "amit",
            "is_restricted": false,
            "is_ultra_restricted": false
        }
    },
    {
        "client_msg_id": "0A311CEE-66AF-4AA7-A8E9-7C19CF27A04C",
        "type": "message",
        "text": "And we can reuse entities ",
        "user": "UKR4GLQKF",
        "ts": "1567217308.015100",
        "team": "TKRNGDFFZ",
        "user_team": "TKRNGDFFZ",
        "source_team": "TKRNGDFFZ",
        "user_profile": {
            "avatar_hash": "gf6859e536fb",
            "image_72": "https:\/\/secure.gravatar.com\/avatar\/f6859e536fb63a6f9d862b2f3fb9684c.jpg?s=72&d=https%3A%2F%2Fa.slack-edge.com%2F80588%2Fimg%2Favatars%2Fava_0015-72.png",
            "first_name": "",
            "real_name": "Amit Yadav",
            "display_name": "",
            "team": "TKRNGDFFZ",
            "name": "amit",
            "is_restricted": false,
            "is_ultra_restricted": false
        }
    },
    {
        "client_msg_id": "c39f4017-a1bf-4c42-97f6-debe9e120dd4",
        "type": "message",
        "text": "yeah. too many microservices will get a bit unwieldy",
        "user": "UL2480LK0",
        "ts": "1567217310.015300",
        "team": "TKRNGDFFZ",
        "user_team": "TKRNGDFFZ",
        "source_team": "TKRNGDFFZ",
        "user_profile": {
            "avatar_hash": "62ae36e8a132",
            "image_72": "https:\/\/avatars.slack-edge.com\/2019-06-29\/679787214084_62ae36e8a132791cd71b_72.png",
            "first_name": "Ranga",
            "real_name": "Ranga Lakshminarayanan",
            "display_name": "Ranga",
            "team": "TKRNGDFFZ",
            "name": "rangabalaji",
            "is_restricted": false,
            "is_ultra_restricted": false
        }
    },
    {
        "client_msg_id": "d3a62ef2-a040-4e7f-b013-1b0f218c5c8e",
        "type": "message",
        "text": "yes",
        "user": "UL2480LK0",
        "ts": "1567217314.015500",
        "team": "TKRNGDFFZ",
        "user_team": "TKRNGDFFZ",
        "source_team": "TKRNGDFFZ",
        "user_profile": {
            "avatar_hash": "62ae36e8a132",
            "image_72": "https:\/\/avatars.slack-edge.com\/2019-06-29\/679787214084_62ae36e8a132791cd71b_72.png",
            "first_name": "Ranga",
            "real_name": "Ranga Lakshminarayanan",
            "display_name": "Ranga",
            "team": "TKRNGDFFZ",
            "name": "rangabalaji",
            "is_restricted": false,
            "is_ultra_restricted": false
        }
    },
    {
        "client_msg_id": "0CD1A77F-8DE7-4015-8969-6AEC964C3271",
        "type": "message",
        "text": "We will just deploy neo4j on Openshift ",
        "user": "UKR4GLQKF",
        "ts": "1567217376.016400",
        "team": "TKRNGDFFZ",
        "user_team": "TKRNGDFFZ",
        "source_team": "TKRNGDFFZ",
        "user_profile": {
            "avatar_hash": "gf6859e536fb",
            "image_72": "https:\/\/secure.gravatar.com\/avatar\/f6859e536fb63a6f9d862b2f3fb9684c.jpg?s=72&d=https%3A%2F%2Fa.slack-edge.com%2F80588%2Fimg%2Favatars%2Fava_0015-72.png",
            "first_name": "",
            "real_name": "Amit Yadav",
            "display_name": "",
            "team": "TKRNGDFFZ",
            "name": "amit",
            "is_restricted": false,
            "is_ultra_restricted": false
        }
    }
]