[
    {
        "client_msg_id": "30aafb0c-4ccd-4653-a56f-5523585a7f3a",
        "type": "message",
        "text": "<@UL009SD29> <@UL2480LK0> <@UKR4GLQKF> can you review the data ingestion requirements in the data  science repo?  <https:\/\/github.com\/SalientCRGT\/scrgt-bdso-cc-datascience>",
        "user": "ULX5BPN3C",
        "ts": "1566945714.008800",
        "team": "TKRNGDFFZ",
        "user_team": "TKRNGDFFZ",
        "source_team": "TKRNGDFFZ",
        "user_profile": {
            "avatar_hash": "g6a2d3222d03",
            "image_72": "https:\/\/secure.gravatar.com\/avatar\/6a2d3222d03e600836a3b667ac22c2f6.jpg?s=72&d=https%3A%2F%2Fa.slack-edge.com%2F80588%2Fimg%2Favatars%2Fava_0025-72.png",
            "first_name": "",
            "real_name": "Ray Duong",
            "display_name": "",
            "team": "TKRNGDFFZ",
            "name": "ray.duong",
            "is_restricted": false,
            "is_ultra_restricted": false
        }
    },
    {
        "client_msg_id": "a80437ac-51c5-413f-a55d-82e9de3800e4",
        "type": "message",
        "text": "I have pull some same data but we need to productize the data feeds as new data or or update is required.",
        "user": "ULX5BPN3C",
        "ts": "1566945756.009700",
        "team": "TKRNGDFFZ",
        "user_team": "TKRNGDFFZ",
        "source_team": "TKRNGDFFZ",
        "user_profile": {
            "avatar_hash": "g6a2d3222d03",
            "image_72": "https:\/\/secure.gravatar.com\/avatar\/6a2d3222d03e600836a3b667ac22c2f6.jpg?s=72&d=https%3A%2F%2Fa.slack-edge.com%2F80588%2Fimg%2Favatars%2Fava_0025-72.png",
            "first_name": "",
            "real_name": "Ray Duong",
            "display_name": "",
            "team": "TKRNGDFFZ",
            "name": "ray.duong",
            "is_restricted": false,
            "is_ultra_restricted": false
        }
    }
]