[
    {
        "user": "UL3RW3SJ2",
        "type": "message",
        "subtype": "channel_join",
        "ts": "1566826184.000200",
        "text": "<@UL3RW3SJ2> has joined the channel"
    },
    {
        "client_msg_id": "cad3a6fa-d975-4494-906c-ae163309e4df",
        "type": "message",
        "text": "<@UL2480LK0> <@UKNH717DG> <@UL0012D6C> Is there a time to connect to discuss back-end services?",
        "user": "UKR4GLQKF",
        "ts": "1566828672.001100",
        "team": "TKRNGDFFZ",
        "user_team": "TKRNGDFFZ",
        "source_team": "TKRNGDFFZ",
        "user_profile": {
            "avatar_hash": "gf6859e536fb",
            "image_72": "https:\/\/secure.gravatar.com\/avatar\/f6859e536fb63a6f9d862b2f3fb9684c.jpg?s=72&d=https%3A%2F%2Fa.slack-edge.com%2F80588%2Fimg%2Favatars%2Fava_0015-72.png",
            "first_name": "",
            "real_name": "Amit Yadav",
            "display_name": "",
            "team": "TKRNGDFFZ",
            "name": "amit",
            "is_restricted": false,
            "is_ultra_restricted": false
        }
    },
    {
        "client_msg_id": "f922786c-8de8-4973-89a3-9234ee5c23c8",
        "type": "message",
        "text": "Does 5pm work for everyone?",
        "user": "UL2480LK0",
        "ts": "1566828725.001500",
        "team": "TKRNGDFFZ",
        "user_team": "TKRNGDFFZ",
        "source_team": "TKRNGDFFZ",
        "user_profile": {
            "avatar_hash": "62ae36e8a132",
            "image_72": "https:\/\/avatars.slack-edge.com\/2019-06-29\/679787214084_62ae36e8a132791cd71b_72.png",
            "first_name": "Ranga",
            "real_name": "Ranga Lakshminarayanan",
            "display_name": "Ranga",
            "team": "TKRNGDFFZ",
            "name": "rangabalaji",
            "is_restricted": false,
            "is_ultra_restricted": false
        }
    },
    {
        "client_msg_id": "b2b04344-6279-41ff-af01-57b0dd47c3a6",
        "type": "message",
        "text": "Works for me",
        "user": "UKR4GLQKF",
        "ts": "1566828741.001700",
        "team": "TKRNGDFFZ",
        "user_team": "TKRNGDFFZ",
        "source_team": "TKRNGDFFZ",
        "user_profile": {
            "avatar_hash": "gf6859e536fb",
            "image_72": "https:\/\/secure.gravatar.com\/avatar\/f6859e536fb63a6f9d862b2f3fb9684c.jpg?s=72&d=https%3A%2F%2Fa.slack-edge.com%2F80588%2Fimg%2Favatars%2Fava_0015-72.png",
            "first_name": "",
            "real_name": "Amit Yadav",
            "display_name": "",
            "team": "TKRNGDFFZ",
            "name": "amit",
            "is_restricted": false,
            "is_ultra_restricted": false
        }
    },
    {
        "client_msg_id": "7d658bf9-2071-46e8-b808-9b643ec02ac1",
        "type": "message",
        "text": "<@ULX5BPN3C> This channel has backend\/microservices expertise",
        "user": "UKR4GLQKF",
        "ts": "1566828781.002600",
        "team": "TKRNGDFFZ",
        "user_team": "TKRNGDFFZ",
        "source_team": "TKRNGDFFZ",
        "user_profile": {
            "avatar_hash": "gf6859e536fb",
            "image_72": "https:\/\/secure.gravatar.com\/avatar\/f6859e536fb63a6f9d862b2f3fb9684c.jpg?s=72&d=https%3A%2F%2Fa.slack-edge.com%2F80588%2Fimg%2Favatars%2Fava_0015-72.png",
            "first_name": "",
            "real_name": "Amit Yadav",
            "display_name": "",
            "team": "TKRNGDFFZ",
            "name": "amit",
            "is_restricted": false,
            "is_ultra_restricted": false
        }
    },
    {
        "user": "ULX5BPN3C",
        "type": "message",
        "subtype": "channel_join",
        "ts": "1566828783.002800",
        "text": "<@ULX5BPN3C> has joined the channel",
        "inviter": "UKR4GLQKF"
    },
    {
        "client_msg_id": "d970e708-e1fe-43b4-a75d-8e64bc93c57f",
        "type": "message",
        "text": "5 works for me too. How long do we expect the call to last?",
        "user": "UKNH717DG",
        "ts": "1566829821.003200",
        "team": "TKRNGDFFZ",
        "user_team": "TKRNGDFFZ",
        "source_team": "TKRNGDFFZ",
        "user_profile": {
            "avatar_hash": "ec31ddf685bb",
            "image_72": "https:\/\/avatars.slack-edge.com\/2019-06-30\/682845206070_ec31ddf685bb0693b21a_72.jpg",
            "first_name": "",
            "real_name": "Uche",
            "display_name": "",
            "team": "TKRNGDFFZ",
            "name": "uoffurum",
            "is_restricted": false,
            "is_ultra_restricted": false
        },
        "edited": {
            "user": "UKNH717DG",
            "ts": "1566829853.000000"
        }
    },
    {
        "client_msg_id": "3897c61a-8ff4-42fb-a6f1-c23fe93660b5",
        "type": "message",
        "text": "May be 30minutes - 1 hour?",
        "user": "UKR4GLQKF",
        "ts": "1566830890.004600",
        "team": "TKRNGDFFZ",
        "user_team": "TKRNGDFFZ",
        "source_team": "TKRNGDFFZ",
        "user_profile": {
            "avatar_hash": "gf6859e536fb",
            "image_72": "https:\/\/secure.gravatar.com\/avatar\/f6859e536fb63a6f9d862b2f3fb9684c.jpg?s=72&d=https%3A%2F%2Fa.slack-edge.com%2F80588%2Fimg%2Favatars%2Fava_0015-72.png",
            "first_name": "",
            "real_name": "Amit Yadav",
            "display_name": "",
            "team": "TKRNGDFFZ",
            "name": "amit",
            "is_restricted": false,
            "is_ultra_restricted": false
        }
    },
    {
        "client_msg_id": "8f3e30bc-7b72-4e70-81aa-bfe54b891cb6",
        "type": "message",
        "text": "Is the call still happening?",
        "user": "UKNH717DG",
        "ts": "1566853460.005000",
        "team": "TKRNGDFFZ",
        "user_team": "TKRNGDFFZ",
        "source_team": "TKRNGDFFZ",
        "user_profile": {
            "avatar_hash": "ec31ddf685bb",
            "image_72": "https:\/\/avatars.slack-edge.com\/2019-06-30\/682845206070_ec31ddf685bb0693b21a_72.jpg",
            "first_name": "",
            "real_name": "Uche",
            "display_name": "",
            "team": "TKRNGDFFZ",
            "name": "uoffurum",
            "is_restricted": false,
            "is_ultra_restricted": false
        }
    },
    {
        "client_msg_id": "d0b2874a-1917-457a-b5a0-f2469c69ab65",
        "type": "message",
        "text": "Yes.",
        "user": "UKR4GLQKF",
        "ts": "1566853476.005400",
        "team": "TKRNGDFFZ",
        "user_team": "TKRNGDFFZ",
        "source_team": "TKRNGDFFZ",
        "user_profile": {
            "avatar_hash": "gf6859e536fb",
            "image_72": "https:\/\/secure.gravatar.com\/avatar\/f6859e536fb63a6f9d862b2f3fb9684c.jpg?s=72&d=https%3A%2F%2Fa.slack-edge.com%2F80588%2Fimg%2Favatars%2Fava_0015-72.png",
            "first_name": "",
            "real_name": "Amit Yadav",
            "display_name": "",
            "team": "TKRNGDFFZ",
            "name": "amit",
            "is_restricted": false,
            "is_ultra_restricted": false
        }
    },
    {
        "client_msg_id": "5acec50b-838a-499c-90c2-a0a0d22b6d82",
        "type": "message",
        "text": "Let's jump on daily stand up call",
        "user": "UKR4GLQKF",
        "ts": "1566853487.005800",
        "team": "TKRNGDFFZ",
        "user_team": "TKRNGDFFZ",
        "source_team": "TKRNGDFFZ",
        "user_profile": {
            "avatar_hash": "gf6859e536fb",
            "image_72": "https:\/\/secure.gravatar.com\/avatar\/f6859e536fb63a6f9d862b2f3fb9684c.jpg?s=72&d=https%3A%2F%2Fa.slack-edge.com%2F80588%2Fimg%2Favatars%2Fava_0015-72.png",
            "first_name": "",
            "real_name": "Amit Yadav",
            "display_name": "",
            "team": "TKRNGDFFZ",
            "name": "amit",
            "is_restricted": false,
            "is_ultra_restricted": false
        }
    },
    {
        "client_msg_id": "037b8448-b7c5-4d8d-9d8c-70b387c5a27d",
        "type": "message",
        "text": "<@UL2480LK0> <@ULX5BPN3C> Can you both join?",
        "user": "UKR4GLQKF",
        "ts": "1566853538.006200",
        "team": "TKRNGDFFZ",
        "user_team": "TKRNGDFFZ",
        "source_team": "TKRNGDFFZ",
        "user_profile": {
            "avatar_hash": "gf6859e536fb",
            "image_72": "https:\/\/secure.gravatar.com\/avatar\/f6859e536fb63a6f9d862b2f3fb9684c.jpg?s=72&d=https%3A%2F%2Fa.slack-edge.com%2F80588%2Fimg%2Favatars%2Fava_0015-72.png",
            "first_name": "",
            "real_name": "Amit Yadav",
            "display_name": "",
            "team": "TKRNGDFFZ",
            "name": "amit",
            "is_restricted": false,
            "is_ultra_restricted": false
        }
    },
    {
        "client_msg_id": "cf4ebea6-bbdc-4e66-8808-8a70dd6e585f",
        "type": "message",
        "text": "sure. I can.",
        "user": "UL2480LK0",
        "ts": "1566853552.006400",
        "team": "TKRNGDFFZ",
        "user_team": "TKRNGDFFZ",
        "source_team": "TKRNGDFFZ",
        "user_profile": {
            "avatar_hash": "62ae36e8a132",
            "image_72": "https:\/\/avatars.slack-edge.com\/2019-06-29\/679787214084_62ae36e8a132791cd71b_72.png",
            "first_name": "Ranga",
            "real_name": "Ranga Lakshminarayanan",
            "display_name": "Ranga",
            "team": "TKRNGDFFZ",
            "name": "rangabalaji",
            "is_restricted": false,
            "is_ultra_restricted": false
        }
    },
    {
        "client_msg_id": "884dc5cc-0176-4dbb-a662-8bb116e185a9",
        "type": "message",
        "text": "give me a min",
        "user": "UL2480LK0",
        "ts": "1566853555.006600",
        "team": "TKRNGDFFZ",
        "user_team": "TKRNGDFFZ",
        "source_team": "TKRNGDFFZ",
        "user_profile": {
            "avatar_hash": "62ae36e8a132",
            "image_72": "https:\/\/avatars.slack-edge.com\/2019-06-29\/679787214084_62ae36e8a132791cd71b_72.png",
            "first_name": "Ranga",
            "real_name": "Ranga Lakshminarayanan",
            "display_name": "Ranga",
            "team": "TKRNGDFFZ",
            "name": "rangabalaji",
            "is_restricted": false,
            "is_ultra_restricted": false
        }
    },
    {
        "client_msg_id": "99ab9290-5814-43fc-bbe8-86729a009aa3",
        "type": "message",
        "text": "says meeting is not started yet",
        "user": "UL2480LK0",
        "ts": "1566853641.007000",
        "team": "TKRNGDFFZ",
        "user_team": "TKRNGDFFZ",
        "source_team": "TKRNGDFFZ",
        "user_profile": {
            "avatar_hash": "62ae36e8a132",
            "image_72": "https:\/\/avatars.slack-edge.com\/2019-06-29\/679787214084_62ae36e8a132791cd71b_72.png",
            "first_name": "Ranga",
            "real_name": "Ranga Lakshminarayanan",
            "display_name": "Ranga",
            "team": "TKRNGDFFZ",
            "name": "rangabalaji",
            "is_restricted": false,
            "is_ultra_restricted": false
        }
    },
    {
        "client_msg_id": "11eaef2b-7822-4943-b9ee-9df64edcfbc6",
        "type": "message",
        "text": "I get that too",
        "user": "UKNH717DG",
        "ts": "1566853665.007300",
        "team": "TKRNGDFFZ",
        "user_team": "TKRNGDFFZ",
        "source_team": "TKRNGDFFZ",
        "user_profile": {
            "avatar_hash": "ec31ddf685bb",
            "image_72": "https:\/\/avatars.slack-edge.com\/2019-06-30\/682845206070_ec31ddf685bb0693b21a_72.jpg",
            "first_name": "",
            "real_name": "Uche",
            "display_name": "",
            "team": "TKRNGDFFZ",
            "name": "uoffurum",
            "is_restricted": false,
            "is_ultra_restricted": false
        }
    },
    {
        "client_msg_id": "c6a2de4b-3167-4960-a9c1-da6b02128104",
        "type": "message",
        "text": "Try now",
        "user": "UKR4GLQKF",
        "ts": "1566853683.007500",
        "team": "TKRNGDFFZ",
        "user_team": "TKRNGDFFZ",
        "source_team": "TKRNGDFFZ",
        "user_profile": {
            "avatar_hash": "gf6859e536fb",
            "image_72": "https:\/\/secure.gravatar.com\/avatar\/f6859e536fb63a6f9d862b2f3fb9684c.jpg?s=72&d=https%3A%2F%2Fa.slack-edge.com%2F80588%2Fimg%2Favatars%2Fava_0015-72.png",
            "first_name": "",
            "real_name": "Amit Yadav",
            "display_name": "",
            "team": "TKRNGDFFZ",
            "name": "amit",
            "is_restricted": false,
            "is_ultra_restricted": false
        }
    },
    {
        "client_msg_id": "bf14093a-6b3a-4977-8b1e-4ceaadcd851d",
        "type": "message",
        "text": "<@UL2480LK0> We are on the call",
        "user": "UKR4GLQKF",
        "ts": "1566853829.007800",
        "team": "TKRNGDFFZ",
        "user_team": "TKRNGDFFZ",
        "source_team": "TKRNGDFFZ",
        "user_profile": {
            "avatar_hash": "gf6859e536fb",
            "image_72": "https:\/\/secure.gravatar.com\/avatar\/f6859e536fb63a6f9d862b2f3fb9684c.jpg?s=72&d=https%3A%2F%2Fa.slack-edge.com%2F80588%2Fimg%2Favatars%2Fava_0015-72.png",
            "first_name": "",
            "real_name": "Amit Yadav",
            "display_name": "",
            "team": "TKRNGDFFZ",
            "name": "amit",
            "is_restricted": false,
            "is_ultra_restricted": false
        }
    }
]