[
    {
        "client_msg_id": "9b324975-03fd-4e92-9a1a-7203308cc524",
        "type": "message",
        "text": "<!here> PR for addition of keycloak to celebrity api\n<https:\/\/github.com\/SalientCRGT\/scrgt-bdso-cc-ms-celebrity\/pull\/9>",
        "user": "UKNH717DG",
        "ts": "1567447132.018100",
        "team": "TKRNGDFFZ",
        "user_team": "TKRNGDFFZ",
        "source_team": "TKRNGDFFZ",
        "user_profile": {
            "avatar_hash": "ec31ddf685bb",
            "image_72": "https:\/\/avatars.slack-edge.com\/2019-06-30\/682845206070_ec31ddf685bb0693b21a_72.jpg",
            "first_name": "",
            "real_name": "Uche",
            "display_name": "",
            "team": "TKRNGDFFZ",
            "name": "uoffurum",
            "is_restricted": false,
            "is_ultra_restricted": false
        }
    },
    {
        "client_msg_id": "88f51fa0-0de2-4723-abfa-060a1e57161e",
        "type": "message",
        "text": "<@UL2480LK0>, <@UKNH717DG> what branch is the elastic search implemented on? (I pulled master, did not see it there).",
        "user": "UL009SD29",
        "ts": "1567448595.019100",
        "team": "TKRNGDFFZ",
        "user_team": "TKRNGDFFZ",
        "source_team": "TKRNGDFFZ",
        "user_profile": {
            "avatar_hash": "ge91f6ec5c7c",
            "image_72": "https:\/\/secure.gravatar.com\/avatar\/e91f6ec5c7c38fec2ada3260d905f923.jpg?s=72&d=https%3A%2F%2Fa.slack-edge.com%2F80588%2Fimg%2Favatars%2Fava_0002-72.png",
            "first_name": "Kundan",
            "real_name": "Kundan",
            "display_name": "Kundan",
            "team": "TKRNGDFFZ",
            "name": "kundanku",
            "is_restricted": false,
            "is_ultra_restricted": false
        }
    },
    {
        "client_msg_id": "59E3F75D-3899-4D00-B895-1D5B0A545B84",
        "type": "message",
        "text": "Try ft branches ",
        "user": "UKR4GLQKF",
        "ts": "1567449227.019400",
        "team": "TKRNGDFFZ",
        "user_team": "TKRNGDFFZ",
        "source_team": "TKRNGDFFZ",
        "user_profile": {
            "avatar_hash": "gf6859e536fb",
            "image_72": "https:\/\/secure.gravatar.com\/avatar\/f6859e536fb63a6f9d862b2f3fb9684c.jpg?s=72&d=https%3A%2F%2Fa.slack-edge.com%2F80588%2Fimg%2Favatars%2Fava_0015-72.png",
            "first_name": "",
            "real_name": "Amit Yadav",
            "display_name": "",
            "team": "TKRNGDFFZ",
            "name": "amit",
            "is_restricted": false,
            "is_ultra_restricted": false
        }
    },
    {
        "client_msg_id": "5904865F-5103-4898-8EFB-E516DC39A4A2",
        "type": "message",
        "text": "We have nothing pushed to master ",
        "user": "UKR4GLQKF",
        "ts": "1567449236.019800",
        "team": "TKRNGDFFZ",
        "user_team": "TKRNGDFFZ",
        "source_team": "TKRNGDFFZ",
        "user_profile": {
            "avatar_hash": "gf6859e536fb",
            "image_72": "https:\/\/secure.gravatar.com\/avatar\/f6859e536fb63a6f9d862b2f3fb9684c.jpg?s=72&d=https%3A%2F%2Fa.slack-edge.com%2F80588%2Fimg%2Favatars%2Fava_0015-72.png",
            "first_name": "",
            "real_name": "Amit Yadav",
            "display_name": "",
            "team": "TKRNGDFFZ",
            "name": "amit",
            "is_restricted": false,
            "is_ultra_restricted": false
        }
    },
    {
        "client_msg_id": "bfd29231-ec4c-48b3-9c73-20e487299aa4",
        "type": "message",
        "text": "Ft-elastic",
        "user": "UL2480LK0",
        "ts": "1567449422.020200",
        "team": "TKRNGDFFZ",
        "user_team": "TKRNGDFFZ",
        "source_team": "TKRNGDFFZ",
        "user_profile": {
            "avatar_hash": "62ae36e8a132",
            "image_72": "https:\/\/avatars.slack-edge.com\/2019-06-29\/679787214084_62ae36e8a132791cd71b_72.png",
            "first_name": "Ranga",
            "real_name": "Ranga Lakshminarayanan",
            "display_name": "Ranga",
            "team": "TKRNGDFFZ",
            "name": "rangabalaji",
            "is_restricted": false,
            "is_ultra_restricted": false
        }
    },
    {
        "client_msg_id": "fd340c0d-e688-4809-be9e-f586d44e876d",
        "type": "message",
        "text": "I will be online in an hour. Or so.",
        "user": "UL2480LK0",
        "ts": "1567449438.020800",
        "team": "TKRNGDFFZ",
        "user_team": "TKRNGDFFZ",
        "source_team": "TKRNGDFFZ",
        "user_profile": {
            "avatar_hash": "62ae36e8a132",
            "image_72": "https:\/\/avatars.slack-edge.com\/2019-06-29\/679787214084_62ae36e8a132791cd71b_72.png",
            "first_name": "Ranga",
            "real_name": "Ranga Lakshminarayanan",
            "display_name": "Ranga",
            "team": "TKRNGDFFZ",
            "name": "rangabalaji",
            "is_restricted": false,
            "is_ultra_restricted": false
        }
    },
    {
        "client_msg_id": "271074ed-9973-470a-a353-7e018c9fd57b",
        "type": "message",
        "text": "Thanks <@UL2480LK0>",
        "user": "UL009SD29",
        "ts": "1567449527.021100",
        "team": "TKRNGDFFZ",
        "user_team": "TKRNGDFFZ",
        "source_team": "TKRNGDFFZ",
        "user_profile": {
            "avatar_hash": "ge91f6ec5c7c",
            "image_72": "https:\/\/secure.gravatar.com\/avatar\/e91f6ec5c7c38fec2ada3260d905f923.jpg?s=72&d=https%3A%2F%2Fa.slack-edge.com%2F80588%2Fimg%2Favatars%2Fava_0002-72.png",
            "first_name": "Kundan",
            "real_name": "Kundan",
            "display_name": "Kundan",
            "team": "TKRNGDFFZ",
            "name": "kundanku",
            "is_restricted": false,
            "is_ultra_restricted": false
        }
    }
]