[
    {
        "user": "UKQ0AMW48",
        "type": "message",
        "subtype": "channel_join",
        "ts": "1567097455.000200",
        "text": "<@UKQ0AMW48> has joined the channel"
    },
    {
        "user": "UMVNX6570",
        "type": "message",
        "subtype": "channel_join",
        "ts": "1567098457.000400",
        "text": "<@UMVNX6570> has joined the channel"
    },
    {
        "user": "UKNH71890",
        "type": "message",
        "subtype": "channel_join",
        "ts": "1567118905.000600",
        "text": "<@UKNH71890> has joined the channel"
    },
    {
        "type": "message",
        "text": "This is what's expected for the list of all the 100 celebrities. For the image key, it can be a url of the image or the actual image file.",
        "files": [
            {
                "id": "FMHNCP36E",
                "created": 1567119131,
                "timestamp": 1567119131,
                "name": "celebrities_api",
                "title": "celebrities_api",
                "mimetype": "text\/plain",
                "filetype": "javascript",
                "pretty_type": "JavaScript\/JSON",
                "user": "UKNH71890",
                "editable": true,
                "size": 161,
                "mode": "snippet",
                "is_external": false,
                "external_type": "",
                "is_public": true,
                "public_url_shared": false,
                "display_as_bot": false,
                "username": "",
                "url_private": "https:\/\/files.slack.com\/files-pri\/TKRNGDFFZ-FMHNCP36E\/celebrities_api?t=xoxe-671764457543-761495007360-748720106514-e22867dc4a96f2e14ff182795f11301c",
                "url_private_download": "https:\/\/files.slack.com\/files-pri\/TKRNGDFFZ-FMHNCP36E\/download\/celebrities_api?t=xoxe-671764457543-761495007360-748720106514-e22867dc4a96f2e14ff182795f11301c",
                "permalink": "https:\/\/scrgt-bdso.slack.com\/files\/UKNH71890\/FMHNCP36E\/celebrities_api",
                "permalink_public": "https:\/\/slack-files.com\/TKRNGDFFZ-FMHNCP36E-edc0d3e5a4",
                "edit_link": "https:\/\/scrgt-bdso.slack.com\/files\/UKNH71890\/FMHNCP36E\/celebrities_api\/edit",
                "is_starred": false,
                "has_rich_preview": false
            }
        ],
        "upload": true,
        "user": "UKNH71890",
        "display_as_bot": false,
        "ts": "1567119132.000700",
        "client_msg_id": "ba0767f5-0365-4dbf-9627-9cfaf629fec5"
    },
    {
        "type": "message",
        "text": "This for a the data expected for a given celebrity",
        "files": [
            {
                "id": "FMX29CQKH",
                "created": 1567119175,
                "timestamp": 1567119175,
                "name": "individual_celebrity data",
                "title": "individual_celebrity data",
                "mimetype": "text\/plain",
                "filetype": "javascript",
                "pretty_type": "JavaScript\/JSON",
                "user": "UKNH71890",
                "editable": true,
                "size": 1968,
                "mode": "snippet",
                "is_external": false,
                "external_type": "",
                "is_public": true,
                "public_url_shared": false,
                "display_as_bot": false,
                "username": "",
                "url_private": "https:\/\/files.slack.com\/files-pri\/TKRNGDFFZ-FMX29CQKH\/individual_celebrity_data?t=xoxe-671764457543-761495007360-748720106514-e22867dc4a96f2e14ff182795f11301c",
                "url_private_download": "https:\/\/files.slack.com\/files-pri\/TKRNGDFFZ-FMX29CQKH\/download\/individual_celebrity_data?t=xoxe-671764457543-761495007360-748720106514-e22867dc4a96f2e14ff182795f11301c",
                "permalink": "https:\/\/scrgt-bdso.slack.com\/files\/UKNH71890\/FMX29CQKH\/individual_celebrity_data",
                "permalink_public": "https:\/\/slack-files.com\/TKRNGDFFZ-FMX29CQKH-884a1d2975",
                "edit_link": "https:\/\/scrgt-bdso.slack.com\/files\/UKNH71890\/FMX29CQKH\/individual_celebrity_data\/edit",
                "is_starred": false,
                "has_rich_preview": false
            }
        ],
        "upload": true,
        "user": "UKNH71890",
        "display_as_bot": false,
        "ts": "1567119176.001000",
        "client_msg_id": "50a532bd-b5ab-49c3-9514-804b9d6474c4"
    },
    {
        "user": "UMM68BPPT",
        "type": "message",
        "subtype": "channel_join",
        "ts": "1567119449.001400",
        "text": "<@UMM68BPPT> has joined the channel"
    }
]