[
    {
        "client_msg_id": "714cedaa-ed52-46e1-a300-47cf1b71b56a",
        "type": "message",
        "text": "Not sure you are aware that in celebrity page for all selection it displays only Nicolas Cage. ex. if I click on Demi Moore it displays Nicolas Cage and clicking on Brad Pitt it displays Nicolas Cage",
        "user": "UMHRUP8SD",
        "ts": "1568026974.064000",
        "team": "TKRNGDFFZ",
        "user_team": "TKRNGDFFZ",
        "source_team": "TKRNGDFFZ",
        "user_profile": {
            "avatar_hash": "gc4a54bc8f4c",
            "image_72": "https:\/\/secure.gravatar.com\/avatar\/c4a54bc8f4c8b69a5979618901c12480.jpg?s=72&d=https%3A%2F%2Fa.slack-edge.com%2F80588%2Fimg%2Favatars%2Fava_0013-72.png",
            "first_name": "",
            "real_name": "kala shanmugam",
            "display_name": "kala shanmugam",
            "team": "TKRNGDFFZ",
            "name": "kala.shanmugam",
            "is_restricted": false,
            "is_ultra_restricted": false
        }
    },
    {
        "client_msg_id": "05c59642-ac2b-4097-9292-76e5aa710aa0",
        "type": "message",
        "text": "Films per Year - Are we not displaying the year 2009 to 2019",
        "user": "UMHRUP8SD",
        "ts": "1568027181.064600",
        "team": "TKRNGDFFZ",
        "user_team": "TKRNGDFFZ",
        "source_team": "TKRNGDFFZ",
        "user_profile": {
            "avatar_hash": "gc4a54bc8f4c",
            "image_72": "https:\/\/secure.gravatar.com\/avatar\/c4a54bc8f4c8b69a5979618901c12480.jpg?s=72&d=https%3A%2F%2Fa.slack-edge.com%2F80588%2Fimg%2Favatars%2Fava_0013-72.png",
            "first_name": "",
            "real_name": "kala shanmugam",
            "display_name": "kala shanmugam",
            "team": "TKRNGDFFZ",
            "name": "kala.shanmugam",
            "is_restricted": false,
            "is_ultra_restricted": false
        }
    },
    {
        "client_msg_id": "51273A91-8EFE-45E9-8C69-58D2FE668301",
        "type": "message",
        "text": "<@UMHRUP8SD> we still have mock data in there ",
        "user": "UMVNX6570",
        "ts": "1568029623.065200",
        "team": "TKRNGDFFZ",
        "user_team": "TKRNGDFFZ",
        "source_team": "TKRNGDFFZ",
        "user_profile": {
            "avatar_hash": "g072ae8fa416",
            "image_72": "https:\/\/secure.gravatar.com\/avatar\/072ae8fa4163bae875575b389aaea9a3.jpg?s=72&d=https%3A%2F%2Fa.slack-edge.com%2F80588%2Fimg%2Favatars%2Fava_0015-72.png",
            "first_name": "",
            "real_name": "Gayatri Anand",
            "display_name": "",
            "team": "TKRNGDFFZ",
            "name": "gayatri.anand-patel",
            "is_restricted": false,
            "is_ultra_restricted": false
        }
    }
]