[
    {
        "user": "UMHRUP8SD",
        "type": "message",
        "subtype": "channel_join",
        "ts": "1566938309.000600",
        "text": "<@UMHRUP8SD> has joined the channel"
    },
    {
        "client_msg_id": "76BC7DED-2B66-4FDC-9431-B8EC6DE0EAE8",
        "type": "message",
        "text": "<@UKNH71890> <@UKNH70ZV0> could we meet after DSU today to discuss details about tasks and assignments for UI stories?",
        "user": "UL0012996",
        "ts": "1566940102.002700",
        "team": "TKRNGDFFZ",
        "user_team": "TKRNGDFFZ",
        "source_team": "TKRNGDFFZ",
        "user_profile": {
            "avatar_hash": "d12e961cf42d",
            "image_72": "https:\/\/avatars.slack-edge.com\/2019-07-10\/690936875216_d12e961cf42d5d7703e6_72.png",
            "first_name": "Padmaja",
            "real_name": "Padmaja",
            "display_name": "",
            "team": "TKRNGDFFZ",
            "name": "padmajaprabhala",
            "is_restricted": false,
            "is_ultra_restricted": false
        },
        "reactions": [
            {
                "name": "+1",
                "users": [
                    "UKNH71890"
                ],
                "count": 1
            }
        ]
    },
    {
        "type": "message",
        "text": "This is to get you started, <@UKNH71890> <@UKNH70ZV0>",
        "files": [
            {
                "id": "FMSCV87SR",
                "created": 1566953660,
                "timestamp": 1566953660,
                "name": "Style_Guide.docx",
                "title": "Style_Guide.docx",
                "mimetype": "application\/vnd.openxmlformats-officedocument.wordprocessingml.document",
                "filetype": "docx",
                "pretty_type": "Word Document",
                "user": "UL1DRU6R3",
                "editable": false,
                "size": 679709,
                "mode": "hosted",
                "is_external": false,
                "external_type": "",
                "is_public": true,
                "public_url_shared": false,
                "display_as_bot": false,
                "username": "",
                "url_private": "https:\/\/files.slack.com\/files-pri\/TKRNGDFFZ-FMSCV87SR\/style_guide.docx?t=xoxe-671764457543-761495007360-748720106514-e22867dc4a96f2e14ff182795f11301c",
                "url_private_download": "https:\/\/files.slack.com\/files-pri\/TKRNGDFFZ-FMSCV87SR\/download\/style_guide.docx?t=xoxe-671764457543-761495007360-748720106514-e22867dc4a96f2e14ff182795f11301c",
                "converted_pdf": "https:\/\/files.slack.com\/files-tmb\/TKRNGDFFZ-FMSCV87SR-a3d6beef8f\/style_guide_converted.pdf?t=xoxe-671764457543-761495007360-748720106514-e22867dc4a96f2e14ff182795f11301c",
                "thumb_pdf": "https:\/\/files.slack.com\/files-tmb\/TKRNGDFFZ-FMSCV87SR-a3d6beef8f\/style_guide_thumb_pdf.png?t=xoxe-671764457543-761495007360-748720106514-e22867dc4a96f2e14ff182795f11301c",
                "thumb_pdf_w": 935,
                "thumb_pdf_h": 1210,
                "permalink": "https:\/\/scrgt-bdso.slack.com\/files\/UL1DRU6R3\/FMSCV87SR\/style_guide.docx",
                "permalink_public": "https:\/\/slack-files.com\/TKRNGDFFZ-FMSCV87SR-2a18fe7747",
                "is_starred": false,
                "has_rich_preview": false
            }
        ],
        "upload": true,
        "user": "UL1DRU6R3",
        "display_as_bot": false,
        "ts": "1566953663.003200",
        "edited": {
            "user": "UL1DRU6R3",
            "ts": "1566953702.000000"
        },
        "client_msg_id": "013e75a4-0b02-4a38-b6b4-db6a16a29e16"
    },
    {
        "client_msg_id": "9acc904c-cb69-48af-aa35-a689b4fc6b2d",
        "type": "message",
        "text": "<@UKNH71890> I swapped out Avenir to Nunito Sans because the latter is a Google font. I also gave you the link for the headers in order to over-ride and pull this font",
        "user": "UL1DRU6R3",
        "ts": "1566953872.005000",
        "team": "TKRNGDFFZ",
        "user_team": "TKRNGDFFZ",
        "source_team": "TKRNGDFFZ",
        "user_profile": {
            "avatar_hash": "gd89e47c2607",
            "image_72": "https:\/\/secure.gravatar.com\/avatar\/d89e47c2607ea5a7401c907933bcd907.jpg?s=72&d=https%3A%2F%2Fa.slack-edge.com%2F80588%2Fimg%2Favatars%2Fava_0002-72.png",
            "first_name": "",
            "real_name": "Jacquie",
            "display_name": "Jacquie",
            "team": "TKRNGDFFZ",
            "name": "jacqueline.granger",
            "is_restricted": false,
            "is_ultra_restricted": false
        }
    },
    {
        "type": "message",
        "text": "<@UKNH71890> <@UKNH70ZV0> <@UKR4GLQKF> Flat mock-ups",
        "files": [
            {
                "id": "FMEV4SJQ3",
                "created": 1566953998,
                "timestamp": 1566953998,
                "name": "business_owner_page_layout.png",
                "title": "business_owner_page_layout.png",
                "mimetype": "image\/png",
                "filetype": "png",
                "pretty_type": "PNG",
                "user": "UL1DRU6R3",
                "editable": false,
                "size": 1628708,
                "mode": "hosted",
                "is_external": false,
                "external_type": "",
                "is_public": true,
                "public_url_shared": false,
                "display_as_bot": false,
                "username": "",
                "url_private": "https:\/\/files.slack.com\/files-pri\/TKRNGDFFZ-FMEV4SJQ3\/business_owner_page_layout.png?t=xoxe-671764457543-761495007360-748720106514-e22867dc4a96f2e14ff182795f11301c",
                "url_private_download": "https:\/\/files.slack.com\/files-pri\/TKRNGDFFZ-FMEV4SJQ3\/download\/business_owner_page_layout.png?t=xoxe-671764457543-761495007360-748720106514-e22867dc4a96f2e14ff182795f11301c",
                "thumb_64": "https:\/\/files.slack.com\/files-tmb\/TKRNGDFFZ-FMEV4SJQ3-49b1075677\/business_owner_page_layout_64.png?t=xoxe-671764457543-761495007360-748720106514-e22867dc4a96f2e14ff182795f11301c",
                "thumb_80": "https:\/\/files.slack.com\/files-tmb\/TKRNGDFFZ-FMEV4SJQ3-49b1075677\/business_owner_page_layout_80.png?t=xoxe-671764457543-761495007360-748720106514-e22867dc4a96f2e14ff182795f11301c",
                "thumb_360": "https:\/\/files.slack.com\/files-tmb\/TKRNGDFFZ-FMEV4SJQ3-49b1075677\/business_owner_page_layout_360.png?t=xoxe-671764457543-761495007360-748720106514-e22867dc4a96f2e14ff182795f11301c",
                "thumb_360_w": 360,
                "thumb_360_h": 344,
                "thumb_480": "https:\/\/files.slack.com\/files-tmb\/TKRNGDFFZ-FMEV4SJQ3-49b1075677\/business_owner_page_layout_480.png?t=xoxe-671764457543-761495007360-748720106514-e22867dc4a96f2e14ff182795f11301c",
                "thumb_480_w": 480,
                "thumb_480_h": 458,
                "thumb_160": "https:\/\/files.slack.com\/files-tmb\/TKRNGDFFZ-FMEV4SJQ3-49b1075677\/business_owner_page_layout_160.png?t=xoxe-671764457543-761495007360-748720106514-e22867dc4a96f2e14ff182795f11301c",
                "thumb_720": "https:\/\/files.slack.com\/files-tmb\/TKRNGDFFZ-FMEV4SJQ3-49b1075677\/business_owner_page_layout_720.png?t=xoxe-671764457543-761495007360-748720106514-e22867dc4a96f2e14ff182795f11301c",
                "thumb_720_w": 720,
                "thumb_720_h": 687,
                "thumb_800": "https:\/\/files.slack.com\/files-tmb\/TKRNGDFFZ-FMEV4SJQ3-49b1075677\/business_owner_page_layout_800.png?t=xoxe-671764457543-761495007360-748720106514-e22867dc4a96f2e14ff182795f11301c",
                "thumb_800_w": 800,
                "thumb_800_h": 763,
                "thumb_960": "https:\/\/files.slack.com\/files-tmb\/TKRNGDFFZ-FMEV4SJQ3-49b1075677\/business_owner_page_layout_960.png?t=xoxe-671764457543-761495007360-748720106514-e22867dc4a96f2e14ff182795f11301c",
                "thumb_960_w": 960,
                "thumb_960_h": 916,
                "thumb_1024": "https:\/\/files.slack.com\/files-tmb\/TKRNGDFFZ-FMEV4SJQ3-49b1075677\/business_owner_page_layout_1024.png?t=xoxe-671764457543-761495007360-748720106514-e22867dc4a96f2e14ff182795f11301c",
                "thumb_1024_w": 1024,
                "thumb_1024_h": 977,
                "image_exif_rotation": 1,
                "original_w": 1200,
                "original_h": 1145,
                "permalink": "https:\/\/scrgt-bdso.slack.com\/files\/UL1DRU6R3\/FMEV4SJQ3\/business_owner_page_layout.png",
                "permalink_public": "https:\/\/slack-files.com\/TKRNGDFFZ-FMEV4SJQ3-f3abde522f",
                "is_starred": false,
                "has_rich_preview": false
            },
            {
                "id": "FMSCTTLLQ",
                "created": 1566953998,
                "timestamp": 1566953998,
                "name": "celebrity_profile_alone.png",
                "title": "celebrity_profile_alone.png",
                "mimetype": "image\/png",
                "filetype": "png",
                "pretty_type": "PNG",
                "user": "UL1DRU6R3",
                "editable": false,
                "size": 275823,
                "mode": "hosted",
                "is_external": false,
                "external_type": "",
                "is_public": true,
                "public_url_shared": false,
                "display_as_bot": false,
                "username": "",
                "url_private": "https:\/\/files.slack.com\/files-pri\/TKRNGDFFZ-FMSCTTLLQ\/celebrity_profile_alone.png?t=xoxe-671764457543-761495007360-748720106514-e22867dc4a96f2e14ff182795f11301c",
                "url_private_download": "https:\/\/files.slack.com\/files-pri\/TKRNGDFFZ-FMSCTTLLQ\/download\/celebrity_profile_alone.png?t=xoxe-671764457543-761495007360-748720106514-e22867dc4a96f2e14ff182795f11301c",
                "thumb_64": "https:\/\/files.slack.com\/files-tmb\/TKRNGDFFZ-FMSCTTLLQ-fa62d07617\/celebrity_profile_alone_64.png?t=xoxe-671764457543-761495007360-748720106514-e22867dc4a96f2e14ff182795f11301c",
                "thumb_80": "https:\/\/files.slack.com\/files-tmb\/TKRNGDFFZ-FMSCTTLLQ-fa62d07617\/celebrity_profile_alone_80.png?t=xoxe-671764457543-761495007360-748720106514-e22867dc4a96f2e14ff182795f11301c",
                "thumb_360": "https:\/\/files.slack.com\/files-tmb\/TKRNGDFFZ-FMSCTTLLQ-fa62d07617\/celebrity_profile_alone_360.png?t=xoxe-671764457543-761495007360-748720106514-e22867dc4a96f2e14ff182795f11301c",
                "thumb_360_w": 360,
                "thumb_360_h": 324,
                "thumb_480": "https:\/\/files.slack.com\/files-tmb\/TKRNGDFFZ-FMSCTTLLQ-fa62d07617\/celebrity_profile_alone_480.png?t=xoxe-671764457543-761495007360-748720106514-e22867dc4a96f2e14ff182795f11301c",
                "thumb_480_w": 480,
                "thumb_480_h": 432,
                "thumb_160": "https:\/\/files.slack.com\/files-tmb\/TKRNGDFFZ-FMSCTTLLQ-fa62d07617\/celebrity_profile_alone_160.png?t=xoxe-671764457543-761495007360-748720106514-e22867dc4a96f2e14ff182795f11301c",
                "thumb_720": "https:\/\/files.slack.com\/files-tmb\/TKRNGDFFZ-FMSCTTLLQ-fa62d07617\/celebrity_profile_alone_720.png?t=xoxe-671764457543-761495007360-748720106514-e22867dc4a96f2e14ff182795f11301c",
                "thumb_720_w": 720,
                "thumb_720_h": 648,
                "thumb_800": "https:\/\/files.slack.com\/files-tmb\/TKRNGDFFZ-FMSCTTLLQ-fa62d07617\/celebrity_profile_alone_800.png?t=xoxe-671764457543-761495007360-748720106514-e22867dc4a96f2e14ff182795f11301c",
                "thumb_800_w": 800,
                "thumb_800_h": 720,
                "thumb_960": "https:\/\/files.slack.com\/files-tmb\/TKRNGDFFZ-FMSCTTLLQ-fa62d07617\/celebrity_profile_alone_960.png?t=xoxe-671764457543-761495007360-748720106514-e22867dc4a96f2e14ff182795f11301c",
                "thumb_960_w": 960,
                "thumb_960_h": 864,
                "thumb_1024": "https:\/\/files.slack.com\/files-tmb\/TKRNGDFFZ-FMSCTTLLQ-fa62d07617\/celebrity_profile_alone_1024.png?t=xoxe-671764457543-761495007360-748720106514-e22867dc4a96f2e14ff182795f11301c",
                "thumb_1024_w": 1024,
                "thumb_1024_h": 922,
                "image_exif_rotation": 1,
                "original_w": 1200,
                "original_h": 1080,
                "permalink": "https:\/\/scrgt-bdso.slack.com\/files\/UL1DRU6R3\/FMSCTTLLQ\/celebrity_profile_alone.png",
                "permalink_public": "https:\/\/slack-files.com\/TKRNGDFFZ-FMSCTTLLQ-a749190dc0",
                "is_starred": false,
                "has_rich_preview": false
            }
        ],
        "upload": true,
        "user": "UL1DRU6R3",
        "ts": "1566954003.005800",
        "client_msg_id": "549b5cc7-f1c5-4332-8ec2-2222734d4e48"
    },
    {
        "client_msg_id": "1f6743cb-06ed-436a-8f30-f3d5e6991ac1",
        "type": "message",
        "text": "Thanks Jacquie!",
        "user": "UKNH71890",
        "ts": "1566954013.006500",
        "team": "TKRNGDFFZ",
        "user_team": "TKRNGDFFZ",
        "source_team": "TKRNGDFFZ",
        "user_profile": {
            "avatar_hash": "g686d3a8c638",
            "image_72": "https:\/\/secure.gravatar.com\/avatar\/686d3a8c638c97ef6a64296305f42f24.jpg?s=72&d=https%3A%2F%2Fa.slack-edge.com%2F80588%2Fimg%2Favatars%2Fava_0024-72.png",
            "first_name": "",
            "real_name": "Eyuel",
            "display_name": "",
            "team": "TKRNGDFFZ",
            "name": "eyuel.abebe",
            "is_restricted": false,
            "is_ultra_restricted": false
        }
    },
    {
        "client_msg_id": "F2D36182-7007-4E06-9181-EEB8EEE77A0C",
        "type": "message",
        "text": ":+1:",
        "user": "UKR4GLQKF",
        "ts": "1566954017.006700",
        "team": "TKRNGDFFZ",
        "user_team": "TKRNGDFFZ",
        "source_team": "TKRNGDFFZ",
        "user_profile": {
            "avatar_hash": "gf6859e536fb",
            "image_72": "https:\/\/secure.gravatar.com\/avatar\/f6859e536fb63a6f9d862b2f3fb9684c.jpg?s=72&d=https%3A%2F%2Fa.slack-edge.com%2F80588%2Fimg%2Favatars%2Fava_0015-72.png",
            "first_name": "",
            "real_name": "Amit Yadav",
            "display_name": "",
            "team": "TKRNGDFFZ",
            "name": "amit",
            "is_restricted": false,
            "is_ultra_restricted": false
        }
    },
    {
        "type": "message",
        "text": "The following shows the difference in dropdown. <@UKNH71890> <@UKNH70ZV0> <@UKR4GLQKF>",
        "files": [
            {
                "id": "FMEV24NG2",
                "created": 1566954070,
                "timestamp": 1566954070,
                "name": "Screen Shot 2019-08-27 at 9.00.39 PM.png",
                "title": "Screen Shot 2019-08-27 at 9.00.39 PM.png",
                "mimetype": "image\/png",
                "filetype": "png",
                "pretty_type": "PNG",
                "user": "UL1DRU6R3",
                "editable": false,
                "size": 3532738,
                "mode": "hosted",
                "is_external": false,
                "external_type": "",
                "is_public": true,
                "public_url_shared": false,
                "display_as_bot": false,
                "username": "",
                "url_private": "https:\/\/files.slack.com\/files-pri\/TKRNGDFFZ-FMEV24NG2\/screen_shot_2019-08-27_at_9.00.39_pm.png?t=xoxe-671764457543-761495007360-748720106514-e22867dc4a96f2e14ff182795f11301c",
                "url_private_download": "https:\/\/files.slack.com\/files-pri\/TKRNGDFFZ-FMEV24NG2\/download\/screen_shot_2019-08-27_at_9.00.39_pm.png?t=xoxe-671764457543-761495007360-748720106514-e22867dc4a96f2e14ff182795f11301c",
                "thumb_64": "https:\/\/files.slack.com\/files-tmb\/TKRNGDFFZ-FMEV24NG2-67536fbdda\/screen_shot_2019-08-27_at_9.00.39_pm_64.png?t=xoxe-671764457543-761495007360-748720106514-e22867dc4a96f2e14ff182795f11301c",
                "thumb_80": "https:\/\/files.slack.com\/files-tmb\/TKRNGDFFZ-FMEV24NG2-67536fbdda\/screen_shot_2019-08-27_at_9.00.39_pm_80.png?t=xoxe-671764457543-761495007360-748720106514-e22867dc4a96f2e14ff182795f11301c",
                "thumb_360": "https:\/\/files.slack.com\/files-tmb\/TKRNGDFFZ-FMEV24NG2-67536fbdda\/screen_shot_2019-08-27_at_9.00.39_pm_360.png?t=xoxe-671764457543-761495007360-748720106514-e22867dc4a96f2e14ff182795f11301c",
                "thumb_360_w": 360,
                "thumb_360_h": 233,
                "thumb_480": "https:\/\/files.slack.com\/files-tmb\/TKRNGDFFZ-FMEV24NG2-67536fbdda\/screen_shot_2019-08-27_at_9.00.39_pm_480.png?t=xoxe-671764457543-761495007360-748720106514-e22867dc4a96f2e14ff182795f11301c",
                "thumb_480_w": 480,
                "thumb_480_h": 310,
                "thumb_160": "https:\/\/files.slack.com\/files-tmb\/TKRNGDFFZ-FMEV24NG2-67536fbdda\/screen_shot_2019-08-27_at_9.00.39_pm_160.png?t=xoxe-671764457543-761495007360-748720106514-e22867dc4a96f2e14ff182795f11301c",
                "thumb_720": "https:\/\/files.slack.com\/files-tmb\/TKRNGDFFZ-FMEV24NG2-67536fbdda\/screen_shot_2019-08-27_at_9.00.39_pm_720.png?t=xoxe-671764457543-761495007360-748720106514-e22867dc4a96f2e14ff182795f11301c",
                "thumb_720_w": 720,
                "thumb_720_h": 466,
                "thumb_800": "https:\/\/files.slack.com\/files-tmb\/TKRNGDFFZ-FMEV24NG2-67536fbdda\/screen_shot_2019-08-27_at_9.00.39_pm_800.png?t=xoxe-671764457543-761495007360-748720106514-e22867dc4a96f2e14ff182795f11301c",
                "thumb_800_w": 800,
                "thumb_800_h": 517,
                "thumb_960": "https:\/\/files.slack.com\/files-tmb\/TKRNGDFFZ-FMEV24NG2-67536fbdda\/screen_shot_2019-08-27_at_9.00.39_pm_960.png?t=xoxe-671764457543-761495007360-748720106514-e22867dc4a96f2e14ff182795f11301c",
                "thumb_960_w": 960,
                "thumb_960_h": 621,
                "thumb_1024": "https:\/\/files.slack.com\/files-tmb\/TKRNGDFFZ-FMEV24NG2-67536fbdda\/screen_shot_2019-08-27_at_9.00.39_pm_1024.png?t=xoxe-671764457543-761495007360-748720106514-e22867dc4a96f2e14ff182795f11301c",
                "thumb_1024_w": 1024,
                "thumb_1024_h": 662,
                "image_exif_rotation": 1,
                "original_w": 3112,
                "original_h": 2012,
                "permalink": "https:\/\/scrgt-bdso.slack.com\/files\/UL1DRU6R3\/FMEV24NG2\/screen_shot_2019-08-27_at_9.00.39_pm.png",
                "permalink_public": "https:\/\/slack-files.com\/TKRNGDFFZ-FMEV24NG2-3e24ed01a5",
                "is_starred": false,
                "has_rich_preview": false
            },
            {
                "id": "FMU8W09U7",
                "created": 1566954070,
                "timestamp": 1566954070,
                "name": "Screen Shot 2019-08-27 at 9.00.27 PM.png",
                "title": "Screen Shot 2019-08-27 at 9.00.27 PM.png",
                "mimetype": "image\/png",
                "filetype": "png",
                "pretty_type": "PNG",
                "user": "UL1DRU6R3",
                "editable": false,
                "size": 3550502,
                "mode": "hosted",
                "is_external": false,
                "external_type": "",
                "is_public": true,
                "public_url_shared": false,
                "display_as_bot": false,
                "username": "",
                "url_private": "https:\/\/files.slack.com\/files-pri\/TKRNGDFFZ-FMU8W09U7\/screen_shot_2019-08-27_at_9.00.27_pm.png?t=xoxe-671764457543-761495007360-748720106514-e22867dc4a96f2e14ff182795f11301c",
                "url_private_download": "https:\/\/files.slack.com\/files-pri\/TKRNGDFFZ-FMU8W09U7\/download\/screen_shot_2019-08-27_at_9.00.27_pm.png?t=xoxe-671764457543-761495007360-748720106514-e22867dc4a96f2e14ff182795f11301c",
                "thumb_64": "https:\/\/files.slack.com\/files-tmb\/TKRNGDFFZ-FMU8W09U7-2ef060d172\/screen_shot_2019-08-27_at_9.00.27_pm_64.png?t=xoxe-671764457543-761495007360-748720106514-e22867dc4a96f2e14ff182795f11301c",
                "thumb_80": "https:\/\/files.slack.com\/files-tmb\/TKRNGDFFZ-FMU8W09U7-2ef060d172\/screen_shot_2019-08-27_at_9.00.27_pm_80.png?t=xoxe-671764457543-761495007360-748720106514-e22867dc4a96f2e14ff182795f11301c",
                "thumb_360": "https:\/\/files.slack.com\/files-tmb\/TKRNGDFFZ-FMU8W09U7-2ef060d172\/screen_shot_2019-08-27_at_9.00.27_pm_360.png?t=xoxe-671764457543-761495007360-748720106514-e22867dc4a96f2e14ff182795f11301c",
                "thumb_360_w": 360,
                "thumb_360_h": 233,
                "thumb_480": "https:\/\/files.slack.com\/files-tmb\/TKRNGDFFZ-FMU8W09U7-2ef060d172\/screen_shot_2019-08-27_at_9.00.27_pm_480.png?t=xoxe-671764457543-761495007360-748720106514-e22867dc4a96f2e14ff182795f11301c",
                "thumb_480_w": 480,
                "thumb_480_h": 310,
                "thumb_160": "https:\/\/files.slack.com\/files-tmb\/TKRNGDFFZ-FMU8W09U7-2ef060d172\/screen_shot_2019-08-27_at_9.00.27_pm_160.png?t=xoxe-671764457543-761495007360-748720106514-e22867dc4a96f2e14ff182795f11301c",
                "thumb_720": "https:\/\/files.slack.com\/files-tmb\/TKRNGDFFZ-FMU8W09U7-2ef060d172\/screen_shot_2019-08-27_at_9.00.27_pm_720.png?t=xoxe-671764457543-761495007360-748720106514-e22867dc4a96f2e14ff182795f11301c",
                "thumb_720_w": 720,
                "thumb_720_h": 466,
                "thumb_800": "https:\/\/files.slack.com\/files-tmb\/TKRNGDFFZ-FMU8W09U7-2ef060d172\/screen_shot_2019-08-27_at_9.00.27_pm_800.png?t=xoxe-671764457543-761495007360-748720106514-e22867dc4a96f2e14ff182795f11301c",
                "thumb_800_w": 800,
                "thumb_800_h": 517,
                "thumb_960": "https:\/\/files.slack.com\/files-tmb\/TKRNGDFFZ-FMU8W09U7-2ef060d172\/screen_shot_2019-08-27_at_9.00.27_pm_960.png?t=xoxe-671764457543-761495007360-748720106514-e22867dc4a96f2e14ff182795f11301c",
                "thumb_960_w": 960,
                "thumb_960_h": 621,
                "thumb_1024": "https:\/\/files.slack.com\/files-tmb\/TKRNGDFFZ-FMU8W09U7-2ef060d172\/screen_shot_2019-08-27_at_9.00.27_pm_1024.png?t=xoxe-671764457543-761495007360-748720106514-e22867dc4a96f2e14ff182795f11301c",
                "thumb_1024_w": 1024,
                "thumb_1024_h": 662,
                "image_exif_rotation": 1,
                "original_w": 3112,
                "original_h": 2012,
                "permalink": "https:\/\/scrgt-bdso.slack.com\/files\/UL1DRU6R3\/FMU8W09U7\/screen_shot_2019-08-27_at_9.00.27_pm.png",
                "permalink_public": "https:\/\/slack-files.com\/TKRNGDFFZ-FMU8W09U7-4df727347e",
                "is_starred": false,
                "has_rich_preview": false
            }
        ],
        "upload": true,
        "user": "UL1DRU6R3",
        "ts": "1566954075.007000",
        "edited": {
            "user": "UL1DRU6R3",
            "ts": "1566954101.000000"
        },
        "client_msg_id": "5b59c8fc-dece-4b0b-97b4-c89d82e3c5c2"
    },
    {
        "client_msg_id": "DEACBC41-9EBE-40E4-9F71-34E5DD04E1A7",
        "type": "message",
        "text": "<@UKNH71890> You can use npm i --save keycloak-angular for angular integration with keycloak",
        "user": "UKR4GLQKF",
        "ts": "1566954938.009100",
        "team": "TKRNGDFFZ",
        "user_team": "TKRNGDFFZ",
        "source_team": "TKRNGDFFZ",
        "user_profile": {
            "avatar_hash": "gf6859e536fb",
            "image_72": "https:\/\/secure.gravatar.com\/avatar\/f6859e536fb63a6f9d862b2f3fb9684c.jpg?s=72&d=https%3A%2F%2Fa.slack-edge.com%2F80588%2Fimg%2Favatars%2Fava_0015-72.png",
            "first_name": "",
            "real_name": "Amit Yadav",
            "display_name": "",
            "team": "TKRNGDFFZ",
            "name": "amit",
            "is_restricted": false,
            "is_ultra_restricted": false
        }
    },
    {
        "client_msg_id": "E4CDCBD6-BBC9-4107-93B2-8D5EC588B2EA",
        "type": "message",
        "text": "<https:\/\/www.npmjs.com\/package\/keycloak-angular>",
        "user": "UKR4GLQKF",
        "ts": "1566954962.009300",
        "team": "TKRNGDFFZ",
        "user_team": "TKRNGDFFZ",
        "source_team": "TKRNGDFFZ",
        "user_profile": {
            "avatar_hash": "gf6859e536fb",
            "image_72": "https:\/\/secure.gravatar.com\/avatar\/f6859e536fb63a6f9d862b2f3fb9684c.jpg?s=72&d=https%3A%2F%2Fa.slack-edge.com%2F80588%2Fimg%2Favatars%2Fava_0015-72.png",
            "first_name": "",
            "real_name": "Amit Yadav",
            "display_name": "",
            "team": "TKRNGDFFZ",
            "name": "amit",
            "is_restricted": false,
            "is_ultra_restricted": false
        },
        "attachments": [
            {
                "service_name": "npm",
                "title": "keycloak-angular",
                "title_link": "https:\/\/www.npmjs.com\/package\/keycloak-angular",
                "text": "Easy Keycloak setup for Angular applications",
                "fallback": "npm: keycloak-angular",
                "thumb_url": "https:\/\/static.npmjs.com\/338e4905a2684ca96e08c7780fc68412.png",
                "from_url": "https:\/\/www.npmjs.com\/package\/keycloak-angular",
                "thumb_width": 1200,
                "thumb_height": 630,
                "service_icon": "https:\/\/static.npmjs.com\/58a19602036db1daee0d7863c94673a4.png",
                "id": 1,
                "original_url": "https:\/\/www.npmjs.com\/package\/keycloak-angular"
            }
        ]
    },
    {
        "client_msg_id": "12a041ba-3213-4952-806c-f4b3d9a1a691",
        "type": "message",
        "text": "Yup already done",
        "user": "UKNH71890",
        "ts": "1566955611.009600",
        "team": "TKRNGDFFZ",
        "user_team": "TKRNGDFFZ",
        "source_team": "TKRNGDFFZ",
        "user_profile": {
            "avatar_hash": "g686d3a8c638",
            "image_72": "https:\/\/secure.gravatar.com\/avatar\/686d3a8c638c97ef6a64296305f42f24.jpg?s=72&d=https%3A%2F%2Fa.slack-edge.com%2F80588%2Fimg%2Favatars%2Fava_0024-72.png",
            "first_name": "",
            "real_name": "Eyuel",
            "display_name": "",
            "team": "TKRNGDFFZ",
            "name": "eyuel.abebe",
            "is_restricted": false,
            "is_ultra_restricted": false
        }
    },
    {
        "client_msg_id": "6A7F7BD6-1DD6-49B4-A9DF-6F099A8FA735",
        "type": "message",
        "text": ":+1:",
        "user": "UKR4GLQKF",
        "ts": "1566955618.010000",
        "team": "TKRNGDFFZ",
        "user_team": "TKRNGDFFZ",
        "source_team": "TKRNGDFFZ",
        "user_profile": {
            "avatar_hash": "gf6859e536fb",
            "image_72": "https:\/\/secure.gravatar.com\/avatar\/f6859e536fb63a6f9d862b2f3fb9684c.jpg?s=72&d=https%3A%2F%2Fa.slack-edge.com%2F80588%2Fimg%2Favatars%2Fava_0015-72.png",
            "first_name": "",
            "real_name": "Amit Yadav",
            "display_name": "",
            "team": "TKRNGDFFZ",
            "name": "amit",
            "is_restricted": false,
            "is_ultra_restricted": false
        }
    },
    {
        "client_msg_id": "cf14f1b7-7680-4e64-b824-001dc23a5d6f",
        "type": "message",
        "text": "I will push. Taking out okta now",
        "user": "UKNH71890",
        "ts": "1566955620.010200",
        "team": "TKRNGDFFZ",
        "user_team": "TKRNGDFFZ",
        "source_team": "TKRNGDFFZ",
        "user_profile": {
            "avatar_hash": "g686d3a8c638",
            "image_72": "https:\/\/secure.gravatar.com\/avatar\/686d3a8c638c97ef6a64296305f42f24.jpg?s=72&d=https%3A%2F%2Fa.slack-edge.com%2F80588%2Fimg%2Favatars%2Fava_0024-72.png",
            "first_name": "",
            "real_name": "Eyuel",
            "display_name": "",
            "team": "TKRNGDFFZ",
            "name": "eyuel.abebe",
            "is_restricted": false,
            "is_ultra_restricted": false
        }
    },
    {
        "client_msg_id": "3af6625d-6d10-4ec6-b053-e4c8c9005dde",
        "type": "message",
        "text": "So Tim will work on the login part and keycloak integration",
        "user": "UKNH71890",
        "ts": "1566955649.010900",
        "team": "TKRNGDFFZ",
        "user_team": "TKRNGDFFZ",
        "source_team": "TKRNGDFFZ",
        "user_profile": {
            "avatar_hash": "g686d3a8c638",
            "image_72": "https:\/\/secure.gravatar.com\/avatar\/686d3a8c638c97ef6a64296305f42f24.jpg?s=72&d=https%3A%2F%2Fa.slack-edge.com%2F80588%2Fimg%2Favatars%2Fava_0024-72.png",
            "first_name": "",
            "real_name": "Eyuel",
            "display_name": "",
            "team": "TKRNGDFFZ",
            "name": "eyuel.abebe",
            "is_restricted": false,
            "is_ultra_restricted": false
        }
    },
    {
        "type": "message",
        "text": "<@UKNH71890> <@UKR4GLQKF> <@UKNH70ZV0> As per our conversation tonight, I put a scroll on the movie table and put five article feed at the bottom. This is just done on the stand alone, not the slide downs. It's just to see if we all agree with this layout. Cheers!",
        "files": [
            {
                "id": "FMS13PYKE",
                "created": 1566960241,
                "timestamp": 1566960241,
                "name": "celebrity_profile_aloneV2.png",
                "title": "celebrity_profile_aloneV2.png",
                "mimetype": "image\/png",
                "filetype": "png",
                "pretty_type": "PNG",
                "user": "UL1DRU6R3",
                "editable": false,
                "size": 242144,
                "mode": "hosted",
                "is_external": false,
                "external_type": "",
                "is_public": true,
                "public_url_shared": false,
                "display_as_bot": false,
                "username": "",
                "url_private": "https:\/\/files.slack.com\/files-pri\/TKRNGDFFZ-FMS13PYKE\/celebrity_profile_alonev2.png?t=xoxe-671764457543-761495007360-748720106514-e22867dc4a96f2e14ff182795f11301c",
                "url_private_download": "https:\/\/files.slack.com\/files-pri\/TKRNGDFFZ-FMS13PYKE\/download\/celebrity_profile_alonev2.png?t=xoxe-671764457543-761495007360-748720106514-e22867dc4a96f2e14ff182795f11301c",
                "thumb_64": "https:\/\/files.slack.com\/files-tmb\/TKRNGDFFZ-FMS13PYKE-ac63ecb05f\/celebrity_profile_alonev2_64.png?t=xoxe-671764457543-761495007360-748720106514-e22867dc4a96f2e14ff182795f11301c",
                "thumb_80": "https:\/\/files.slack.com\/files-tmb\/TKRNGDFFZ-FMS13PYKE-ac63ecb05f\/celebrity_profile_alonev2_80.png?t=xoxe-671764457543-761495007360-748720106514-e22867dc4a96f2e14ff182795f11301c",
                "thumb_360": "https:\/\/files.slack.com\/files-tmb\/TKRNGDFFZ-FMS13PYKE-ac63ecb05f\/celebrity_profile_alonev2_360.png?t=xoxe-671764457543-761495007360-748720106514-e22867dc4a96f2e14ff182795f11301c",
                "thumb_360_w": 360,
                "thumb_360_h": 324,
                "thumb_480": "https:\/\/files.slack.com\/files-tmb\/TKRNGDFFZ-FMS13PYKE-ac63ecb05f\/celebrity_profile_alonev2_480.png?t=xoxe-671764457543-761495007360-748720106514-e22867dc4a96f2e14ff182795f11301c",
                "thumb_480_w": 480,
                "thumb_480_h": 432,
                "thumb_160": "https:\/\/files.slack.com\/files-tmb\/TKRNGDFFZ-FMS13PYKE-ac63ecb05f\/celebrity_profile_alonev2_160.png?t=xoxe-671764457543-761495007360-748720106514-e22867dc4a96f2e14ff182795f11301c",
                "thumb_720": "https:\/\/files.slack.com\/files-tmb\/TKRNGDFFZ-FMS13PYKE-ac63ecb05f\/celebrity_profile_alonev2_720.png?t=xoxe-671764457543-761495007360-748720106514-e22867dc4a96f2e14ff182795f11301c",
                "thumb_720_w": 720,
                "thumb_720_h": 648,
                "thumb_800": "https:\/\/files.slack.com\/files-tmb\/TKRNGDFFZ-FMS13PYKE-ac63ecb05f\/celebrity_profile_alonev2_800.png?t=xoxe-671764457543-761495007360-748720106514-e22867dc4a96f2e14ff182795f11301c",
                "thumb_800_w": 800,
                "thumb_800_h": 720,
                "thumb_960": "https:\/\/files.slack.com\/files-tmb\/TKRNGDFFZ-FMS13PYKE-ac63ecb05f\/celebrity_profile_alonev2_960.png?t=xoxe-671764457543-761495007360-748720106514-e22867dc4a96f2e14ff182795f11301c",
                "thumb_960_w": 960,
                "thumb_960_h": 864,
                "thumb_1024": "https:\/\/files.slack.com\/files-tmb\/TKRNGDFFZ-FMS13PYKE-ac63ecb05f\/celebrity_profile_alonev2_1024.png?t=xoxe-671764457543-761495007360-748720106514-e22867dc4a96f2e14ff182795f11301c",
                "thumb_1024_w": 1024,
                "thumb_1024_h": 922,
                "image_exif_rotation": 1,
                "original_w": 1200,
                "original_h": 1080,
                "permalink": "https:\/\/scrgt-bdso.slack.com\/files\/UL1DRU6R3\/FMS13PYKE\/celebrity_profile_alonev2.png",
                "permalink_public": "https:\/\/slack-files.com\/TKRNGDFFZ-FMS13PYKE-7202994c2c",
                "is_starred": false,
                "has_rich_preview": false
            }
        ],
        "upload": true,
        "user": "UL1DRU6R3",
        "display_as_bot": false,
        "ts": "1566960244.011400",
        "edited": {
            "user": "UL1DRU6R3",
            "ts": "1566960261.000000"
        },
        "client_msg_id": "b8097f83-f092-4c06-b0f6-90b70db94955"
    }
]