[
    {
        "user": "UMJSK9J9H",
        "type": "message",
        "subtype": "channel_join",
        "ts": "1567266737.028900",
        "text": "<@UMJSK9J9H> has joined the channel"
    },
    {
        "user": "UMTHHFZ32",
        "type": "message",
        "subtype": "channel_join",
        "ts": "1567270639.029100",
        "text": "<@UMTHHFZ32> has joined the channel"
    },
    {
        "type": "message",
        "text": "<!channel> - The Celebrity Profile in EDIT mode. This is only available for Business Supervisor.",
        "files": [
            {
                "id": "FMYQQ2VRV",
                "created": 1567297694,
                "timestamp": 1567297694,
                "name": "celebrity_profile_alone_v8_-_edit_modeV3.png",
                "title": "celebrity_profile_alone_v8_-_edit_modeV3.png",
                "mimetype": "image\/png",
                "filetype": "png",
                "pretty_type": "PNG",
                "user": "UL1DRU6R3",
                "editable": false,
                "size": 380483,
                "mode": "hosted",
                "is_external": false,
                "external_type": "",
                "is_public": true,
                "public_url_shared": false,
                "display_as_bot": false,
                "username": "",
                "url_private": "https:\/\/files.slack.com\/files-pri\/TKRNGDFFZ-FMYQQ2VRV\/celebrity_profile_alone_v8_-_edit_modev3.png?t=xoxe-671764457543-761495007360-748720106514-e22867dc4a96f2e14ff182795f11301c",
                "url_private_download": "https:\/\/files.slack.com\/files-pri\/TKRNGDFFZ-FMYQQ2VRV\/download\/celebrity_profile_alone_v8_-_edit_modev3.png?t=xoxe-671764457543-761495007360-748720106514-e22867dc4a96f2e14ff182795f11301c",
                "thumb_64": "https:\/\/files.slack.com\/files-tmb\/TKRNGDFFZ-FMYQQ2VRV-f13ad0e92c\/celebrity_profile_alone_v8_-_edit_modev3_64.png?t=xoxe-671764457543-761495007360-748720106514-e22867dc4a96f2e14ff182795f11301c",
                "thumb_80": "https:\/\/files.slack.com\/files-tmb\/TKRNGDFFZ-FMYQQ2VRV-f13ad0e92c\/celebrity_profile_alone_v8_-_edit_modev3_80.png?t=xoxe-671764457543-761495007360-748720106514-e22867dc4a96f2e14ff182795f11301c",
                "thumb_360": "https:\/\/files.slack.com\/files-tmb\/TKRNGDFFZ-FMYQQ2VRV-f13ad0e92c\/celebrity_profile_alone_v8_-_edit_modev3_360.png?t=xoxe-671764457543-761495007360-748720106514-e22867dc4a96f2e14ff182795f11301c",
                "thumb_360_w": 232,
                "thumb_360_h": 360,
                "thumb_480": "https:\/\/files.slack.com\/files-tmb\/TKRNGDFFZ-FMYQQ2VRV-f13ad0e92c\/celebrity_profile_alone_v8_-_edit_modev3_480.png?t=xoxe-671764457543-761495007360-748720106514-e22867dc4a96f2e14ff182795f11301c",
                "thumb_480_w": 310,
                "thumb_480_h": 480,
                "thumb_160": "https:\/\/files.slack.com\/files-tmb\/TKRNGDFFZ-FMYQQ2VRV-f13ad0e92c\/celebrity_profile_alone_v8_-_edit_modev3_160.png?t=xoxe-671764457543-761495007360-748720106514-e22867dc4a96f2e14ff182795f11301c",
                "thumb_720": "https:\/\/files.slack.com\/files-tmb\/TKRNGDFFZ-FMYQQ2VRV-f13ad0e92c\/celebrity_profile_alone_v8_-_edit_modev3_720.png?t=xoxe-671764457543-761495007360-748720106514-e22867dc4a96f2e14ff182795f11301c",
                "thumb_720_w": 465,
                "thumb_720_h": 720,
                "thumb_800": "https:\/\/files.slack.com\/files-tmb\/TKRNGDFFZ-FMYQQ2VRV-f13ad0e92c\/celebrity_profile_alone_v8_-_edit_modev3_800.png?t=xoxe-671764457543-761495007360-748720106514-e22867dc4a96f2e14ff182795f11301c",
                "thumb_800_w": 800,
                "thumb_800_h": 1240,
                "thumb_960": "https:\/\/files.slack.com\/files-tmb\/TKRNGDFFZ-FMYQQ2VRV-f13ad0e92c\/celebrity_profile_alone_v8_-_edit_modev3_960.png?t=xoxe-671764457543-761495007360-748720106514-e22867dc4a96f2e14ff182795f11301c",
                "thumb_960_w": 619,
                "thumb_960_h": 960,
                "thumb_1024": "https:\/\/files.slack.com\/files-tmb\/TKRNGDFFZ-FMYQQ2VRV-f13ad0e92c\/celebrity_profile_alone_v8_-_edit_modev3_1024.png?t=xoxe-671764457543-761495007360-748720106514-e22867dc4a96f2e14ff182795f11301c",
                "thumb_1024_w": 661,
                "thumb_1024_h": 1024,
                "image_exif_rotation": 1,
                "original_w": 1200,
                "original_h": 1860,
                "permalink": "https:\/\/scrgt-bdso.slack.com\/files\/UL1DRU6R3\/FMYQQ2VRV\/celebrity_profile_alone_v8_-_edit_modev3.png",
                "permalink_public": "https:\/\/slack-files.com\/TKRNGDFFZ-FMYQQ2VRV-c8cad99fea",
                "is_starred": false,
                "has_rich_preview": false
            }
        ],
        "upload": true,
        "user": "UL1DRU6R3",
        "display_as_bot": false,
        "ts": "1567297697.029600",
        "client_msg_id": "e245ee5d-7b36-4cf4-a098-42199611a22d",
        "reactions": [
            {
                "name": "+1",
                "users": [
                    "UMG4A3JBC"
                ],
                "count": 1
            }
        ]
    },
    {
        "client_msg_id": "732ce195-1a6e-4da0-811f-f5a0180627d7",
        "type": "message",
        "text": "for the basic stats, they should only be able to change the values no? and not the fields",
        "user": "UKNH71890",
        "ts": "1567299532.030400",
        "team": "TKRNGDFFZ",
        "user_team": "TKRNGDFFZ",
        "source_team": "TKRNGDFFZ",
        "user_profile": {
            "avatar_hash": "g686d3a8c638",
            "image_72": "https:\/\/secure.gravatar.com\/avatar\/686d3a8c638c97ef6a64296305f42f24.jpg?s=72&d=https%3A%2F%2Fa.slack-edge.com%2F80588%2Fimg%2Favatars%2Fava_0024-72.png",
            "first_name": "",
            "real_name": "Eyuel",
            "display_name": "",
            "team": "TKRNGDFFZ",
            "name": "eyuel.abebe",
            "is_restricted": false,
            "is_ultra_restricted": false
        }
    },
    {
        "client_msg_id": "dab01f0c-cb4a-472c-8db5-6bef1f62b950",
        "type": "message",
        "text": "eg they cant change \"Birth Name\" just the value aka \"Nicolas Cage\"",
        "user": "UKNH71890",
        "ts": "1567299558.030900",
        "team": "TKRNGDFFZ",
        "user_team": "TKRNGDFFZ",
        "source_team": "TKRNGDFFZ",
        "user_profile": {
            "avatar_hash": "g686d3a8c638",
            "image_72": "https:\/\/secure.gravatar.com\/avatar\/686d3a8c638c97ef6a64296305f42f24.jpg?s=72&d=https%3A%2F%2Fa.slack-edge.com%2F80588%2Fimg%2Favatars%2Fava_0024-72.png",
            "first_name": "",
            "real_name": "Eyuel",
            "display_name": "",
            "team": "TKRNGDFFZ",
            "name": "eyuel.abebe",
            "is_restricted": false,
            "is_ultra_restricted": false
        }
    },
    {
        "client_msg_id": "14b3826b-c12f-4d19-b6be-1b24c5a6744d",
        "type": "message",
        "text": "<@UKNH71890> You're right they shouldn't be able to change the information - but their User Story says they can edit all data. From the Attachment: \"As a Business Supervisor, I need the ability to *view and update celebrity data* when needed.\"",
        "user": "UL1DRU6R3",
        "ts": "1567302505.032800",
        "team": "TKRNGDFFZ",
        "user_team": "TKRNGDFFZ",
        "source_team": "TKRNGDFFZ",
        "user_profile": {
            "avatar_hash": "gd89e47c2607",
            "image_72": "https:\/\/secure.gravatar.com\/avatar\/d89e47c2607ea5a7401c907933bcd907.jpg?s=72&d=https%3A%2F%2Fa.slack-edge.com%2F80588%2Fimg%2Favatars%2Fava_0002-72.png",
            "first_name": "",
            "real_name": "Jacquie",
            "display_name": "Jacquie",
            "team": "TKRNGDFFZ",
            "name": "jacqueline.granger",
            "is_restricted": false,
            "is_ultra_restricted": false
        },
        "edited": {
            "user": "UL1DRU6R3",
            "ts": "1567302551.000000"
        }
    }
]