[
    {
        "client_msg_id": "1aece866-2c4f-4946-b2eb-29f5a8acef28",
        "type": "message",
        "text": "<@UKPCZJWQL>",
        "user": "UKNH71890",
        "ts": "1567983682.060400",
        "team": "TKRNGDFFZ",
        "user_team": "TKRNGDFFZ",
        "source_team": "TKRNGDFFZ",
        "user_profile": {
            "avatar_hash": "g686d3a8c638",
            "image_72": "https:\/\/secure.gravatar.com\/avatar\/686d3a8c638c97ef6a64296305f42f24.jpg?s=72&d=https%3A%2F%2Fa.slack-edge.com%2F80588%2Fimg%2Favatars%2Fava_0024-72.png",
            "first_name": "",
            "real_name": "Eyuel",
            "display_name": "",
            "team": "TKRNGDFFZ",
            "name": "eyuel.abebe",
            "is_restricted": false,
            "is_ultra_restricted": false
        }
    },
    {
        "user": "UKPCZJWQL",
        "type": "message",
        "subtype": "channel_join",
        "ts": "1567983685.060600",
        "text": "<@UKPCZJWQL> has joined the channel",
        "inviter": "UKNH71890"
    },
    {
        "type": "message",
        "text": "<@UKR4GLQKF> these are the 4 services we need. If we can have ElasticSearch Queries, then we don't need to write API",
        "files": [
            {
                "id": "FN4CX4P9S",
                "created": 1567983744,
                "timestamp": 1567983744,
                "name": "Untitled",
                "title": "Untitled",
                "mimetype": "text\/plain",
                "filetype": "text",
                "pretty_type": "Plain Text",
                "user": "UKPCZJWQL",
                "editable": true,
                "size": 1394,
                "mode": "snippet",
                "is_external": false,
                "external_type": "",
                "is_public": true,
                "public_url_shared": false,
                "display_as_bot": false,
                "username": "",
                "url_private": "https:\/\/files.slack.com\/files-pri\/TKRNGDFFZ-FN4CX4P9S\/untitled?t=xoxe-671764457543-761495007360-748720106514-e22867dc4a96f2e14ff182795f11301c",
                "url_private_download": "https:\/\/files.slack.com\/files-pri\/TKRNGDFFZ-FN4CX4P9S\/download\/untitled?t=xoxe-671764457543-761495007360-748720106514-e22867dc4a96f2e14ff182795f11301c",
                "permalink": "https:\/\/scrgt-bdso.slack.com\/files\/UKPCZJWQL\/FN4CX4P9S\/untitled",
                "permalink_public": "https:\/\/slack-files.com\/TKRNGDFFZ-FN4CX4P9S-6bb65a3eea",
                "edit_link": "https:\/\/scrgt-bdso.slack.com\/files\/UKPCZJWQL\/FN4CX4P9S\/untitled\/edit",
                "is_starred": false,
                "has_rich_preview": false
            }
        ],
        "upload": true,
        "user": "UKPCZJWQL",
        "display_as_bot": false,
        "ts": "1567983744.060800",
        "client_msg_id": "702ca76f-e5f0-4f67-a8d3-246c0b0ef896"
    },
    {
        "client_msg_id": "1F84824D-E242-4FAC-AB5A-5C2267B5E608",
        "type": "message",
        "text": "I will work them later tonight ",
        "user": "UKR4GLQKF",
        "ts": "1567983790.061400",
        "team": "TKRNGDFFZ",
        "user_team": "TKRNGDFFZ",
        "source_team": "TKRNGDFFZ",
        "user_profile": {
            "avatar_hash": "gf6859e536fb",
            "image_72": "https:\/\/secure.gravatar.com\/avatar\/f6859e536fb63a6f9d862b2f3fb9684c.jpg?s=72&d=https%3A%2F%2Fa.slack-edge.com%2F80588%2Fimg%2Favatars%2Fava_0015-72.png",
            "first_name": "",
            "real_name": "Amit Yadav",
            "display_name": "",
            "team": "TKRNGDFFZ",
            "name": "amit",
            "is_restricted": false,
            "is_ultra_restricted": false
        }
    },
    {
        "type": "message",
        "text": "<@UKR4GLQKF> here are the details, self explanatory.",
        "files": [
            {
                "id": "FMYENQ6AV",
                "created": 1567983757,
                "timestamp": 1567983974,
                "name": "ElasticSearch_Queries_or_APIs",
                "title": "ElasticSearch Queries or APIs",
                "mimetype": "application\/vnd.slack-docs",
                "filetype": "docs",
                "pretty_type": "Arugula",
                "user": "UKPCZJWQL",
                "editable": true,
                "size": 2339,
                "mode": "docs",
                "is_external": false,
                "external_type": "",
                "is_public": true,
                "public_url_shared": false,
                "display_as_bot": false,
                "username": "",
                "url_private": "https:\/\/files.slack.com\/files-pri\/TKRNGDFFZ-FMYENQ6AV\/ElasticSearch_Queries_or_APIs?t=xoxe-671764457543-761495007360-748720106514-e22867dc4a96f2e14ff182795f11301c",
                "url_private_download": "https:\/\/files.slack.com\/files-pri\/TKRNGDFFZ-FMYENQ6AV\/download\/ElasticSearch_Queries_or_APIs?t=xoxe-671764457543-761495007360-748720106514-e22867dc4a96f2e14ff182795f11301c",
                "permalink": "https:\/\/scrgt-bdso.slack.com\/files\/TKRNGDFFZ\/FMYENQ6AV",
                "permalink_public": "https:\/\/slack-files.com\/TKRNGDFFZ-FMYENQ6AV-4f17cbfe99",
                "preview": "<p><br\/><\/p><h2>Query #1<\/h2><p><code>export const celebritySalaryData = [<\/code><br\/><code> {<\/code><br\/><code>  name: &#x27;Dwayne Johnson&#x27;,<\/code><br\/><code>  annualSalary: [<\/code><br\/><code>   { year: &#x27;2009&#x27;, salary: Math.random() * 10 + 5 },<\/code><br\/><code>   { year: &#x27;2010&#x27;, salary: Math.random() * 10 + 5 },<\/code><br\/><code>   { year: &#x27;2011&#x27;, salary: Math.random() * 10 + 5 },<\/code><br\/><code>   { year: &#x27;2012&#x27;, salary: Math.random() * 10 + 5 },<\/code><br\/><code>   { year: &#x27;2013&#x27;, salary: Math.random() * 10 + 5 },<\/code><br\/><code>   { year: &#x27;2014&#x27;, salary: Math.random() * 10 + 5 },<\/code><br\/><code>   { year: &#x27;2015&#x27;, salary: Math.random() * 10 + 5 },<\/code><br\/><code>   { year: &#x27;2016&#x27;, salary: Math.random() * 10 + 5 },<\/code><br\/><br\/><code>  ]<\/code><br\/><code> },<\/code><br\/><code> {<\/code><br\/><code>  name: &#x27;Meryl Streep&#x27;,<\/code><br\/><code>  annualSalary: [<\/code><br\/><code>   { year: &#x27;2009&#x27;, salary: Math.random() * 20 + 5 },<\/code><br\/><code>   { year: &#x27;2010&#x27;, salary: Math.random() * 10 + 5 },<\/code><br\/><br\/><code>  ]<\/code><br\/><code> },<\/code><br\/><code> {<\/code><br\/><code>  name: &#x27;Bruce Willis&#x27;,<\/code><br\/><code>  annualSalary: [<\/code><br\/><code>   { year: &#x27;2009&#x27;, salary: Math.random() * 10 + 5 },<\/code><br\/><code>   { year: &#x27;2010&#x27;, salary: Math.random() * 10 + 5 },<\/code><br\/><code> <\/code><br\/><code>  ]<\/code><br\/><code> }<\/code><br\/><code>];<\/code><br\/><\/p><h2>Query #2<\/h2><p><code>export const filmsByGenderData = [<\/code><br\/><code> { gender: &#x27;Male&#x27;, year: 2009, movieCount: Math.random() * 20 + 5 },<\/code><br\/><code> { gender: &#x27;Male&#x27;, year: 2010, movieCount: Math.random() * 10 + 5 }<\/code><br\/><code>];<\/code><br\/><\/p><h2>Query #3<\/h2><p><code>export const salaryByGenderData = [<\/code><br\/><code> { gender: &#x27;Male&#x27;, year: 2009, salary: Math.random() * 20 + 5 },<\/code><br\/><code> { gender: &#x27;Male&#x27;, year: 2010, salary: Math.random() * 10 + 5 }<\/code><br\/><code>];<\/code><br\/><\/p><h2>Query #4<\/h2><p><code>export const annualTotals = [<\/code><br\/><code> { year: 2019, boxOffice: 999999999, movieCount: 9 },<\/code><br\/><code> { year: 2018, boxOffice: 888888888, movieCount: 8 }, <\/code><br\/><code>]<\/code><\/p>",
                "editor": null,
                "last_editor": "UKPCZJWQL",
                "non_owner_editable": false,
                "updated": 1567983974,
                "is_starred": false,
                "has_rich_preview": false
            }
        ],
        "upload": false,
        "user": "UKPCZJWQL",
        "display_as_bot": false,
        "ts": "1567984035.061500"
    }
]