[
    {
        "type": "message",
        "text": "<!channel>: This is the modal for the Changelog. This is what you get when you click on the VIEW button in the changelog section. (Amy will be building this.) Link on Wireframe: <https:\/\/mqodi3.axshare.com\/#id=hce7c0&amp;p=celebrity_profile_alone_v2&amp;dp=0&amp;sc=1&amp;c=1>",
        "files": [
            {
                "id": "FN3RLP1MJ",
                "created": 1567868800,
                "timestamp": 1567868800,
                "name": "Screenshot of modal pop-up.png",
                "title": "Screenshot of modal pop-up.png",
                "mimetype": "image\/png",
                "filetype": "png",
                "pretty_type": "PNG",
                "user": "UL1DRU6R3",
                "editable": false,
                "size": 1505555,
                "mode": "hosted",
                "is_external": false,
                "external_type": "",
                "is_public": true,
                "public_url_shared": false,
                "display_as_bot": false,
                "username": "",
                "url_private": "https:\/\/files.slack.com\/files-pri\/TKRNGDFFZ-FN3RLP1MJ\/screenshot_of_modal_pop-up.png?t=xoxe-671764457543-761495007360-748720106514-e22867dc4a96f2e14ff182795f11301c",
                "url_private_download": "https:\/\/files.slack.com\/files-pri\/TKRNGDFFZ-FN3RLP1MJ\/download\/screenshot_of_modal_pop-up.png?t=xoxe-671764457543-761495007360-748720106514-e22867dc4a96f2e14ff182795f11301c",
                "thumb_64": "https:\/\/files.slack.com\/files-tmb\/TKRNGDFFZ-FN3RLP1MJ-39372d5a0d\/screenshot_of_modal_pop-up_64.png?t=xoxe-671764457543-761495007360-748720106514-e22867dc4a96f2e14ff182795f11301c",
                "thumb_80": "https:\/\/files.slack.com\/files-tmb\/TKRNGDFFZ-FN3RLP1MJ-39372d5a0d\/screenshot_of_modal_pop-up_80.png?t=xoxe-671764457543-761495007360-748720106514-e22867dc4a96f2e14ff182795f11301c",
                "thumb_360": "https:\/\/files.slack.com\/files-tmb\/TKRNGDFFZ-FN3RLP1MJ-39372d5a0d\/screenshot_of_modal_pop-up_360.png?t=xoxe-671764457543-761495007360-748720106514-e22867dc4a96f2e14ff182795f11301c",
                "thumb_360_w": 360,
                "thumb_360_h": 228,
                "thumb_480": "https:\/\/files.slack.com\/files-tmb\/TKRNGDFFZ-FN3RLP1MJ-39372d5a0d\/screenshot_of_modal_pop-up_480.png?t=xoxe-671764457543-761495007360-748720106514-e22867dc4a96f2e14ff182795f11301c",
                "thumb_480_w": 480,
                "thumb_480_h": 305,
                "thumb_160": "https:\/\/files.slack.com\/files-tmb\/TKRNGDFFZ-FN3RLP1MJ-39372d5a0d\/screenshot_of_modal_pop-up_160.png?t=xoxe-671764457543-761495007360-748720106514-e22867dc4a96f2e14ff182795f11301c",
                "thumb_720": "https:\/\/files.slack.com\/files-tmb\/TKRNGDFFZ-FN3RLP1MJ-39372d5a0d\/screenshot_of_modal_pop-up_720.png?t=xoxe-671764457543-761495007360-748720106514-e22867dc4a96f2e14ff182795f11301c",
                "thumb_720_w": 720,
                "thumb_720_h": 457,
                "thumb_800": "https:\/\/files.slack.com\/files-tmb\/TKRNGDFFZ-FN3RLP1MJ-39372d5a0d\/screenshot_of_modal_pop-up_800.png?t=xoxe-671764457543-761495007360-748720106514-e22867dc4a96f2e14ff182795f11301c",
                "thumb_800_w": 800,
                "thumb_800_h": 508,
                "thumb_960": "https:\/\/files.slack.com\/files-tmb\/TKRNGDFFZ-FN3RLP1MJ-39372d5a0d\/screenshot_of_modal_pop-up_960.png?t=xoxe-671764457543-761495007360-748720106514-e22867dc4a96f2e14ff182795f11301c",
                "thumb_960_w": 960,
                "thumb_960_h": 609,
                "thumb_1024": "https:\/\/files.slack.com\/files-tmb\/TKRNGDFFZ-FN3RLP1MJ-39372d5a0d\/screenshot_of_modal_pop-up_1024.png?t=xoxe-671764457543-761495007360-748720106514-e22867dc4a96f2e14ff182795f11301c",
                "thumb_1024_w": 1024,
                "thumb_1024_h": 650,
                "image_exif_rotation": 1,
                "original_w": 3584,
                "original_h": 2274,
                "permalink": "https:\/\/scrgt-bdso.slack.com\/files\/UL1DRU6R3\/FN3RLP1MJ\/screenshot_of_modal_pop-up.png",
                "permalink_public": "https:\/\/slack-files.com\/TKRNGDFFZ-FN3RLP1MJ-6e1303774c",
                "is_starred": false,
                "has_rich_preview": false
            }
        ],
        "upload": true,
        "user": "UL1DRU6R3",
        "display_as_bot": false,
        "ts": "1567868805.058200",
        "edited": {
            "user": "UL1DRU6R3",
            "ts": "1567868861.000000"
        },
        "client_msg_id": "0969f188-66cf-4112-9f8a-24f351a63db9"
    },
    {
        "client_msg_id": "8127BA44-55A3-4EAA-A25F-7B1ABF34C83F",
        "type": "message",
        "text": "<@UL1DRU6R3> Let’s discuss this before we prioritize this. This requires changes on backend",
        "user": "UKR4GLQKF",
        "ts": "1567868927.059800",
        "team": "TKRNGDFFZ",
        "user_team": "TKRNGDFFZ",
        "source_team": "TKRNGDFFZ",
        "user_profile": {
            "avatar_hash": "gf6859e536fb",
            "image_72": "https:\/\/secure.gravatar.com\/avatar\/f6859e536fb63a6f9d862b2f3fb9684c.jpg?s=72&d=https%3A%2F%2Fa.slack-edge.com%2F80588%2Fimg%2Favatars%2Fava_0015-72.png",
            "first_name": "",
            "real_name": "Amit Yadav",
            "display_name": "",
            "team": "TKRNGDFFZ",
            "name": "amit",
            "is_restricted": false,
            "is_ultra_restricted": false
        }
    }
]