[
    {
        "type": "message",
        "text": "<!channel> Edit Mode for Celebrity Profile Changed - NO SAVE in the Filmography Section",
        "files": [
            {
                "id": "FN42386NB",
                "created": 1567701524,
                "timestamp": 1567701524,
                "name": "celebrity_profile_alone_v8_-_edit_mode.png",
                "title": "celebrity_profile_alone_v8_-_edit_mode.png",
                "mimetype": "image\/png",
                "filetype": "png",
                "pretty_type": "PNG",
                "user": "UL1DRU6R3",
                "editable": false,
                "size": 514899,
                "mode": "hosted",
                "is_external": false,
                "external_type": "",
                "is_public": true,
                "public_url_shared": false,
                "display_as_bot": false,
                "username": "",
                "url_private": "https:\/\/files.slack.com\/files-pri\/TKRNGDFFZ-FN42386NB\/celebrity_profile_alone_v8_-_edit_mode.png?t=xoxe-671764457543-761495007360-748720106514-e22867dc4a96f2e14ff182795f11301c",
                "url_private_download": "https:\/\/files.slack.com\/files-pri\/TKRNGDFFZ-FN42386NB\/download\/celebrity_profile_alone_v8_-_edit_mode.png?t=xoxe-671764457543-761495007360-748720106514-e22867dc4a96f2e14ff182795f11301c",
                "thumb_64": "https:\/\/files.slack.com\/files-tmb\/TKRNGDFFZ-FN42386NB-cb0c842deb\/celebrity_profile_alone_v8_-_edit_mode_64.png?t=xoxe-671764457543-761495007360-748720106514-e22867dc4a96f2e14ff182795f11301c",
                "thumb_80": "https:\/\/files.slack.com\/files-tmb\/TKRNGDFFZ-FN42386NB-cb0c842deb\/celebrity_profile_alone_v8_-_edit_mode_80.png?t=xoxe-671764457543-761495007360-748720106514-e22867dc4a96f2e14ff182795f11301c",
                "thumb_360": "https:\/\/files.slack.com\/files-tmb\/TKRNGDFFZ-FN42386NB-cb0c842deb\/celebrity_profile_alone_v8_-_edit_mode_360.png?t=xoxe-671764457543-761495007360-748720106514-e22867dc4a96f2e14ff182795f11301c",
                "thumb_360_w": 205,
                "thumb_360_h": 360,
                "thumb_480": "https:\/\/files.slack.com\/files-tmb\/TKRNGDFFZ-FN42386NB-cb0c842deb\/celebrity_profile_alone_v8_-_edit_mode_480.png?t=xoxe-671764457543-761495007360-748720106514-e22867dc4a96f2e14ff182795f11301c",
                "thumb_480_w": 273,
                "thumb_480_h": 480,
                "thumb_160": "https:\/\/files.slack.com\/files-tmb\/TKRNGDFFZ-FN42386NB-cb0c842deb\/celebrity_profile_alone_v8_-_edit_mode_160.png?t=xoxe-671764457543-761495007360-748720106514-e22867dc4a96f2e14ff182795f11301c",
                "thumb_720": "https:\/\/files.slack.com\/files-tmb\/TKRNGDFFZ-FN42386NB-cb0c842deb\/celebrity_profile_alone_v8_-_edit_mode_720.png?t=xoxe-671764457543-761495007360-748720106514-e22867dc4a96f2e14ff182795f11301c",
                "thumb_720_w": 409,
                "thumb_720_h": 720,
                "thumb_800": "https:\/\/files.slack.com\/files-tmb\/TKRNGDFFZ-FN42386NB-cb0c842deb\/celebrity_profile_alone_v8_-_edit_mode_800.png?t=xoxe-671764457543-761495007360-748720106514-e22867dc4a96f2e14ff182795f11301c",
                "thumb_800_w": 800,
                "thumb_800_h": 1407,
                "thumb_960": "https:\/\/files.slack.com\/files-tmb\/TKRNGDFFZ-FN42386NB-cb0c842deb\/celebrity_profile_alone_v8_-_edit_mode_960.png?t=xoxe-671764457543-761495007360-748720106514-e22867dc4a96f2e14ff182795f11301c",
                "thumb_960_w": 546,
                "thumb_960_h": 960,
                "thumb_1024": "https:\/\/files.slack.com\/files-tmb\/TKRNGDFFZ-FN42386NB-cb0c842deb\/celebrity_profile_alone_v8_-_edit_mode_1024.png?t=xoxe-671764457543-761495007360-748720106514-e22867dc4a96f2e14ff182795f11301c",
                "thumb_1024_w": 582,
                "thumb_1024_h": 1024,
                "image_exif_rotation": 1,
                "original_w": 1200,
                "original_h": 2110,
                "permalink": "https:\/\/scrgt-bdso.slack.com\/files\/UL1DRU6R3\/FN42386NB\/celebrity_profile_alone_v8_-_edit_mode.png",
                "permalink_public": "https:\/\/slack-files.com\/TKRNGDFFZ-FN42386NB-077ec35695",
                "is_starred": false,
                "has_rich_preview": false
            }
        ],
        "upload": true,
        "user": "UL1DRU6R3",
        "display_as_bot": false,
        "ts": "1567701528.050600",
        "edited": {
            "user": "UL1DRU6R3",
            "ts": "1567701542.000000"
        },
        "client_msg_id": "0207c009-175f-467c-a1fe-86ff49545f15"
    },
    {
        "user": "UMRHJ2676",
        "type": "message",
        "subtype": "channel_join",
        "ts": "1567729829.051700",
        "text": "<@UMRHJ2676> has joined the channel"
    },
    {
        "client_msg_id": "ff571e98-e43d-4d4d-b602-dab9139d8b7d",
        "type": "message",
        "text": "Integration is still taking time, check develop branch for latest code",
        "user": "UKNH71890",
        "ts": "1567734778.053000",
        "team": "TKRNGDFFZ",
        "user_team": "TKRNGDFFZ",
        "source_team": "TKRNGDFFZ",
        "user_profile": {
            "avatar_hash": "g686d3a8c638",
            "image_72": "https:\/\/secure.gravatar.com\/avatar\/686d3a8c638c97ef6a64296305f42f24.jpg?s=72&d=https%3A%2F%2Fa.slack-edge.com%2F80588%2Fimg%2Favatars%2Fava_0024-72.png",
            "first_name": "",
            "real_name": "Eyuel",
            "display_name": "",
            "team": "TKRNGDFFZ",
            "name": "eyuel.abebe",
            "is_restricted": false,
            "is_ultra_restricted": false
        }
    }
]