[
    {
        "type": "message",
        "text": "<@UKNH71890> Due to redundancy of V1, I created V2 with some tweaks. They are located in a different folder on the wireframe. Changes: Filter Button instead of Search because we have a finite of celebrities to choose from. On the Profile, Top Pic is removed because you see the picture on the Main page above. Connections changed to Recommendations. Scroll on Movies. Added Newsfeed. Added a mock of Filtering page which shows the first profile automatically. Due to scroll in movies, added h2 title: Filmography to profile\n\nHere are the visuals. When you refresh the wireframe link, you will also see these changes.\n\nUPDATE: We need a Search - not filter; therefore the Search has been replaced and Filter button removed. Please refresh your browser to see all the changes. <@UKNH71890> <@UL3RW3SJ2> <@UKR4GLQKF> <@UKNH70ZV0>",
        "files": [
            {
                "id": "FMV3TKQAJ",
                "created": 1566995102,
                "timestamp": 1566995102,
                "name": "business_supervisor_celebrity_page_layout_v2.png",
                "title": "business_supervisor_celebrity_page_layout_v2.png",
                "mimetype": "image\/png",
                "filetype": "png",
                "pretty_type": "PNG",
                "user": "UL1DRU6R3",
                "editable": false,
                "size": 1629348,
                "mode": "hosted",
                "is_external": false,
                "external_type": "",
                "is_public": true,
                "public_url_shared": false,
                "display_as_bot": false,
                "username": "",
                "url_private": "https:\/\/files.slack.com\/files-pri\/TKRNGDFFZ-FMV3TKQAJ\/business_supervisor_celebrity_page_layout_v2.png?t=xoxe-671764457543-761495007360-748720106514-e22867dc4a96f2e14ff182795f11301c",
                "url_private_download": "https:\/\/files.slack.com\/files-pri\/TKRNGDFFZ-FMV3TKQAJ\/download\/business_supervisor_celebrity_page_layout_v2.png?t=xoxe-671764457543-761495007360-748720106514-e22867dc4a96f2e14ff182795f11301c",
                "thumb_64": "https:\/\/files.slack.com\/files-tmb\/TKRNGDFFZ-FMV3TKQAJ-5b928560da\/business_supervisor_celebrity_page_layout_v2_64.png?t=xoxe-671764457543-761495007360-748720106514-e22867dc4a96f2e14ff182795f11301c",
                "thumb_80": "https:\/\/files.slack.com\/files-tmb\/TKRNGDFFZ-FMV3TKQAJ-5b928560da\/business_supervisor_celebrity_page_layout_v2_80.png?t=xoxe-671764457543-761495007360-748720106514-e22867dc4a96f2e14ff182795f11301c",
                "thumb_360": "https:\/\/files.slack.com\/files-tmb\/TKRNGDFFZ-FMV3TKQAJ-5b928560da\/business_supervisor_celebrity_page_layout_v2_360.png?t=xoxe-671764457543-761495007360-748720106514-e22867dc4a96f2e14ff182795f11301c",
                "thumb_360_w": 360,
                "thumb_360_h": 344,
                "thumb_480": "https:\/\/files.slack.com\/files-tmb\/TKRNGDFFZ-FMV3TKQAJ-5b928560da\/business_supervisor_celebrity_page_layout_v2_480.png?t=xoxe-671764457543-761495007360-748720106514-e22867dc4a96f2e14ff182795f11301c",
                "thumb_480_w": 480,
                "thumb_480_h": 458,
                "thumb_160": "https:\/\/files.slack.com\/files-tmb\/TKRNGDFFZ-FMV3TKQAJ-5b928560da\/business_supervisor_celebrity_page_layout_v2_160.png?t=xoxe-671764457543-761495007360-748720106514-e22867dc4a96f2e14ff182795f11301c",
                "thumb_720": "https:\/\/files.slack.com\/files-tmb\/TKRNGDFFZ-FMV3TKQAJ-5b928560da\/business_supervisor_celebrity_page_layout_v2_720.png?t=xoxe-671764457543-761495007360-748720106514-e22867dc4a96f2e14ff182795f11301c",
                "thumb_720_w": 720,
                "thumb_720_h": 687,
                "thumb_800": "https:\/\/files.slack.com\/files-tmb\/TKRNGDFFZ-FMV3TKQAJ-5b928560da\/business_supervisor_celebrity_page_layout_v2_800.png?t=xoxe-671764457543-761495007360-748720106514-e22867dc4a96f2e14ff182795f11301c",
                "thumb_800_w": 800,
                "thumb_800_h": 763,
                "thumb_960": "https:\/\/files.slack.com\/files-tmb\/TKRNGDFFZ-FMV3TKQAJ-5b928560da\/business_supervisor_celebrity_page_layout_v2_960.png?t=xoxe-671764457543-761495007360-748720106514-e22867dc4a96f2e14ff182795f11301c",
                "thumb_960_w": 960,
                "thumb_960_h": 916,
                "thumb_1024": "https:\/\/files.slack.com\/files-tmb\/TKRNGDFFZ-FMV3TKQAJ-5b928560da\/business_supervisor_celebrity_page_layout_v2_1024.png?t=xoxe-671764457543-761495007360-748720106514-e22867dc4a96f2e14ff182795f11301c",
                "thumb_1024_w": 1024,
                "thumb_1024_h": 977,
                "image_exif_rotation": 1,
                "original_w": 1200,
                "original_h": 1145,
                "permalink": "https:\/\/scrgt-bdso.slack.com\/files\/UL1DRU6R3\/FMV3TKQAJ\/business_supervisor_celebrity_page_layout_v2.png",
                "permalink_public": "https:\/\/slack-files.com\/TKRNGDFFZ-FMV3TKQAJ-471d46fb37",
                "is_starred": false,
                "has_rich_preview": false
            },
            {
                "id": "FMLGJV6MP",
                "created": 1566995102,
                "timestamp": 1566995102,
                "name": "business_user_page_layout_v2.png",
                "title": "business_user_page_layout_v2.png",
                "mimetype": "image\/png",
                "filetype": "png",
                "pretty_type": "PNG",
                "user": "UL1DRU6R3",
                "editable": false,
                "size": 1628726,
                "mode": "hosted",
                "is_external": false,
                "external_type": "",
                "is_public": true,
                "public_url_shared": false,
                "display_as_bot": false,
                "username": "",
                "url_private": "https:\/\/files.slack.com\/files-pri\/TKRNGDFFZ-FMLGJV6MP\/business_user_page_layout_v2.png?t=xoxe-671764457543-761495007360-748720106514-e22867dc4a96f2e14ff182795f11301c",
                "url_private_download": "https:\/\/files.slack.com\/files-pri\/TKRNGDFFZ-FMLGJV6MP\/download\/business_user_page_layout_v2.png?t=xoxe-671764457543-761495007360-748720106514-e22867dc4a96f2e14ff182795f11301c",
                "thumb_64": "https:\/\/files.slack.com\/files-tmb\/TKRNGDFFZ-FMLGJV6MP-8570fc30a4\/business_user_page_layout_v2_64.png?t=xoxe-671764457543-761495007360-748720106514-e22867dc4a96f2e14ff182795f11301c",
                "thumb_80": "https:\/\/files.slack.com\/files-tmb\/TKRNGDFFZ-FMLGJV6MP-8570fc30a4\/business_user_page_layout_v2_80.png?t=xoxe-671764457543-761495007360-748720106514-e22867dc4a96f2e14ff182795f11301c",
                "thumb_360": "https:\/\/files.slack.com\/files-tmb\/TKRNGDFFZ-FMLGJV6MP-8570fc30a4\/business_user_page_layout_v2_360.png?t=xoxe-671764457543-761495007360-748720106514-e22867dc4a96f2e14ff182795f11301c",
                "thumb_360_w": 360,
                "thumb_360_h": 344,
                "thumb_480": "https:\/\/files.slack.com\/files-tmb\/TKRNGDFFZ-FMLGJV6MP-8570fc30a4\/business_user_page_layout_v2_480.png?t=xoxe-671764457543-761495007360-748720106514-e22867dc4a96f2e14ff182795f11301c",
                "thumb_480_w": 480,
                "thumb_480_h": 458,
                "thumb_160": "https:\/\/files.slack.com\/files-tmb\/TKRNGDFFZ-FMLGJV6MP-8570fc30a4\/business_user_page_layout_v2_160.png?t=xoxe-671764457543-761495007360-748720106514-e22867dc4a96f2e14ff182795f11301c",
                "thumb_720": "https:\/\/files.slack.com\/files-tmb\/TKRNGDFFZ-FMLGJV6MP-8570fc30a4\/business_user_page_layout_v2_720.png?t=xoxe-671764457543-761495007360-748720106514-e22867dc4a96f2e14ff182795f11301c",
                "thumb_720_w": 720,
                "thumb_720_h": 687,
                "thumb_800": "https:\/\/files.slack.com\/files-tmb\/TKRNGDFFZ-FMLGJV6MP-8570fc30a4\/business_user_page_layout_v2_800.png?t=xoxe-671764457543-761495007360-748720106514-e22867dc4a96f2e14ff182795f11301c",
                "thumb_800_w": 800,
                "thumb_800_h": 763,
                "thumb_960": "https:\/\/files.slack.com\/files-tmb\/TKRNGDFFZ-FMLGJV6MP-8570fc30a4\/business_user_page_layout_v2_960.png?t=xoxe-671764457543-761495007360-748720106514-e22867dc4a96f2e14ff182795f11301c",
                "thumb_960_w": 960,
                "thumb_960_h": 916,
                "thumb_1024": "https:\/\/files.slack.com\/files-tmb\/TKRNGDFFZ-FMLGJV6MP-8570fc30a4\/business_user_page_layout_v2_1024.png?t=xoxe-671764457543-761495007360-748720106514-e22867dc4a96f2e14ff182795f11301c",
                "thumb_1024_w": 1024,
                "thumb_1024_h": 977,
                "image_exif_rotation": 1,
                "original_w": 1200,
                "original_h": 1145,
                "permalink": "https:\/\/scrgt-bdso.slack.com\/files\/UL1DRU6R3\/FMLGJV6MP\/business_user_page_layout_v2.png",
                "permalink_public": "https:\/\/slack-files.com\/TKRNGDFFZ-FMLGJV6MP-0f60b3031b",
                "is_starred": false,
                "has_rich_preview": false
            },
            {
                "id": "FMSTYMMC5",
                "created": 1566995102,
                "timestamp": 1566995102,
                "name": "search.png",
                "title": "search.png",
                "mimetype": "image\/png",
                "filetype": "png",
                "pretty_type": "PNG",
                "user": "UL1DRU6R3",
                "editable": false,
                "size": 583269,
                "mode": "hosted",
                "is_external": false,
                "external_type": "",
                "is_public": true,
                "public_url_shared": false,
                "display_as_bot": false,
                "username": "",
                "url_private": "https:\/\/files.slack.com\/files-pri\/TKRNGDFFZ-FMSTYMMC5\/search.png?t=xoxe-671764457543-761495007360-748720106514-e22867dc4a96f2e14ff182795f11301c",
                "url_private_download": "https:\/\/files.slack.com\/files-pri\/TKRNGDFFZ-FMSTYMMC5\/download\/search.png?t=xoxe-671764457543-761495007360-748720106514-e22867dc4a96f2e14ff182795f11301c",
                "thumb_64": "https:\/\/files.slack.com\/files-tmb\/TKRNGDFFZ-FMSTYMMC5-8e64950a29\/search_64.png?t=xoxe-671764457543-761495007360-748720106514-e22867dc4a96f2e14ff182795f11301c",
                "thumb_80": "https:\/\/files.slack.com\/files-tmb\/TKRNGDFFZ-FMSTYMMC5-8e64950a29\/search_80.png?t=xoxe-671764457543-761495007360-748720106514-e22867dc4a96f2e14ff182795f11301c",
                "thumb_360": "https:\/\/files.slack.com\/files-tmb\/TKRNGDFFZ-FMSTYMMC5-8e64950a29\/search_360.png?t=xoxe-671764457543-761495007360-748720106514-e22867dc4a96f2e14ff182795f11301c",
                "thumb_360_w": 282,
                "thumb_360_h": 360,
                "thumb_480": "https:\/\/files.slack.com\/files-tmb\/TKRNGDFFZ-FMSTYMMC5-8e64950a29\/search_480.png?t=xoxe-671764457543-761495007360-748720106514-e22867dc4a96f2e14ff182795f11301c",
                "thumb_480_w": 376,
                "thumb_480_h": 480,
                "thumb_160": "https:\/\/files.slack.com\/files-tmb\/TKRNGDFFZ-FMSTYMMC5-8e64950a29\/search_160.png?t=xoxe-671764457543-761495007360-748720106514-e22867dc4a96f2e14ff182795f11301c",
                "thumb_720": "https:\/\/files.slack.com\/files-tmb\/TKRNGDFFZ-FMSTYMMC5-8e64950a29\/search_720.png?t=xoxe-671764457543-761495007360-748720106514-e22867dc4a96f2e14ff182795f11301c",
                "thumb_720_w": 564,
                "thumb_720_h": 720,
                "thumb_800": "https:\/\/files.slack.com\/files-tmb\/TKRNGDFFZ-FMSTYMMC5-8e64950a29\/search_800.png?t=xoxe-671764457543-761495007360-748720106514-e22867dc4a96f2e14ff182795f11301c",
                "thumb_800_w": 800,
                "thumb_800_h": 1021,
                "thumb_960": "https:\/\/files.slack.com\/files-tmb\/TKRNGDFFZ-FMSTYMMC5-8e64950a29\/search_960.png?t=xoxe-671764457543-761495007360-748720106514-e22867dc4a96f2e14ff182795f11301c",
                "thumb_960_w": 752,
                "thumb_960_h": 960,
                "thumb_1024": "https:\/\/files.slack.com\/files-tmb\/TKRNGDFFZ-FMSTYMMC5-8e64950a29\/search_1024.png?t=xoxe-671764457543-761495007360-748720106514-e22867dc4a96f2e14ff182795f11301c",
                "thumb_1024_w": 803,
                "thumb_1024_h": 1024,
                "image_exif_rotation": 1,
                "original_w": 1200,
                "original_h": 1531,
                "permalink": "https:\/\/scrgt-bdso.slack.com\/files\/UL1DRU6R3\/FMSTYMMC5\/search.png",
                "permalink_public": "https:\/\/slack-files.com\/TKRNGDFFZ-FMSTYMMC5-bf6fb5d897",
                "is_starred": false,
                "has_rich_preview": false
            },
            {
                "id": "FMSE2Q212",
                "created": 1566995102,
                "timestamp": 1566995102,
                "name": "V2 w-DD.png",
                "title": "V2 w-DD.png",
                "mimetype": "image\/png",
                "filetype": "png",
                "pretty_type": "PNG",
                "user": "UL1DRU6R3",
                "editable": false,
                "size": 769316,
                "mode": "hosted",
                "is_external": false,
                "external_type": "",
                "is_public": true,
                "public_url_shared": false,
                "display_as_bot": false,
                "username": "",
                "url_private": "https:\/\/files.slack.com\/files-pri\/TKRNGDFFZ-FMSE2Q212\/v2_w-dd.png?t=xoxe-671764457543-761495007360-748720106514-e22867dc4a96f2e14ff182795f11301c",
                "url_private_download": "https:\/\/files.slack.com\/files-pri\/TKRNGDFFZ-FMSE2Q212\/download\/v2_w-dd.png?t=xoxe-671764457543-761495007360-748720106514-e22867dc4a96f2e14ff182795f11301c",
                "thumb_64": "https:\/\/files.slack.com\/files-tmb\/TKRNGDFFZ-FMSE2Q212-cc4e49d1f8\/v2_w-dd_64.png?t=xoxe-671764457543-761495007360-748720106514-e22867dc4a96f2e14ff182795f11301c",
                "thumb_80": "https:\/\/files.slack.com\/files-tmb\/TKRNGDFFZ-FMSE2Q212-cc4e49d1f8\/v2_w-dd_80.png?t=xoxe-671764457543-761495007360-748720106514-e22867dc4a96f2e14ff182795f11301c",
                "thumb_360": "https:\/\/files.slack.com\/files-tmb\/TKRNGDFFZ-FMSE2Q212-cc4e49d1f8\/v2_w-dd_360.png?t=xoxe-671764457543-761495007360-748720106514-e22867dc4a96f2e14ff182795f11301c",
                "thumb_360_w": 190,
                "thumb_360_h": 360,
                "thumb_480": "https:\/\/files.slack.com\/files-tmb\/TKRNGDFFZ-FMSE2Q212-cc4e49d1f8\/v2_w-dd_480.png?t=xoxe-671764457543-761495007360-748720106514-e22867dc4a96f2e14ff182795f11301c",
                "thumb_480_w": 254,
                "thumb_480_h": 480,
                "thumb_160": "https:\/\/files.slack.com\/files-tmb\/TKRNGDFFZ-FMSE2Q212-cc4e49d1f8\/v2_w-dd_160.png?t=xoxe-671764457543-761495007360-748720106514-e22867dc4a96f2e14ff182795f11301c",
                "thumb_720": "https:\/\/files.slack.com\/files-tmb\/TKRNGDFFZ-FMSE2Q212-cc4e49d1f8\/v2_w-dd_720.png?t=xoxe-671764457543-761495007360-748720106514-e22867dc4a96f2e14ff182795f11301c",
                "thumb_720_w": 380,
                "thumb_720_h": 720,
                "thumb_800": "https:\/\/files.slack.com\/files-tmb\/TKRNGDFFZ-FMSE2Q212-cc4e49d1f8\/v2_w-dd_800.png?t=xoxe-671764457543-761495007360-748720106514-e22867dc4a96f2e14ff182795f11301c",
                "thumb_800_w": 423,
                "thumb_800_h": 800,
                "thumb_960": "https:\/\/files.slack.com\/files-tmb\/TKRNGDFFZ-FMSE2Q212-cc4e49d1f8\/v2_w-dd_960.png?t=xoxe-671764457543-761495007360-748720106514-e22867dc4a96f2e14ff182795f11301c",
                "thumb_960_w": 507,
                "thumb_960_h": 960,
                "thumb_1024": "https:\/\/files.slack.com\/files-tmb\/TKRNGDFFZ-FMSE2Q212-cc4e49d1f8\/v2_w-dd_1024.png?t=xoxe-671764457543-761495007360-748720106514-e22867dc4a96f2e14ff182795f11301c",
                "thumb_1024_w": 541,
                "thumb_1024_h": 1024,
                "image_exif_rotation": 1,
                "original_w": 716,
                "original_h": 1355,
                "permalink": "https:\/\/scrgt-bdso.slack.com\/files\/UL1DRU6R3\/FMSE2Q212\/v2_w-dd.png",
                "permalink_public": "https:\/\/slack-files.com\/TKRNGDFFZ-FMSE2Q212-92c95ba566",
                "is_starred": false,
                "has_rich_preview": false
            }
        ],
        "upload": true,
        "user": "UL1DRU6R3",
        "ts": "1566995107.005300",
        "edited": {
            "user": "UL1DRU6R3",
            "ts": "1567008096.000000"
        },
        "client_msg_id": "57d443a0-9e69-4819-8d7e-6e034ec4040a"
    },
    {
        "client_msg_id": "B656C6FE-F2B4-456B-88AD-615BE96049BE",
        "type": "message",
        "text": "<@UKNH71890> <@UKNH70ZV0> could we meet this morning? We can keep it short to 10-15mins",
        "user": "UL0012996",
        "ts": "1566997262.009200",
        "team": "TKRNGDFFZ",
        "user_team": "TKRNGDFFZ",
        "source_team": "TKRNGDFFZ",
        "user_profile": {
            "avatar_hash": "d12e961cf42d",
            "image_72": "https:\/\/avatars.slack-edge.com\/2019-07-10\/690936875216_d12e961cf42d5d7703e6_72.png",
            "first_name": "Padmaja",
            "real_name": "Padmaja",
            "display_name": "",
            "team": "TKRNGDFFZ",
            "name": "padmajaprabhala",
            "is_restricted": false,
            "is_ultra_restricted": false
        }
    },
    {
        "client_msg_id": "470510D1-E081-4713-B5DD-226CCECBDEDD",
        "type": "message",
        "text": "In 20mass",
        "user": "UL0012996",
        "ts": "1566997276.009500",
        "team": "TKRNGDFFZ",
        "user_team": "TKRNGDFFZ",
        "source_team": "TKRNGDFFZ",
        "user_profile": {
            "avatar_hash": "d12e961cf42d",
            "image_72": "https:\/\/avatars.slack-edge.com\/2019-07-10\/690936875216_d12e961cf42d5d7703e6_72.png",
            "first_name": "Padmaja",
            "real_name": "Padmaja",
            "display_name": "",
            "team": "TKRNGDFFZ",
            "name": "padmajaprabhala",
            "is_restricted": false,
            "is_ultra_restricted": false
        }
    },
    {
        "client_msg_id": "e9a3d3fb-afd5-464f-a33a-01c00133cd46",
        "type": "message",
        "text": "Sure what time",
        "user": "UKNH71890",
        "ts": "1567000854.009700",
        "team": "TKRNGDFFZ",
        "user_team": "TKRNGDFFZ",
        "source_team": "TKRNGDFFZ",
        "user_profile": {
            "avatar_hash": "g686d3a8c638",
            "image_72": "https:\/\/secure.gravatar.com\/avatar\/686d3a8c638c97ef6a64296305f42f24.jpg?s=72&d=https%3A%2F%2Fa.slack-edge.com%2F80588%2Fimg%2Favatars%2Fava_0024-72.png",
            "first_name": "",
            "real_name": "Eyuel",
            "display_name": "",
            "team": "TKRNGDFFZ",
            "name": "eyuel.abebe",
            "is_restricted": false,
            "is_ultra_restricted": false
        }
    },
    {
        "client_msg_id": "F51A2383-841D-4AE0-BB2B-F8A2164D0053",
        "type": "message",
        "text": "Before 12:30 is better, I just need 10-15 mins",
        "user": "UL0012996",
        "ts": "1567000919.010800",
        "team": "TKRNGDFFZ",
        "user_team": "TKRNGDFFZ",
        "source_team": "TKRNGDFFZ",
        "user_profile": {
            "avatar_hash": "d12e961cf42d",
            "image_72": "https:\/\/avatars.slack-edge.com\/2019-07-10\/690936875216_d12e961cf42d5d7703e6_72.png",
            "first_name": "Padmaja",
            "real_name": "Padmaja",
            "display_name": "",
            "team": "TKRNGDFFZ",
            "name": "padmajaprabhala",
            "is_restricted": false,
            "is_ultra_restricted": false
        }
    },
    {
        "client_msg_id": "5E7967A1-7796-4AC8-B927-05F10BA245A3",
        "type": "message",
        "text": "We are available now if you are free",
        "user": "UL0012996",
        "ts": "1567000931.011300",
        "team": "TKRNGDFFZ",
        "user_team": "TKRNGDFFZ",
        "source_team": "TKRNGDFFZ",
        "user_profile": {
            "avatar_hash": "d12e961cf42d",
            "image_72": "https:\/\/avatars.slack-edge.com\/2019-07-10\/690936875216_d12e961cf42d5d7703e6_72.png",
            "first_name": "Padmaja",
            "real_name": "Padmaja",
            "display_name": "",
            "team": "TKRNGDFFZ",
            "name": "padmajaprabhala",
            "is_restricted": false,
            "is_ultra_restricted": false
        }
    },
    {
        "client_msg_id": "78F969DA-9DC4-445E-BF8C-C9EFDE9CF4D0",
        "type": "message",
        "text": "We can meet in PQT room ",
        "user": "UL0012996",
        "ts": "1567000982.012100",
        "team": "TKRNGDFFZ",
        "user_team": "TKRNGDFFZ",
        "source_team": "TKRNGDFFZ",
        "user_profile": {
            "avatar_hash": "d12e961cf42d",
            "image_72": "https:\/\/avatars.slack-edge.com\/2019-07-10\/690936875216_d12e961cf42d5d7703e6_72.png",
            "first_name": "Padmaja",
            "real_name": "Padmaja",
            "display_name": "",
            "team": "TKRNGDFFZ",
            "name": "padmajaprabhala",
            "is_restricted": false,
            "is_ultra_restricted": false
        }
    },
    {
        "type": "message",
        "text": "<@UKR4GLQKF> <@UKNH71890> <@UL3RW3SJ2> <@UKNH70ZV0> These mock-ups reflect the Filter button being removed.**",
        "files": [
            {
                "id": "FMSPBP47N",
                "created": 1567008185,
                "timestamp": 1567008185,
                "name": "business_supervisor_celebrity_page_layout_v2.png",
                "title": "business_supervisor_celebrity_page_layout_v2.png",
                "mimetype": "image\/png",
                "filetype": "png",
                "pretty_type": "PNG",
                "user": "UL1DRU6R3",
                "editable": false,
                "size": 1629622,
                "mode": "hosted",
                "is_external": false,
                "external_type": "",
                "is_public": true,
                "public_url_shared": false,
                "display_as_bot": false,
                "username": "",
                "url_private": "https:\/\/files.slack.com\/files-pri\/TKRNGDFFZ-FMSPBP47N\/business_supervisor_celebrity_page_layout_v2.png?t=xoxe-671764457543-761495007360-748720106514-e22867dc4a96f2e14ff182795f11301c",
                "url_private_download": "https:\/\/files.slack.com\/files-pri\/TKRNGDFFZ-FMSPBP47N\/download\/business_supervisor_celebrity_page_layout_v2.png?t=xoxe-671764457543-761495007360-748720106514-e22867dc4a96f2e14ff182795f11301c",
                "thumb_64": "https:\/\/files.slack.com\/files-tmb\/TKRNGDFFZ-FMSPBP47N-816c8c55c0\/business_supervisor_celebrity_page_layout_v2_64.png?t=xoxe-671764457543-761495007360-748720106514-e22867dc4a96f2e14ff182795f11301c",
                "thumb_80": "https:\/\/files.slack.com\/files-tmb\/TKRNGDFFZ-FMSPBP47N-816c8c55c0\/business_supervisor_celebrity_page_layout_v2_80.png?t=xoxe-671764457543-761495007360-748720106514-e22867dc4a96f2e14ff182795f11301c",
                "thumb_360": "https:\/\/files.slack.com\/files-tmb\/TKRNGDFFZ-FMSPBP47N-816c8c55c0\/business_supervisor_celebrity_page_layout_v2_360.png?t=xoxe-671764457543-761495007360-748720106514-e22867dc4a96f2e14ff182795f11301c",
                "thumb_360_w": 360,
                "thumb_360_h": 344,
                "thumb_480": "https:\/\/files.slack.com\/files-tmb\/TKRNGDFFZ-FMSPBP47N-816c8c55c0\/business_supervisor_celebrity_page_layout_v2_480.png?t=xoxe-671764457543-761495007360-748720106514-e22867dc4a96f2e14ff182795f11301c",
                "thumb_480_w": 480,
                "thumb_480_h": 458,
                "thumb_160": "https:\/\/files.slack.com\/files-tmb\/TKRNGDFFZ-FMSPBP47N-816c8c55c0\/business_supervisor_celebrity_page_layout_v2_160.png?t=xoxe-671764457543-761495007360-748720106514-e22867dc4a96f2e14ff182795f11301c",
                "thumb_720": "https:\/\/files.slack.com\/files-tmb\/TKRNGDFFZ-FMSPBP47N-816c8c55c0\/business_supervisor_celebrity_page_layout_v2_720.png?t=xoxe-671764457543-761495007360-748720106514-e22867dc4a96f2e14ff182795f11301c",
                "thumb_720_w": 720,
                "thumb_720_h": 687,
                "thumb_800": "https:\/\/files.slack.com\/files-tmb\/TKRNGDFFZ-FMSPBP47N-816c8c55c0\/business_supervisor_celebrity_page_layout_v2_800.png?t=xoxe-671764457543-761495007360-748720106514-e22867dc4a96f2e14ff182795f11301c",
                "thumb_800_w": 800,
                "thumb_800_h": 763,
                "thumb_960": "https:\/\/files.slack.com\/files-tmb\/TKRNGDFFZ-FMSPBP47N-816c8c55c0\/business_supervisor_celebrity_page_layout_v2_960.png?t=xoxe-671764457543-761495007360-748720106514-e22867dc4a96f2e14ff182795f11301c",
                "thumb_960_w": 960,
                "thumb_960_h": 916,
                "thumb_1024": "https:\/\/files.slack.com\/files-tmb\/TKRNGDFFZ-FMSPBP47N-816c8c55c0\/business_supervisor_celebrity_page_layout_v2_1024.png?t=xoxe-671764457543-761495007360-748720106514-e22867dc4a96f2e14ff182795f11301c",
                "thumb_1024_w": 1024,
                "thumb_1024_h": 977,
                "image_exif_rotation": 1,
                "original_w": 1200,
                "original_h": 1145,
                "permalink": "https:\/\/scrgt-bdso.slack.com\/files\/UL1DRU6R3\/FMSPBP47N\/business_supervisor_celebrity_page_layout_v2.png",
                "permalink_public": "https:\/\/slack-files.com\/TKRNGDFFZ-FMSPBP47N-916d8d0f08",
                "is_starred": false,
                "has_rich_preview": false
            },
            {
                "id": "FMSPBP3N0",
                "created": 1567008185,
                "timestamp": 1567008185,
                "name": "business_user_page_layout_v2.png",
                "title": "business_user_page_layout_v2.png",
                "mimetype": "image\/png",
                "filetype": "png",
                "pretty_type": "PNG",
                "user": "UL1DRU6R3",
                "editable": false,
                "size": 1628964,
                "mode": "hosted",
                "is_external": false,
                "external_type": "",
                "is_public": true,
                "public_url_shared": false,
                "display_as_bot": false,
                "username": "",
                "url_private": "https:\/\/files.slack.com\/files-pri\/TKRNGDFFZ-FMSPBP3N0\/business_user_page_layout_v2.png?t=xoxe-671764457543-761495007360-748720106514-e22867dc4a96f2e14ff182795f11301c",
                "url_private_download": "https:\/\/files.slack.com\/files-pri\/TKRNGDFFZ-FMSPBP3N0\/download\/business_user_page_layout_v2.png?t=xoxe-671764457543-761495007360-748720106514-e22867dc4a96f2e14ff182795f11301c",
                "thumb_64": "https:\/\/files.slack.com\/files-tmb\/TKRNGDFFZ-FMSPBP3N0-72056be9a2\/business_user_page_layout_v2_64.png?t=xoxe-671764457543-761495007360-748720106514-e22867dc4a96f2e14ff182795f11301c",
                "thumb_80": "https:\/\/files.slack.com\/files-tmb\/TKRNGDFFZ-FMSPBP3N0-72056be9a2\/business_user_page_layout_v2_80.png?t=xoxe-671764457543-761495007360-748720106514-e22867dc4a96f2e14ff182795f11301c",
                "thumb_360": "https:\/\/files.slack.com\/files-tmb\/TKRNGDFFZ-FMSPBP3N0-72056be9a2\/business_user_page_layout_v2_360.png?t=xoxe-671764457543-761495007360-748720106514-e22867dc4a96f2e14ff182795f11301c",
                "thumb_360_w": 360,
                "thumb_360_h": 344,
                "thumb_480": "https:\/\/files.slack.com\/files-tmb\/TKRNGDFFZ-FMSPBP3N0-72056be9a2\/business_user_page_layout_v2_480.png?t=xoxe-671764457543-761495007360-748720106514-e22867dc4a96f2e14ff182795f11301c",
                "thumb_480_w": 480,
                "thumb_480_h": 458,
                "thumb_160": "https:\/\/files.slack.com\/files-tmb\/TKRNGDFFZ-FMSPBP3N0-72056be9a2\/business_user_page_layout_v2_160.png?t=xoxe-671764457543-761495007360-748720106514-e22867dc4a96f2e14ff182795f11301c",
                "thumb_720": "https:\/\/files.slack.com\/files-tmb\/TKRNGDFFZ-FMSPBP3N0-72056be9a2\/business_user_page_layout_v2_720.png?t=xoxe-671764457543-761495007360-748720106514-e22867dc4a96f2e14ff182795f11301c",
                "thumb_720_w": 720,
                "thumb_720_h": 687,
                "thumb_800": "https:\/\/files.slack.com\/files-tmb\/TKRNGDFFZ-FMSPBP3N0-72056be9a2\/business_user_page_layout_v2_800.png?t=xoxe-671764457543-761495007360-748720106514-e22867dc4a96f2e14ff182795f11301c",
                "thumb_800_w": 800,
                "thumb_800_h": 763,
                "thumb_960": "https:\/\/files.slack.com\/files-tmb\/TKRNGDFFZ-FMSPBP3N0-72056be9a2\/business_user_page_layout_v2_960.png?t=xoxe-671764457543-761495007360-748720106514-e22867dc4a96f2e14ff182795f11301c",
                "thumb_960_w": 960,
                "thumb_960_h": 916,
                "thumb_1024": "https:\/\/files.slack.com\/files-tmb\/TKRNGDFFZ-FMSPBP3N0-72056be9a2\/business_user_page_layout_v2_1024.png?t=xoxe-671764457543-761495007360-748720106514-e22867dc4a96f2e14ff182795f11301c",
                "thumb_1024_w": 1024,
                "thumb_1024_h": 977,
                "image_exif_rotation": 1,
                "original_w": 1200,
                "original_h": 1145,
                "permalink": "https:\/\/scrgt-bdso.slack.com\/files\/UL1DRU6R3\/FMSPBP3N0\/business_user_page_layout_v2.png",
                "permalink_public": "https:\/\/slack-files.com\/TKRNGDFFZ-FMSPBP3N0-9dbb2f9728",
                "is_starred": false,
                "has_rich_preview": false
            },
            {
                "id": "FMT7NL1AL",
                "created": 1567008185,
                "timestamp": 1567008185,
                "name": "celebrity_profile_alone_v2.png",
                "title": "celebrity_profile_alone_v2.png",
                "mimetype": "image\/png",
                "filetype": "png",
                "pretty_type": "PNG",
                "user": "UL1DRU6R3",
                "editable": false,
                "size": 223489,
                "mode": "hosted",
                "is_external": false,
                "external_type": "",
                "is_public": true,
                "public_url_shared": false,
                "display_as_bot": false,
                "username": "",
                "url_private": "https:\/\/files.slack.com\/files-pri\/TKRNGDFFZ-FMT7NL1AL\/celebrity_profile_alone_v2.png?t=xoxe-671764457543-761495007360-748720106514-e22867dc4a96f2e14ff182795f11301c",
                "url_private_download": "https:\/\/files.slack.com\/files-pri\/TKRNGDFFZ-FMT7NL1AL\/download\/celebrity_profile_alone_v2.png?t=xoxe-671764457543-761495007360-748720106514-e22867dc4a96f2e14ff182795f11301c",
                "thumb_64": "https:\/\/files.slack.com\/files-tmb\/TKRNGDFFZ-FMT7NL1AL-9bbd5628ca\/celebrity_profile_alone_v2_64.png?t=xoxe-671764457543-761495007360-748720106514-e22867dc4a96f2e14ff182795f11301c",
                "thumb_80": "https:\/\/files.slack.com\/files-tmb\/TKRNGDFFZ-FMT7NL1AL-9bbd5628ca\/celebrity_profile_alone_v2_80.png?t=xoxe-671764457543-761495007360-748720106514-e22867dc4a96f2e14ff182795f11301c",
                "thumb_360": "https:\/\/files.slack.com\/files-tmb\/TKRNGDFFZ-FMT7NL1AL-9bbd5628ca\/celebrity_profile_alone_v2_360.png?t=xoxe-671764457543-761495007360-748720106514-e22867dc4a96f2e14ff182795f11301c",
                "thumb_360_w": 360,
                "thumb_360_h": 324,
                "thumb_480": "https:\/\/files.slack.com\/files-tmb\/TKRNGDFFZ-FMT7NL1AL-9bbd5628ca\/celebrity_profile_alone_v2_480.png?t=xoxe-671764457543-761495007360-748720106514-e22867dc4a96f2e14ff182795f11301c",
                "thumb_480_w": 480,
                "thumb_480_h": 432,
                "thumb_160": "https:\/\/files.slack.com\/files-tmb\/TKRNGDFFZ-FMT7NL1AL-9bbd5628ca\/celebrity_profile_alone_v2_160.png?t=xoxe-671764457543-761495007360-748720106514-e22867dc4a96f2e14ff182795f11301c",
                "thumb_720": "https:\/\/files.slack.com\/files-tmb\/TKRNGDFFZ-FMT7NL1AL-9bbd5628ca\/celebrity_profile_alone_v2_720.png?t=xoxe-671764457543-761495007360-748720106514-e22867dc4a96f2e14ff182795f11301c",
                "thumb_720_w": 720,
                "thumb_720_h": 648,
                "thumb_800": "https:\/\/files.slack.com\/files-tmb\/TKRNGDFFZ-FMT7NL1AL-9bbd5628ca\/celebrity_profile_alone_v2_800.png?t=xoxe-671764457543-761495007360-748720106514-e22867dc4a96f2e14ff182795f11301c",
                "thumb_800_w": 800,
                "thumb_800_h": 720,
                "thumb_960": "https:\/\/files.slack.com\/files-tmb\/TKRNGDFFZ-FMT7NL1AL-9bbd5628ca\/celebrity_profile_alone_v2_960.png?t=xoxe-671764457543-761495007360-748720106514-e22867dc4a96f2e14ff182795f11301c",
                "thumb_960_w": 960,
                "thumb_960_h": 864,
                "thumb_1024": "https:\/\/files.slack.com\/files-tmb\/TKRNGDFFZ-FMT7NL1AL-9bbd5628ca\/celebrity_profile_alone_v2_1024.png?t=xoxe-671764457543-761495007360-748720106514-e22867dc4a96f2e14ff182795f11301c",
                "thumb_1024_w": 1024,
                "thumb_1024_h": 922,
                "image_exif_rotation": 1,
                "original_w": 1200,
                "original_h": 1080,
                "permalink": "https:\/\/scrgt-bdso.slack.com\/files\/UL1DRU6R3\/FMT7NL1AL\/celebrity_profile_alone_v2.png",
                "permalink_public": "https:\/\/slack-files.com\/TKRNGDFFZ-FMT7NL1AL-fee635fe7a",
                "is_starred": false,
                "has_rich_preview": false
            },
            {
                "id": "FMVD2NHDL",
                "created": 1567008185,
                "timestamp": 1567008185,
                "name": "search.png",
                "title": "search.png",
                "mimetype": "image\/png",
                "filetype": "png",
                "pretty_type": "PNG",
                "user": "UL1DRU6R3",
                "editable": false,
                "size": 583526,
                "mode": "hosted",
                "is_external": false,
                "external_type": "",
                "is_public": true,
                "public_url_shared": false,
                "display_as_bot": false,
                "username": "",
                "url_private": "https:\/\/files.slack.com\/files-pri\/TKRNGDFFZ-FMVD2NHDL\/search.png?t=xoxe-671764457543-761495007360-748720106514-e22867dc4a96f2e14ff182795f11301c",
                "url_private_download": "https:\/\/files.slack.com\/files-pri\/TKRNGDFFZ-FMVD2NHDL\/download\/search.png?t=xoxe-671764457543-761495007360-748720106514-e22867dc4a96f2e14ff182795f11301c",
                "thumb_64": "https:\/\/files.slack.com\/files-tmb\/TKRNGDFFZ-FMVD2NHDL-4bfae297ec\/search_64.png?t=xoxe-671764457543-761495007360-748720106514-e22867dc4a96f2e14ff182795f11301c",
                "thumb_80": "https:\/\/files.slack.com\/files-tmb\/TKRNGDFFZ-FMVD2NHDL-4bfae297ec\/search_80.png?t=xoxe-671764457543-761495007360-748720106514-e22867dc4a96f2e14ff182795f11301c",
                "thumb_360": "https:\/\/files.slack.com\/files-tmb\/TKRNGDFFZ-FMVD2NHDL-4bfae297ec\/search_360.png?t=xoxe-671764457543-761495007360-748720106514-e22867dc4a96f2e14ff182795f11301c",
                "thumb_360_w": 282,
                "thumb_360_h": 360,
                "thumb_480": "https:\/\/files.slack.com\/files-tmb\/TKRNGDFFZ-FMVD2NHDL-4bfae297ec\/search_480.png?t=xoxe-671764457543-761495007360-748720106514-e22867dc4a96f2e14ff182795f11301c",
                "thumb_480_w": 376,
                "thumb_480_h": 480,
                "thumb_160": "https:\/\/files.slack.com\/files-tmb\/TKRNGDFFZ-FMVD2NHDL-4bfae297ec\/search_160.png?t=xoxe-671764457543-761495007360-748720106514-e22867dc4a96f2e14ff182795f11301c",
                "thumb_720": "https:\/\/files.slack.com\/files-tmb\/TKRNGDFFZ-FMVD2NHDL-4bfae297ec\/search_720.png?t=xoxe-671764457543-761495007360-748720106514-e22867dc4a96f2e14ff182795f11301c",
                "thumb_720_w": 564,
                "thumb_720_h": 720,
                "thumb_800": "https:\/\/files.slack.com\/files-tmb\/TKRNGDFFZ-FMVD2NHDL-4bfae297ec\/search_800.png?t=xoxe-671764457543-761495007360-748720106514-e22867dc4a96f2e14ff182795f11301c",
                "thumb_800_w": 800,
                "thumb_800_h": 1021,
                "thumb_960": "https:\/\/files.slack.com\/files-tmb\/TKRNGDFFZ-FMVD2NHDL-4bfae297ec\/search_960.png?t=xoxe-671764457543-761495007360-748720106514-e22867dc4a96f2e14ff182795f11301c",
                "thumb_960_w": 752,
                "thumb_960_h": 960,
                "thumb_1024": "https:\/\/files.slack.com\/files-tmb\/TKRNGDFFZ-FMVD2NHDL-4bfae297ec\/search_1024.png?t=xoxe-671764457543-761495007360-748720106514-e22867dc4a96f2e14ff182795f11301c",
                "thumb_1024_w": 803,
                "thumb_1024_h": 1024,
                "image_exif_rotation": 1,
                "original_w": 1200,
                "original_h": 1531,
                "permalink": "https:\/\/scrgt-bdso.slack.com\/files\/UL1DRU6R3\/FMVD2NHDL\/search.png",
                "permalink_public": "https:\/\/slack-files.com\/TKRNGDFFZ-FMVD2NHDL-bec586a3d3",
                "is_starred": false,
                "has_rich_preview": false
            }
        ],
        "upload": true,
        "user": "UL1DRU6R3",
        "ts": "1567008191.012600",
        "edited": {
            "user": "UL1DRU6R3",
            "ts": "1567008225.000000"
        },
        "client_msg_id": "e0cc481c-2bf6-4514-adaf-3fc140fda060"
    },
    {
        "client_msg_id": "80e41422-d934-4d24-966c-deedf613d5e5",
        "type": "message",
        "text": "<@UL1DRU6R3> <@UKR4GLQKF> On the actor page, I think we should change the title 'Mini Biography' to just 'Biography'. Mini Biography implies we have another area with a full biography, which we don't.",
        "user": "UL3RW3SJ2",
        "ts": "1567009546.014800",
        "team": "TKRNGDFFZ",
        "user_team": "TKRNGDFFZ",
        "source_team": "TKRNGDFFZ",
        "user_profile": {
            "avatar_hash": "gc7420234450",
            "image_72": "https:\/\/secure.gravatar.com\/avatar\/c74202344503e95fe55fcedc445838cc.jpg?s=72&d=https%3A%2F%2Fa.slack-edge.com%2F80588%2Fimg%2Favatars%2Fava_0013-72.png",
            "first_name": "",
            "real_name": "Sam Kataria",
            "display_name": "Sam Kataria",
            "team": "TKRNGDFFZ",
            "name": "sehej.kataria",
            "is_restricted": false,
            "is_ultra_restricted": false
        },
        "reactions": [
            {
                "name": "+1",
                "users": [
                    "UL1DRU6R3"
                ],
                "count": 1
            },
            {
                "name": "heavy_check_mark",
                "users": [
                    "UL1DRU6R3"
                ],
                "count": 1
            }
        ]
    },
    {
        "client_msg_id": "9501049C-AEAD-4412-9CFB-4A1130401897",
        "type": "message",
        "text": "I agree",
        "user": "UKR4GLQKF",
        "ts": "1567009586.015000",
        "team": "TKRNGDFFZ",
        "user_team": "TKRNGDFFZ",
        "source_team": "TKRNGDFFZ",
        "user_profile": {
            "avatar_hash": "gf6859e536fb",
            "image_72": "https:\/\/secure.gravatar.com\/avatar\/f6859e536fb63a6f9d862b2f3fb9684c.jpg?s=72&d=https%3A%2F%2Fa.slack-edge.com%2F80588%2Fimg%2Favatars%2Fava_0015-72.png",
            "first_name": "",
            "real_name": "Amit Yadav",
            "display_name": "",
            "team": "TKRNGDFFZ",
            "name": "amit",
            "is_restricted": false,
            "is_ultra_restricted": false
        }
    },
    {
        "client_msg_id": "b65c016a-a188-4d1d-a693-d719b4271645",
        "type": "message",
        "text": "<@UL3RW3SJ2> <@UKR4GLQKF> -----Done. Don't forget to refresh.",
        "user": "UL1DRU6R3",
        "ts": "1567010058.015600",
        "team": "TKRNGDFFZ",
        "user_team": "TKRNGDFFZ",
        "source_team": "TKRNGDFFZ",
        "user_profile": {
            "avatar_hash": "gd89e47c2607",
            "image_72": "https:\/\/secure.gravatar.com\/avatar\/d89e47c2607ea5a7401c907933bcd907.jpg?s=72&d=https%3A%2F%2Fa.slack-edge.com%2F80588%2Fimg%2Favatars%2Fava_0002-72.png",
            "first_name": "",
            "real_name": "Jacquie",
            "display_name": "Jacquie",
            "team": "TKRNGDFFZ",
            "name": "jacqueline.granger",
            "is_restricted": false,
            "is_ultra_restricted": false
        }
    },
    {
        "client_msg_id": "e3494759-89cc-46f0-a1d1-41f2b71939f4",
        "type": "message",
        "text": "<@UL3RW3SJ2> Do you want me to make a space for Classifications at the top next to the Search? Since we don't know what they are at present, we can still put a placeholder there...",
        "user": "UL1DRU6R3",
        "ts": "1567010148.016600",
        "team": "TKRNGDFFZ",
        "user_team": "TKRNGDFFZ",
        "source_team": "TKRNGDFFZ",
        "user_profile": {
            "avatar_hash": "gd89e47c2607",
            "image_72": "https:\/\/secure.gravatar.com\/avatar\/d89e47c2607ea5a7401c907933bcd907.jpg?s=72&d=https%3A%2F%2Fa.slack-edge.com%2F80588%2Fimg%2Favatars%2Fava_0002-72.png",
            "first_name": "",
            "real_name": "Jacquie",
            "display_name": "Jacquie",
            "team": "TKRNGDFFZ",
            "name": "jacqueline.granger",
            "is_restricted": false,
            "is_ultra_restricted": false
        }
    },
    {
        "client_msg_id": "50fd0a94-9b59-41c3-ba59-65dfa171d49f",
        "type": "message",
        "text": "Yes please",
        "user": "UL3RW3SJ2",
        "ts": "1567012489.016800",
        "team": "TKRNGDFFZ",
        "user_team": "TKRNGDFFZ",
        "source_team": "TKRNGDFFZ",
        "user_profile": {
            "avatar_hash": "gc7420234450",
            "image_72": "https:\/\/secure.gravatar.com\/avatar\/c74202344503e95fe55fcedc445838cc.jpg?s=72&d=https%3A%2F%2Fa.slack-edge.com%2F80588%2Fimg%2Favatars%2Fava_0013-72.png",
            "first_name": "",
            "real_name": "Sam Kataria",
            "display_name": "Sam Kataria",
            "team": "TKRNGDFFZ",
            "name": "sehej.kataria",
            "is_restricted": false,
            "is_ultra_restricted": false
        }
    },
    {
        "client_msg_id": "0d77e07c-0315-4194-9783-eaf0afcd03d5",
        "type": "message",
        "text": "we know we need to do something to represent classifications on the home page. For now, lets have a placeholder and we can determine what that is when the DS team has a better idea of how they are going to classify the actors",
        "user": "UL3RW3SJ2",
        "ts": "1567012540.017900",
        "team": "TKRNGDFFZ",
        "user_team": "TKRNGDFFZ",
        "source_team": "TKRNGDFFZ",
        "user_profile": {
            "avatar_hash": "gc7420234450",
            "image_72": "https:\/\/secure.gravatar.com\/avatar\/c74202344503e95fe55fcedc445838cc.jpg?s=72&d=https%3A%2F%2Fa.slack-edge.com%2F80588%2Fimg%2Favatars%2Fava_0013-72.png",
            "first_name": "",
            "real_name": "Sam Kataria",
            "display_name": "Sam Kataria",
            "team": "TKRNGDFFZ",
            "name": "sehej.kataria",
            "is_restricted": false,
            "is_ultra_restricted": false
        }
    }
]