[
    {
        "client_msg_id": "2f0c22a8-3fda-48e3-b54c-83dae0c63a2c",
        "type": "message",
        "text": "<!channel>  I need to talk -- preferably a phone meeting -- to the Front End people and <@UKR4GLQKF> about the Changelog modal that is seen when the View button is ENGAGED. Also included in this call should be <@UMVNX6570> so we can coordinate user story and what's seen on screen.",
        "user": "UL1DRU6R3",
        "ts": "1567780663.055700",
        "team": "TKRNGDFFZ",
        "user_team": "TKRNGDFFZ",
        "source_team": "TKRNGDFFZ",
        "user_profile": {
            "avatar_hash": "gd89e47c2607",
            "image_72": "https:\/\/secure.gravatar.com\/avatar\/d89e47c2607ea5a7401c907933bcd907.jpg?s=72&d=https%3A%2F%2Fa.slack-edge.com%2F80588%2Fimg%2Favatars%2Fava_0002-72.png",
            "first_name": "",
            "real_name": "Jacquie",
            "display_name": "Jacquie",
            "team": "TKRNGDFFZ",
            "name": "jacqueline.granger",
            "is_restricted": false,
            "is_ultra_restricted": false
        }
    }
]