[
    {
        "client_msg_id": "e2791fff-4f7f-4e57-913e-d086f74250cb",
        "type": "message",
        "text": "<!channel> does 10:30 am work with everyone for a quick call?  i have asked the datascience team as well",
        "user": "UMVNX6570",
        "ts": "1567168896.025600",
        "team": "TKRNGDFFZ",
        "user_team": "TKRNGDFFZ",
        "source_team": "TKRNGDFFZ",
        "user_profile": {
            "avatar_hash": "g072ae8fa416",
            "image_72": "https:\/\/secure.gravatar.com\/avatar\/072ae8fa4163bae875575b389aaea9a3.jpg?s=72&d=https%3A%2F%2Fa.slack-edge.com%2F80588%2Fimg%2Favatars%2Fava_0015-72.png",
            "first_name": "",
            "real_name": "Gayatri Anand",
            "display_name": "",
            "team": "TKRNGDFFZ",
            "name": "gayatri.anand-patel",
            "is_restricted": false,
            "is_ultra_restricted": false
        }
    },
    {
        "client_msg_id": "09c035ca-af02-4a5d-91b5-09123a5dab78",
        "type": "message",
        "text": "yes it works for me",
        "user": "UMM68BPPT",
        "ts": "1567173632.025800",
        "team": "TKRNGDFFZ",
        "user_team": "TKRNGDFFZ",
        "source_team": "TKRNGDFFZ",
        "user_profile": {
            "avatar_hash": "g9c0ac3fd64b",
            "image_72": "https:\/\/secure.gravatar.com\/avatar\/9c0ac3fd64bb3a10db9de32fd3d15239.jpg?s=72&d=https%3A%2F%2Fa.slack-edge.com%2F80588%2Fimg%2Favatars%2Fava_0018-72.png",
            "first_name": "",
            "real_name": "Vidya Dasaradi",
            "display_name": "Vidya Dasaradi",
            "team": "TKRNGDFFZ",
            "name": "vidya.dasaradi",
            "is_restricted": false,
            "is_ultra_restricted": false
        }
    },
    {
        "user": "UMVDJ6JKZ",
        "type": "message",
        "subtype": "channel_join",
        "ts": "1567178615.026000",
        "text": "<@UMVDJ6JKZ> has joined the channel"
    },
    {
        "user": "UMG4A3JBC",
        "type": "message",
        "subtype": "channel_join",
        "ts": "1567178683.026200",
        "text": "<@UMG4A3JBC> has joined the channel",
        "inviter": "UMVDJ6JKZ"
    },
    {
        "client_msg_id": "2fe66433-b24a-46c7-876b-aa3a6e19bc30",
        "type": "message",
        "text": "<!channel> Can we do a javascript snippet that would display the death date only if one exists on imdb?",
        "user": "UL1DRU6R3",
        "ts": "1567190625.026700",
        "team": "TKRNGDFFZ",
        "user_team": "TKRNGDFFZ",
        "source_team": "TKRNGDFFZ",
        "user_profile": {
            "avatar_hash": "gd89e47c2607",
            "image_72": "https:\/\/secure.gravatar.com\/avatar\/d89e47c2607ea5a7401c907933bcd907.jpg?s=72&d=https%3A%2F%2Fa.slack-edge.com%2F80588%2Fimg%2Favatars%2Fava_0002-72.png",
            "first_name": "",
            "real_name": "Jacquie",
            "display_name": "Jacquie",
            "team": "TKRNGDFFZ",
            "name": "jacqueline.granger",
            "is_restricted": false,
            "is_ultra_restricted": false
        }
    },
    {
        "client_msg_id": "df2222ff-3e95-48c2-bb3f-6b046ef239b6",
        "type": "message",
        "text": "<!channel> <https:\/\/mqodi3.axshare.com\/#id=5jnt12&amp;p=data_science_page&amp;g=14&amp;sc=1>\n\nThe titles are the KPIs we are working with when (if) John approves. Just to give you a sneak peak.....",
        "user": "UL1DRU6R3",
        "ts": "1567202438.028700",
        "team": "TKRNGDFFZ",
        "user_team": "TKRNGDFFZ",
        "source_team": "TKRNGDFFZ",
        "user_profile": {
            "avatar_hash": "gd89e47c2607",
            "image_72": "https:\/\/secure.gravatar.com\/avatar\/d89e47c2607ea5a7401c907933bcd907.jpg?s=72&d=https%3A%2F%2Fa.slack-edge.com%2F80588%2Fimg%2Favatars%2Fava_0002-72.png",
            "first_name": "",
            "real_name": "Jacquie",
            "display_name": "Jacquie",
            "team": "TKRNGDFFZ",
            "name": "jacqueline.granger",
            "is_restricted": false,
            "is_ultra_restricted": false
        }
    }
]