[
    {
        "type": "message",
        "text": "",
        "files": [
            {
                "id": "FMWELL06P",
                "created": 1568172363,
                "timestamp": 1568172363,
                "name": "IMG_20190910_232811.jpg",
                "title": "IMG_20190910_232811.jpg",
                "mimetype": "image\/jpeg",
                "filetype": "jpg",
                "pretty_type": "JPEG",
                "user": "UKPCZJWQL",
                "editable": false,
                "size": 89748,
                "mode": "hosted",
                "is_external": false,
                "external_type": "",
                "is_public": true,
                "public_url_shared": false,
                "display_as_bot": false,
                "username": "",
                "url_private": "https:\/\/files.slack.com\/files-pri\/TKRNGDFFZ-FMWELL06P\/img_20190910_232811.jpg?t=xoxe-671764457543-761495007360-748720106514-e22867dc4a96f2e14ff182795f11301c",
                "url_private_download": "https:\/\/files.slack.com\/files-pri\/TKRNGDFFZ-FMWELL06P\/download\/img_20190910_232811.jpg?t=xoxe-671764457543-761495007360-748720106514-e22867dc4a96f2e14ff182795f11301c",
                "thumb_64": "https:\/\/files.slack.com\/files-tmb\/TKRNGDFFZ-FMWELL06P-538037c9eb\/img_20190910_232811_64.jpg?t=xoxe-671764457543-761495007360-748720106514-e22867dc4a96f2e14ff182795f11301c",
                "thumb_80": "https:\/\/files.slack.com\/files-tmb\/TKRNGDFFZ-FMWELL06P-538037c9eb\/img_20190910_232811_80.jpg?t=xoxe-671764457543-761495007360-748720106514-e22867dc4a96f2e14ff182795f11301c",
                "thumb_360": "https:\/\/files.slack.com\/files-tmb\/TKRNGDFFZ-FMWELL06P-538037c9eb\/img_20190910_232811_360.jpg?t=xoxe-671764457543-761495007360-748720106514-e22867dc4a96f2e14ff182795f11301c",
                "thumb_360_w": 360,
                "thumb_360_h": 360,
                "thumb_480": "https:\/\/files.slack.com\/files-tmb\/TKRNGDFFZ-FMWELL06P-538037c9eb\/img_20190910_232811_480.jpg?t=xoxe-671764457543-761495007360-748720106514-e22867dc4a96f2e14ff182795f11301c",
                "thumb_480_w": 480,
                "thumb_480_h": 480,
                "thumb_160": "https:\/\/files.slack.com\/files-tmb\/TKRNGDFFZ-FMWELL06P-538037c9eb\/img_20190910_232811_160.jpg?t=xoxe-671764457543-761495007360-748720106514-e22867dc4a96f2e14ff182795f11301c",
                "thumb_720": "https:\/\/files.slack.com\/files-tmb\/TKRNGDFFZ-FMWELL06P-538037c9eb\/img_20190910_232811_720.jpg?t=xoxe-671764457543-761495007360-748720106514-e22867dc4a96f2e14ff182795f11301c",
                "thumb_720_w": 720,
                "thumb_720_h": 720,
                "thumb_800": "https:\/\/files.slack.com\/files-tmb\/TKRNGDFFZ-FMWELL06P-538037c9eb\/img_20190910_232811_800.jpg?t=xoxe-671764457543-761495007360-748720106514-e22867dc4a96f2e14ff182795f11301c",
                "thumb_800_w": 800,
                "thumb_800_h": 800,
                "thumb_960": "https:\/\/files.slack.com\/files-tmb\/TKRNGDFFZ-FMWELL06P-538037c9eb\/img_20190910_232811_960.jpg?t=xoxe-671764457543-761495007360-748720106514-e22867dc4a96f2e14ff182795f11301c",
                "thumb_960_w": 960,
                "thumb_960_h": 960,
                "thumb_1024": "https:\/\/files.slack.com\/files-tmb\/TKRNGDFFZ-FMWELL06P-538037c9eb\/img_20190910_232811_1024.jpg?t=xoxe-671764457543-761495007360-748720106514-e22867dc4a96f2e14ff182795f11301c",
                "thumb_1024_w": 1024,
                "thumb_1024_h": 1024,
                "image_exif_rotation": 6,
                "original_w": 2160,
                "original_h": 2160,
                "permalink": "https:\/\/scrgt-bdso.slack.com\/files\/UKPCZJWQL\/FMWELL06P\/img_20190910_232811.jpg",
                "permalink_public": "https:\/\/slack-files.com\/TKRNGDFFZ-FMWELL06P-d560fff58e",
                "is_starred": false,
                "has_rich_preview": false
            }
        ],
        "upload": true,
        "user": "UKPCZJWQL",
        "display_as_bot": false,
        "ts": "1568172365.065400",
        "client_msg_id": "097f7b24-7768-4af1-8841-96be1ed1847c",
        "reactions": [
            {
                "name": "+1::skin-tone-3",
                "users": [
                    "UL1DRU6R3"
                ],
                "count": 1
            }
        ]
    },
    {
        "type": "message",
        "text": "",
        "files": [
            {
                "id": "FMWELPRFV",
                "created": 1568172378,
                "timestamp": 1568172378,
                "name": "IMG_20190910_232834.jpg",
                "title": "IMG_20190910_232834.jpg",
                "mimetype": "image\/jpeg",
                "filetype": "jpg",
                "pretty_type": "JPEG",
                "user": "UKPCZJWQL",
                "editable": false,
                "size": 93365,
                "mode": "hosted",
                "is_external": false,
                "external_type": "",
                "is_public": true,
                "public_url_shared": false,
                "display_as_bot": false,
                "username": "",
                "url_private": "https:\/\/files.slack.com\/files-pri\/TKRNGDFFZ-FMWELPRFV\/img_20190910_232834.jpg?t=xoxe-671764457543-761495007360-748720106514-e22867dc4a96f2e14ff182795f11301c",
                "url_private_download": "https:\/\/files.slack.com\/files-pri\/TKRNGDFFZ-FMWELPRFV\/download\/img_20190910_232834.jpg?t=xoxe-671764457543-761495007360-748720106514-e22867dc4a96f2e14ff182795f11301c",
                "thumb_64": "https:\/\/files.slack.com\/files-tmb\/TKRNGDFFZ-FMWELPRFV-a6a8fa0101\/img_20190910_232834_64.jpg?t=xoxe-671764457543-761495007360-748720106514-e22867dc4a96f2e14ff182795f11301c",
                "thumb_80": "https:\/\/files.slack.com\/files-tmb\/TKRNGDFFZ-FMWELPRFV-a6a8fa0101\/img_20190910_232834_80.jpg?t=xoxe-671764457543-761495007360-748720106514-e22867dc4a96f2e14ff182795f11301c",
                "thumb_360": "https:\/\/files.slack.com\/files-tmb\/TKRNGDFFZ-FMWELPRFV-a6a8fa0101\/img_20190910_232834_360.jpg?t=xoxe-671764457543-761495007360-748720106514-e22867dc4a96f2e14ff182795f11301c",
                "thumb_360_w": 360,
                "thumb_360_h": 360,
                "thumb_480": "https:\/\/files.slack.com\/files-tmb\/TKRNGDFFZ-FMWELPRFV-a6a8fa0101\/img_20190910_232834_480.jpg?t=xoxe-671764457543-761495007360-748720106514-e22867dc4a96f2e14ff182795f11301c",
                "thumb_480_w": 480,
                "thumb_480_h": 480,
                "thumb_160": "https:\/\/files.slack.com\/files-tmb\/TKRNGDFFZ-FMWELPRFV-a6a8fa0101\/img_20190910_232834_160.jpg?t=xoxe-671764457543-761495007360-748720106514-e22867dc4a96f2e14ff182795f11301c",
                "thumb_720": "https:\/\/files.slack.com\/files-tmb\/TKRNGDFFZ-FMWELPRFV-a6a8fa0101\/img_20190910_232834_720.jpg?t=xoxe-671764457543-761495007360-748720106514-e22867dc4a96f2e14ff182795f11301c",
                "thumb_720_w": 720,
                "thumb_720_h": 720,
                "thumb_800": "https:\/\/files.slack.com\/files-tmb\/TKRNGDFFZ-FMWELPRFV-a6a8fa0101\/img_20190910_232834_800.jpg?t=xoxe-671764457543-761495007360-748720106514-e22867dc4a96f2e14ff182795f11301c",
                "thumb_800_w": 800,
                "thumb_800_h": 800,
                "thumb_960": "https:\/\/files.slack.com\/files-tmb\/TKRNGDFFZ-FMWELPRFV-a6a8fa0101\/img_20190910_232834_960.jpg?t=xoxe-671764457543-761495007360-748720106514-e22867dc4a96f2e14ff182795f11301c",
                "thumb_960_w": 960,
                "thumb_960_h": 960,
                "thumb_1024": "https:\/\/files.slack.com\/files-tmb\/TKRNGDFFZ-FMWELPRFV-a6a8fa0101\/img_20190910_232834_1024.jpg?t=xoxe-671764457543-761495007360-748720106514-e22867dc4a96f2e14ff182795f11301c",
                "thumb_1024_w": 1024,
                "thumb_1024_h": 1024,
                "image_exif_rotation": 6,
                "original_w": 2160,
                "original_h": 2160,
                "permalink": "https:\/\/scrgt-bdso.slack.com\/files\/UKPCZJWQL\/FMWELPRFV\/img_20190910_232834.jpg",
                "permalink_public": "https:\/\/slack-files.com\/TKRNGDFFZ-FMWELPRFV-1efb30b8fb",
                "is_starred": false,
                "has_rich_preview": false
            }
        ],
        "upload": true,
        "user": "UKPCZJWQL",
        "display_as_bot": false,
        "ts": "1568172381.065700",
        "client_msg_id": "05c26614-4110-4c31-b304-9c7dd7286c70",
        "reactions": [
            {
                "name": "+1::skin-tone-3",
                "users": [
                    "UL1DRU6R3"
                ],
                "count": 1
            }
        ]
    },
    {
        "client_msg_id": "52750d11-65c9-41f0-a364-8801a6e033af",
        "type": "message",
        "text": "<@UL1DRU6R3> <@UKQ0AMW48> let's talk when you guys have time in morning to see if we will want to extend recommendation to be more powerful \n\nBy Bio\nBy Genre\nBy GenrePlots",
        "user": "UKPCZJWQL",
        "ts": "1568172480.068000",
        "team": "TKRNGDFFZ",
        "user_team": "TKRNGDFFZ",
        "source_team": "TKRNGDFFZ",
        "user_profile": {
            "avatar_hash": "g36d88e4c93b",
            "image_72": "https:\/\/secure.gravatar.com\/avatar\/36d88e4c93b31bcf505cfdf1b76c86a9.jpg?s=72&d=https%3A%2F%2Fa.slack-edge.com%2F80588%2Fimg%2Favatars%2Fava_0020-72.png",
            "first_name": "Pramod",
            "real_name": "Pramod Malhotra",
            "display_name": "",
            "team": "TKRNGDFFZ",
            "name": "pramod.malhotra",
            "is_restricted": false,
            "is_ultra_restricted": false
        }
    },
    {
        "client_msg_id": "ed45f5b0-ea37-4c6b-b4dc-8928b55bc649",
        "type": "message",
        "text": "This is all nice to have, we can provide them the mockups and alex\/Amy can do the development",
        "user": "UKPCZJWQL",
        "ts": "1568172536.069400",
        "team": "TKRNGDFFZ",
        "user_team": "TKRNGDFFZ",
        "source_team": "TKRNGDFFZ",
        "user_profile": {
            "avatar_hash": "g36d88e4c93b",
            "image_72": "https:\/\/secure.gravatar.com\/avatar\/36d88e4c93b31bcf505cfdf1b76c86a9.jpg?s=72&d=https%3A%2F%2Fa.slack-edge.com%2F80588%2Fimg%2Favatars%2Fava_0020-72.png",
            "first_name": "Pramod",
            "real_name": "Pramod Malhotra",
            "display_name": "",
            "team": "TKRNGDFFZ",
            "name": "pramod.malhotra",
            "is_restricted": false,
            "is_ultra_restricted": false
        }
    },
    {
        "client_msg_id": "bc8bee50-5614-4db0-b552-98d6dd8a4b9c",
        "type": "message",
        "text": "<@UL1DRU6R3> <@UKQ0AMW48> <@UMVNX6570> Finally we have data on frontend, please check this link <http:\/\/scrgt-bdso-cc-frontend-dev.ocp.bdso.salientcrgt-bdso.com\/celebrities>",
        "user": "UKPCZJWQL",
        "ts": "1568172944.070000",
        "team": "TKRNGDFFZ",
        "user_team": "TKRNGDFFZ",
        "source_team": "TKRNGDFFZ",
        "user_profile": {
            "avatar_hash": "g36d88e4c93b",
            "image_72": "https:\/\/secure.gravatar.com\/avatar\/36d88e4c93b31bcf505cfdf1b76c86a9.jpg?s=72&d=https%3A%2F%2Fa.slack-edge.com%2F80588%2Fimg%2Favatars%2Fava_0020-72.png",
            "first_name": "Pramod",
            "real_name": "Pramod Malhotra",
            "display_name": "",
            "team": "TKRNGDFFZ",
            "name": "pramod.malhotra",
            "is_restricted": false,
            "is_ultra_restricted": false
        }
    },
    {
        "client_msg_id": "696193e0-f97f-49ac-ab90-7643563c6be0",
        "type": "message",
        "text": "In order for it to work, on chrome browser  download extension <https:\/\/chrome.google.com\/webstore\/detail\/allow-control-allow-origi\/nlfbmbojpeacfghkpbjhddihlkkiljbi?hl=en> , this extension will  circumvent CORS error, which they need to fix on the server side tommorw.",
        "user": "UKPCZJWQL",
        "ts": "1568173037.071100",
        "team": "TKRNGDFFZ",
        "user_team": "TKRNGDFFZ",
        "source_team": "TKRNGDFFZ",
        "user_profile": {
            "avatar_hash": "g36d88e4c93b",
            "image_72": "https:\/\/secure.gravatar.com\/avatar\/36d88e4c93b31bcf505cfdf1b76c86a9.jpg?s=72&d=https%3A%2F%2Fa.slack-edge.com%2F80588%2Fimg%2Favatars%2Fava_0020-72.png",
            "first_name": "Pramod",
            "real_name": "Pramod Malhotra",
            "display_name": "",
            "team": "TKRNGDFFZ",
            "name": "pramod.malhotra",
            "is_restricted": false,
            "is_ultra_restricted": false
        },
        "attachments": [
            {
                "title": "Allow-Control-Allow-Origin: *",
                "title_link": "https:\/\/chrome.google.com\/webstore\/detail\/allow-control-allow-origi\/nlfbmbojpeacfghkpbjhddihlkkiljbi?hl=en",
                "text": "Allows to you request any site with ajax from any source. Adds to response 'Allow-Control-Allow-Origin: *' header",
                "fallback": "Allow-Control-Allow-Origin: *",
                "from_url": "https:\/\/chrome.google.com\/webstore\/detail\/allow-control-allow-origi\/nlfbmbojpeacfghkpbjhddihlkkiljbi?hl=en",
                "thumb_url": "https:\/\/ssl.gstatic.com\/chrome\/webstore\/images\/thumb.png",
                "thumb_width": 32,
                "thumb_height": 32,
                "service_icon": "https:\/\/www.google.com\/images\/icons\/product\/chrome_web_store-32.png",
                "service_name": "chrome.google.com",
                "id": 1,
                "original_url": "https:\/\/chrome.google.com\/webstore\/detail\/allow-control-allow-origi\/nlfbmbojpeacfghkpbjhddihlkkiljbi?hl=en"
            }
        ],
        "reactions": [
            {
                "name": "heavy_check_mark",
                "users": [
                    "UL1DRU6R3"
                ],
                "count": 1
            },
            {
                "name": "tada",
                "users": [
                    "UKCPDF2M8"
                ],
                "count": 1
            }
        ]
    }
]