[
    {
        "type": "message",
        "text": "<!channel> The following is the FINAL design approved by Product Owner along with log-in screen and image for said screen.",
        "files": [
            {
                "id": "FMPDDLKPD",
                "created": 1567623046,
                "timestamp": 1567623046,
                "name": "bioceleb_entityCorporationLOGOV2.png",
                "title": "bioceleb_entityCorporationLOGOV2.png",
                "mimetype": "image\/png",
                "filetype": "png",
                "pretty_type": "PNG",
                "user": "UL1DRU6R3",
                "editable": false,
                "size": 5964,
                "mode": "hosted",
                "is_external": false,
                "external_type": "",
                "is_public": true,
                "public_url_shared": false,
                "display_as_bot": false,
                "username": "",
                "url_private": "https:\/\/files.slack.com\/files-pri\/TKRNGDFFZ-FMPDDLKPD\/bioceleb_entitycorporationlogov2.png?t=xoxe-671764457543-761495007360-748720106514-e22867dc4a96f2e14ff182795f11301c",
                "url_private_download": "https:\/\/files.slack.com\/files-pri\/TKRNGDFFZ-FMPDDLKPD\/download\/bioceleb_entitycorporationlogov2.png?t=xoxe-671764457543-761495007360-748720106514-e22867dc4a96f2e14ff182795f11301c",
                "thumb_64": "https:\/\/files.slack.com\/files-tmb\/TKRNGDFFZ-FMPDDLKPD-536547c54c\/bioceleb_entitycorporationlogov2_64.png?t=xoxe-671764457543-761495007360-748720106514-e22867dc4a96f2e14ff182795f11301c",
                "thumb_80": "https:\/\/files.slack.com\/files-tmb\/TKRNGDFFZ-FMPDDLKPD-536547c54c\/bioceleb_entitycorporationlogov2_80.png?t=xoxe-671764457543-761495007360-748720106514-e22867dc4a96f2e14ff182795f11301c",
                "thumb_360": "https:\/\/files.slack.com\/files-tmb\/TKRNGDFFZ-FMPDDLKPD-536547c54c\/bioceleb_entitycorporationlogov2_360.png?t=xoxe-671764457543-761495007360-748720106514-e22867dc4a96f2e14ff182795f11301c",
                "thumb_360_w": 360,
                "thumb_360_h": 116,
                "thumb_480": "https:\/\/files.slack.com\/files-tmb\/TKRNGDFFZ-FMPDDLKPD-536547c54c\/bioceleb_entitycorporationlogov2_480.png?t=xoxe-671764457543-761495007360-748720106514-e22867dc4a96f2e14ff182795f11301c",
                "thumb_480_w": 480,
                "thumb_480_h": 155,
                "thumb_160": "https:\/\/files.slack.com\/files-tmb\/TKRNGDFFZ-FMPDDLKPD-536547c54c\/bioceleb_entitycorporationlogov2_160.png?t=xoxe-671764457543-761495007360-748720106514-e22867dc4a96f2e14ff182795f11301c",
                "image_exif_rotation": 1,
                "original_w": 620,
                "original_h": 200,
                "permalink": "https:\/\/scrgt-bdso.slack.com\/files\/UL1DRU6R3\/FMPDDLKPD\/bioceleb_entitycorporationlogov2.png",
                "permalink_public": "https:\/\/slack-files.com\/TKRNGDFFZ-FMPDDLKPD-6a90a6e43a",
                "is_starred": false,
                "has_rich_preview": false
            },
            {
                "id": "FMUF4SRDX",
                "created": 1567623046,
                "timestamp": 1567623046,
                "name": "cb_login.png",
                "title": "cb_login.png",
                "mimetype": "image\/png",
                "filetype": "png",
                "pretty_type": "PNG",
                "user": "UL1DRU6R3",
                "editable": false,
                "size": 51925,
                "mode": "hosted",
                "is_external": false,
                "external_type": "",
                "is_public": true,
                "public_url_shared": false,
                "display_as_bot": false,
                "username": "",
                "url_private": "https:\/\/files.slack.com\/files-pri\/TKRNGDFFZ-FMUF4SRDX\/cb_login.png?t=xoxe-671764457543-761495007360-748720106514-e22867dc4a96f2e14ff182795f11301c",
                "url_private_download": "https:\/\/files.slack.com\/files-pri\/TKRNGDFFZ-FMUF4SRDX\/download\/cb_login.png?t=xoxe-671764457543-761495007360-748720106514-e22867dc4a96f2e14ff182795f11301c",
                "thumb_64": "https:\/\/files.slack.com\/files-tmb\/TKRNGDFFZ-FMUF4SRDX-922391dba6\/cb_login_64.png?t=xoxe-671764457543-761495007360-748720106514-e22867dc4a96f2e14ff182795f11301c",
                "thumb_80": "https:\/\/files.slack.com\/files-tmb\/TKRNGDFFZ-FMUF4SRDX-922391dba6\/cb_login_80.png?t=xoxe-671764457543-761495007360-748720106514-e22867dc4a96f2e14ff182795f11301c",
                "thumb_360": "https:\/\/files.slack.com\/files-tmb\/TKRNGDFFZ-FMUF4SRDX-922391dba6\/cb_login_360.png?t=xoxe-671764457543-761495007360-748720106514-e22867dc4a96f2e14ff182795f11301c",
                "thumb_360_w": 360,
                "thumb_360_h": 197,
                "thumb_480": "https:\/\/files.slack.com\/files-tmb\/TKRNGDFFZ-FMUF4SRDX-922391dba6\/cb_login_480.png?t=xoxe-671764457543-761495007360-748720106514-e22867dc4a96f2e14ff182795f11301c",
                "thumb_480_w": 480,
                "thumb_480_h": 263,
                "thumb_160": "https:\/\/files.slack.com\/files-tmb\/TKRNGDFFZ-FMUF4SRDX-922391dba6\/cb_login_160.png?t=xoxe-671764457543-761495007360-748720106514-e22867dc4a96f2e14ff182795f11301c",
                "thumb_720": "https:\/\/files.slack.com\/files-tmb\/TKRNGDFFZ-FMUF4SRDX-922391dba6\/cb_login_720.png?t=xoxe-671764457543-761495007360-748720106514-e22867dc4a96f2e14ff182795f11301c",
                "thumb_720_w": 720,
                "thumb_720_h": 395,
                "thumb_800": "https:\/\/files.slack.com\/files-tmb\/TKRNGDFFZ-FMUF4SRDX-922391dba6\/cb_login_800.png?t=xoxe-671764457543-761495007360-748720106514-e22867dc4a96f2e14ff182795f11301c",
                "thumb_800_w": 800,
                "thumb_800_h": 439,
                "thumb_960": "https:\/\/files.slack.com\/files-tmb\/TKRNGDFFZ-FMUF4SRDX-922391dba6\/cb_login_960.png?t=xoxe-671764457543-761495007360-748720106514-e22867dc4a96f2e14ff182795f11301c",
                "thumb_960_w": 960,
                "thumb_960_h": 526,
                "thumb_1024": "https:\/\/files.slack.com\/files-tmb\/TKRNGDFFZ-FMUF4SRDX-922391dba6\/cb_login_1024.png?t=xoxe-671764457543-761495007360-748720106514-e22867dc4a96f2e14ff182795f11301c",
                "thumb_1024_w": 1024,
                "thumb_1024_h": 561,
                "image_exif_rotation": 1,
                "original_w": 1200,
                "original_h": 658,
                "permalink": "https:\/\/scrgt-bdso.slack.com\/files\/UL1DRU6R3\/FMUF4SRDX\/cb_login.png",
                "permalink_public": "https:\/\/slack-files.com\/TKRNGDFFZ-FMUF4SRDX-3508e5da3c",
                "is_starred": false,
                "has_rich_preview": false
            },
            {
                "id": "FMN47PP5G",
                "created": 1567623046,
                "timestamp": 1567623046,
                "name": "data_science_page.png",
                "title": "data_science_page.png",
                "mimetype": "image\/png",
                "filetype": "png",
                "pretty_type": "PNG",
                "user": "UL1DRU6R3",
                "editable": false,
                "size": 768882,
                "mode": "hosted",
                "is_external": false,
                "external_type": "",
                "is_public": true,
                "public_url_shared": false,
                "display_as_bot": false,
                "username": "",
                "url_private": "https:\/\/files.slack.com\/files-pri\/TKRNGDFFZ-FMN47PP5G\/data_science_page.png?t=xoxe-671764457543-761495007360-748720106514-e22867dc4a96f2e14ff182795f11301c",
                "url_private_download": "https:\/\/files.slack.com\/files-pri\/TKRNGDFFZ-FMN47PP5G\/download\/data_science_page.png?t=xoxe-671764457543-761495007360-748720106514-e22867dc4a96f2e14ff182795f11301c",
                "thumb_64": "https:\/\/files.slack.com\/files-tmb\/TKRNGDFFZ-FMN47PP5G-838b4c08d5\/data_science_page_64.png?t=xoxe-671764457543-761495007360-748720106514-e22867dc4a96f2e14ff182795f11301c",
                "thumb_80": "https:\/\/files.slack.com\/files-tmb\/TKRNGDFFZ-FMN47PP5G-838b4c08d5\/data_science_page_80.png?t=xoxe-671764457543-761495007360-748720106514-e22867dc4a96f2e14ff182795f11301c",
                "thumb_360": "https:\/\/files.slack.com\/files-tmb\/TKRNGDFFZ-FMN47PP5G-838b4c08d5\/data_science_page_360.png?t=xoxe-671764457543-761495007360-748720106514-e22867dc4a96f2e14ff182795f11301c",
                "thumb_360_w": 107,
                "thumb_360_h": 360,
                "thumb_480": "https:\/\/files.slack.com\/files-tmb\/TKRNGDFFZ-FMN47PP5G-838b4c08d5\/data_science_page_480.png?t=xoxe-671764457543-761495007360-748720106514-e22867dc4a96f2e14ff182795f11301c",
                "thumb_480_w": 142,
                "thumb_480_h": 480,
                "thumb_160": "https:\/\/files.slack.com\/files-tmb\/TKRNGDFFZ-FMN47PP5G-838b4c08d5\/data_science_page_160.png?t=xoxe-671764457543-761495007360-748720106514-e22867dc4a96f2e14ff182795f11301c",
                "thumb_720": "https:\/\/files.slack.com\/files-tmb\/TKRNGDFFZ-FMN47PP5G-838b4c08d5\/data_science_page_720.png?t=xoxe-671764457543-761495007360-748720106514-e22867dc4a96f2e14ff182795f11301c",
                "thumb_720_w": 213,
                "thumb_720_h": 720,
                "thumb_800": "https:\/\/files.slack.com\/files-tmb\/TKRNGDFFZ-FMN47PP5G-838b4c08d5\/data_science_page_800.png?t=xoxe-671764457543-761495007360-748720106514-e22867dc4a96f2e14ff182795f11301c",
                "thumb_800_w": 800,
                "thumb_800_h": 2700,
                "thumb_960": "https:\/\/files.slack.com\/files-tmb\/TKRNGDFFZ-FMN47PP5G-838b4c08d5\/data_science_page_960.png?t=xoxe-671764457543-761495007360-748720106514-e22867dc4a96f2e14ff182795f11301c",
                "thumb_960_w": 284,
                "thumb_960_h": 960,
                "thumb_1024": "https:\/\/files.slack.com\/files-tmb\/TKRNGDFFZ-FMN47PP5G-838b4c08d5\/data_science_page_1024.png?t=xoxe-671764457543-761495007360-748720106514-e22867dc4a96f2e14ff182795f11301c",
                "thumb_1024_w": 303,
                "thumb_1024_h": 1024,
                "image_exif_rotation": 1,
                "original_w": 1200,
                "original_h": 4050,
                "permalink": "https:\/\/scrgt-bdso.slack.com\/files\/UL1DRU6R3\/FMN47PP5G\/data_science_page.png",
                "permalink_public": "https:\/\/slack-files.com\/TKRNGDFFZ-FMN47PP5G-795aaf43ea",
                "is_starred": false,
                "has_rich_preview": false
            },
            {
                "id": "FMPDDLKT5",
                "created": 1567623046,
                "timestamp": 1567623046,
                "name": "search.png",
                "title": "search.png",
                "mimetype": "image\/png",
                "filetype": "png",
                "pretty_type": "PNG",
                "user": "UL1DRU6R3",
                "editable": false,
                "size": 477937,
                "mode": "hosted",
                "is_external": false,
                "external_type": "",
                "is_public": true,
                "public_url_shared": false,
                "display_as_bot": false,
                "username": "",
                "url_private": "https:\/\/files.slack.com\/files-pri\/TKRNGDFFZ-FMPDDLKT5\/search.png?t=xoxe-671764457543-761495007360-748720106514-e22867dc4a96f2e14ff182795f11301c",
                "url_private_download": "https:\/\/files.slack.com\/files-pri\/TKRNGDFFZ-FMPDDLKT5\/download\/search.png?t=xoxe-671764457543-761495007360-748720106514-e22867dc4a96f2e14ff182795f11301c",
                "thumb_64": "https:\/\/files.slack.com\/files-tmb\/TKRNGDFFZ-FMPDDLKT5-3c12eab881\/search_64.png?t=xoxe-671764457543-761495007360-748720106514-e22867dc4a96f2e14ff182795f11301c",
                "thumb_80": "https:\/\/files.slack.com\/files-tmb\/TKRNGDFFZ-FMPDDLKT5-3c12eab881\/search_80.png?t=xoxe-671764457543-761495007360-748720106514-e22867dc4a96f2e14ff182795f11301c",
                "thumb_360": "https:\/\/files.slack.com\/files-tmb\/TKRNGDFFZ-FMPDDLKT5-3c12eab881\/search_360.png?t=xoxe-671764457543-761495007360-748720106514-e22867dc4a96f2e14ff182795f11301c",
                "thumb_360_w": 360,
                "thumb_360_h": 320,
                "thumb_480": "https:\/\/files.slack.com\/files-tmb\/TKRNGDFFZ-FMPDDLKT5-3c12eab881\/search_480.png?t=xoxe-671764457543-761495007360-748720106514-e22867dc4a96f2e14ff182795f11301c",
                "thumb_480_w": 480,
                "thumb_480_h": 426,
                "thumb_160": "https:\/\/files.slack.com\/files-tmb\/TKRNGDFFZ-FMPDDLKT5-3c12eab881\/search_160.png?t=xoxe-671764457543-761495007360-748720106514-e22867dc4a96f2e14ff182795f11301c",
                "thumb_720": "https:\/\/files.slack.com\/files-tmb\/TKRNGDFFZ-FMPDDLKT5-3c12eab881\/search_720.png?t=xoxe-671764457543-761495007360-748720106514-e22867dc4a96f2e14ff182795f11301c",
                "thumb_720_w": 720,
                "thumb_720_h": 639,
                "thumb_800": "https:\/\/files.slack.com\/files-tmb\/TKRNGDFFZ-FMPDDLKT5-3c12eab881\/search_800.png?t=xoxe-671764457543-761495007360-748720106514-e22867dc4a96f2e14ff182795f11301c",
                "thumb_800_w": 800,
                "thumb_800_h": 710,
                "thumb_960": "https:\/\/files.slack.com\/files-tmb\/TKRNGDFFZ-FMPDDLKT5-3c12eab881\/search_960.png?t=xoxe-671764457543-761495007360-748720106514-e22867dc4a96f2e14ff182795f11301c",
                "thumb_960_w": 960,
                "thumb_960_h": 852,
                "thumb_1024": "https:\/\/files.slack.com\/files-tmb\/TKRNGDFFZ-FMPDDLKT5-3c12eab881\/search_1024.png?t=xoxe-671764457543-761495007360-748720106514-e22867dc4a96f2e14ff182795f11301c",
                "thumb_1024_w": 1024,
                "thumb_1024_h": 909,
                "image_exif_rotation": 1,
                "original_w": 1200,
                "original_h": 1065,
                "permalink": "https:\/\/scrgt-bdso.slack.com\/files\/UL1DRU6R3\/FMPDDLKT5\/search.png",
                "permalink_public": "https:\/\/slack-files.com\/TKRNGDFFZ-FMPDDLKT5-2f1fbb82d9",
                "is_starred": false,
                "has_rich_preview": false
            },
            {
                "id": "FN33KAZ8E",
                "created": 1567623046,
                "timestamp": 1567623046,
                "name": "celebrity_profile_alone_v8_-_edit_mode.png",
                "title": "celebrity_profile_alone_v8_-_edit_mode.png",
                "mimetype": "image\/png",
                "filetype": "png",
                "pretty_type": "PNG",
                "user": "UL1DRU6R3",
                "editable": false,
                "size": 515967,
                "mode": "hosted",
                "is_external": false,
                "external_type": "",
                "is_public": true,
                "public_url_shared": false,
                "display_as_bot": false,
                "username": "",
                "url_private": "https:\/\/files.slack.com\/files-pri\/TKRNGDFFZ-FN33KAZ8E\/celebrity_profile_alone_v8_-_edit_mode.png?t=xoxe-671764457543-761495007360-748720106514-e22867dc4a96f2e14ff182795f11301c",
                "url_private_download": "https:\/\/files.slack.com\/files-pri\/TKRNGDFFZ-FN33KAZ8E\/download\/celebrity_profile_alone_v8_-_edit_mode.png?t=xoxe-671764457543-761495007360-748720106514-e22867dc4a96f2e14ff182795f11301c",
                "thumb_64": "https:\/\/files.slack.com\/files-tmb\/TKRNGDFFZ-FN33KAZ8E-8ffcb3647e\/celebrity_profile_alone_v8_-_edit_mode_64.png?t=xoxe-671764457543-761495007360-748720106514-e22867dc4a96f2e14ff182795f11301c",
                "thumb_80": "https:\/\/files.slack.com\/files-tmb\/TKRNGDFFZ-FN33KAZ8E-8ffcb3647e\/celebrity_profile_alone_v8_-_edit_mode_80.png?t=xoxe-671764457543-761495007360-748720106514-e22867dc4a96f2e14ff182795f11301c",
                "thumb_360": "https:\/\/files.slack.com\/files-tmb\/TKRNGDFFZ-FN33KAZ8E-8ffcb3647e\/celebrity_profile_alone_v8_-_edit_mode_360.png?t=xoxe-671764457543-761495007360-748720106514-e22867dc4a96f2e14ff182795f11301c",
                "thumb_360_w": 205,
                "thumb_360_h": 360,
                "thumb_480": "https:\/\/files.slack.com\/files-tmb\/TKRNGDFFZ-FN33KAZ8E-8ffcb3647e\/celebrity_profile_alone_v8_-_edit_mode_480.png?t=xoxe-671764457543-761495007360-748720106514-e22867dc4a96f2e14ff182795f11301c",
                "thumb_480_w": 273,
                "thumb_480_h": 480,
                "thumb_160": "https:\/\/files.slack.com\/files-tmb\/TKRNGDFFZ-FN33KAZ8E-8ffcb3647e\/celebrity_profile_alone_v8_-_edit_mode_160.png?t=xoxe-671764457543-761495007360-748720106514-e22867dc4a96f2e14ff182795f11301c",
                "thumb_720": "https:\/\/files.slack.com\/files-tmb\/TKRNGDFFZ-FN33KAZ8E-8ffcb3647e\/celebrity_profile_alone_v8_-_edit_mode_720.png?t=xoxe-671764457543-761495007360-748720106514-e22867dc4a96f2e14ff182795f11301c",
                "thumb_720_w": 409,
                "thumb_720_h": 720,
                "thumb_800": "https:\/\/files.slack.com\/files-tmb\/TKRNGDFFZ-FN33KAZ8E-8ffcb3647e\/celebrity_profile_alone_v8_-_edit_mode_800.png?t=xoxe-671764457543-761495007360-748720106514-e22867dc4a96f2e14ff182795f11301c",
                "thumb_800_w": 800,
                "thumb_800_h": 1407,
                "thumb_960": "https:\/\/files.slack.com\/files-tmb\/TKRNGDFFZ-FN33KAZ8E-8ffcb3647e\/celebrity_profile_alone_v8_-_edit_mode_960.png?t=xoxe-671764457543-761495007360-748720106514-e22867dc4a96f2e14ff182795f11301c",
                "thumb_960_w": 546,
                "thumb_960_h": 960,
                "thumb_1024": "https:\/\/files.slack.com\/files-tmb\/TKRNGDFFZ-FN33KAZ8E-8ffcb3647e\/celebrity_profile_alone_v8_-_edit_mode_1024.png?t=xoxe-671764457543-761495007360-748720106514-e22867dc4a96f2e14ff182795f11301c",
                "thumb_1024_w": 582,
                "thumb_1024_h": 1024,
                "image_exif_rotation": 1,
                "original_w": 1200,
                "original_h": 2110,
                "permalink": "https:\/\/scrgt-bdso.slack.com\/files\/UL1DRU6R3\/FN33KAZ8E\/celebrity_profile_alone_v8_-_edit_mode.png",
                "permalink_public": "https:\/\/slack-files.com\/TKRNGDFFZ-FN33KAZ8E-42dc55ec94",
                "is_starred": false,
                "has_rich_preview": false
            },
            {
                "id": "FN0ST4A21",
                "created": 1567623046,
                "timestamp": 1567623046,
                "name": "celebrity_profile_alone_v2.png",
                "title": "celebrity_profile_alone_v2.png",
                "mimetype": "image\/png",
                "filetype": "png",
                "pretty_type": "PNG",
                "user": "UL1DRU6R3",
                "editable": false,
                "size": 515435,
                "mode": "hosted",
                "is_external": false,
                "external_type": "",
                "is_public": true,
                "public_url_shared": false,
                "display_as_bot": false,
                "username": "",
                "url_private": "https:\/\/files.slack.com\/files-pri\/TKRNGDFFZ-FN0ST4A21\/celebrity_profile_alone_v2.png?t=xoxe-671764457543-761495007360-748720106514-e22867dc4a96f2e14ff182795f11301c",
                "url_private_download": "https:\/\/files.slack.com\/files-pri\/TKRNGDFFZ-FN0ST4A21\/download\/celebrity_profile_alone_v2.png?t=xoxe-671764457543-761495007360-748720106514-e22867dc4a96f2e14ff182795f11301c",
                "thumb_64": "https:\/\/files.slack.com\/files-tmb\/TKRNGDFFZ-FN0ST4A21-e96703a623\/celebrity_profile_alone_v2_64.png?t=xoxe-671764457543-761495007360-748720106514-e22867dc4a96f2e14ff182795f11301c",
                "thumb_80": "https:\/\/files.slack.com\/files-tmb\/TKRNGDFFZ-FN0ST4A21-e96703a623\/celebrity_profile_alone_v2_80.png?t=xoxe-671764457543-761495007360-748720106514-e22867dc4a96f2e14ff182795f11301c",
                "thumb_360": "https:\/\/files.slack.com\/files-tmb\/TKRNGDFFZ-FN0ST4A21-e96703a623\/celebrity_profile_alone_v2_360.png?t=xoxe-671764457543-761495007360-748720106514-e22867dc4a96f2e14ff182795f11301c",
                "thumb_360_w": 225,
                "thumb_360_h": 360,
                "thumb_480": "https:\/\/files.slack.com\/files-tmb\/TKRNGDFFZ-FN0ST4A21-e96703a623\/celebrity_profile_alone_v2_480.png?t=xoxe-671764457543-761495007360-748720106514-e22867dc4a96f2e14ff182795f11301c",
                "thumb_480_w": 300,
                "thumb_480_h": 480,
                "thumb_160": "https:\/\/files.slack.com\/files-tmb\/TKRNGDFFZ-FN0ST4A21-e96703a623\/celebrity_profile_alone_v2_160.png?t=xoxe-671764457543-761495007360-748720106514-e22867dc4a96f2e14ff182795f11301c",
                "thumb_720": "https:\/\/files.slack.com\/files-tmb\/TKRNGDFFZ-FN0ST4A21-e96703a623\/celebrity_profile_alone_v2_720.png?t=xoxe-671764457543-761495007360-748720106514-e22867dc4a96f2e14ff182795f11301c",
                "thumb_720_w": 450,
                "thumb_720_h": 720,
                "thumb_800": "https:\/\/files.slack.com\/files-tmb\/TKRNGDFFZ-FN0ST4A21-e96703a623\/celebrity_profile_alone_v2_800.png?t=xoxe-671764457543-761495007360-748720106514-e22867dc4a96f2e14ff182795f11301c",
                "thumb_800_w": 800,
                "thumb_800_h": 1280,
                "thumb_960": "https:\/\/files.slack.com\/files-tmb\/TKRNGDFFZ-FN0ST4A21-e96703a623\/celebrity_profile_alone_v2_960.png?t=xoxe-671764457543-761495007360-748720106514-e22867dc4a96f2e14ff182795f11301c",
                "thumb_960_w": 600,
                "thumb_960_h": 960,
                "thumb_1024": "https:\/\/files.slack.com\/files-tmb\/TKRNGDFFZ-FN0ST4A21-e96703a623\/celebrity_profile_alone_v2_1024.png?t=xoxe-671764457543-761495007360-748720106514-e22867dc4a96f2e14ff182795f11301c",
                "thumb_1024_w": 640,
                "thumb_1024_h": 1024,
                "image_exif_rotation": 1,
                "original_w": 1200,
                "original_h": 1920,
                "permalink": "https:\/\/scrgt-bdso.slack.com\/files\/UL1DRU6R3\/FN0ST4A21\/celebrity_profile_alone_v2.png",
                "permalink_public": "https:\/\/slack-files.com\/TKRNGDFFZ-FN0ST4A21-e91478c408",
                "is_starred": false,
                "has_rich_preview": false
            },
            {
                "id": "FN33KB06A",
                "created": 1567623046,
                "timestamp": 1567623046,
                "name": "business_user_page_layout_v2.png",
                "title": "business_user_page_layout_v2.png",
                "mimetype": "image\/png",
                "filetype": "png",
                "pretty_type": "PNG",
                "user": "UL1DRU6R3",
                "editable": false,
                "size": 1619042,
                "mode": "hosted",
                "is_external": false,
                "external_type": "",
                "is_public": true,
                "public_url_shared": false,
                "display_as_bot": false,
                "username": "",
                "url_private": "https:\/\/files.slack.com\/files-pri\/TKRNGDFFZ-FN33KB06A\/business_user_page_layout_v2.png?t=xoxe-671764457543-761495007360-748720106514-e22867dc4a96f2e14ff182795f11301c",
                "url_private_download": "https:\/\/files.slack.com\/files-pri\/TKRNGDFFZ-FN33KB06A\/download\/business_user_page_layout_v2.png?t=xoxe-671764457543-761495007360-748720106514-e22867dc4a96f2e14ff182795f11301c",
                "thumb_64": "https:\/\/files.slack.com\/files-tmb\/TKRNGDFFZ-FN33KB06A-42b2923f0f\/business_user_page_layout_v2_64.png?t=xoxe-671764457543-761495007360-748720106514-e22867dc4a96f2e14ff182795f11301c",
                "thumb_80": "https:\/\/files.slack.com\/files-tmb\/TKRNGDFFZ-FN33KB06A-42b2923f0f\/business_user_page_layout_v2_80.png?t=xoxe-671764457543-761495007360-748720106514-e22867dc4a96f2e14ff182795f11301c",
                "thumb_360": "https:\/\/files.slack.com\/files-tmb\/TKRNGDFFZ-FN33KB06A-42b2923f0f\/business_user_page_layout_v2_360.png?t=xoxe-671764457543-761495007360-748720106514-e22867dc4a96f2e14ff182795f11301c",
                "thumb_360_w": 360,
                "thumb_360_h": 349,
                "thumb_480": "https:\/\/files.slack.com\/files-tmb\/TKRNGDFFZ-FN33KB06A-42b2923f0f\/business_user_page_layout_v2_480.png?t=xoxe-671764457543-761495007360-748720106514-e22867dc4a96f2e14ff182795f11301c",
                "thumb_480_w": 480,
                "thumb_480_h": 465,
                "thumb_160": "https:\/\/files.slack.com\/files-tmb\/TKRNGDFFZ-FN33KB06A-42b2923f0f\/business_user_page_layout_v2_160.png?t=xoxe-671764457543-761495007360-748720106514-e22867dc4a96f2e14ff182795f11301c",
                "thumb_720": "https:\/\/files.slack.com\/files-tmb\/TKRNGDFFZ-FN33KB06A-42b2923f0f\/business_user_page_layout_v2_720.png?t=xoxe-671764457543-761495007360-748720106514-e22867dc4a96f2e14ff182795f11301c",
                "thumb_720_w": 720,
                "thumb_720_h": 697,
                "thumb_800": "https:\/\/files.slack.com\/files-tmb\/TKRNGDFFZ-FN33KB06A-42b2923f0f\/business_user_page_layout_v2_800.png?t=xoxe-671764457543-761495007360-748720106514-e22867dc4a96f2e14ff182795f11301c",
                "thumb_800_w": 800,
                "thumb_800_h": 775,
                "thumb_960": "https:\/\/files.slack.com\/files-tmb\/TKRNGDFFZ-FN33KB06A-42b2923f0f\/business_user_page_layout_v2_960.png?t=xoxe-671764457543-761495007360-748720106514-e22867dc4a96f2e14ff182795f11301c",
                "thumb_960_w": 960,
                "thumb_960_h": 930,
                "thumb_1024": "https:\/\/files.slack.com\/files-tmb\/TKRNGDFFZ-FN33KB06A-42b2923f0f\/business_user_page_layout_v2_1024.png?t=xoxe-671764457543-761495007360-748720106514-e22867dc4a96f2e14ff182795f11301c",
                "thumb_1024_w": 1024,
                "thumb_1024_h": 992,
                "image_exif_rotation": 1,
                "original_w": 1200,
                "original_h": 1162,
                "permalink": "https:\/\/scrgt-bdso.slack.com\/files\/UL1DRU6R3\/FN33KB06A\/business_user_page_layout_v2.png",
                "permalink_public": "https:\/\/slack-files.com\/TKRNGDFFZ-FN33KB06A-1845ddd6f7",
                "is_starred": false,
                "has_rich_preview": false
            },
            {
                "id": "FMN47PPTL",
                "created": 1567623046,
                "timestamp": 1567623046,
                "name": "business_supervisor_celebrity_page_layout_v2.png",
                "title": "business_supervisor_celebrity_page_layout_v2.png",
                "mimetype": "image\/png",
                "filetype": "png",
                "pretty_type": "PNG",
                "user": "UL1DRU6R3",
                "editable": false,
                "size": 1619382,
                "mode": "hosted",
                "is_external": false,
                "external_type": "",
                "is_public": true,
                "public_url_shared": false,
                "display_as_bot": false,
                "username": "",
                "url_private": "https:\/\/files.slack.com\/files-pri\/TKRNGDFFZ-FMN47PPTL\/business_supervisor_celebrity_page_layout_v2.png?t=xoxe-671764457543-761495007360-748720106514-e22867dc4a96f2e14ff182795f11301c",
                "url_private_download": "https:\/\/files.slack.com\/files-pri\/TKRNGDFFZ-FMN47PPTL\/download\/business_supervisor_celebrity_page_layout_v2.png?t=xoxe-671764457543-761495007360-748720106514-e22867dc4a96f2e14ff182795f11301c",
                "thumb_64": "https:\/\/files.slack.com\/files-tmb\/TKRNGDFFZ-FMN47PPTL-ccca97abce\/business_supervisor_celebrity_page_layout_v2_64.png?t=xoxe-671764457543-761495007360-748720106514-e22867dc4a96f2e14ff182795f11301c",
                "thumb_80": "https:\/\/files.slack.com\/files-tmb\/TKRNGDFFZ-FMN47PPTL-ccca97abce\/business_supervisor_celebrity_page_layout_v2_80.png?t=xoxe-671764457543-761495007360-748720106514-e22867dc4a96f2e14ff182795f11301c",
                "thumb_360": "https:\/\/files.slack.com\/files-tmb\/TKRNGDFFZ-FMN47PPTL-ccca97abce\/business_supervisor_celebrity_page_layout_v2_360.png?t=xoxe-671764457543-761495007360-748720106514-e22867dc4a96f2e14ff182795f11301c",
                "thumb_360_w": 360,
                "thumb_360_h": 346,
                "thumb_480": "https:\/\/files.slack.com\/files-tmb\/TKRNGDFFZ-FMN47PPTL-ccca97abce\/business_supervisor_celebrity_page_layout_v2_480.png?t=xoxe-671764457543-761495007360-748720106514-e22867dc4a96f2e14ff182795f11301c",
                "thumb_480_w": 480,
                "thumb_480_h": 461,
                "thumb_160": "https:\/\/files.slack.com\/files-tmb\/TKRNGDFFZ-FMN47PPTL-ccca97abce\/business_supervisor_celebrity_page_layout_v2_160.png?t=xoxe-671764457543-761495007360-748720106514-e22867dc4a96f2e14ff182795f11301c",
                "thumb_720": "https:\/\/files.slack.com\/files-tmb\/TKRNGDFFZ-FMN47PPTL-ccca97abce\/business_supervisor_celebrity_page_layout_v2_720.png?t=xoxe-671764457543-761495007360-748720106514-e22867dc4a96f2e14ff182795f11301c",
                "thumb_720_w": 720,
                "thumb_720_h": 691,
                "thumb_800": "https:\/\/files.slack.com\/files-tmb\/TKRNGDFFZ-FMN47PPTL-ccca97abce\/business_supervisor_celebrity_page_layout_v2_800.png?t=xoxe-671764457543-761495007360-748720106514-e22867dc4a96f2e14ff182795f11301c",
                "thumb_800_w": 800,
                "thumb_800_h": 768,
                "thumb_960": "https:\/\/files.slack.com\/files-tmb\/TKRNGDFFZ-FMN47PPTL-ccca97abce\/business_supervisor_celebrity_page_layout_v2_960.png?t=xoxe-671764457543-761495007360-748720106514-e22867dc4a96f2e14ff182795f11301c",
                "thumb_960_w": 960,
                "thumb_960_h": 922,
                "thumb_1024": "https:\/\/files.slack.com\/files-tmb\/TKRNGDFFZ-FMN47PPTL-ccca97abce\/business_supervisor_celebrity_page_layout_v2_1024.png?t=xoxe-671764457543-761495007360-748720106514-e22867dc4a96f2e14ff182795f11301c",
                "thumb_1024_w": 1024,
                "thumb_1024_h": 983,
                "image_exif_rotation": 1,
                "original_w": 1200,
                "original_h": 1152,
                "permalink": "https:\/\/scrgt-bdso.slack.com\/files\/UL1DRU6R3\/FMN47PPTL\/business_supervisor_celebrity_page_layout_v2.png",
                "permalink_public": "https:\/\/slack-files.com\/TKRNGDFFZ-FMN47PPTL-6404cc5aad",
                "is_starred": false,
                "has_rich_preview": false
            }
        ],
        "upload": true,
        "user": "UL1DRU6R3",
        "ts": "1567623051.048400",
        "client_msg_id": "028fc4e6-c032-4cff-a4c2-2f4463c130ed"
    }
]