[
    {
        "type": "message",
        "text": "Based on the data obtained from IMDB, <http:\/\/theMovieDB.org|theMovieDB.org>, Wikipedia, here are some possible analytics around the subject of a celebrity.",
        "files": [
            {
                "id": "FMWET2XDL",
                "created": 1567077375,
                "timestamp": 1567077375,
                "name": "BDSO_Celebrity_Analytics.xlsx",
                "title": "BDSO_Celebrity_Analytics.xlsx",
                "mimetype": "application\/vnd.openxmlformats-officedocument.spreadsheetml.sheet",
                "filetype": "xlsx",
                "pretty_type": "Excel Spreadsheet",
                "user": "ULX5BPN3C",
                "editable": false,
                "size": 9762,
                "mode": "hosted",
                "is_external": false,
                "external_type": "",
                "is_public": true,
                "public_url_shared": false,
                "display_as_bot": false,
                "username": "",
                "url_private": "https:\/\/files.slack.com\/files-pri\/TKRNGDFFZ-FMWET2XDL\/bdso_celebrity_analytics.xlsx?t=xoxe-671764457543-761495007360-748720106514-e22867dc4a96f2e14ff182795f11301c",
                "url_private_download": "https:\/\/files.slack.com\/files-pri\/TKRNGDFFZ-FMWET2XDL\/download\/bdso_celebrity_analytics.xlsx?t=xoxe-671764457543-761495007360-748720106514-e22867dc4a96f2e14ff182795f11301c",
                "converted_pdf": "https:\/\/files.slack.com\/files-tmb\/TKRNGDFFZ-FMWET2XDL-240b592f36\/bdso_celebrity_analytics_converted.pdf?t=xoxe-671764457543-761495007360-748720106514-e22867dc4a96f2e14ff182795f11301c",
                "thumb_pdf": "https:\/\/files.slack.com\/files-tmb\/TKRNGDFFZ-FMWET2XDL-240b592f36\/bdso_celebrity_analytics_thumb_pdf.png?t=xoxe-671764457543-761495007360-748720106514-e22867dc4a96f2e14ff182795f11301c",
                "thumb_pdf_w": 909,
                "thumb_pdf_h": 1286,
                "permalink": "https:\/\/scrgt-bdso.slack.com\/files\/ULX5BPN3C\/FMWET2XDL\/bdso_celebrity_analytics.xlsx",
                "permalink_public": "https:\/\/slack-files.com\/TKRNGDFFZ-FMWET2XDL-1f03953b6b",
                "is_starred": false,
                "has_rich_preview": false
            }
        ],
        "upload": true,
        "user": "ULX5BPN3C",
        "display_as_bot": false,
        "ts": "1567077376.017900",
        "client_msg_id": "44f9bd7d-1cb1-45e3-ad4f-bd8cc01630f9",
        "thread_ts": "1567077376.017900",
        "reply_count": 1,
        "reply_users_count": 1,
        "latest_reply": "1567097574.008200",
        "reply_users": [
            "UL3RW3SJ2"
        ],
        "replies": [
            {
                "user": "UL3RW3SJ2",
                "ts": "1567097574.008200"
            }
        ],
        "subscribed": false,
        "reactions": [
            {
                "name": "+1",
                "users": [
                    "UMU0XSL14",
                    "UL3RW3SJ2"
                ],
                "count": 2
            }
        ]
    },
    {
        "user": "UKCPDF2M8",
        "type": "message",
        "subtype": "channel_join",
        "ts": "1567084244.000300",
        "text": "<@UKCPDF2M8> has joined the channel"
    },
    {
        "client_msg_id": "2dbd1b35-2156-4ad7-824f-2dd1dc614b7c",
        "type": "message",
        "text": "<@UKPCZJWQL>",
        "user": "ULX5BPN3C",
        "ts": "1567093464.000600",
        "team": "TKRNGDFFZ",
        "user_team": "TKRNGDFFZ",
        "source_team": "TKRNGDFFZ",
        "user_profile": {
            "avatar_hash": "g6a2d3222d03",
            "image_72": "https:\/\/secure.gravatar.com\/avatar\/6a2d3222d03e600836a3b667ac22c2f6.jpg?s=72&d=https%3A%2F%2Fa.slack-edge.com%2F80588%2Fimg%2Favatars%2Fava_0025-72.png",
            "first_name": "",
            "real_name": "Ray Duong",
            "display_name": "",
            "team": "TKRNGDFFZ",
            "name": "ray.duong",
            "is_restricted": false,
            "is_ultra_restricted": false
        }
    },
    {
        "user": "UKPCZJWQL",
        "type": "message",
        "subtype": "channel_join",
        "ts": "1567093467.000800",
        "text": "<@UKPCZJWQL> has joined the channel"
    },
    {
        "user": "UL1DRU6R3",
        "type": "message",
        "subtype": "channel_join",
        "ts": "1567093564.001000",
        "text": "<@UL1DRU6R3> has joined the channel"
    },
    {
        "type": "message",
        "text": "<!channel> Here are some Data Science Ideas in mock-ups. Got the latest xls and mulling it over. Please review and give feedback! Thanks.",
        "files": [
            {
                "id": "FMWR7AEG6",
                "created": 1567093634,
                "timestamp": 1567093634,
                "name": "data_science_page2.png",
                "title": "data_science_page2.png",
                "mimetype": "image\/png",
                "filetype": "png",
                "pretty_type": "PNG",
                "user": "UL1DRU6R3",
                "editable": false,
                "size": 862316,
                "mode": "hosted",
                "is_external": false,
                "external_type": "",
                "is_public": true,
                "public_url_shared": false,
                "display_as_bot": false,
                "username": "",
                "url_private": "https:\/\/files.slack.com\/files-pri\/TKRNGDFFZ-FMWR7AEG6\/data_science_page2.png?t=xoxe-671764457543-761495007360-748720106514-e22867dc4a96f2e14ff182795f11301c",
                "url_private_download": "https:\/\/files.slack.com\/files-pri\/TKRNGDFFZ-FMWR7AEG6\/download\/data_science_page2.png?t=xoxe-671764457543-761495007360-748720106514-e22867dc4a96f2e14ff182795f11301c",
                "thumb_64": "https:\/\/files.slack.com\/files-tmb\/TKRNGDFFZ-FMWR7AEG6-16a2608bf8\/data_science_page2_64.png?t=xoxe-671764457543-761495007360-748720106514-e22867dc4a96f2e14ff182795f11301c",
                "thumb_80": "https:\/\/files.slack.com\/files-tmb\/TKRNGDFFZ-FMWR7AEG6-16a2608bf8\/data_science_page2_80.png?t=xoxe-671764457543-761495007360-748720106514-e22867dc4a96f2e14ff182795f11301c",
                "thumb_360": "https:\/\/files.slack.com\/files-tmb\/TKRNGDFFZ-FMWR7AEG6-16a2608bf8\/data_science_page2_360.png?t=xoxe-671764457543-761495007360-748720106514-e22867dc4a96f2e14ff182795f11301c",
                "thumb_360_w": 142,
                "thumb_360_h": 360,
                "thumb_480": "https:\/\/files.slack.com\/files-tmb\/TKRNGDFFZ-FMWR7AEG6-16a2608bf8\/data_science_page2_480.png?t=xoxe-671764457543-761495007360-748720106514-e22867dc4a96f2e14ff182795f11301c",
                "thumb_480_w": 189,
                "thumb_480_h": 480,
                "thumb_160": "https:\/\/files.slack.com\/files-tmb\/TKRNGDFFZ-FMWR7AEG6-16a2608bf8\/data_science_page2_160.png?t=xoxe-671764457543-761495007360-748720106514-e22867dc4a96f2e14ff182795f11301c",
                "thumb_720": "https:\/\/files.slack.com\/files-tmb\/TKRNGDFFZ-FMWR7AEG6-16a2608bf8\/data_science_page2_720.png?t=xoxe-671764457543-761495007360-748720106514-e22867dc4a96f2e14ff182795f11301c",
                "thumb_720_w": 284,
                "thumb_720_h": 720,
                "thumb_800": "https:\/\/files.slack.com\/files-tmb\/TKRNGDFFZ-FMWR7AEG6-16a2608bf8\/data_science_page2_800.png?t=xoxe-671764457543-761495007360-748720106514-e22867dc4a96f2e14ff182795f11301c",
                "thumb_800_w": 800,
                "thumb_800_h": 2029,
                "thumb_960": "https:\/\/files.slack.com\/files-tmb\/TKRNGDFFZ-FMWR7AEG6-16a2608bf8\/data_science_page2_960.png?t=xoxe-671764457543-761495007360-748720106514-e22867dc4a96f2e14ff182795f11301c",
                "thumb_960_w": 379,
                "thumb_960_h": 960,
                "thumb_1024": "https:\/\/files.slack.com\/files-tmb\/TKRNGDFFZ-FMWR7AEG6-16a2608bf8\/data_science_page2_1024.png?t=xoxe-671764457543-761495007360-748720106514-e22867dc4a96f2e14ff182795f11301c",
                "thumb_1024_w": 404,
                "thumb_1024_h": 1024,
                "image_exif_rotation": 1,
                "original_w": 1200,
                "original_h": 3043,
                "permalink": "https:\/\/scrgt-bdso.slack.com\/files\/UL1DRU6R3\/FMWR7AEG6\/data_science_page2.png",
                "permalink_public": "https:\/\/slack-files.com\/TKRNGDFFZ-FMWR7AEG6-19b6ea3f0f",
                "is_starred": false,
                "has_rich_preview": false
            },
            {
                "id": "FMUKZ69MK",
                "created": 1567093634,
                "timestamp": 1567093634,
                "name": "celebrity_profile_alone_v5.png",
                "title": "celebrity_profile_alone_v5.png",
                "mimetype": "image\/png",
                "filetype": "png",
                "pretty_type": "PNG",
                "user": "UL1DRU6R3",
                "editable": false,
                "size": 254904,
                "mode": "hosted",
                "is_external": false,
                "external_type": "",
                "is_public": true,
                "public_url_shared": false,
                "display_as_bot": false,
                "username": "",
                "url_private": "https:\/\/files.slack.com\/files-pri\/TKRNGDFFZ-FMUKZ69MK\/celebrity_profile_alone_v5.png?t=xoxe-671764457543-761495007360-748720106514-e22867dc4a96f2e14ff182795f11301c",
                "url_private_download": "https:\/\/files.slack.com\/files-pri\/TKRNGDFFZ-FMUKZ69MK\/download\/celebrity_profile_alone_v5.png?t=xoxe-671764457543-761495007360-748720106514-e22867dc4a96f2e14ff182795f11301c",
                "thumb_64": "https:\/\/files.slack.com\/files-tmb\/TKRNGDFFZ-FMUKZ69MK-384395df5c\/celebrity_profile_alone_v5_64.png?t=xoxe-671764457543-761495007360-748720106514-e22867dc4a96f2e14ff182795f11301c",
                "thumb_80": "https:\/\/files.slack.com\/files-tmb\/TKRNGDFFZ-FMUKZ69MK-384395df5c\/celebrity_profile_alone_v5_80.png?t=xoxe-671764457543-761495007360-748720106514-e22867dc4a96f2e14ff182795f11301c",
                "thumb_360": "https:\/\/files.slack.com\/files-tmb\/TKRNGDFFZ-FMUKZ69MK-384395df5c\/celebrity_profile_alone_v5_360.png?t=xoxe-671764457543-761495007360-748720106514-e22867dc4a96f2e14ff182795f11301c",
                "thumb_360_w": 360,
                "thumb_360_h": 318,
                "thumb_480": "https:\/\/files.slack.com\/files-tmb\/TKRNGDFFZ-FMUKZ69MK-384395df5c\/celebrity_profile_alone_v5_480.png?t=xoxe-671764457543-761495007360-748720106514-e22867dc4a96f2e14ff182795f11301c",
                "thumb_480_w": 480,
                "thumb_480_h": 424,
                "thumb_160": "https:\/\/files.slack.com\/files-tmb\/TKRNGDFFZ-FMUKZ69MK-384395df5c\/celebrity_profile_alone_v5_160.png?t=xoxe-671764457543-761495007360-748720106514-e22867dc4a96f2e14ff182795f11301c",
                "thumb_720": "https:\/\/files.slack.com\/files-tmb\/TKRNGDFFZ-FMUKZ69MK-384395df5c\/celebrity_profile_alone_v5_720.png?t=xoxe-671764457543-761495007360-748720106514-e22867dc4a96f2e14ff182795f11301c",
                "thumb_720_w": 720,
                "thumb_720_h": 637,
                "thumb_800": "https:\/\/files.slack.com\/files-tmb\/TKRNGDFFZ-FMUKZ69MK-384395df5c\/celebrity_profile_alone_v5_800.png?t=xoxe-671764457543-761495007360-748720106514-e22867dc4a96f2e14ff182795f11301c",
                "thumb_800_w": 800,
                "thumb_800_h": 707,
                "thumb_960": "https:\/\/files.slack.com\/files-tmb\/TKRNGDFFZ-FMUKZ69MK-384395df5c\/celebrity_profile_alone_v5_960.png?t=xoxe-671764457543-761495007360-748720106514-e22867dc4a96f2e14ff182795f11301c",
                "thumb_960_w": 960,
                "thumb_960_h": 849,
                "thumb_1024": "https:\/\/files.slack.com\/files-tmb\/TKRNGDFFZ-FMUKZ69MK-384395df5c\/celebrity_profile_alone_v5_1024.png?t=xoxe-671764457543-761495007360-748720106514-e22867dc4a96f2e14ff182795f11301c",
                "thumb_1024_w": 1024,
                "thumb_1024_h": 906,
                "image_exif_rotation": 1,
                "original_w": 1210,
                "original_h": 1070,
                "permalink": "https:\/\/scrgt-bdso.slack.com\/files\/UL1DRU6R3\/FMUKZ69MK\/celebrity_profile_alone_v5.png",
                "permalink_public": "https:\/\/slack-files.com\/TKRNGDFFZ-FMUKZ69MK-d7ec7a64c9",
                "is_starred": false,
                "has_rich_preview": false
            }
        ],
        "upload": true,
        "user": "UL1DRU6R3",
        "ts": "1567093639.001900",
        "edited": {
            "user": "UL1DRU6R3",
            "ts": "1567093795.000000"
        },
        "client_msg_id": "d0273394-22c8-4980-960c-6c437abb1845",
        "reactions": [
            {
                "name": "+1",
                "users": [
                    "UMU0XSL14"
                ],
                "count": 1
            }
        ]
    },
    {
        "client_msg_id": "1e40e47e-91ae-4905-9d58-7965837bb428",
        "type": "message",
        "text": "Link to wireframe: <https:\/\/mqodi3.axshare.com>",
        "user": "UL1DRU6R3",
        "ts": "1567093843.002800",
        "team": "TKRNGDFFZ",
        "user_team": "TKRNGDFFZ",
        "source_team": "TKRNGDFFZ",
        "user_profile": {
            "avatar_hash": "gd89e47c2607",
            "image_72": "https:\/\/secure.gravatar.com\/avatar\/d89e47c2607ea5a7401c907933bcd907.jpg?s=72&d=https%3A%2F%2Fa.slack-edge.com%2F80588%2Fimg%2Favatars%2Fava_0002-72.png",
            "first_name": "",
            "real_name": "Jacquie",
            "display_name": "Jacquie",
            "team": "TKRNGDFFZ",
            "name": "jacqueline.granger",
            "is_restricted": false,
            "is_ultra_restricted": false
        },
        "thread_ts": "1567093843.002800",
        "reply_count": 3,
        "reply_users_count": 3,
        "latest_reply": "1567095177.003800",
        "reply_users": [
            "UMU0XSL14",
            "ULX5BPN3C",
            "UL1DRU6R3"
        ],
        "replies": [
            {
                "user": "UMU0XSL14",
                "ts": "1567094990.003400"
            },
            {
                "user": "ULX5BPN3C",
                "ts": "1567095130.003600"
            },
            {
                "user": "UL1DRU6R3",
                "ts": "1567095177.003800"
            }
        ],
        "subscribed": false
    },
    {
        "type": "message",
        "text": "<@UL3RW3SJ2> quick status update on the above:\n1. <@UMRQXMCQ0> is working on a classifier to group celebrities into categories. expect to have final groupings end of day tomorrow\n2. see <@ULX5BPN3C>’s list of celebrity analytics KPIs and please let us know if the team has any questions re data visualization types",
        "files": [
            {
                "id": "FMH7M75BM",
                "created": 1567094779,
                "timestamp": 1567094779,
                "name": "BDSO_Celebrity_Analytics.xlsx",
                "title": "BDSO_Celebrity_Analytics.xlsx",
                "mimetype": "application\/vnd.openxmlformats-officedocument.spreadsheetml.sheet",
                "filetype": "xlsx",
                "pretty_type": "Excel Spreadsheet",
                "user": "UMU0XSL14",
                "editable": false,
                "size": 9762,
                "mode": "hosted",
                "is_external": false,
                "external_type": "",
                "is_public": true,
                "public_url_shared": false,
                "display_as_bot": false,
                "username": "",
                "url_private": "https:\/\/files.slack.com\/files-pri\/TKRNGDFFZ-FMH7M75BM\/bdso_celebrity_analytics.xlsx?t=xoxe-671764457543-761495007360-748720106514-e22867dc4a96f2e14ff182795f11301c",
                "url_private_download": "https:\/\/files.slack.com\/files-pri\/TKRNGDFFZ-FMH7M75BM\/download\/bdso_celebrity_analytics.xlsx?t=xoxe-671764457543-761495007360-748720106514-e22867dc4a96f2e14ff182795f11301c",
                "converted_pdf": "https:\/\/files.slack.com\/files-tmb\/TKRNGDFFZ-FMH7M75BM-8f9e44fec0\/bdso_celebrity_analytics_converted.pdf?t=xoxe-671764457543-761495007360-748720106514-e22867dc4a96f2e14ff182795f11301c",
                "thumb_pdf": "https:\/\/files.slack.com\/files-tmb\/TKRNGDFFZ-FMH7M75BM-8f9e44fec0\/bdso_celebrity_analytics_thumb_pdf.png?t=xoxe-671764457543-761495007360-748720106514-e22867dc4a96f2e14ff182795f11301c",
                "thumb_pdf_w": 909,
                "thumb_pdf_h": 1286,
                "permalink": "https:\/\/scrgt-bdso.slack.com\/files\/UMU0XSL14\/FMH7M75BM\/bdso_celebrity_analytics.xlsx",
                "permalink_public": "https:\/\/slack-files.com\/TKRNGDFFZ-FMH7M75BM-9c77c9ef87",
                "is_starred": false,
                "has_rich_preview": false
            }
        ],
        "upload": true,
        "user": "UMU0XSL14",
        "display_as_bot": false,
        "ts": "1567094780.003000",
        "client_msg_id": "dd788538-5822-4cd1-a104-7519917da4f4",
        "thread_ts": "1567020232.015200",
        "parent_user_id": "UL3RW3SJ2"
    },
    {
        "client_msg_id": "d936102e-d145-4889-85ce-f81bd58f81b1",
        "type": "message",
        "text": "thanks <@UL1DRU6R3> - looks great. in terms of data availability we can provide all except celebrity weight. <@ULX5BPN3C> please confirm",
        "user": "UMU0XSL14",
        "ts": "1567094990.003400",
        "team": "TKRNGDFFZ",
        "user_team": "TKRNGDFFZ",
        "source_team": "TKRNGDFFZ",
        "user_profile": {
            "avatar_hash": "g9eacb4cc546",
            "image_72": "https:\/\/secure.gravatar.com\/avatar\/9eacb4cc546a7ff092634ad5d8fc8240.jpg?s=72&d=https%3A%2F%2Fa.slack-edge.com%2F80588%2Fimg%2Favatars%2Fava_0024-72.png",
            "first_name": "",
            "real_name": "Rachel Cohen",
            "display_name": "Rachel Cohen",
            "team": "TKRNGDFFZ",
            "name": "rlcohen",
            "is_restricted": false,
            "is_ultra_restricted": false
        },
        "thread_ts": "1567093843.002800",
        "parent_user_id": "UL1DRU6R3"
    },
    {
        "client_msg_id": "84e032db-e9af-4c7e-914c-2ee7ca62f4ae",
        "type": "message",
        "text": "the prediction and classification models should provide a confidence score.",
        "user": "ULX5BPN3C",
        "ts": "1567095130.003600",
        "team": "TKRNGDFFZ",
        "user_team": "TKRNGDFFZ",
        "source_team": "TKRNGDFFZ",
        "user_profile": {
            "avatar_hash": "g6a2d3222d03",
            "image_72": "https:\/\/secure.gravatar.com\/avatar\/6a2d3222d03e600836a3b667ac22c2f6.jpg?s=72&d=https%3A%2F%2Fa.slack-edge.com%2F80588%2Fimg%2Favatars%2Fava_0025-72.png",
            "first_name": "",
            "real_name": "Ray Duong",
            "display_name": "",
            "team": "TKRNGDFFZ",
            "name": "ray.duong",
            "is_restricted": false,
            "is_ultra_restricted": false
        },
        "thread_ts": "1567093843.002800",
        "parent_user_id": "UL1DRU6R3"
    },
    {
        "type": "message",
        "text": "<@UMU0XSL14> Understandable. Weight is usually on obscure sites not recognized. I removed it on more current celebrity profile. Just height which IMdB does report and <@ULX5BPN3C>'s Excel from last night said. See pic for confirmation.",
        "files": [
            {
                "id": "FMUM72A0M",
                "created": 1567095174,
                "timestamp": 1567095174,
                "name": "Screen Shot 2019-08-29 at 12.12.27 PM.png",
                "title": "Screen Shot 2019-08-29 at 12.12.27 PM.png",
                "mimetype": "image\/png",
                "filetype": "png",
                "pretty_type": "PNG",
                "user": "UL1DRU6R3",
                "editable": false,
                "size": 226131,
                "mode": "hosted",
                "is_external": false,
                "external_type": "",
                "is_public": true,
                "public_url_shared": false,
                "display_as_bot": false,
                "username": "",
                "url_private": "https:\/\/files.slack.com\/files-pri\/TKRNGDFFZ-FMUM72A0M\/screen_shot_2019-08-29_at_12.12.27_pm.png?t=xoxe-671764457543-761495007360-748720106514-e22867dc4a96f2e14ff182795f11301c",
                "url_private_download": "https:\/\/files.slack.com\/files-pri\/TKRNGDFFZ-FMUM72A0M\/download\/screen_shot_2019-08-29_at_12.12.27_pm.png?t=xoxe-671764457543-761495007360-748720106514-e22867dc4a96f2e14ff182795f11301c",
                "thumb_64": "https:\/\/files.slack.com\/files-tmb\/TKRNGDFFZ-FMUM72A0M-c63b9fbe3d\/screen_shot_2019-08-29_at_12.12.27_pm_64.png?t=xoxe-671764457543-761495007360-748720106514-e22867dc4a96f2e14ff182795f11301c",
                "thumb_80": "https:\/\/files.slack.com\/files-tmb\/TKRNGDFFZ-FMUM72A0M-c63b9fbe3d\/screen_shot_2019-08-29_at_12.12.27_pm_80.png?t=xoxe-671764457543-761495007360-748720106514-e22867dc4a96f2e14ff182795f11301c",
                "thumb_360": "https:\/\/files.slack.com\/files-tmb\/TKRNGDFFZ-FMUM72A0M-c63b9fbe3d\/screen_shot_2019-08-29_at_12.12.27_pm_360.png?t=xoxe-671764457543-761495007360-748720106514-e22867dc4a96f2e14ff182795f11301c",
                "thumb_360_w": 360,
                "thumb_360_h": 276,
                "thumb_480": "https:\/\/files.slack.com\/files-tmb\/TKRNGDFFZ-FMUM72A0M-c63b9fbe3d\/screen_shot_2019-08-29_at_12.12.27_pm_480.png?t=xoxe-671764457543-761495007360-748720106514-e22867dc4a96f2e14ff182795f11301c",
                "thumb_480_w": 480,
                "thumb_480_h": 368,
                "thumb_160": "https:\/\/files.slack.com\/files-tmb\/TKRNGDFFZ-FMUM72A0M-c63b9fbe3d\/screen_shot_2019-08-29_at_12.12.27_pm_160.png?t=xoxe-671764457543-761495007360-748720106514-e22867dc4a96f2e14ff182795f11301c",
                "thumb_720": "https:\/\/files.slack.com\/files-tmb\/TKRNGDFFZ-FMUM72A0M-c63b9fbe3d\/screen_shot_2019-08-29_at_12.12.27_pm_720.png?t=xoxe-671764457543-761495007360-748720106514-e22867dc4a96f2e14ff182795f11301c",
                "thumb_720_w": 720,
                "thumb_720_h": 552,
                "thumb_800": "https:\/\/files.slack.com\/files-tmb\/TKRNGDFFZ-FMUM72A0M-c63b9fbe3d\/screen_shot_2019-08-29_at_12.12.27_pm_800.png?t=xoxe-671764457543-761495007360-748720106514-e22867dc4a96f2e14ff182795f11301c",
                "thumb_800_w": 800,
                "thumb_800_h": 614,
                "image_exif_rotation": 1,
                "original_w": 850,
                "original_h": 652,
                "permalink": "https:\/\/scrgt-bdso.slack.com\/files\/UL1DRU6R3\/FMUM72A0M\/screen_shot_2019-08-29_at_12.12.27_pm.png",
                "permalink_public": "https:\/\/slack-files.com\/TKRNGDFFZ-FMUM72A0M-9e1c4cb091",
                "is_starred": false,
                "has_rich_preview": false
            }
        ],
        "upload": true,
        "user": "UL1DRU6R3",
        "display_as_bot": false,
        "ts": "1567095177.003800",
        "client_msg_id": "2e73ecb5-2c56-4c2a-a781-f43bde2f59f5",
        "thread_ts": "1567093843.002800",
        "parent_user_id": "UL1DRU6R3"
    },
    {
        "type": "message",
        "text": "<!channel> Added Popularity - as well as Gender and age to Profile, plus elongated it so we have more room for data due to conversation with <@ULX5BPN3C> about classifications being the multi-dimensional. A way of picking celebrities for the next production based on personal (bio) attributes like gender, age, etc.",
        "files": [
            {
                "id": "FMH8P6K6W",
                "created": 1567096364,
                "timestamp": 1567096364,
                "name": "celebrity_profile_alone_v6.png",
                "title": "celebrity_profile_alone_v6.png",
                "mimetype": "image\/png",
                "filetype": "png",
                "pretty_type": "PNG",
                "user": "UL1DRU6R3",
                "editable": false,
                "size": 265908,
                "mode": "hosted",
                "is_external": false,
                "external_type": "",
                "is_public": true,
                "public_url_shared": false,
                "display_as_bot": false,
                "username": "",
                "url_private": "https:\/\/files.slack.com\/files-pri\/TKRNGDFFZ-FMH8P6K6W\/celebrity_profile_alone_v6.png?t=xoxe-671764457543-761495007360-748720106514-e22867dc4a96f2e14ff182795f11301c",
                "url_private_download": "https:\/\/files.slack.com\/files-pri\/TKRNGDFFZ-FMH8P6K6W\/download\/celebrity_profile_alone_v6.png?t=xoxe-671764457543-761495007360-748720106514-e22867dc4a96f2e14ff182795f11301c",
                "thumb_64": "https:\/\/files.slack.com\/files-tmb\/TKRNGDFFZ-FMH8P6K6W-499596aa12\/celebrity_profile_alone_v6_64.png?t=xoxe-671764457543-761495007360-748720106514-e22867dc4a96f2e14ff182795f11301c",
                "thumb_80": "https:\/\/files.slack.com\/files-tmb\/TKRNGDFFZ-FMH8P6K6W-499596aa12\/celebrity_profile_alone_v6_80.png?t=xoxe-671764457543-761495007360-748720106514-e22867dc4a96f2e14ff182795f11301c",
                "thumb_360": "https:\/\/files.slack.com\/files-tmb\/TKRNGDFFZ-FMH8P6K6W-499596aa12\/celebrity_profile_alone_v6_360.png?t=xoxe-671764457543-761495007360-748720106514-e22867dc4a96f2e14ff182795f11301c",
                "thumb_360_w": 360,
                "thumb_360_h": 357,
                "thumb_480": "https:\/\/files.slack.com\/files-tmb\/TKRNGDFFZ-FMH8P6K6W-499596aa12\/celebrity_profile_alone_v6_480.png?t=xoxe-671764457543-761495007360-748720106514-e22867dc4a96f2e14ff182795f11301c",
                "thumb_480_w": 480,
                "thumb_480_h": 476,
                "thumb_160": "https:\/\/files.slack.com\/files-tmb\/TKRNGDFFZ-FMH8P6K6W-499596aa12\/celebrity_profile_alone_v6_160.png?t=xoxe-671764457543-761495007360-748720106514-e22867dc4a96f2e14ff182795f11301c",
                "thumb_720": "https:\/\/files.slack.com\/files-tmb\/TKRNGDFFZ-FMH8P6K6W-499596aa12\/celebrity_profile_alone_v6_720.png?t=xoxe-671764457543-761495007360-748720106514-e22867dc4a96f2e14ff182795f11301c",
                "thumb_720_w": 720,
                "thumb_720_h": 714,
                "thumb_800": "https:\/\/files.slack.com\/files-tmb\/TKRNGDFFZ-FMH8P6K6W-499596aa12\/celebrity_profile_alone_v6_800.png?t=xoxe-671764457543-761495007360-748720106514-e22867dc4a96f2e14ff182795f11301c",
                "thumb_800_w": 800,
                "thumb_800_h": 793,
                "thumb_960": "https:\/\/files.slack.com\/files-tmb\/TKRNGDFFZ-FMH8P6K6W-499596aa12\/celebrity_profile_alone_v6_960.png?t=xoxe-671764457543-761495007360-748720106514-e22867dc4a96f2e14ff182795f11301c",
                "thumb_960_w": 960,
                "thumb_960_h": 952,
                "thumb_1024": "https:\/\/files.slack.com\/files-tmb\/TKRNGDFFZ-FMH8P6K6W-499596aa12\/celebrity_profile_alone_v6_1024.png?t=xoxe-671764457543-761495007360-748720106514-e22867dc4a96f2e14ff182795f11301c",
                "thumb_1024_w": 1024,
                "thumb_1024_h": 1016,
                "image_exif_rotation": 1,
                "original_w": 1210,
                "original_h": 1200,
                "permalink": "https:\/\/scrgt-bdso.slack.com\/files\/UL1DRU6R3\/FMH8P6K6W\/celebrity_profile_alone_v6.png",
                "permalink_public": "https:\/\/slack-files.com\/TKRNGDFFZ-FMH8P6K6W-43b28ab1f2",
                "is_starred": false,
                "has_rich_preview": false
            }
        ],
        "upload": true,
        "user": "UL1DRU6R3",
        "display_as_bot": false,
        "ts": "1567096368.006000",
        "client_msg_id": "5e55e16c-0cd0-45f0-a2df-0f74622f0ada"
    },
    {
        "client_msg_id": "894d6593-ee38-4430-85c6-3357baaec015",
        "type": "message",
        "text": "Nice BVA add would be if Recommendations would hotlink to that celebrity profile. <@UKCPDF2M8>",
        "user": "UL1DRU6R3",
        "ts": "1567096478.006800",
        "team": "TKRNGDFFZ",
        "user_team": "TKRNGDFFZ",
        "source_team": "TKRNGDFFZ",
        "user_profile": {
            "avatar_hash": "gd89e47c2607",
            "image_72": "https:\/\/secure.gravatar.com\/avatar\/d89e47c2607ea5a7401c907933bcd907.jpg?s=72&d=https%3A%2F%2Fa.slack-edge.com%2F80588%2Fimg%2Favatars%2Fava_0002-72.png",
            "first_name": "",
            "real_name": "Jacquie",
            "display_name": "Jacquie",
            "team": "TKRNGDFFZ",
            "name": "jacqueline.granger",
            "is_restricted": false,
            "is_ultra_restricted": false
        }
    },
    {
        "client_msg_id": "c89aebf8-384d-44e4-b1ad-17b2878bea75",
        "type": "message",
        "text": "If we ascertain rank and popularity are synonymous, we can remove one or the other. It depends on data source we pull as each has their own ranking system.",
        "user": "UL1DRU6R3",
        "ts": "1567096608.007900",
        "team": "TKRNGDFFZ",
        "user_team": "TKRNGDFFZ",
        "source_team": "TKRNGDFFZ",
        "user_profile": {
            "avatar_hash": "gd89e47c2607",
            "image_72": "https:\/\/secure.gravatar.com\/avatar\/d89e47c2607ea5a7401c907933bcd907.jpg?s=72&d=https%3A%2F%2Fa.slack-edge.com%2F80588%2Fimg%2Favatars%2Fava_0002-72.png",
            "first_name": "",
            "real_name": "Jacquie",
            "display_name": "Jacquie",
            "team": "TKRNGDFFZ",
            "name": "jacqueline.granger",
            "is_restricted": false,
            "is_ultra_restricted": false
        }
    },
    {
        "user": "UKQ0AMW48",
        "type": "message",
        "subtype": "channel_join",
        "ts": "1567097074.008100",
        "text": "<@UKQ0AMW48> has joined the channel"
    },
    {
        "type": "message",
        "subtype": "thread_broadcast",
        "text": "<@ULX5BPN3C> this is awesome! I'll look over this and get back to you with my thoughts. You've given me several examples of analytics and ways to classify the data, are their certain ones the DS team is currently moving forward with or prefers over others?",
        "user": "UL3RW3SJ2",
        "ts": "1567097574.008200",
        "thread_ts": "1567077376.017900",
        "root": {
            "type": "message",
            "text": "Based on the data obtained from IMDB, <http:\/\/theMovieDB.org|theMovieDB.org>, Wikipedia, here are some possible analytics around the subject of a celebrity.",
            "files": [
                {
                    "id": "FMWET2XDL",
                    "created": 1567077375,
                    "timestamp": 1567077375,
                    "name": "BDSO_Celebrity_Analytics.xlsx",
                    "title": "BDSO_Celebrity_Analytics.xlsx",
                    "mimetype": "application\/vnd.openxmlformats-officedocument.spreadsheetml.sheet",
                    "filetype": "xlsx",
                    "pretty_type": "Excel Spreadsheet",
                    "user": "ULX5BPN3C",
                    "editable": false,
                    "size": 9762,
                    "mode": "hosted",
                    "is_external": false,
                    "external_type": "",
                    "is_public": true,
                    "public_url_shared": false,
                    "display_as_bot": false,
                    "username": "",
                    "url_private": "https:\/\/files.slack.com\/files-pri\/TKRNGDFFZ-FMWET2XDL\/bdso_celebrity_analytics.xlsx?t=xoxe-671764457543-761495007360-748720106514-e22867dc4a96f2e14ff182795f11301c",
                    "url_private_download": "https:\/\/files.slack.com\/files-pri\/TKRNGDFFZ-FMWET2XDL\/download\/bdso_celebrity_analytics.xlsx?t=xoxe-671764457543-761495007360-748720106514-e22867dc4a96f2e14ff182795f11301c",
                    "converted_pdf": "https:\/\/files.slack.com\/files-tmb\/TKRNGDFFZ-FMWET2XDL-240b592f36\/bdso_celebrity_analytics_converted.pdf?t=xoxe-671764457543-761495007360-748720106514-e22867dc4a96f2e14ff182795f11301c",
                    "thumb_pdf": "https:\/\/files.slack.com\/files-tmb\/TKRNGDFFZ-FMWET2XDL-240b592f36\/bdso_celebrity_analytics_thumb_pdf.png?t=xoxe-671764457543-761495007360-748720106514-e22867dc4a96f2e14ff182795f11301c",
                    "thumb_pdf_w": 909,
                    "thumb_pdf_h": 1286,
                    "permalink": "https:\/\/scrgt-bdso.slack.com\/files\/ULX5BPN3C\/FMWET2XDL\/bdso_celebrity_analytics.xlsx",
                    "permalink_public": "https:\/\/slack-files.com\/TKRNGDFFZ-FMWET2XDL-1f03953b6b",
                    "is_starred": false,
                    "has_rich_preview": false
                }
            ],
            "upload": true,
            "user": "ULX5BPN3C",
            "display_as_bot": false,
            "ts": "1567077376.017900",
            "client_msg_id": "44f9bd7d-1cb1-45e3-ad4f-bd8cc01630f9",
            "thread_ts": "1567077376.017900",
            "reply_count": 1,
            "reply_users_count": 1,
            "latest_reply": "1567097574.008200",
            "reply_users": [
                "UL3RW3SJ2"
            ],
            "replies": [
                {
                    "user": "UL3RW3SJ2",
                    "ts": "1567097574.008200"
                }
            ],
            "subscribed": false
        },
        "client_msg_id": "95c4ad54-685f-4494-89f2-613c0a5ff228",
        "reactions": [
            {
                "name": "+1",
                "users": [
                    "UL1DRU6R3"
                ],
                "count": 1
            }
        ]
    },
    {
        "user": "UMVNX6570",
        "type": "message",
        "subtype": "channel_join",
        "ts": "1567097665.008700",
        "text": "<@UMVNX6570> has joined the channel"
    },
    {
        "type": "message",
        "text": "I did this quickly on a graph software that couldn't do more than 10 but for 100 actors, highest salary per year may get very congested. Just a thought. Maybe someone else has a better chart idea to represent this data on the DS page....",
        "files": [
            {
                "id": "FMHCQRV5H",
                "created": 1567101854,
                "timestamp": 1567101854,
                "name": "salary for all actors.png",
                "title": "salary for all actors.png",
                "mimetype": "image\/png",
                "filetype": "png",
                "pretty_type": "PNG",
                "user": "UL1DRU6R3",
                "editable": false,
                "size": 512838,
                "mode": "hosted",
                "is_external": false,
                "external_type": "",
                "is_public": true,
                "public_url_shared": false,
                "display_as_bot": false,
                "username": "",
                "url_private": "https:\/\/files.slack.com\/files-pri\/TKRNGDFFZ-FMHCQRV5H\/salary_for_all_actors.png?t=xoxe-671764457543-761495007360-748720106514-e22867dc4a96f2e14ff182795f11301c",
                "url_private_download": "https:\/\/files.slack.com\/files-pri\/TKRNGDFFZ-FMHCQRV5H\/download\/salary_for_all_actors.png?t=xoxe-671764457543-761495007360-748720106514-e22867dc4a96f2e14ff182795f11301c",
                "thumb_64": "https:\/\/files.slack.com\/files-tmb\/TKRNGDFFZ-FMHCQRV5H-df5f64468c\/salary_for_all_actors_64.png?t=xoxe-671764457543-761495007360-748720106514-e22867dc4a96f2e14ff182795f11301c",
                "thumb_80": "https:\/\/files.slack.com\/files-tmb\/TKRNGDFFZ-FMHCQRV5H-df5f64468c\/salary_for_all_actors_80.png?t=xoxe-671764457543-761495007360-748720106514-e22867dc4a96f2e14ff182795f11301c",
                "thumb_360": "https:\/\/files.slack.com\/files-tmb\/TKRNGDFFZ-FMHCQRV5H-df5f64468c\/salary_for_all_actors_360.png?t=xoxe-671764457543-761495007360-748720106514-e22867dc4a96f2e14ff182795f11301c",
                "thumb_360_w": 360,
                "thumb_360_h": 263,
                "thumb_480": "https:\/\/files.slack.com\/files-tmb\/TKRNGDFFZ-FMHCQRV5H-df5f64468c\/salary_for_all_actors_480.png?t=xoxe-671764457543-761495007360-748720106514-e22867dc4a96f2e14ff182795f11301c",
                "thumb_480_w": 480,
                "thumb_480_h": 351,
                "thumb_160": "https:\/\/files.slack.com\/files-tmb\/TKRNGDFFZ-FMHCQRV5H-df5f64468c\/salary_for_all_actors_160.png?t=xoxe-671764457543-761495007360-748720106514-e22867dc4a96f2e14ff182795f11301c",
                "thumb_720": "https:\/\/files.slack.com\/files-tmb\/TKRNGDFFZ-FMHCQRV5H-df5f64468c\/salary_for_all_actors_720.png?t=xoxe-671764457543-761495007360-748720106514-e22867dc4a96f2e14ff182795f11301c",
                "thumb_720_w": 720,
                "thumb_720_h": 526,
                "thumb_800": "https:\/\/files.slack.com\/files-tmb\/TKRNGDFFZ-FMHCQRV5H-df5f64468c\/salary_for_all_actors_800.png?t=xoxe-671764457543-761495007360-748720106514-e22867dc4a96f2e14ff182795f11301c",
                "thumb_800_w": 800,
                "thumb_800_h": 585,
                "thumb_960": "https:\/\/files.slack.com\/files-tmb\/TKRNGDFFZ-FMHCQRV5H-df5f64468c\/salary_for_all_actors_960.png?t=xoxe-671764457543-761495007360-748720106514-e22867dc4a96f2e14ff182795f11301c",
                "thumb_960_w": 960,
                "thumb_960_h": 702,
                "thumb_1024": "https:\/\/files.slack.com\/files-tmb\/TKRNGDFFZ-FMHCQRV5H-df5f64468c\/salary_for_all_actors_1024.png?t=xoxe-671764457543-761495007360-748720106514-e22867dc4a96f2e14ff182795f11301c",
                "thumb_1024_w": 1024,
                "thumb_1024_h": 749,
                "image_exif_rotation": 1,
                "original_w": 1762,
                "original_h": 1288,
                "permalink": "https:\/\/scrgt-bdso.slack.com\/files\/UL1DRU6R3\/FMHCQRV5H\/salary_for_all_actors.png",
                "permalink_public": "https:\/\/slack-files.com\/TKRNGDFFZ-FMHCQRV5H-165a17d210",
                "is_starred": false,
                "has_rich_preview": false
            }
        ],
        "upload": true,
        "user": "UL1DRU6R3",
        "display_as_bot": false,
        "ts": "1567101858.008900",
        "client_msg_id": "fe73dd33-779d-435d-8024-bc2ff13b869d"
    },
    {
        "type": "message",
        "text": "This chart shows the pay gap between male &amp; female celebs for the 10 year period. Same premise can be used for the working celebs of both genders as a comparisons.",
        "files": [
            {
                "id": "FMNELR1ED",
                "created": 1567101942,
                "timestamp": 1567101942,
                "name": "salary difference bt male-female.png",
                "title": "salary difference bt male-female.png",
                "mimetype": "image\/png",
                "filetype": "png",
                "pretty_type": "PNG",
                "user": "UL1DRU6R3",
                "editable": false,
                "size": 219268,
                "mode": "hosted",
                "is_external": false,
                "external_type": "",
                "is_public": true,
                "public_url_shared": false,
                "display_as_bot": false,
                "username": "",
                "url_private": "https:\/\/files.slack.com\/files-pri\/TKRNGDFFZ-FMNELR1ED\/salary_difference_bt_male-female.png?t=xoxe-671764457543-761495007360-748720106514-e22867dc4a96f2e14ff182795f11301c",
                "url_private_download": "https:\/\/files.slack.com\/files-pri\/TKRNGDFFZ-FMNELR1ED\/download\/salary_difference_bt_male-female.png?t=xoxe-671764457543-761495007360-748720106514-e22867dc4a96f2e14ff182795f11301c",
                "thumb_64": "https:\/\/files.slack.com\/files-tmb\/TKRNGDFFZ-FMNELR1ED-d8e4b5672d\/salary_difference_bt_male-female_64.png?t=xoxe-671764457543-761495007360-748720106514-e22867dc4a96f2e14ff182795f11301c",
                "thumb_80": "https:\/\/files.slack.com\/files-tmb\/TKRNGDFFZ-FMNELR1ED-d8e4b5672d\/salary_difference_bt_male-female_80.png?t=xoxe-671764457543-761495007360-748720106514-e22867dc4a96f2e14ff182795f11301c",
                "thumb_360": "https:\/\/files.slack.com\/files-tmb\/TKRNGDFFZ-FMNELR1ED-d8e4b5672d\/salary_difference_bt_male-female_360.png?t=xoxe-671764457543-761495007360-748720106514-e22867dc4a96f2e14ff182795f11301c",
                "thumb_360_w": 360,
                "thumb_360_h": 268,
                "thumb_480": "https:\/\/files.slack.com\/files-tmb\/TKRNGDFFZ-FMNELR1ED-d8e4b5672d\/salary_difference_bt_male-female_480.png?t=xoxe-671764457543-761495007360-748720106514-e22867dc4a96f2e14ff182795f11301c",
                "thumb_480_w": 480,
                "thumb_480_h": 358,
                "thumb_160": "https:\/\/files.slack.com\/files-tmb\/TKRNGDFFZ-FMNELR1ED-d8e4b5672d\/salary_difference_bt_male-female_160.png?t=xoxe-671764457543-761495007360-748720106514-e22867dc4a96f2e14ff182795f11301c",
                "thumb_720": "https:\/\/files.slack.com\/files-tmb\/TKRNGDFFZ-FMNELR1ED-d8e4b5672d\/salary_difference_bt_male-female_720.png?t=xoxe-671764457543-761495007360-748720106514-e22867dc4a96f2e14ff182795f11301c",
                "thumb_720_w": 720,
                "thumb_720_h": 537,
                "thumb_800": "https:\/\/files.slack.com\/files-tmb\/TKRNGDFFZ-FMNELR1ED-d8e4b5672d\/salary_difference_bt_male-female_800.png?t=xoxe-671764457543-761495007360-748720106514-e22867dc4a96f2e14ff182795f11301c",
                "thumb_800_w": 800,
                "thumb_800_h": 596,
                "thumb_960": "https:\/\/files.slack.com\/files-tmb\/TKRNGDFFZ-FMNELR1ED-d8e4b5672d\/salary_difference_bt_male-female_960.png?t=xoxe-671764457543-761495007360-748720106514-e22867dc4a96f2e14ff182795f11301c",
                "thumb_960_w": 960,
                "thumb_960_h": 716,
                "thumb_1024": "https:\/\/files.slack.com\/files-tmb\/TKRNGDFFZ-FMNELR1ED-d8e4b5672d\/salary_difference_bt_male-female_1024.png?t=xoxe-671764457543-761495007360-748720106514-e22867dc4a96f2e14ff182795f11301c",
                "thumb_1024_w": 1024,
                "thumb_1024_h": 763,
                "image_exif_rotation": 1,
                "original_w": 1760,
                "original_h": 1312,
                "permalink": "https:\/\/scrgt-bdso.slack.com\/files\/UL1DRU6R3\/FMNELR1ED\/salary_difference_bt_male-female.png",
                "permalink_public": "https:\/\/slack-files.com\/TKRNGDFFZ-FMNELR1ED-3b58417e75",
                "is_starred": false,
                "has_rich_preview": false
            }
        ],
        "upload": true,
        "user": "UL1DRU6R3",
        "display_as_bot": false,
        "ts": "1567101947.009200",
        "client_msg_id": "80cb6de6-df3a-4ec0-aa29-dad13016a620",
        "thread_ts": "1567101947.009200",
        "reply_count": 1,
        "reply_users_count": 1,
        "latest_reply": "1567115484.009500",
        "reply_users": [
            "UMU0XSL14"
        ],
        "replies": [
            {
                "user": "UMU0XSL14",
                "ts": "1567115484.009500"
            }
        ],
        "subscribed": false
    },
    {
        "client_msg_id": "30f7469a-7afe-4fe3-97b5-e5a1f798df6a",
        "type": "message",
        "text": "<@UL1DRU6R3> definitely agree with aggregating by celeb characteristic (e.g. gender) instead of representing individually. we could also consider aggregating by the classes that Jason is working on",
        "user": "UMU0XSL14",
        "ts": "1567115484.009500",
        "team": "TKRNGDFFZ",
        "user_team": "TKRNGDFFZ",
        "source_team": "TKRNGDFFZ",
        "user_profile": {
            "avatar_hash": "g9eacb4cc546",
            "image_72": "https:\/\/secure.gravatar.com\/avatar\/9eacb4cc546a7ff092634ad5d8fc8240.jpg?s=72&d=https%3A%2F%2Fa.slack-edge.com%2F80588%2Fimg%2Favatars%2Fava_0024-72.png",
            "first_name": "",
            "real_name": "Rachel Cohen",
            "display_name": "Rachel Cohen",
            "team": "TKRNGDFFZ",
            "name": "rlcohen",
            "is_restricted": false,
            "is_ultra_restricted": false
        },
        "thread_ts": "1567101947.009200",
        "parent_user_id": "UL1DRU6R3",
        "reactions": [
            {
                "name": "+1",
                "users": [
                    "UL1DRU6R3"
                ],
                "count": 1
            }
        ]
    },
    {
        "client_msg_id": "deea2fef-fcd0-4f92-a954-d602863f4c4d",
        "type": "message",
        "text": "Wireframe uploaded with new Celebrity Profile throughout. <https:\/\/mqodi3.axshare.com>",
        "user": "UL1DRU6R3",
        "ts": "1567117813.009900",
        "team": "TKRNGDFFZ",
        "user_team": "TKRNGDFFZ",
        "source_team": "TKRNGDFFZ",
        "user_profile": {
            "avatar_hash": "gd89e47c2607",
            "image_72": "https:\/\/secure.gravatar.com\/avatar\/d89e47c2607ea5a7401c907933bcd907.jpg?s=72&d=https%3A%2F%2Fa.slack-edge.com%2F80588%2Fimg%2Favatars%2Fava_0002-72.png",
            "first_name": "",
            "real_name": "Jacquie",
            "display_name": "Jacquie",
            "team": "TKRNGDFFZ",
            "name": "jacqueline.granger",
            "is_restricted": false,
            "is_ultra_restricted": false
        }
    },
    {
        "user": "UMM68BPPT",
        "type": "message",
        "subtype": "channel_join",
        "ts": "1567119387.010100",
        "text": "<@UMM68BPPT> has joined the channel"
    }
]