[
    {
        "client_msg_id": "a9071fed-b625-4f32-9ad9-5bc910cf4328",
        "type": "message",
        "text": "<!channel> does 10:30 am work for everyone for a quick call?  I will also ask the front end team",
        "user": "UMVNX6570",
        "ts": "1567168849.011300",
        "team": "TKRNGDFFZ",
        "user_team": "TKRNGDFFZ",
        "source_team": "TKRNGDFFZ",
        "user_profile": {
            "avatar_hash": "g072ae8fa416",
            "image_72": "https:\/\/secure.gravatar.com\/avatar\/072ae8fa4163bae875575b389aaea9a3.jpg?s=72&d=https%3A%2F%2Fa.slack-edge.com%2F80588%2Fimg%2Favatars%2Fava_0015-72.png",
            "first_name": "",
            "real_name": "Gayatri Anand",
            "display_name": "",
            "team": "TKRNGDFFZ",
            "name": "gayatri.anand-patel",
            "is_restricted": false,
            "is_ultra_restricted": false
        },
        "thread_ts": "1567168849.011300",
        "reply_count": 1,
        "reply_users_count": 1,
        "latest_reply": "1567175520.012800",
        "reply_users": [
            "UMU0XSL14"
        ],
        "replies": [
            {
                "user": "UMU0XSL14",
                "ts": "1567175520.012800"
            }
        ],
        "subscribed": false,
        "reactions": [
            {
                "name": "+1",
                "users": [
                    "UL1DRU6R3",
                    "UMU0XSL14"
                ],
                "count": 2
            }
        ]
    },
    {
        "client_msg_id": "5d220b7c-7d9a-4c3a-aa87-ddcbd903859f",
        "type": "message",
        "text": "Are you sending an invite?",
        "user": "UL1DRU6R3",
        "ts": "1567168898.012000",
        "team": "TKRNGDFFZ",
        "user_team": "TKRNGDFFZ",
        "source_team": "TKRNGDFFZ",
        "user_profile": {
            "avatar_hash": "gd89e47c2607",
            "image_72": "https:\/\/secure.gravatar.com\/avatar\/d89e47c2607ea5a7401c907933bcd907.jpg?s=72&d=https%3A%2F%2Fa.slack-edge.com%2F80588%2Fimg%2Favatars%2Fava_0002-72.png",
            "first_name": "",
            "real_name": "Jacquie",
            "display_name": "Jacquie",
            "team": "TKRNGDFFZ",
            "name": "jacqueline.granger",
            "is_restricted": false,
            "is_ultra_restricted": false
        },
        "edited": {
            "user": "UL1DRU6R3",
            "ts": "1567168916.000000"
        }
    },
    {
        "client_msg_id": "6c81d1a3-bd94-4cad-bc36-6d675b9d597c",
        "type": "message",
        "text": "making sure everyone is available first",
        "user": "UMVNX6570",
        "ts": "1567168949.012500",
        "team": "TKRNGDFFZ",
        "user_team": "TKRNGDFFZ",
        "source_team": "TKRNGDFFZ",
        "user_profile": {
            "avatar_hash": "g072ae8fa416",
            "image_72": "https:\/\/secure.gravatar.com\/avatar\/072ae8fa4163bae875575b389aaea9a3.jpg?s=72&d=https%3A%2F%2Fa.slack-edge.com%2F80588%2Fimg%2Favatars%2Fava_0015-72.png",
            "first_name": "",
            "real_name": "Gayatri Anand",
            "display_name": "",
            "team": "TKRNGDFFZ",
            "name": "gayatri.anand-patel",
            "is_restricted": false,
            "is_ultra_restricted": false
        },
        "reactions": [
            {
                "name": "+1",
                "users": [
                    "UL1DRU6R3"
                ],
                "count": 1
            }
        ]
    },
    {
        "client_msg_id": "b2549ff7-f2c9-4faf-8545-38f8b5069f95",
        "type": "message",
        "text": "<@UMVNX6570> did not receive any invite yet",
        "user": "UMU0XSL14",
        "ts": "1567175520.012800",
        "team": "TKRNGDFFZ",
        "user_team": "TKRNGDFFZ",
        "source_team": "TKRNGDFFZ",
        "user_profile": {
            "avatar_hash": "g9eacb4cc546",
            "image_72": "https:\/\/secure.gravatar.com\/avatar\/9eacb4cc546a7ff092634ad5d8fc8240.jpg?s=72&d=https%3A%2F%2Fa.slack-edge.com%2F80588%2Fimg%2Favatars%2Fava_0024-72.png",
            "first_name": "",
            "real_name": "Rachel Cohen",
            "display_name": "Rachel Cohen",
            "team": "TKRNGDFFZ",
            "name": "rlcohen",
            "is_restricted": false,
            "is_ultra_restricted": false
        },
        "thread_ts": "1567168849.011300",
        "parent_user_id": "UMVNX6570"
    },
    {
        "user": "UL284UA1J",
        "type": "message",
        "subtype": "channel_join",
        "ts": "1567185748.013300",
        "text": "<@UL284UA1J> has joined the channel"
    },
    {
        "client_msg_id": "2b1ce7ca-8670-4863-8653-25b972f95690",
        "type": "message",
        "text": "<#CMRS81CBX|datascience>  I am working on an EMR cluster with the Jupyter environment.  Do you need anything 'bootstrapped' into the environment?  An example is the below script which was used in a different environment.  Let's not bootstrap just because we can, but if there would be benefit to having pre-existing, because it is a little bit of a hack to do so",
        "user": "UL284UA1J",
        "ts": "1567185822.014700",
        "team": "TKRNGDFFZ",
        "user_team": "TKRNGDFFZ",
        "source_team": "TKRNGDFFZ",
        "user_profile": {
            "avatar_hash": "g68abbeef961",
            "image_72": "https:\/\/secure.gravatar.com\/avatar\/68abbeef9611a51f2c362e3d99271b2e.jpg?s=72&d=https%3A%2F%2Fa.slack-edge.com%2F80588%2Fimg%2Favatars%2Fava_0015-72.png",
            "first_name": "",
            "real_name": "Gary Morris",
            "display_name": "Gary Morris",
            "team": "TKRNGDFFZ",
            "name": "gary.morris",
            "is_restricted": false,
            "is_ultra_restricted": false
        }
    },
    {
        "client_msg_id": "acc0a3dd-c1bc-44da-8b82-2f50bd386a79",
        "type": "message",
        "text": "```sudo docker exec jupyterhub \/bin\/bash -c \"mkdir \/home\/jovyan\/.cache\"\nsudo docker exec jupyterhub \/bin\/bash -c \"touch \/home\/jovyan\/.cache\/pip\"\nsudo docker exec jupyterhub \/bin\/bash -c \"chown -R jovyan:users \/home\/jovyan\/.cache\"\nsudo docker exec jupyterhub \/bin\/bash -c \"python -m pip install spacy\"\nsudo docker exec jupyterhub \/bin\/bash -c \"python -m spacy download en\"\nsudo docker exec jupyterhub \/bin\/bash -c \"python -m pip install gensim\"\nsudo docker exec jupyterhub \/bin\/bash -c \"python -m pip install nltk\"\nsudo docker exec jupyterhub \/bin\/bash -c \"python -m nltk.downloader all\"\nsudo docker exec jupyterhub \/bin\/bash -c \"python -m pip install psycopg2-binary\"\nsudo docker exec jupyterhub \/bin\/bash -c \"python -m pip install --upgrade pandas\"\nsudo docker exec jupyterhub \/bin\/bash -c \"python -m pip install wordcloud\"\nsudo docker exec jupyterhub \/bin\/bash -c \"python -m pip install jupyter_contrib_nbextensions\"\nsudo docker exec jupyterhub \/bin\/bash -c \"jupyter contrib nbextension install --user\"\nsudo docker exec jupyterhub \/bin\/bash -c \"python -m pip install jupyter_nbextensions_configurator --user\"\nsudo docker exec jupyterhub \/bin\/bash -c \"jupyter nbextensions_configurator enable\"\nsudo docker exec jupyterhub \/bin\/bash -c \"python -m pip install hide_code --user\"\nsudo docker exec jupyterhub \/bin\/bash -c \"jupyter nbextension install --py hide_code\"\nsudo docker exec jupyterhub \/bin\/bash -c \"jupyter nbextension enable --py hide_code\"\nsudo docker exec jupyterhub \/bin\/bash -c \"jupyter serverextension enable --py hide_code\"\nsudo docker exec jupyterhub \/bin\/bash -c \"python -m pip install prompt-toolkit==1.0.15\"\nsudo docker exec jupyterhub \/bin\/bash -c \"chown -R jovyan:users \/home\/jovyan\/.cache\"\nsudo docker exec jupyterhub \/bin\/bash -c \"chown -R jovyan:users \/home\/jovyan\/.local\"```",
        "user": "UL284UA1J",
        "ts": "1567185826.014900",
        "team": "TKRNGDFFZ",
        "user_team": "TKRNGDFFZ",
        "source_team": "TKRNGDFFZ",
        "user_profile": {
            "avatar_hash": "g68abbeef961",
            "image_72": "https:\/\/secure.gravatar.com\/avatar\/68abbeef9611a51f2c362e3d99271b2e.jpg?s=72&d=https%3A%2F%2Fa.slack-edge.com%2F80588%2Fimg%2Favatars%2Fava_0015-72.png",
            "first_name": "",
            "real_name": "Gary Morris",
            "display_name": "Gary Morris",
            "team": "TKRNGDFFZ",
            "name": "gary.morris",
            "is_restricted": false,
            "is_ultra_restricted": false
        }
    },
    {
        "client_msg_id": "867a9103-b008-48dd-88dc-41b05be8b03b",
        "type": "message",
        "text": "we'll have to go through our library and get back to you",
        "user": "ULX5BPN3C",
        "ts": "1567186568.015200",
        "team": "TKRNGDFFZ",
        "user_team": "TKRNGDFFZ",
        "source_team": "TKRNGDFFZ",
        "user_profile": {
            "avatar_hash": "g6a2d3222d03",
            "image_72": "https:\/\/secure.gravatar.com\/avatar\/6a2d3222d03e600836a3b667ac22c2f6.jpg?s=72&d=https%3A%2F%2Fa.slack-edge.com%2F80588%2Fimg%2Favatars%2Fava_0025-72.png",
            "first_name": "",
            "real_name": "Ray Duong",
            "display_name": "",
            "team": "TKRNGDFFZ",
            "name": "ray.duong",
            "is_restricted": false,
            "is_ultra_restricted": false
        }
    },
    {
        "client_msg_id": "c34b1e86-b473-4720-bec6-1a10b2a1f19d",
        "type": "message",
        "text": "<!channel> We have a problem.\nAt least two of our Actors on the Top 100 are deceased. What should we do about that considering in the story it states:\n\n\"The *studio has agreed to hire the top 100 celebrities for a massive movie production* and wants to create a celebrity profile and conduct entity resolution and analytics across the group.\"\n\nDead people cannot be hired.... Should Robin Williams (2014) and Carrie Fisher (2016) even be in this database at all? Based on the blip above, no. What do we do?",
        "user": "UL1DRU6R3",
        "ts": "1567189554.017500",
        "team": "TKRNGDFFZ",
        "user_team": "TKRNGDFFZ",
        "source_team": "TKRNGDFFZ",
        "user_profile": {
            "avatar_hash": "gd89e47c2607",
            "image_72": "https:\/\/secure.gravatar.com\/avatar\/d89e47c2607ea5a7401c907933bcd907.jpg?s=72&d=https%3A%2F%2Fa.slack-edge.com%2F80588%2Fimg%2Favatars%2Fava_0002-72.png",
            "first_name": "",
            "real_name": "Jacquie",
            "display_name": "Jacquie",
            "team": "TKRNGDFFZ",
            "name": "jacqueline.granger",
            "is_restricted": false,
            "is_ultra_restricted": false
        },
        "thread_ts": "1567189554.017500",
        "reply_count": 2,
        "reply_users_count": 2,
        "latest_reply": "1567197086.020500",
        "reply_users": [
            "UMU0XSL14",
            "UL1DRU6R3"
        ],
        "replies": [
            {
                "user": "UMU0XSL14",
                "ts": "1567197049.019900"
            },
            {
                "user": "UL1DRU6R3",
                "ts": "1567197086.020500"
            }
        ],
        "subscribed": false
    },
    {
        "client_msg_id": "91fa0250-90a6-43b7-bf21-23b2f94dcfe8",
        "type": "message",
        "text": "<@ULX5BPN3C> as you know they can be installed within Jupyter from the notebook.  The reason I had done this was the team wanted the notebook to have some interactive features from the beginning without requiring the assessors to have to first execute a command (located at the top of the notebook) to install",
        "user": "UL284UA1J",
        "ts": "1567189989.019300",
        "team": "TKRNGDFFZ",
        "user_team": "TKRNGDFFZ",
        "source_team": "TKRNGDFFZ",
        "user_profile": {
            "avatar_hash": "g68abbeef961",
            "image_72": "https:\/\/secure.gravatar.com\/avatar\/68abbeef9611a51f2c362e3d99271b2e.jpg?s=72&d=https%3A%2F%2Fa.slack-edge.com%2F80588%2Fimg%2Favatars%2Fava_0015-72.png",
            "first_name": "",
            "real_name": "Gary Morris",
            "display_name": "Gary Morris",
            "team": "TKRNGDFFZ",
            "name": "gary.morris",
            "is_restricted": false,
            "is_ultra_restricted": false
        }
    },
    {
        "client_msg_id": "0DBD6F81-7831-429C-B63C-6203FE82F724",
        "type": "message",
        "text": "Jacquie has my PO direction",
        "user": "UKQ0AMW48",
        "ts": "1567193626.019800",
        "team": "TKRNGDFFZ",
        "user_team": "TKRNGDFFZ",
        "source_team": "TKRNGDFFZ",
        "user_profile": {
            "avatar_hash": "g706ef9d17e3",
            "image_72": "https:\/\/secure.gravatar.com\/avatar\/706ef9d17e3d82d2a8d5cfe003a17aca.jpg?s=72&d=https%3A%2F%2Fa.slack-edge.com%2F80588%2Fimg%2Favatars%2Fava_0024-72.png",
            "first_name": "",
            "real_name": "John Edgar",
            "display_name": "",
            "team": "TKRNGDFFZ",
            "name": "john.edgar",
            "is_restricted": false,
            "is_ultra_restricted": false
        }
    },
    {
        "client_msg_id": "80c9b25a-25b1-4aa6-a45c-7a11227932d5",
        "type": "message",
        "text": "<@UL1DRU6R3> not sure if others have already weighed in, but we can add a catch in our models to disable recommendation for a deceased actor but still allow search \/ biographical details against that actor",
        "user": "UMU0XSL14",
        "ts": "1567197049.019900",
        "team": "TKRNGDFFZ",
        "user_team": "TKRNGDFFZ",
        "source_team": "TKRNGDFFZ",
        "user_profile": {
            "avatar_hash": "g9eacb4cc546",
            "image_72": "https:\/\/secure.gravatar.com\/avatar\/9eacb4cc546a7ff092634ad5d8fc8240.jpg?s=72&d=https%3A%2F%2Fa.slack-edge.com%2F80588%2Fimg%2Favatars%2Fava_0024-72.png",
            "first_name": "",
            "real_name": "Rachel Cohen",
            "display_name": "Rachel Cohen",
            "team": "TKRNGDFFZ",
            "name": "rlcohen",
            "is_restricted": false,
            "is_ultra_restricted": false
        },
        "thread_ts": "1567189554.017500",
        "parent_user_id": "UL1DRU6R3",
        "reactions": [
            {
                "name": "+1",
                "users": [
                    "UL1DRU6R3"
                ],
                "count": 1
            }
        ]
    },
    {
        "client_msg_id": "F96EE600-116F-4CA9-8422-8DAEEB5D3819",
        "type": "message",
        "text": "Great. That would be awesome. Thanks. ",
        "user": "UL1DRU6R3",
        "ts": "1567197086.020500",
        "team": "TKRNGDFFZ",
        "user_team": "TKRNGDFFZ",
        "source_team": "TKRNGDFFZ",
        "user_profile": {
            "avatar_hash": "gd89e47c2607",
            "image_72": "https:\/\/secure.gravatar.com\/avatar\/d89e47c2607ea5a7401c907933bcd907.jpg?s=72&d=https%3A%2F%2Fa.slack-edge.com%2F80588%2Fimg%2Favatars%2Fava_0002-72.png",
            "first_name": "",
            "real_name": "Jacquie",
            "display_name": "Jacquie",
            "team": "TKRNGDFFZ",
            "name": "jacqueline.granger",
            "is_restricted": false,
            "is_ultra_restricted": false
        },
        "thread_ts": "1567189554.017500",
        "parent_user_id": "UL1DRU6R3"
    },
    {
        "client_msg_id": "c0b99529-e43f-4d6e-9e67-9d3caa33929c",
        "type": "message",
        "text": "for now if you'd like, you can access jupyter at `<https:\/\/ec2-3-15-226-117.us-east-2.compute.amazonaws.com:9443\/>`  username\/pw `jovyan\/jupyter`.  But *please* save your notebooks locally somewhere as I will likely be destroying and recreating this environment numerous times",
        "user": "UL284UA1J",
        "ts": "1567198972.021700",
        "team": "TKRNGDFFZ",
        "user_team": "TKRNGDFFZ",
        "source_team": "TKRNGDFFZ",
        "user_profile": {
            "avatar_hash": "g68abbeef961",
            "image_72": "https:\/\/secure.gravatar.com\/avatar\/68abbeef9611a51f2c362e3d99271b2e.jpg?s=72&d=https%3A%2F%2Fa.slack-edge.com%2F80588%2Fimg%2Favatars%2Fava_0015-72.png",
            "first_name": "",
            "real_name": "Gary Morris",
            "display_name": "Gary Morris",
            "team": "TKRNGDFFZ",
            "name": "gary.morris",
            "is_restricted": false,
            "is_ultra_restricted": false
        }
    },
    {
        "client_msg_id": "87a105a5-50f6-42fa-b6a3-34c1fcda603f",
        "type": "message",
        "text": "if you need one stable cluster somewhere let me know and i can try to set one up somewhere that i will not destroy without coordination",
        "user": "UL284UA1J",
        "ts": "1567199013.022200",
        "team": "TKRNGDFFZ",
        "user_team": "TKRNGDFFZ",
        "source_team": "TKRNGDFFZ",
        "user_profile": {
            "avatar_hash": "g68abbeef961",
            "image_72": "https:\/\/secure.gravatar.com\/avatar\/68abbeef9611a51f2c362e3d99271b2e.jpg?s=72&d=https%3A%2F%2Fa.slack-edge.com%2F80588%2Fimg%2Favatars%2Fava_0015-72.png",
            "first_name": "",
            "real_name": "Gary Morris",
            "display_name": "Gary Morris",
            "team": "TKRNGDFFZ",
            "name": "gary.morris",
            "is_restricted": false,
            "is_ultra_restricted": false
        }
    },
    {
        "client_msg_id": "5b9c9585-ddd2-4b4f-a38e-82059a8f296e",
        "type": "message",
        "text": "id like it if there was a folder within a repo that can be used that we simply 'copy' to s3 and that becomes the jupyter notebook location.. so when you login, your notebooks are there.. we should have a dev, test, and prod folder, with notebooks within",
        "user": "UL284UA1J",
        "ts": "1567199072.023300",
        "team": "TKRNGDFFZ",
        "user_team": "TKRNGDFFZ",
        "source_team": "TKRNGDFFZ",
        "user_profile": {
            "avatar_hash": "g68abbeef961",
            "image_72": "https:\/\/secure.gravatar.com\/avatar\/68abbeef9611a51f2c362e3d99271b2e.jpg?s=72&d=https%3A%2F%2Fa.slack-edge.com%2F80588%2Fimg%2Favatars%2Fava_0015-72.png",
            "first_name": "",
            "real_name": "Gary Morris",
            "display_name": "Gary Morris",
            "team": "TKRNGDFFZ",
            "name": "gary.morris",
            "is_restricted": false,
            "is_ultra_restricted": false
        }
    },
    {
        "client_msg_id": "13d9c198-91da-47c5-bea8-ed6dbdb6b24a",
        "type": "message",
        "text": "<!channel> Good evening all -- <https:\/\/mqodi3.axshare.com\/#id=5jnt12&amp;p=data_science_page&amp;g=14&amp;sc=1>\nThis is the projected KPI for the Data Scientist page, when\/if John approves of this line up. Thought I'd give you all a sneak peak.",
        "user": "UL1DRU6R3",
        "ts": "1567202493.024600",
        "team": "TKRNGDFFZ",
        "user_team": "TKRNGDFFZ",
        "source_team": "TKRNGDFFZ",
        "user_profile": {
            "avatar_hash": "gd89e47c2607",
            "image_72": "https:\/\/secure.gravatar.com\/avatar\/d89e47c2607ea5a7401c907933bcd907.jpg?s=72&d=https%3A%2F%2Fa.slack-edge.com%2F80588%2Fimg%2Favatars%2Fava_0002-72.png",
            "first_name": "",
            "real_name": "Jacquie",
            "display_name": "Jacquie",
            "team": "TKRNGDFFZ",
            "name": "jacqueline.granger",
            "is_restricted": false,
            "is_ultra_restricted": false
        }
    }
]