[
    {
        "client_msg_id": "64B30D4A-0D4E-4DF3-AE3E-AF701D9DEAD2",
        "type": "message",
        "text": "<@UMRQXMCQ0> <@UMU0XSL14> ,  can you check in the recommendation and segmentation code?",
        "user": "ULX5BPN3C",
        "ts": "1567516808.037000",
        "team": "TKRNGDFFZ",
        "user_team": "TKRNGDFFZ",
        "source_team": "TKRNGDFFZ",
        "user_profile": {
            "avatar_hash": "g6a2d3222d03",
            "image_72": "https:\/\/secure.gravatar.com\/avatar\/6a2d3222d03e600836a3b667ac22c2f6.jpg?s=72&d=https%3A%2F%2Fa.slack-edge.com%2F80588%2Fimg%2Favatars%2Fava_0025-72.png",
            "first_name": "",
            "real_name": "Ray Duong",
            "display_name": "",
            "team": "TKRNGDFFZ",
            "name": "ray.duong",
            "is_restricted": false,
            "is_ultra_restricted": false
        }
    },
    {
        "client_msg_id": "8D7CC879-8F6A-4CEA-A3F5-B87DFE893BF3",
        "type": "message",
        "text": "Can we sync up and see what is still outstanding?",
        "user": "ULX5BPN3C",
        "ts": "1567516844.037700",
        "team": "TKRNGDFFZ",
        "user_team": "TKRNGDFFZ",
        "source_team": "TKRNGDFFZ",
        "user_profile": {
            "avatar_hash": "g6a2d3222d03",
            "image_72": "https:\/\/secure.gravatar.com\/avatar\/6a2d3222d03e600836a3b667ac22c2f6.jpg?s=72&d=https%3A%2F%2Fa.slack-edge.com%2F80588%2Fimg%2Favatars%2Fava_0025-72.png",
            "first_name": "",
            "real_name": "Ray Duong",
            "display_name": "",
            "team": "TKRNGDFFZ",
            "name": "ray.duong",
            "is_restricted": false,
            "is_ultra_restricted": false
        },
        "thread_ts": "1567516844.037700",
        "reply_count": 2,
        "reply_users_count": 2,
        "latest_reply": "1567517157.038600",
        "reply_users": [
            "UMRQXMCQ0",
            "ULX5BPN3C"
        ],
        "replies": [
            {
                "user": "UMRQXMCQ0",
                "ts": "1567517115.037800"
            },
            {
                "user": "ULX5BPN3C",
                "ts": "1567517157.038600"
            }
        ],
        "subscribed": false
    },
    {
        "client_msg_id": "e0b72c33-8254-473c-8d80-37caeeab6a69",
        "type": "message",
        "text": "yes let’s — is 10:00 good? we can meet on my webex <https:\/\/ibm.webex.com\/meet\/jboada>",
        "user": "UMRQXMCQ0",
        "ts": "1567517115.037800",
        "team": "TKRNGDFFZ",
        "user_team": "TKRNGDFFZ",
        "source_team": "TKRNGDFFZ",
        "user_profile": {
            "avatar_hash": "g66c85885606",
            "image_72": "https:\/\/secure.gravatar.com\/avatar\/66c858856069e43814f4c2a3581cb97c.jpg?s=72&d=https%3A%2F%2Fa.slack-edge.com%2F80588%2Fimg%2Favatars%2Fava_0003-72.png",
            "first_name": "",
            "real_name": "Jason Boada",
            "display_name": "Jason Boada",
            "team": "TKRNGDFFZ",
            "name": "jboada",
            "is_restricted": false,
            "is_ultra_restricted": false
        },
        "attachments": [
            {
                "service_name": "Cisco Webex Site",
                "title": "Cisco Webex Meetings",
                "title_link": "https:\/\/ibm.webex.com\/meet\/jboada",
                "text": "Simple, modern video meetings for the global workforce. Join from anywhere, including your desktop, browser, mobile device, or video room device.",
                "fallback": "Cisco Webex Site: Cisco Webex Meetings",
                "image_url": "https:\/\/ibm.webex.com\/mw3300\/mywebex\/html\/img\/webexball_opengraph.png",
                "from_url": "https:\/\/ibm.webex.com\/meet\/jboada",
                "image_width": 250,
                "image_height": 250,
                "image_bytes": 10177,
                "service_icon": "https:\/\/ibm.webex.com\/favicont29.ico",
                "id": 1,
                "original_url": "https:\/\/ibm.webex.com\/meet\/jboada"
            }
        ],
        "thread_ts": "1567516844.037700",
        "parent_user_id": "ULX5BPN3C"
    },
    {
        "client_msg_id": "88027C48-08EA-4CB3-A256-040711C0E3D9",
        "type": "message",
        "text": "Sounds good,  talk to you at 10",
        "user": "ULX5BPN3C",
        "ts": "1567517157.038600",
        "team": "TKRNGDFFZ",
        "user_team": "TKRNGDFFZ",
        "source_team": "TKRNGDFFZ",
        "user_profile": {
            "avatar_hash": "g6a2d3222d03",
            "image_72": "https:\/\/secure.gravatar.com\/avatar\/6a2d3222d03e600836a3b667ac22c2f6.jpg?s=72&d=https%3A%2F%2Fa.slack-edge.com%2F80588%2Fimg%2Favatars%2Fava_0025-72.png",
            "first_name": "",
            "real_name": "Ray Duong",
            "display_name": "",
            "team": "TKRNGDFFZ",
            "name": "ray.duong",
            "is_restricted": false,
            "is_ultra_restricted": false
        },
        "thread_ts": "1567516844.037700",
        "parent_user_id": "ULX5BPN3C"
    },
    {
        "user": "UL0GK1LJD",
        "type": "message",
        "subtype": "channel_join",
        "ts": "1567533829.038900",
        "text": "<@UL0GK1LJD> has joined the channel"
    },
    {
        "client_msg_id": "40e7c79c-f1d3-44d0-add8-95ab1b59c7b3",
        "type": "message",
        "text": "I have created the 3 S3 buckets - bdso-celebrity-content-dev, bdso-celebrity-content-test and bdso-celebrity-content-prod. The accesskey and secretkey to use are: AKIA2BJNXIUA5SFPTQFW\ncbJtx93S8a063\/2XMnRonGAUiAFT42nWzaSeCdkT\n\nThese are in the us-east-2 region",
        "user": "UL0GK1LJD",
        "ts": "1567535538.039100",
        "team": "TKRNGDFFZ",
        "user_team": "TKRNGDFFZ",
        "source_team": "TKRNGDFFZ",
        "user_profile": {
            "avatar_hash": "g8455934aab6",
            "image_72": "https:\/\/secure.gravatar.com\/avatar\/8455934aab6b3c7afceec7d3255ecd8b.jpg?s=72&d=https%3A%2F%2Fa.slack-edge.com%2F80588%2Fimg%2Favatars%2Fava_0004-72.png",
            "first_name": "",
            "real_name": "Vijay S Deshmukh",
            "display_name": "Vijay S Deshmukh",
            "team": "TKRNGDFFZ",
            "name": "vj_deshmukh",
            "is_restricted": false,
            "is_ultra_restricted": false
        }
    },
    {
        "client_msg_id": "d8c71452-e4fa-4c2e-bdce-abc1e0949df1",
        "type": "message",
        "text": "i'm not able to access the S3 bucket with these keys",
        "user": "ULX5BPN3C",
        "ts": "1567550292.039500",
        "team": "TKRNGDFFZ",
        "user_team": "TKRNGDFFZ",
        "source_team": "TKRNGDFFZ",
        "user_profile": {
            "avatar_hash": "g6a2d3222d03",
            "image_72": "https:\/\/secure.gravatar.com\/avatar\/6a2d3222d03e600836a3b667ac22c2f6.jpg?s=72&d=https%3A%2F%2Fa.slack-edge.com%2F80588%2Fimg%2Favatars%2Fava_0025-72.png",
            "first_name": "",
            "real_name": "Ray Duong",
            "display_name": "",
            "team": "TKRNGDFFZ",
            "name": "ray.duong",
            "is_restricted": false,
            "is_ultra_restricted": false
        }
    },
    {
        "client_msg_id": "e6677485-0a4d-4587-b886-7cd85a093dce",
        "type": "message",
        "text": "nevermind, it just worked",
        "user": "ULX5BPN3C",
        "ts": "1567550323.039800",
        "team": "TKRNGDFFZ",
        "user_team": "TKRNGDFFZ",
        "source_team": "TKRNGDFFZ",
        "user_profile": {
            "avatar_hash": "g6a2d3222d03",
            "image_72": "https:\/\/secure.gravatar.com\/avatar\/6a2d3222d03e600836a3b667ac22c2f6.jpg?s=72&d=https%3A%2F%2Fa.slack-edge.com%2F80588%2Fimg%2Favatars%2Fava_0025-72.png",
            "first_name": "",
            "real_name": "Ray Duong",
            "display_name": "",
            "team": "TKRNGDFFZ",
            "name": "ray.duong",
            "is_restricted": false,
            "is_ultra_restricted": false
        }
    },
    {
        "client_msg_id": "97266b85-8e5c-4167-b2ee-291a7abefa65",
        "type": "message",
        "text": "endpoint for the DS ES endpoint.  use ESHOST and ESPORT as the common  env variables to talk to the ES server",
        "user": "ULX5BPN3C",
        "ts": "1567550606.041200",
        "team": "TKRNGDFFZ",
        "user_team": "TKRNGDFFZ",
        "source_team": "TKRNGDFFZ",
        "user_profile": {
            "avatar_hash": "g6a2d3222d03",
            "image_72": "https:\/\/secure.gravatar.com\/avatar\/6a2d3222d03e600836a3b667ac22c2f6.jpg?s=72&d=https%3A%2F%2Fa.slack-edge.com%2F80588%2Fimg%2Favatars%2Fava_0025-72.png",
            "first_name": "",
            "real_name": "Ray Duong",
            "display_name": "",
            "team": "TKRNGDFFZ",
            "name": "ray.duong",
            "is_restricted": false,
            "is_ultra_restricted": false
        }
    },
    {
        "client_msg_id": "aba2f6a0-ed52-4a13-8294-b2f30a42cc50",
        "type": "message",
        "text": "<https:\/\/elasticsearch-dev.ocp.bdso.salientcrgt-bdso.com\/>",
        "user": "ULX5BPN3C",
        "ts": "1567550608.041400",
        "team": "TKRNGDFFZ",
        "user_team": "TKRNGDFFZ",
        "source_team": "TKRNGDFFZ",
        "user_profile": {
            "avatar_hash": "g6a2d3222d03",
            "image_72": "https:\/\/secure.gravatar.com\/avatar\/6a2d3222d03e600836a3b667ac22c2f6.jpg?s=72&d=https%3A%2F%2Fa.slack-edge.com%2F80588%2Fimg%2Favatars%2Fava_0025-72.png",
            "first_name": "",
            "real_name": "Ray Duong",
            "display_name": "",
            "team": "TKRNGDFFZ",
            "name": "ray.duong",
            "is_restricted": false,
            "is_ultra_restricted": false
        }
    },
    {
        "client_msg_id": "0f760ad9-f36d-4bc3-8270-fe4d1ff39c9f",
        "type": "message",
        "text": "So ESHOST=<http:\/\/elasticsearch-dev.ocp.bdso.salientcrgt-bdso.com|elasticsearch-dev.ocp.bdso.salientcrgt-bdso.com> &amp; ESPORT=443?",
        "user": "UKR4GLQKF",
        "ts": "1567550753.041900",
        "team": "TKRNGDFFZ",
        "user_team": "TKRNGDFFZ",
        "source_team": "TKRNGDFFZ",
        "user_profile": {
            "avatar_hash": "gf6859e536fb",
            "image_72": "https:\/\/secure.gravatar.com\/avatar\/f6859e536fb63a6f9d862b2f3fb9684c.jpg?s=72&d=https%3A%2F%2Fa.slack-edge.com%2F80588%2Fimg%2Favatars%2Fava_0015-72.png",
            "first_name": "",
            "real_name": "Amit Yadav",
            "display_name": "",
            "team": "TKRNGDFFZ",
            "name": "amit",
            "is_restricted": false,
            "is_ultra_restricted": false
        }
    },
    {
        "client_msg_id": "264a73b6-ad6f-4806-b46a-cdca2ecbffd9",
        "type": "message",
        "text": "Do you need 9200 or 9300 port? In openshift 443 is mapped to 9200",
        "user": "UKR4GLQKF",
        "ts": "1567550827.042500",
        "team": "TKRNGDFFZ",
        "user_team": "TKRNGDFFZ",
        "source_team": "TKRNGDFFZ",
        "user_profile": {
            "avatar_hash": "gf6859e536fb",
            "image_72": "https:\/\/secure.gravatar.com\/avatar\/f6859e536fb63a6f9d862b2f3fb9684c.jpg?s=72&d=https%3A%2F%2Fa.slack-edge.com%2F80588%2Fimg%2Favatars%2Fava_0015-72.png",
            "first_name": "",
            "real_name": "Amit Yadav",
            "display_name": "",
            "team": "TKRNGDFFZ",
            "name": "amit",
            "is_restricted": false,
            "is_ultra_restricted": false
        }
    },
    {
        "client_msg_id": "e4415f27-7544-4547-a1e8-2ce6fa9bfc50",
        "type": "message",
        "text": "that's find, just need to reconfigure the env",
        "user": "ULX5BPN3C",
        "ts": "1567551896.043000",
        "team": "TKRNGDFFZ",
        "user_team": "TKRNGDFFZ",
        "source_team": "TKRNGDFFZ",
        "user_profile": {
            "avatar_hash": "g6a2d3222d03",
            "image_72": "https:\/\/secure.gravatar.com\/avatar\/6a2d3222d03e600836a3b667ac22c2f6.jpg?s=72&d=https%3A%2F%2Fa.slack-edge.com%2F80588%2Fimg%2Favatars%2Fava_0025-72.png",
            "first_name": "",
            "real_name": "Ray Duong",
            "display_name": "",
            "team": "TKRNGDFFZ",
            "name": "ray.duong",
            "is_restricted": false,
            "is_ultra_restricted": false
        }
    },
    {
        "client_msg_id": "2d8f8dd6-4fea-458a-acf1-b6622e05f0c9",
        "type": "message",
        "text": "<@ULX5BPN3C> I get following from within docker terminal",
        "user": "UKR4GLQKF",
        "ts": "1567553308.043500",
        "team": "TKRNGDFFZ",
        "user_team": "TKRNGDFFZ",
        "source_team": "TKRNGDFFZ",
        "user_profile": {
            "avatar_hash": "gf6859e536fb",
            "image_72": "https:\/\/secure.gravatar.com\/avatar\/f6859e536fb63a6f9d862b2f3fb9684c.jpg?s=72&d=https%3A%2F%2Fa.slack-edge.com%2F80588%2Fimg%2Favatars%2Fava_0015-72.png",
            "first_name": "",
            "real_name": "Amit Yadav",
            "display_name": "",
            "team": "TKRNGDFFZ",
            "name": "amit",
            "is_restricted": false,
            "is_ultra_restricted": false
        }
    },
    {
        "client_msg_id": "36a836dc-1f0e-45bc-8856-3d2b75d9429d",
        "type": "message",
        "text": "curl <http:\/\/elasticsearch-master:9200>\n{\n  \"name\" : \"elasticsearch-master-1\",\n  \"cluster_name\" : \"elasticsearch\",\n  \"cluster_uuid\" : \"AMjYShVcTyaG8Skp5R75xA\",\n  \"version\" : {\n    \"number\" : \"7.3.0\",\n    \"build_flavor\" : \"default\",\n    \"build_type\" : \"docker\",\n    \"build_hash\" : \"de777fa\",\n    \"build_date\" : \"2019-07-24T18:30:11.767338Z\",\n    \"build_snapshot\" : false,\n    \"lucene_version\" : \"8.1.0\",\n    \"minimum_wire_compatibility_version\" : \"6.8.0\",\n    \"minimum_index_compatibility_version\" : \"6.0.0-beta1\"\n  },\n  \"tagline\" : \"You Know, for Search\"\n}",
        "user": "UKR4GLQKF",
        "ts": "1567553310.043700",
        "team": "TKRNGDFFZ",
        "user_team": "TKRNGDFFZ",
        "source_team": "TKRNGDFFZ",
        "user_profile": {
            "avatar_hash": "gf6859e536fb",
            "image_72": "https:\/\/secure.gravatar.com\/avatar\/f6859e536fb63a6f9d862b2f3fb9684c.jpg?s=72&d=https%3A%2F%2Fa.slack-edge.com%2F80588%2Fimg%2Favatars%2Fava_0015-72.png",
            "first_name": "",
            "real_name": "Amit Yadav",
            "display_name": "",
            "team": "TKRNGDFFZ",
            "name": "amit",
            "is_restricted": false,
            "is_ultra_restricted": false
        }
    },
    {
        "client_msg_id": "fd70c092-b608-460c-a2d7-9681f67c4931",
        "type": "message",
        "text": "Also, # echo $ESHOST\nelasticsearch-master\n# echo $ESPORT\n9200",
        "user": "UKR4GLQKF",
        "ts": "1567553372.044100",
        "team": "TKRNGDFFZ",
        "user_team": "TKRNGDFFZ",
        "source_team": "TKRNGDFFZ",
        "user_profile": {
            "avatar_hash": "gf6859e536fb",
            "image_72": "https:\/\/secure.gravatar.com\/avatar\/f6859e536fb63a6f9d862b2f3fb9684c.jpg?s=72&d=https%3A%2F%2Fa.slack-edge.com%2F80588%2Fimg%2Favatars%2Fava_0015-72.png",
            "first_name": "",
            "real_name": "Amit Yadav",
            "display_name": "",
            "team": "TKRNGDFFZ",
            "name": "amit",
            "is_restricted": false,
            "is_ultra_restricted": false
        }
    },
    {
        "client_msg_id": "cd5651b0-7cf9-43d5-9274-74d7c20d48b2",
        "type": "message",
        "text": "Let me know if you need other ENV variables",
        "user": "UKR4GLQKF",
        "ts": "1567553696.044800",
        "team": "TKRNGDFFZ",
        "user_team": "TKRNGDFFZ",
        "source_team": "TKRNGDFFZ",
        "user_profile": {
            "avatar_hash": "gf6859e536fb",
            "image_72": "https:\/\/secure.gravatar.com\/avatar\/f6859e536fb63a6f9d862b2f3fb9684c.jpg?s=72&d=https%3A%2F%2Fa.slack-edge.com%2F80588%2Fimg%2Favatars%2Fava_0015-72.png",
            "first_name": "",
            "real_name": "Amit Yadav",
            "display_name": "",
            "team": "TKRNGDFFZ",
            "name": "amit",
            "is_restricted": false,
            "is_ultra_restricted": false
        }
    },
    {
        "client_msg_id": "7EEF2FC3-E47D-4CA1-9090-3791C8C4607F",
        "type": "message",
        "text": "How is devops setting the env variables?  .env file?",
        "user": "ULX5BPN3C",
        "ts": "1567553792.045800",
        "team": "TKRNGDFFZ",
        "user_team": "TKRNGDFFZ",
        "source_team": "TKRNGDFFZ",
        "user_profile": {
            "avatar_hash": "g6a2d3222d03",
            "image_72": "https:\/\/secure.gravatar.com\/avatar\/6a2d3222d03e600836a3b667ac22c2f6.jpg?s=72&d=https%3A%2F%2Fa.slack-edge.com%2F80588%2Fimg%2Favatars%2Fava_0025-72.png",
            "first_name": "",
            "real_name": "Ray Duong",
            "display_name": "",
            "team": "TKRNGDFFZ",
            "name": "ray.duong",
            "is_restricted": false,
            "is_ultra_restricted": false
        }
    },
    {
        "client_msg_id": "c9ee61d8-6c87-4354-93e6-3c4742f6cd5d",
        "type": "message",
        "text": "<https:\/\/github.com\/SalientCRGT\/scrgt-bdso-cc-datascience\/blob\/pipeline_001\/facialRecognition\/openshift\/deploy-template.yml>",
        "user": "UKR4GLQKF",
        "ts": "1567553840.046000",
        "team": "TKRNGDFFZ",
        "user_team": "TKRNGDFFZ",
        "source_team": "TKRNGDFFZ",
        "user_profile": {
            "avatar_hash": "gf6859e536fb",
            "image_72": "https:\/\/secure.gravatar.com\/avatar\/f6859e536fb63a6f9d862b2f3fb9684c.jpg?s=72&d=https%3A%2F%2Fa.slack-edge.com%2F80588%2Fimg%2Favatars%2Fava_0015-72.png",
            "first_name": "",
            "real_name": "Amit Yadav",
            "display_name": "",
            "team": "TKRNGDFFZ",
            "name": "amit",
            "is_restricted": false,
            "is_ultra_restricted": false
        }
    },
    {
        "client_msg_id": "a51925a9-8dad-4cf0-ad95-0f54aca2620f",
        "type": "message",
        "text": "Look at container section",
        "user": "UKR4GLQKF",
        "ts": "1567553847.046300",
        "team": "TKRNGDFFZ",
        "user_team": "TKRNGDFFZ",
        "source_team": "TKRNGDFFZ",
        "user_profile": {
            "avatar_hash": "gf6859e536fb",
            "image_72": "https:\/\/secure.gravatar.com\/avatar\/f6859e536fb63a6f9d862b2f3fb9684c.jpg?s=72&d=https%3A%2F%2Fa.slack-edge.com%2F80588%2Fimg%2Favatars%2Fava_0015-72.png",
            "first_name": "",
            "real_name": "Amit Yadav",
            "display_name": "",
            "team": "TKRNGDFFZ",
            "name": "amit",
            "is_restricted": false,
            "is_ultra_restricted": false
        }
    },
    {
        "client_msg_id": "9b06d54a-241c-4e0e-8f75-4071565218f5",
        "type": "message",
        "text": "<https:\/\/github.com\/SalientCRGT\/scrgt-bdso-cc-datascience\/blob\/77e3fbe5c12b425dfc4f5d7dbf6b3ff89e5ff92f\/facialRecognition\/openshift\/deploy-template.yml#L47>",
        "user": "UKR4GLQKF",
        "ts": "1567553866.046500",
        "team": "TKRNGDFFZ",
        "user_team": "TKRNGDFFZ",
        "source_team": "TKRNGDFFZ",
        "user_profile": {
            "avatar_hash": "gf6859e536fb",
            "image_72": "https:\/\/secure.gravatar.com\/avatar\/f6859e536fb63a6f9d862b2f3fb9684c.jpg?s=72&d=https%3A%2F%2Fa.slack-edge.com%2F80588%2Fimg%2Favatars%2Fava_0015-72.png",
            "first_name": "",
            "real_name": "Amit Yadav",
            "display_name": "",
            "team": "TKRNGDFFZ",
            "name": "amit",
            "is_restricted": false,
            "is_ultra_restricted": false
        }
    },
    {
        "client_msg_id": "f7031a5d-18c8-45ce-8ab3-0b44a5734a3b",
        "type": "message",
        "text": "Jenkins job applies that to OpenShift",
        "user": "UKR4GLQKF",
        "ts": "1567553904.047100",
        "team": "TKRNGDFFZ",
        "user_team": "TKRNGDFFZ",
        "source_team": "TKRNGDFFZ",
        "user_profile": {
            "avatar_hash": "gf6859e536fb",
            "image_72": "https:\/\/secure.gravatar.com\/avatar\/f6859e536fb63a6f9d862b2f3fb9684c.jpg?s=72&d=https%3A%2F%2Fa.slack-edge.com%2F80588%2Fimg%2Favatars%2Fava_0015-72.png",
            "first_name": "",
            "real_name": "Amit Yadav",
            "display_name": "",
            "team": "TKRNGDFFZ",
            "name": "amit",
            "is_restricted": false,
            "is_ultra_restricted": false
        }
    },
    {
        "client_msg_id": "ec5eb81e-7b5c-4324-9294-94cf2b3e9b58",
        "type": "message",
        "text": "And OpenShift makes these available within container",
        "user": "UKR4GLQKF",
        "ts": "1567553929.047600",
        "team": "TKRNGDFFZ",
        "user_team": "TKRNGDFFZ",
        "source_team": "TKRNGDFFZ",
        "user_profile": {
            "avatar_hash": "gf6859e536fb",
            "image_72": "https:\/\/secure.gravatar.com\/avatar\/f6859e536fb63a6f9d862b2f3fb9684c.jpg?s=72&d=https%3A%2F%2Fa.slack-edge.com%2F80588%2Fimg%2Favatars%2Fava_0015-72.png",
            "first_name": "",
            "real_name": "Amit Yadav",
            "display_name": "",
            "team": "TKRNGDFFZ",
            "name": "amit",
            "is_restricted": false,
            "is_ultra_restricted": false
        }
    },
    {
        "client_msg_id": "6625c90e-f744-4f96-b193-0d6eb7841f55",
        "type": "message",
        "text": "We also need to Dockerize other two models. I hope Jason is working that too,",
        "user": "UKR4GLQKF",
        "ts": "1567554097.048800",
        "team": "TKRNGDFFZ",
        "user_team": "TKRNGDFFZ",
        "source_team": "TKRNGDFFZ",
        "user_profile": {
            "avatar_hash": "gf6859e536fb",
            "image_72": "https:\/\/secure.gravatar.com\/avatar\/f6859e536fb63a6f9d862b2f3fb9684c.jpg?s=72&d=https%3A%2F%2Fa.slack-edge.com%2F80588%2Fimg%2Favatars%2Fava_0015-72.png",
            "first_name": "",
            "real_name": "Amit Yadav",
            "display_name": "",
            "team": "TKRNGDFFZ",
            "name": "amit",
            "is_restricted": false,
            "is_ultra_restricted": false
        }
    },
    {
        "client_msg_id": "440ec50d-4068-4c9c-a476-73dc82a3668a",
        "type": "message",
        "text": "ElasticSearch clusters default disk storage is 10G. If you think we need more, please let us know and we’ll bootstrap with larger space.",
        "user": "UL284UA1J",
        "ts": "1567564787.049400",
        "team": "TKRNGDFFZ",
        "user_team": "TKRNGDFFZ",
        "source_team": "TKRNGDFFZ",
        "user_profile": {
            "avatar_hash": "g68abbeef961",
            "image_72": "https:\/\/secure.gravatar.com\/avatar\/68abbeef9611a51f2c362e3d99271b2e.jpg?s=72&d=https%3A%2F%2Fa.slack-edge.com%2F80588%2Fimg%2Favatars%2Fava_0015-72.png",
            "first_name": "",
            "real_name": "Gary Morris",
            "display_name": "Gary Morris",
            "team": "TKRNGDFFZ",
            "name": "gary.morris",
            "is_restricted": false,
            "is_ultra_restricted": false
        }
    },
    {
        "client_msg_id": "02b6bb8a-5ed1-4aa0-869b-c7316ecb6ceb",
        "type": "message",
        "text": "USCIS issued correction to User Story # 6, attached for everyone to analyze and see if any impact (not really, unless we were thinking of employees as not celebrities)",
        "user": "UKPCZJWQL",
        "ts": "1567572325.050400",
        "team": "TKRNGDFFZ",
        "user_team": "TKRNGDFFZ",
        "source_team": "TKRNGDFFZ",
        "user_profile": {
            "avatar_hash": "g36d88e4c93b",
            "image_72": "https:\/\/secure.gravatar.com\/avatar\/36d88e4c93b31bcf505cfdf1b76c86a9.jpg?s=72&d=https%3A%2F%2Fa.slack-edge.com%2F80588%2Fimg%2Favatars%2Fava_0020-72.png",
            "first_name": "Pramod",
            "real_name": "Pramod Malhotra",
            "display_name": "",
            "team": "TKRNGDFFZ",
            "name": "pramod.malhotra",
            "is_restricted": false,
            "is_ultra_restricted": false
        }
    },
    {
        "type": "message",
        "text": "",
        "files": [
            {
                "id": "FMZSXMMG8",
                "created": 1567572328,
                "timestamp": 1567572328,
                "name": "image.png",
                "title": "image.png",
                "mimetype": "image\/png",
                "filetype": "png",
                "pretty_type": "PNG",
                "user": "UKPCZJWQL",
                "editable": false,
                "size": 89255,
                "mode": "hosted",
                "is_external": false,
                "external_type": "",
                "is_public": true,
                "public_url_shared": false,
                "display_as_bot": false,
                "username": "",
                "url_private": "https:\/\/files.slack.com\/files-pri\/TKRNGDFFZ-FMZSXMMG8\/image.png?t=xoxe-671764457543-761495007360-748720106514-e22867dc4a96f2e14ff182795f11301c",
                "url_private_download": "https:\/\/files.slack.com\/files-pri\/TKRNGDFFZ-FMZSXMMG8\/download\/image.png?t=xoxe-671764457543-761495007360-748720106514-e22867dc4a96f2e14ff182795f11301c",
                "thumb_64": "https:\/\/files.slack.com\/files-tmb\/TKRNGDFFZ-FMZSXMMG8-540ab5e8ef\/image_64.png?t=xoxe-671764457543-761495007360-748720106514-e22867dc4a96f2e14ff182795f11301c",
                "thumb_80": "https:\/\/files.slack.com\/files-tmb\/TKRNGDFFZ-FMZSXMMG8-540ab5e8ef\/image_80.png?t=xoxe-671764457543-761495007360-748720106514-e22867dc4a96f2e14ff182795f11301c",
                "thumb_360": "https:\/\/files.slack.com\/files-tmb\/TKRNGDFFZ-FMZSXMMG8-540ab5e8ef\/image_360.png?t=xoxe-671764457543-761495007360-748720106514-e22867dc4a96f2e14ff182795f11301c",
                "thumb_360_w": 360,
                "thumb_360_h": 169,
                "thumb_480": "https:\/\/files.slack.com\/files-tmb\/TKRNGDFFZ-FMZSXMMG8-540ab5e8ef\/image_480.png?t=xoxe-671764457543-761495007360-748720106514-e22867dc4a96f2e14ff182795f11301c",
                "thumb_480_w": 480,
                "thumb_480_h": 225,
                "thumb_160": "https:\/\/files.slack.com\/files-tmb\/TKRNGDFFZ-FMZSXMMG8-540ab5e8ef\/image_160.png?t=xoxe-671764457543-761495007360-748720106514-e22867dc4a96f2e14ff182795f11301c",
                "image_exif_rotation": 1,
                "original_w": 677,
                "original_h": 318,
                "permalink": "https:\/\/scrgt-bdso.slack.com\/files\/UKPCZJWQL\/FMZSXMMG8\/image.png",
                "permalink_public": "https:\/\/slack-files.com\/TKRNGDFFZ-FMZSXMMG8-9f96900d4b",
                "is_starred": false,
                "has_rich_preview": false
            }
        ],
        "upload": true,
        "user": "UKPCZJWQL",
        "display_as_bot": false,
        "ts": "1567572330.050500",
        "client_msg_id": "7ac6098b-1c44-4d09-b35a-193f3c3e49f6"
    },
    {
        "client_msg_id": "bd530b1d-99ed-45e5-b402-bbc2c24e8b09",
        "type": "message",
        "text": "Here is another requirement clarified for Data model (only 5 steps is mandated) ...please read carefully",
        "user": "UKPCZJWQL",
        "ts": "1567572766.051500",
        "team": "TKRNGDFFZ",
        "user_team": "TKRNGDFFZ",
        "source_team": "TKRNGDFFZ",
        "user_profile": {
            "avatar_hash": "g36d88e4c93b",
            "image_72": "https:\/\/secure.gravatar.com\/avatar\/36d88e4c93b31bcf505cfdf1b76c86a9.jpg?s=72&d=https%3A%2F%2Fa.slack-edge.com%2F80588%2Fimg%2Favatars%2Fava_0020-72.png",
            "first_name": "Pramod",
            "real_name": "Pramod Malhotra",
            "display_name": "",
            "team": "TKRNGDFFZ",
            "name": "pramod.malhotra",
            "is_restricted": false,
            "is_ultra_restricted": false
        }
    },
    {
        "type": "message",
        "text": "",
        "files": [
            {
                "id": "FMZT61J4V",
                "created": 1567572769,
                "timestamp": 1567572769,
                "name": "image.png",
                "title": "image.png",
                "mimetype": "image\/png",
                "filetype": "png",
                "pretty_type": "PNG",
                "user": "UKPCZJWQL",
                "editable": false,
                "size": 42544,
                "mode": "hosted",
                "is_external": false,
                "external_type": "",
                "is_public": true,
                "public_url_shared": false,
                "display_as_bot": false,
                "username": "",
                "url_private": "https:\/\/files.slack.com\/files-pri\/TKRNGDFFZ-FMZT61J4V\/image.png?t=xoxe-671764457543-761495007360-748720106514-e22867dc4a96f2e14ff182795f11301c",
                "url_private_download": "https:\/\/files.slack.com\/files-pri\/TKRNGDFFZ-FMZT61J4V\/download\/image.png?t=xoxe-671764457543-761495007360-748720106514-e22867dc4a96f2e14ff182795f11301c",
                "thumb_64": "https:\/\/files.slack.com\/files-tmb\/TKRNGDFFZ-FMZT61J4V-66aa5427c2\/image_64.png?t=xoxe-671764457543-761495007360-748720106514-e22867dc4a96f2e14ff182795f11301c",
                "thumb_80": "https:\/\/files.slack.com\/files-tmb\/TKRNGDFFZ-FMZT61J4V-66aa5427c2\/image_80.png?t=xoxe-671764457543-761495007360-748720106514-e22867dc4a96f2e14ff182795f11301c",
                "thumb_360": "https:\/\/files.slack.com\/files-tmb\/TKRNGDFFZ-FMZT61J4V-66aa5427c2\/image_360.png?t=xoxe-671764457543-761495007360-748720106514-e22867dc4a96f2e14ff182795f11301c",
                "thumb_360_w": 360,
                "thumb_360_h": 94,
                "thumb_480": "https:\/\/files.slack.com\/files-tmb\/TKRNGDFFZ-FMZT61J4V-66aa5427c2\/image_480.png?t=xoxe-671764457543-761495007360-748720106514-e22867dc4a96f2e14ff182795f11301c",
                "thumb_480_w": 480,
                "thumb_480_h": 125,
                "thumb_160": "https:\/\/files.slack.com\/files-tmb\/TKRNGDFFZ-FMZT61J4V-66aa5427c2\/image_160.png?t=xoxe-671764457543-761495007360-748720106514-e22867dc4a96f2e14ff182795f11301c",
                "thumb_720": "https:\/\/files.slack.com\/files-tmb\/TKRNGDFFZ-FMZT61J4V-66aa5427c2\/image_720.png?t=xoxe-671764457543-761495007360-748720106514-e22867dc4a96f2e14ff182795f11301c",
                "thumb_720_w": 720,
                "thumb_720_h": 187,
                "image_exif_rotation": 1,
                "original_w": 777,
                "original_h": 202,
                "permalink": "https:\/\/scrgt-bdso.slack.com\/files\/UKPCZJWQL\/FMZT61J4V\/image.png",
                "permalink_public": "https:\/\/slack-files.com\/TKRNGDFFZ-FMZT61J4V-71e0f0bf59",
                "is_starred": false,
                "has_rich_preview": false
            }
        ],
        "upload": true,
        "user": "UKPCZJWQL",
        "display_as_bot": false,
        "ts": "1567572771.051600",
        "client_msg_id": "65db1f5f-9ab1-47a5-a4f1-360a0b2aa0cc"
    }
]