[
    {
        "client_msg_id": "c07964d3-27c6-495e-8b55-4bc4dab9296a",
        "type": "message",
        "text": "<https:\/\/ec2-3-17-110-42.us-east-2.compute.amazonaws.com:9443\/user\/jovyan\/notebooks\/dev\/actorBios.ipynb>",
        "user": "UL284UA1J",
        "ts": "1568511746.000200",
        "team": "TKRNGDFFZ",
        "user_team": "TKRNGDFFZ",
        "source_team": "TKRNGDFFZ",
        "user_profile": {
            "avatar_hash": "g68abbeef961",
            "image_72": "https:\/\/secure.gravatar.com\/avatar\/68abbeef9611a51f2c362e3d99271b2e.jpg?s=72&d=https%3A%2F%2Fa.slack-edge.com%2F80588%2Fimg%2Favatars%2Fava_0015-72.png",
            "first_name": "",
            "real_name": "Gary Morris",
            "display_name": "Gary Morris",
            "team": "TKRNGDFFZ",
            "name": "gary.morris",
            "is_restricted": false,
            "is_ultra_restricted": false
        }
    },
    {
        "client_msg_id": "341a37d8-ffad-4d5b-8fa2-d0ce2d3c86c5",
        "type": "message",
        "text": "for this url.. still having a problem with",
        "user": "UL284UA1J",
        "ts": "1568511770.000500",
        "team": "TKRNGDFFZ",
        "user_team": "TKRNGDFFZ",
        "source_team": "TKRNGDFFZ",
        "user_profile": {
            "avatar_hash": "g68abbeef961",
            "image_72": "https:\/\/secure.gravatar.com\/avatar\/68abbeef9611a51f2c362e3d99271b2e.jpg?s=72&d=https%3A%2F%2Fa.slack-edge.com%2F80588%2Fimg%2Favatars%2Fava_0015-72.png",
            "first_name": "",
            "real_name": "Gary Morris",
            "display_name": "Gary Morris",
            "team": "TKRNGDFFZ",
            "name": "gary.morris",
            "is_restricted": false,
            "is_ultra_restricted": false
        }
    },
    {
        "type": "message",
        "text": "",
        "files": [
            {
                "id": "FNC42QWJY",
                "created": 1568511772,
                "timestamp": 1568511772,
                "name": "image.png",
                "title": "image.png",
                "mimetype": "image\/png",
                "filetype": "png",
                "pretty_type": "PNG",
                "user": "UL284UA1J",
                "editable": false,
                "size": 149866,
                "mode": "hosted",
                "is_external": false,
                "external_type": "",
                "is_public": true,
                "public_url_shared": false,
                "display_as_bot": false,
                "username": "",
                "url_private": "https:\/\/files.slack.com\/files-pri\/TKRNGDFFZ-FNC42QWJY\/image.png?t=xoxe-671764457543-761495007360-748720106514-e22867dc4a96f2e14ff182795f11301c",
                "url_private_download": "https:\/\/files.slack.com\/files-pri\/TKRNGDFFZ-FNC42QWJY\/download\/image.png?t=xoxe-671764457543-761495007360-748720106514-e22867dc4a96f2e14ff182795f11301c",
                "thumb_64": "https:\/\/files.slack.com\/files-tmb\/TKRNGDFFZ-FNC42QWJY-43ff91daf9\/image_64.png?t=xoxe-671764457543-761495007360-748720106514-e22867dc4a96f2e14ff182795f11301c",
                "thumb_80": "https:\/\/files.slack.com\/files-tmb\/TKRNGDFFZ-FNC42QWJY-43ff91daf9\/image_80.png?t=xoxe-671764457543-761495007360-748720106514-e22867dc4a96f2e14ff182795f11301c",
                "thumb_360": "https:\/\/files.slack.com\/files-tmb\/TKRNGDFFZ-FNC42QWJY-43ff91daf9\/image_360.png?t=xoxe-671764457543-761495007360-748720106514-e22867dc4a96f2e14ff182795f11301c",
                "thumb_360_w": 360,
                "thumb_360_h": 195,
                "thumb_480": "https:\/\/files.slack.com\/files-tmb\/TKRNGDFFZ-FNC42QWJY-43ff91daf9\/image_480.png?t=xoxe-671764457543-761495007360-748720106514-e22867dc4a96f2e14ff182795f11301c",
                "thumb_480_w": 480,
                "thumb_480_h": 260,
                "thumb_160": "https:\/\/files.slack.com\/files-tmb\/TKRNGDFFZ-FNC42QWJY-43ff91daf9\/image_160.png?t=xoxe-671764457543-761495007360-748720106514-e22867dc4a96f2e14ff182795f11301c",
                "thumb_720": "https:\/\/files.slack.com\/files-tmb\/TKRNGDFFZ-FNC42QWJY-43ff91daf9\/image_720.png?t=xoxe-671764457543-761495007360-748720106514-e22867dc4a96f2e14ff182795f11301c",
                "thumb_720_w": 720,
                "thumb_720_h": 391,
                "thumb_800": "https:\/\/files.slack.com\/files-tmb\/TKRNGDFFZ-FNC42QWJY-43ff91daf9\/image_800.png?t=xoxe-671764457543-761495007360-748720106514-e22867dc4a96f2e14ff182795f11301c",
                "thumb_800_w": 800,
                "thumb_800_h": 434,
                "thumb_960": "https:\/\/files.slack.com\/files-tmb\/TKRNGDFFZ-FNC42QWJY-43ff91daf9\/image_960.png?t=xoxe-671764457543-761495007360-748720106514-e22867dc4a96f2e14ff182795f11301c",
                "thumb_960_w": 960,
                "thumb_960_h": 521,
                "thumb_1024": "https:\/\/files.slack.com\/files-tmb\/TKRNGDFFZ-FNC42QWJY-43ff91daf9\/image_1024.png?t=xoxe-671764457543-761495007360-748720106514-e22867dc4a96f2e14ff182795f11301c",
                "thumb_1024_w": 1024,
                "thumb_1024_h": 556,
                "image_exif_rotation": 1,
                "original_w": 1058,
                "original_h": 574,
                "permalink": "https:\/\/scrgt-bdso.slack.com\/files\/UL284UA1J\/FNC42QWJY\/image.png",
                "permalink_public": "https:\/\/slack-files.com\/TKRNGDFFZ-FNC42QWJY-72b1275650",
                "is_starred": false,
                "has_rich_preview": false
            }
        ],
        "upload": true,
        "user": "UL284UA1J",
        "display_as_bot": false,
        "ts": "1568511775.000600",
        "client_msg_id": "39457804-a2d0-4039-be48-c471ee3a7f02"
    },
    {
        "client_msg_id": "75cb6354-04b1-4a15-9c4a-af9da29ee898",
        "type": "message",
        "text": "<@ULX5BPN3C>",
        "user": "UL284UA1J",
        "ts": "1568511778.001000",
        "team": "TKRNGDFFZ",
        "user_team": "TKRNGDFFZ",
        "source_team": "TKRNGDFFZ",
        "user_profile": {
            "avatar_hash": "g68abbeef961",
            "image_72": "https:\/\/secure.gravatar.com\/avatar\/68abbeef9611a51f2c362e3d99271b2e.jpg?s=72&d=https%3A%2F%2Fa.slack-edge.com%2F80588%2Fimg%2Favatars%2Fava_0015-72.png",
            "first_name": "",
            "real_name": "Gary Morris",
            "display_name": "Gary Morris",
            "team": "TKRNGDFFZ",
            "name": "gary.morris",
            "is_restricted": false,
            "is_ultra_restricted": false
        }
    },
    {
        "client_msg_id": "886794a2-e934-4e3e-929c-e25f56741535",
        "type": "message",
        "text": "<@UNCBY6M0E>",
        "user": "UL284UA1J",
        "ts": "1568511792.001200",
        "team": "TKRNGDFFZ",
        "user_team": "TKRNGDFFZ",
        "source_team": "TKRNGDFFZ",
        "user_profile": {
            "avatar_hash": "g68abbeef961",
            "image_72": "https:\/\/secure.gravatar.com\/avatar\/68abbeef9611a51f2c362e3d99271b2e.jpg?s=72&d=https%3A%2F%2Fa.slack-edge.com%2F80588%2Fimg%2Favatars%2Fava_0015-72.png",
            "first_name": "",
            "real_name": "Gary Morris",
            "display_name": "Gary Morris",
            "team": "TKRNGDFFZ",
            "name": "gary.morris",
            "is_restricted": false,
            "is_ultra_restricted": false
        }
    },
    {
        "client_msg_id": "be161c83-1f7e-42db-baeb-6df767b73ffc",
        "type": "message",
        "text": "a lot of errors in the notebooks",
        "user": "UL284UA1J",
        "ts": "1568511937.001400",
        "team": "TKRNGDFFZ",
        "user_team": "TKRNGDFFZ",
        "source_team": "TKRNGDFFZ",
        "user_profile": {
            "avatar_hash": "g68abbeef961",
            "image_72": "https:\/\/secure.gravatar.com\/avatar\/68abbeef9611a51f2c362e3d99271b2e.jpg?s=72&d=https%3A%2F%2Fa.slack-edge.com%2F80588%2Fimg%2Favatars%2Fava_0015-72.png",
            "first_name": "",
            "real_name": "Gary Morris",
            "display_name": "Gary Morris",
            "team": "TKRNGDFFZ",
            "name": "gary.morris",
            "is_restricted": false,
            "is_ultra_restricted": false
        }
    },
    {
        "client_msg_id": "dededd53-a867-4255-a48d-398cc6a30a31",
        "type": "message",
        "text": "I began a new EMR cluster.  I have also added in bootstrapping to kick off the envSetup scripts.  Once it’s up the URL should be <https:\/\/ec2-18-191-147-200.us-east-2.compute.amazonaws.com:9443>. pls check it out in the am and would be great if you could figure out how to fix some of the notebook problems.",
        "user": "UL284UA1J",
        "ts": "1568521127.002900",
        "team": "TKRNGDFFZ",
        "user_team": "TKRNGDFFZ",
        "source_team": "TKRNGDFFZ",
        "user_profile": {
            "avatar_hash": "g68abbeef961",
            "image_72": "https:\/\/secure.gravatar.com\/avatar\/68abbeef9611a51f2c362e3d99271b2e.jpg?s=72&d=https%3A%2F%2Fa.slack-edge.com%2F80588%2Fimg%2Favatars%2Fava_0015-72.png",
            "first_name": "",
            "real_name": "Gary Morris",
            "display_name": "Gary Morris",
            "team": "TKRNGDFFZ",
            "name": "gary.morris",
            "is_restricted": false,
            "is_ultra_restricted": false
        }
    }
]