[
    {
        "client_msg_id": "a8a168ee-e69f-4a26-bdb7-642cc0913c7d",
        "type": "message",
        "text": "<@UNCBY6M0E> Is this something that you can help confirm? I have no visibility into the Jupyter notebook.\nFYI <@UKPCZJWQL>",
        "user": "UKCPDF2M8",
        "ts": "1568387507.006700",
        "team": "TKRNGDFFZ",
        "user_team": "TKRNGDFFZ",
        "source_team": "TKRNGDFFZ",
        "user_profile": {
            "avatar_hash": "ga49c381db72",
            "image_72": "https:\/\/secure.gravatar.com\/avatar\/a49c381db722ce1000f9de8d781c0417.jpg?s=72&d=https%3A%2F%2Fa.slack-edge.com%2F80588%2Fimg%2Favatars%2Fava_0019-72.png",
            "first_name": "",
            "real_name": "Alice Blackburn",
            "display_name": "",
            "team": "TKRNGDFFZ",
            "name": "alice.blackburn",
            "is_restricted": false,
            "is_ultra_restricted": false
        },
        "thread_ts": "1568321302.003200",
        "parent_user_id": "UKCPDF2M8"
    },
    {
        "user": "UNCBY6M0E",
        "type": "message",
        "subtype": "channel_join",
        "ts": "1568387512.007000",
        "text": "<@UNCBY6M0E> has joined the channel",
        "inviter": "UKCPDF2M8"
    }
]