[
    {
        "type": "message",
        "text": "<@ULX5BPN3C> <@UMRQXMCQ0> please provide your feedback \/ changes today. I will create the cards on trello end of day",
        "files": [
            {
                "id": "FMFHA0518",
                "created": 1566999625,
                "timestamp": 1566999625,
                "name": "USCIS BDSO Data Science Task Timeline.xlsx",
                "title": "USCIS BDSO Data Science Task Timeline.xlsx",
                "mimetype": "application\/vnd.openxmlformats-officedocument.spreadsheetml.sheet",
                "filetype": "xlsx",
                "pretty_type": "Excel Spreadsheet",
                "user": "UMU0XSL14",
                "editable": false,
                "size": 11475,
                "mode": "hosted",
                "is_external": false,
                "external_type": "",
                "is_public": true,
                "public_url_shared": false,
                "display_as_bot": false,
                "username": "",
                "url_private": "https:\/\/files.slack.com\/files-pri\/TKRNGDFFZ-FMFHA0518\/uscis_bdso_data_science_task_timeline.xlsx?t=xoxe-671764457543-761495007360-748720106514-e22867dc4a96f2e14ff182795f11301c",
                "url_private_download": "https:\/\/files.slack.com\/files-pri\/TKRNGDFFZ-FMFHA0518\/download\/uscis_bdso_data_science_task_timeline.xlsx?t=xoxe-671764457543-761495007360-748720106514-e22867dc4a96f2e14ff182795f11301c",
                "converted_pdf": "https:\/\/files.slack.com\/files-tmb\/TKRNGDFFZ-FMFHA0518-860e9c3d46\/uscis_bdso_data_science_task_timeline_converted.pdf?t=xoxe-671764457543-761495007360-748720106514-e22867dc4a96f2e14ff182795f11301c",
                "thumb_pdf": "https:\/\/files.slack.com\/files-tmb\/TKRNGDFFZ-FMFHA0518-860e9c3d46\/uscis_bdso_data_science_task_timeline_thumb_pdf.png?t=xoxe-671764457543-761495007360-748720106514-e22867dc4a96f2e14ff182795f11301c",
                "thumb_pdf_w": 909,
                "thumb_pdf_h": 1286,
                "permalink": "https:\/\/scrgt-bdso.slack.com\/files\/UMU0XSL14\/FMFHA0518\/uscis_bdso_data_science_task_timeline.xlsx",
                "permalink_public": "https:\/\/slack-files.com\/TKRNGDFFZ-FMFHA0518-1ae083358c",
                "is_starred": false,
                "has_rich_preview": false
            }
        ],
        "upload": true,
        "user": "UMU0XSL14",
        "display_as_bot": false,
        "ts": "1566999626.000400",
        "client_msg_id": "43a4f2ed-7e62-4079-941b-ae50ade1891f"
    },
    {
        "client_msg_id": "c325c0ea-cc0f-40b8-87a4-a84944f10571",
        "type": "message",
        "text": "<@ULX5BPN3C> IMDb raw data files: <https:\/\/datasets.imdbws.com\/>",
        "user": "UMU0XSL14",
        "ts": "1566999653.001000",
        "team": "TKRNGDFFZ",
        "user_team": "TKRNGDFFZ",
        "source_team": "TKRNGDFFZ",
        "user_profile": {
            "avatar_hash": "g9eacb4cc546",
            "image_72": "https:\/\/secure.gravatar.com\/avatar\/9eacb4cc546a7ff092634ad5d8fc8240.jpg?s=72&d=https%3A%2F%2Fa.slack-edge.com%2F80588%2Fimg%2Favatars%2Fava_0024-72.png",
            "first_name": "",
            "real_name": "Rachel Cohen",
            "display_name": "Rachel Cohen",
            "team": "TKRNGDFFZ",
            "name": "rlcohen",
            "is_restricted": false,
            "is_ultra_restricted": false
        }
    },
    {
        "type": "message",
        "text": "notebook to transform .tsv files:",
        "files": [
            {
                "id": "FMFHBT71Q",
                "created": 1566999706,
                "timestamp": 1566999706,
                "name": "Data-Prep-Full-Build-Upload-Dataframe.ipynb",
                "title": "Data-Prep-Full-Build-Upload-Dataframe.ipynb",
                "mimetype": "text\/plain",
                "filetype": "text",
                "pretty_type": "Plain Text",
                "user": "UMU0XSL14",
                "editable": true,
                "size": 31928,
                "mode": "snippet",
                "is_external": false,
                "external_type": "",
                "is_public": true,
                "public_url_shared": false,
                "display_as_bot": false,
                "username": "",
                "url_private": "https:\/\/files.slack.com\/files-pri\/TKRNGDFFZ-FMFHBT71Q\/data-prep-full-build-upload-dataframe.ipynb?t=xoxe-671764457543-761495007360-748720106514-e22867dc4a96f2e14ff182795f11301c",
                "url_private_download": "https:\/\/files.slack.com\/files-pri\/TKRNGDFFZ-FMFHBT71Q\/download\/data-prep-full-build-upload-dataframe.ipynb?t=xoxe-671764457543-761495007360-748720106514-e22867dc4a96f2e14ff182795f11301c",
                "permalink": "https:\/\/scrgt-bdso.slack.com\/files\/UMU0XSL14\/FMFHBT71Q\/data-prep-full-build-upload-dataframe.ipynb",
                "permalink_public": "https:\/\/slack-files.com\/TKRNGDFFZ-FMFHBT71Q-5192ac83f5",
                "edit_link": "https:\/\/scrgt-bdso.slack.com\/files\/UMU0XSL14\/FMFHBT71Q\/data-prep-full-build-upload-dataframe.ipynb\/edit",
                "is_starred": false,
                "has_rich_preview": false
            }
        ],
        "upload": true,
        "user": "UMU0XSL14",
        "display_as_bot": false,
        "ts": "1566999707.001100",
        "client_msg_id": "0a73929e-b922-413d-8252-3ea00df564d9"
    },
    {
        "type": "message",
        "text": "and all analytics source code from Graham:",
        "files": [
            {
                "id": "FMT15U8L8",
                "created": 1566999737,
                "timestamp": 1566999737,
                "name": "rdso_jupyter_soruce.zip",
                "title": "rdso_jupyter_soruce.zip",
                "mimetype": "application\/zip",
                "filetype": "zip",
                "pretty_type": "Zip",
                "user": "UMU0XSL14",
                "editable": false,
                "size": 238495,
                "mode": "hosted",
                "is_external": false,
                "external_type": "",
                "is_public": true,
                "public_url_shared": false,
                "display_as_bot": false,
                "username": "",
                "url_private": "https:\/\/files.slack.com\/files-pri\/TKRNGDFFZ-FMT15U8L8\/rdso_jupyter_soruce.zip?t=xoxe-671764457543-761495007360-748720106514-e22867dc4a96f2e14ff182795f11301c",
                "url_private_download": "https:\/\/files.slack.com\/files-pri\/TKRNGDFFZ-FMT15U8L8\/download\/rdso_jupyter_soruce.zip?t=xoxe-671764457543-761495007360-748720106514-e22867dc4a96f2e14ff182795f11301c",
                "permalink": "https:\/\/scrgt-bdso.slack.com\/files\/UMU0XSL14\/FMT15U8L8\/rdso_jupyter_soruce.zip",
                "permalink_public": "https:\/\/slack-files.com\/TKRNGDFFZ-FMT15U8L8-a45e834a68",
                "is_starred": false,
                "has_rich_preview": false
            }
        ],
        "upload": true,
        "user": "UMU0XSL14",
        "display_as_bot": false,
        "ts": "1566999737.001400",
        "client_msg_id": "766c2c1e-94c9-445f-b44a-eb083d819856"
    },
    {
        "type": "message",
        "text": "Sample data we are using to pull from IMDB, Wikipedia, and TheMovieDB",
        "files": [
            {
                "id": "FMFHRHQ10",
                "created": 1567000290,
                "timestamp": 1567000290,
                "name": "sampledata.zip",
                "title": "sampledata.zip",
                "mimetype": "application\/zip",
                "filetype": "zip",
                "pretty_type": "Zip",
                "user": "ULX5BPN3C",
                "editable": false,
                "size": 1879511,
                "mode": "hosted",
                "is_external": false,
                "external_type": "",
                "is_public": true,
                "public_url_shared": false,
                "display_as_bot": false,
                "username": "",
                "url_private": "https:\/\/files.slack.com\/files-pri\/TKRNGDFFZ-FMFHRHQ10\/sampledata.zip?t=xoxe-671764457543-761495007360-748720106514-e22867dc4a96f2e14ff182795f11301c",
                "url_private_download": "https:\/\/files.slack.com\/files-pri\/TKRNGDFFZ-FMFHRHQ10\/download\/sampledata.zip?t=xoxe-671764457543-761495007360-748720106514-e22867dc4a96f2e14ff182795f11301c",
                "permalink": "https:\/\/scrgt-bdso.slack.com\/files\/ULX5BPN3C\/FMFHRHQ10\/sampledata.zip",
                "permalink_public": "https:\/\/slack-files.com\/TKRNGDFFZ-FMFHRHQ10-5ffc0ce5a4",
                "is_starred": false,
                "has_rich_preview": false
            }
        ],
        "upload": true,
        "user": "ULX5BPN3C",
        "display_as_bot": false,
        "ts": "1567000291.001700",
        "client_msg_id": "96c4c596-c4e3-47b8-a6a8-90db7d218771",
        "reactions": [
            {
                "name": "+1",
                "users": [
                    "UMU0XSL14"
                ],
                "count": 1
            }
        ]
    },
    {
        "client_msg_id": "933e18e3-dfb9-4795-8d92-7f31bc9e710f",
        "type": "message",
        "text": "quick recap from today's status:\n<@ULX5BPN3C> priority is on getting data - let us know if you run into any issues accessing or transforming the IMDb files. will check in later today;\n<@UMRQXMCQ0> is building a `models.py` framework to outline functions with basic inputs and outputs to discuss with the wider team;\nI reached out to Pramod directly to get us repo access - will keep everyone posted;\n<@ULX5BPN3C> <@UMRQXMCQ0> please provide inputs to the task timeline end of today.\nthank you!",
        "user": "UMU0XSL14",
        "ts": "1567002175.005600",
        "team": "TKRNGDFFZ",
        "user_team": "TKRNGDFFZ",
        "source_team": "TKRNGDFFZ",
        "user_profile": {
            "avatar_hash": "g9eacb4cc546",
            "image_72": "https:\/\/secure.gravatar.com\/avatar\/9eacb4cc546a7ff092634ad5d8fc8240.jpg?s=72&d=https%3A%2F%2Fa.slack-edge.com%2F80588%2Fimg%2Favatars%2Fava_0024-72.png",
            "first_name": "",
            "real_name": "Rachel Cohen",
            "display_name": "Rachel Cohen",
            "team": "TKRNGDFFZ",
            "name": "rlcohen",
            "is_restricted": false,
            "is_ultra_restricted": false
        }
    },
    {
        "user": "UKR4GLQKF",
        "type": "message",
        "subtype": "channel_join",
        "ts": "1567006741.006100",
        "text": "<@UKR4GLQKF> has joined the channel",
        "inviter": "UL3RW3SJ2"
    },
    {
        "client_msg_id": "33DC0A34-D285-4B8B-9D3C-2465B76FCB82",
        "type": "message",
        "text": "<!channel> I hope that you got chance to review mockups and acceptance criteria for stories. Let us know if there questions\/comments ",
        "user": "UKR4GLQKF",
        "ts": "1567013237.008400",
        "team": "TKRNGDFFZ",
        "user_team": "TKRNGDFFZ",
        "source_team": "TKRNGDFFZ",
        "user_profile": {
            "avatar_hash": "gf6859e536fb",
            "image_72": "https:\/\/secure.gravatar.com\/avatar\/f6859e536fb63a6f9d862b2f3fb9684c.jpg?s=72&d=https%3A%2F%2Fa.slack-edge.com%2F80588%2Fimg%2Favatars%2Fava_0015-72.png",
            "first_name": "",
            "real_name": "Amit Yadav",
            "display_name": "",
            "team": "TKRNGDFFZ",
            "name": "amit",
            "is_restricted": false,
            "is_ultra_restricted": false
        },
        "thread_ts": "1567013237.008400",
        "reply_count": 5,
        "reply_users_count": 3,
        "latest_reply": "1567019880.010400",
        "reply_users": [
            "UMU0XSL14",
            "UKR4GLQKF",
            "UL3RW3SJ2"
        ],
        "replies": [
            {
                "user": "UMU0XSL14",
                "ts": "1567014020.009100"
            },
            {
                "user": "UKR4GLQKF",
                "ts": "1567014513.009400"
            },
            {
                "user": "UKR4GLQKF",
                "ts": "1567014533.009600"
            },
            {
                "user": "UMU0XSL14",
                "ts": "1567014583.009800"
            },
            {
                "user": "UL3RW3SJ2",
                "ts": "1567019880.010400"
            }
        ],
        "subscribed": false
    },
    {
        "client_msg_id": "c872461a-a1fe-402d-954d-7744742df4a2",
        "type": "message",
        "text": "thanks <@UKR4GLQKF>. <@ULX5BPN3C>, does the IMDb data contain all the features described in #10?\n   Actor Name\n   Biography\n   DOB\n   Birthplace\n   Height\n   Weight\n   Total number of movies acted in\n   Total Domestic Box Office\n   Average Domestic Box Office\n   All movies acted in\n   Character name in each movie\n   Release year for each movie\n   Newsfeed about actor",
        "user": "UMU0XSL14",
        "ts": "1567014020.009100",
        "team": "TKRNGDFFZ",
        "user_team": "TKRNGDFFZ",
        "source_team": "TKRNGDFFZ",
        "user_profile": {
            "avatar_hash": "g9eacb4cc546",
            "image_72": "https:\/\/secure.gravatar.com\/avatar\/9eacb4cc546a7ff092634ad5d8fc8240.jpg?s=72&d=https%3A%2F%2Fa.slack-edge.com%2F80588%2Fimg%2Favatars%2Fava_0024-72.png",
            "first_name": "",
            "real_name": "Rachel Cohen",
            "display_name": "Rachel Cohen",
            "team": "TKRNGDFFZ",
            "name": "rlcohen",
            "is_restricted": false,
            "is_ultra_restricted": false
        },
        "edited": {
            "user": "UMU0XSL14",
            "ts": "1567014038.000000"
        },
        "thread_ts": "1567013237.008400",
        "parent_user_id": "UKR4GLQKF"
    },
    {
        "client_msg_id": "e9bdcc74-9786-4306-b9e1-7b493b1075e0",
        "type": "message",
        "text": "<@UMU0XSL14> I am not sure...they asked for Biometric and Biographic information on celebrity.",
        "user": "UKR4GLQKF",
        "ts": "1567014513.009400",
        "team": "TKRNGDFFZ",
        "user_team": "TKRNGDFFZ",
        "source_team": "TKRNGDFFZ",
        "user_profile": {
            "avatar_hash": "gf6859e536fb",
            "image_72": "https:\/\/secure.gravatar.com\/avatar\/f6859e536fb63a6f9d862b2f3fb9684c.jpg?s=72&d=https%3A%2F%2Fa.slack-edge.com%2F80588%2Fimg%2Favatars%2Fava_0015-72.png",
            "first_name": "",
            "real_name": "Amit Yadav",
            "display_name": "",
            "team": "TKRNGDFFZ",
            "name": "amit",
            "is_restricted": false,
            "is_ultra_restricted": false
        },
        "thread_ts": "1567013237.008400",
        "parent_user_id": "UKR4GLQKF"
    },
    {
        "client_msg_id": "102a5617-4d33-4eb0-8353-cd055ac13b8a",
        "type": "message",
        "text": "If these are not possible, we can update accordingly.",
        "user": "UKR4GLQKF",
        "ts": "1567014533.009600",
        "team": "TKRNGDFFZ",
        "user_team": "TKRNGDFFZ",
        "source_team": "TKRNGDFFZ",
        "user_profile": {
            "avatar_hash": "gf6859e536fb",
            "image_72": "https:\/\/secure.gravatar.com\/avatar\/f6859e536fb63a6f9d862b2f3fb9684c.jpg?s=72&d=https%3A%2F%2Fa.slack-edge.com%2F80588%2Fimg%2Favatars%2Fava_0015-72.png",
            "first_name": "",
            "real_name": "Amit Yadav",
            "display_name": "",
            "team": "TKRNGDFFZ",
            "name": "amit",
            "is_restricted": false,
            "is_ultra_restricted": false
        },
        "thread_ts": "1567013237.008400",
        "parent_user_id": "UKR4GLQKF"
    },
    {
        "client_msg_id": "ac70a105-6f4e-4c2d-b043-1ccdb5df7b35",
        "type": "message",
        "text": "<@UKR4GLQKF> thanks, we will circle back on what is available in the data",
        "user": "UMU0XSL14",
        "ts": "1567014583.009800",
        "team": "TKRNGDFFZ",
        "user_team": "TKRNGDFFZ",
        "source_team": "TKRNGDFFZ",
        "user_profile": {
            "avatar_hash": "g9eacb4cc546",
            "image_72": "https:\/\/secure.gravatar.com\/avatar\/9eacb4cc546a7ff092634ad5d8fc8240.jpg?s=72&d=https%3A%2F%2Fa.slack-edge.com%2F80588%2Fimg%2Favatars%2Fava_0024-72.png",
            "first_name": "",
            "real_name": "Rachel Cohen",
            "display_name": "Rachel Cohen",
            "team": "TKRNGDFFZ",
            "name": "rlcohen",
            "is_restricted": false,
            "is_ultra_restricted": false
        },
        "thread_ts": "1567013237.008400",
        "parent_user_id": "UKR4GLQKF"
    },
    {
        "client_msg_id": "e519be96-fc1d-4a9e-b38a-1ee49a6a5f9d",
        "type": "message",
        "text": "<@UMU0XSL14> the acceptance criteria is currently based on the wireframes created by Jacquie. if the data available to us is different we can update our wireframes as well as the acceptance criteria",
        "user": "UL3RW3SJ2",
        "ts": "1567019880.010400",
        "team": "TKRNGDFFZ",
        "user_team": "TKRNGDFFZ",
        "source_team": "TKRNGDFFZ",
        "user_profile": {
            "avatar_hash": "gc7420234450",
            "image_72": "https:\/\/secure.gravatar.com\/avatar\/c74202344503e95fe55fcedc445838cc.jpg?s=72&d=https%3A%2F%2Fa.slack-edge.com%2F80588%2Fimg%2Favatars%2Fava_0013-72.png",
            "first_name": "",
            "real_name": "Sam Kataria",
            "display_name": "Sam Kataria",
            "team": "TKRNGDFFZ",
            "name": "sehej.kataria",
            "is_restricted": false,
            "is_ultra_restricted": false
        },
        "thread_ts": "1567013237.008400",
        "parent_user_id": "UKR4GLQKF"
    },
    {
        "client_msg_id": "ff00596c-8431-4a3b-9043-99762c4d7c75",
        "type": "message",
        "text": "<!channel> there are several acceptance criteria that are dependent on the data and how the data science team views it. We're going to need the data science team to understand the data and dictate the following activities:\n1. How to classify the actors in to categories (once this is determined we can figure out how the FE team will display this information on the landing page.\n2. Aggregate the data to display certain data points on the 'Data Scientist Raw Data' page\n   Examples of that from the RDSO project: Total number of actors, Total number of categories, Total number of actors in each category each year etc",
        "user": "UL3RW3SJ2",
        "ts": "1567020232.015200",
        "team": "TKRNGDFFZ",
        "user_team": "TKRNGDFFZ",
        "source_team": "TKRNGDFFZ",
        "user_profile": {
            "avatar_hash": "gc7420234450",
            "image_72": "https:\/\/secure.gravatar.com\/avatar\/c74202344503e95fe55fcedc445838cc.jpg?s=72&d=https%3A%2F%2Fa.slack-edge.com%2F80588%2Fimg%2Favatars%2Fava_0013-72.png",
            "first_name": "",
            "real_name": "Sam Kataria",
            "display_name": "Sam Kataria",
            "team": "TKRNGDFFZ",
            "name": "sehej.kataria",
            "is_restricted": false,
            "is_ultra_restricted": false
        },
        "thread_ts": "1567020232.015200",
        "reply_count": 1,
        "reply_users_count": 1,
        "latest_reply": "1567094780.003000",
        "reply_users": [
            "UMU0XSL14"
        ],
        "replies": [
            {
                "user": "UMU0XSL14",
                "ts": "1567094780.003000"
            }
        ],
        "subscribed": false,
        "reactions": [
            {
                "name": "+1",
                "users": [
                    "UMU0XSL14"
                ],
                "count": 1
            }
        ]
    },
    {
        "client_msg_id": "535bda61-1f9d-44bc-b13e-ed01424b2a08",
        "type": "message",
        "text": "thanks <@UL3RW3SJ2>. we are syncing up to review the available data features and will let you know our recommendations for the above",
        "user": "UMU0XSL14",
        "ts": "1567022183.016400",
        "team": "TKRNGDFFZ",
        "user_team": "TKRNGDFFZ",
        "source_team": "TKRNGDFFZ",
        "user_profile": {
            "avatar_hash": "g9eacb4cc546",
            "image_72": "https:\/\/secure.gravatar.com\/avatar\/9eacb4cc546a7ff092634ad5d8fc8240.jpg?s=72&d=https%3A%2F%2Fa.slack-edge.com%2F80588%2Fimg%2Favatars%2Fava_0024-72.png",
            "first_name": "",
            "real_name": "Rachel Cohen",
            "display_name": "Rachel Cohen",
            "team": "TKRNGDFFZ",
            "name": "rlcohen",
            "is_restricted": false,
            "is_ultra_restricted": false
        }
    },
    {
        "client_msg_id": "a151a9c1-17cc-43a2-82e8-bc8a02945569",
        "type": "message",
        "text": "<!channel>, update datapile repo with latest  actors &amp; movies data from IMDB and Wikipedia",
        "user": "ULX5BPN3C",
        "ts": "1567022769.017600",
        "team": "TKRNGDFFZ",
        "user_team": "TKRNGDFFZ",
        "source_team": "TKRNGDFFZ",
        "user_profile": {
            "avatar_hash": "g6a2d3222d03",
            "image_72": "https:\/\/secure.gravatar.com\/avatar\/6a2d3222d03e600836a3b667ac22c2f6.jpg?s=72&d=https%3A%2F%2Fa.slack-edge.com%2F80588%2Fimg%2Favatars%2Fava_0025-72.png",
            "first_name": "",
            "real_name": "Ray Duong",
            "display_name": "",
            "team": "TKRNGDFFZ",
            "name": "ray.duong",
            "is_restricted": false,
            "is_ultra_restricted": false
        }
    }
]