[
    {
        "client_msg_id": "4898548E-BC0A-42F5-96CC-6C93EA7C7AC4",
        "type": "message",
        "text": "Ray: when you get a chance, would you please send me the current version of the MOdels.md document that you were showing last night.  I would like to be able to pull some of the language to work into the other documentation.  Thank you.",
        "user": "UKQ0AMW48",
        "ts": "1567694735.053600",
        "team": "TKRNGDFFZ",
        "user_team": "TKRNGDFFZ",
        "source_team": "TKRNGDFFZ",
        "user_profile": {
            "avatar_hash": "g706ef9d17e3",
            "image_72": "https:\/\/secure.gravatar.com\/avatar\/706ef9d17e3d82d2a8d5cfe003a17aca.jpg?s=72&d=https%3A%2F%2Fa.slack-edge.com%2F80588%2Fimg%2Favatars%2Fava_0024-72.png",
            "first_name": "",
            "real_name": "John Edgar",
            "display_name": "",
            "team": "TKRNGDFFZ",
            "name": "john.edgar",
            "is_restricted": false,
            "is_ultra_restricted": false
        }
    },
    {
        "client_msg_id": "e1e4a194-029e-4eff-90a0-a91a09427e8e",
        "type": "message",
        "text": "looking at above ^, may need to bootstrap.  to test, I would need a notebook will all of your imports and such and I would then test on a new cluster to see if the underlying packages exist",
        "user": "UL284UA1J",
        "ts": "1567696925.054600",
        "team": "TKRNGDFFZ",
        "user_team": "TKRNGDFFZ",
        "source_team": "TKRNGDFFZ",
        "user_profile": {
            "avatar_hash": "g68abbeef961",
            "image_72": "https:\/\/secure.gravatar.com\/avatar\/68abbeef9611a51f2c362e3d99271b2e.jpg?s=72&d=https%3A%2F%2Fa.slack-edge.com%2F80588%2Fimg%2Favatars%2Fava_0015-72.png",
            "first_name": "",
            "real_name": "Gary Morris",
            "display_name": "Gary Morris",
            "team": "TKRNGDFFZ",
            "name": "gary.morris",
            "is_restricted": false,
            "is_ultra_restricted": false
        }
    }
]