[
    {
        "client_msg_id": "b3d39e69-b4bf-476a-b224-8360363395ce",
        "type": "message",
        "text": "new env:\nEMR EndPoint : <https:\/\/ec2-18-223-158-95.us-east-2.compute.amazonaws.com:9443>\nCredentials: User ID: jovyan; Password: jupyter",
        "user": "UL0GK1LJD",
        "ts": "1568310674.000300",
        "team": "TKRNGDFFZ",
        "user_team": "TKRNGDFFZ",
        "source_team": "TKRNGDFFZ",
        "user_profile": {
            "avatar_hash": "g8455934aab6",
            "image_72": "https:\/\/secure.gravatar.com\/avatar\/8455934aab6b3c7afceec7d3255ecd8b.jpg?s=72&d=https%3A%2F%2Fa.slack-edge.com%2F80588%2Fimg%2Favatars%2Fava_0004-72.png",
            "first_name": "",
            "real_name": "Vijay S Deshmukh",
            "display_name": "Vijay S Deshmukh",
            "team": "TKRNGDFFZ",
            "name": "vj_deshmukh",
            "is_restricted": false,
            "is_ultra_restricted": false
        }
    },
    {
        "client_msg_id": "e562ea69-ebe1-4304-95cc-3681deb08bf6",
        "type": "message",
        "text": "Notebooks in S3: <https:\/\/s3.console.aws.amazon.com\/s3\/buckets\/bdso-transition-cc-vpc-0f92574666a7c4860\/>\nData: <https:\/\/s3.console.aws.amazon.com\/s3\/buckets\/bdso-transition-celebrity-content-dev-vpc-0f92574666a7c4860>\n<https:\/\/s3.console.aws.amazon.com\/s3\/buckets\/bdso-transition-celebrity-content-test-vpc-0f92574666a7c4860>\n<https:\/\/s3.console.aws.amazon.com\/s3\/buckets\/bdso-transition-celebrity-content-prod-vpc-0f92574666a7c4860> (edited)",
        "user": "UL0GK1LJD",
        "ts": "1568310695.000500",
        "team": "TKRNGDFFZ",
        "user_team": "TKRNGDFFZ",
        "source_team": "TKRNGDFFZ",
        "user_profile": {
            "avatar_hash": "g8455934aab6",
            "image_72": "https:\/\/secure.gravatar.com\/avatar\/8455934aab6b3c7afceec7d3255ecd8b.jpg?s=72&d=https%3A%2F%2Fa.slack-edge.com%2F80588%2Fimg%2Favatars%2Fava_0004-72.png",
            "first_name": "",
            "real_name": "Vijay S Deshmukh",
            "display_name": "Vijay S Deshmukh",
            "team": "TKRNGDFFZ",
            "name": "vj_deshmukh",
            "is_restricted": false,
            "is_ultra_restricted": false
        }
    },
    {
        "client_msg_id": "6D5AF039-9348-42D1-89DD-19ABD6B90FF1",
        "type": "message",
        "text": "Ray and Jason: when will you have an update to the Models.md document to include the graphics Pramod mentioned?  Looks like the most recent one in Git is three days old.",
        "user": "UKQ0AMW48",
        "ts": "1568315909.001900",
        "team": "TKRNGDFFZ",
        "user_team": "TKRNGDFFZ",
        "source_team": "TKRNGDFFZ",
        "user_profile": {
            "avatar_hash": "g706ef9d17e3",
            "image_72": "https:\/\/secure.gravatar.com\/avatar\/706ef9d17e3d82d2a8d5cfe003a17aca.jpg?s=72&d=https%3A%2F%2Fa.slack-edge.com%2F80588%2Fimg%2Favatars%2Fava_0024-72.png",
            "first_name": "",
            "real_name": "John Edgar",
            "display_name": "",
            "team": "TKRNGDFFZ",
            "name": "john.edgar",
            "is_restricted": false,
            "is_ultra_restricted": false
        }
    },
    {
        "type": "message",
        "text": "<@ULX5BPN3C> and <@UMRQXMCQ0>, these are the constraints\/requirements for the Jupyter notebook. Please confirm that what you're writing satisfies these requirements. Thanks.",
        "files": [
            {
                "id": "FMXQPC8R0",
                "created": 1568321091,
                "timestamp": 1568321346,
                "name": "Interactive_Notebook_Requirements",
                "title": "Interactive Notebook Requirements",
                "mimetype": "application\/vnd.slack-docs",
                "filetype": "docs",
                "pretty_type": "Arugula",
                "user": "UKCPDF2M8",
                "editable": true,
                "size": 340,
                "mode": "docs",
                "is_external": false,
                "external_type": "",
                "is_public": true,
                "public_url_shared": false,
                "display_as_bot": false,
                "username": "",
                "url_private": "https:\/\/files.slack.com\/files-pri\/TKRNGDFFZ-FMXQPC8R0\/Interactive_Notebook_Requirements?t=xoxe-671764457543-761495007360-748720106514-e22867dc4a96f2e14ff182795f11301c",
                "url_private_download": "https:\/\/files.slack.com\/files-pri\/TKRNGDFFZ-FMXQPC8R0\/download\/Interactive_Notebook_Requirements?t=xoxe-671764457543-761495007360-748720106514-e22867dc4a96f2e14ff182795f11301c",
                "permalink": "https:\/\/scrgt-bdso.slack.com\/files\/TKRNGDFFZ\/FMXQPC8R0",
                "permalink_public": "https:\/\/slack-files.com\/TKRNGDFFZ-FMXQPC8R0-bf04a809ce",
                "preview": "<ul><li>Single interactive notebook that explains the data science models used&#x2F;developed for this solution<\/li><li>Maximum of 5 steps and each step shall have a clear description<\/li><li>Maximum of 5,000 characters (not including the code, and not including the output of the code).<\/li><li>Maximum of 10 diagrams&#x2F;images<\/li><\/ul>",
                "editor": null,
                "last_editor": "UKR4GLQKF",
                "non_owner_editable": true,
                "updated": 1568321346,
                "is_starred": false,
                "has_rich_preview": false
            }
        ],
        "upload": false,
        "user": "UKCPDF2M8",
        "display_as_bot": false,
        "ts": "1568321302.003200",
        "thread_ts": "1568321302.003200",
        "reply_count": 1,
        "reply_users_count": 1,
        "latest_reply": "1568387507.006700",
        "reply_users": [
            "UKCPDF2M8"
        ],
        "replies": [
            {
                "user": "UKCPDF2M8",
                "ts": "1568387507.006700"
            }
        ],
        "subscribed": true,
        "last_read": "1568387507.006700"
    },
    {
        "type": "message",
        "text": "<@ULX5BPN3C>.. sorry had a bit of a pet emergency this evening so starting work now in bootstrapping EMR.. I see this in your code:",
        "files": [
            {
                "id": "FNARKDL4D",
                "created": 1568340188,
                "timestamp": 1568340188,
                "name": "image.png",
                "title": "image.png",
                "mimetype": "image\/png",
                "filetype": "png",
                "pretty_type": "PNG",
                "user": "UL284UA1J",
                "editable": false,
                "size": 95818,
                "mode": "hosted",
                "is_external": false,
                "external_type": "",
                "is_public": true,
                "public_url_shared": false,
                "display_as_bot": false,
                "username": "",
                "url_private": "https:\/\/files.slack.com\/files-pri\/TKRNGDFFZ-FNARKDL4D\/image.png?t=xoxe-671764457543-761495007360-748720106514-e22867dc4a96f2e14ff182795f11301c",
                "url_private_download": "https:\/\/files.slack.com\/files-pri\/TKRNGDFFZ-FNARKDL4D\/download\/image.png?t=xoxe-671764457543-761495007360-748720106514-e22867dc4a96f2e14ff182795f11301c",
                "thumb_64": "https:\/\/files.slack.com\/files-tmb\/TKRNGDFFZ-FNARKDL4D-9504f3cc29\/image_64.png?t=xoxe-671764457543-761495007360-748720106514-e22867dc4a96f2e14ff182795f11301c",
                "thumb_80": "https:\/\/files.slack.com\/files-tmb\/TKRNGDFFZ-FNARKDL4D-9504f3cc29\/image_80.png?t=xoxe-671764457543-761495007360-748720106514-e22867dc4a96f2e14ff182795f11301c",
                "thumb_360": "https:\/\/files.slack.com\/files-tmb\/TKRNGDFFZ-FNARKDL4D-9504f3cc29\/image_360.png?t=xoxe-671764457543-761495007360-748720106514-e22867dc4a96f2e14ff182795f11301c",
                "thumb_360_w": 360,
                "thumb_360_h": 135,
                "thumb_480": "https:\/\/files.slack.com\/files-tmb\/TKRNGDFFZ-FNARKDL4D-9504f3cc29\/image_480.png?t=xoxe-671764457543-761495007360-748720106514-e22867dc4a96f2e14ff182795f11301c",
                "thumb_480_w": 480,
                "thumb_480_h": 180,
                "thumb_160": "https:\/\/files.slack.com\/files-tmb\/TKRNGDFFZ-FNARKDL4D-9504f3cc29\/image_160.png?t=xoxe-671764457543-761495007360-748720106514-e22867dc4a96f2e14ff182795f11301c",
                "thumb_720": "https:\/\/files.slack.com\/files-tmb\/TKRNGDFFZ-FNARKDL4D-9504f3cc29\/image_720.png?t=xoxe-671764457543-761495007360-748720106514-e22867dc4a96f2e14ff182795f11301c",
                "thumb_720_w": 720,
                "thumb_720_h": 270,
                "thumb_800": "https:\/\/files.slack.com\/files-tmb\/TKRNGDFFZ-FNARKDL4D-9504f3cc29\/image_800.png?t=xoxe-671764457543-761495007360-748720106514-e22867dc4a96f2e14ff182795f11301c",
                "thumb_800_w": 800,
                "thumb_800_h": 300,
                "image_exif_rotation": 1,
                "original_w": 940,
                "original_h": 353,
                "permalink": "https:\/\/scrgt-bdso.slack.com\/files\/UL284UA1J\/FNARKDL4D\/image.png",
                "permalink_public": "https:\/\/slack-files.com\/TKRNGDFFZ-FNARKDL4D-fd7d2d7642",
                "is_starred": false,
                "has_rich_preview": false
            }
        ],
        "upload": true,
        "user": "UL284UA1J",
        "display_as_bot": false,
        "ts": "1568340190.004800",
        "client_msg_id": "5f260957-ab0c-4ab6-9a63-4cb54ec3eac3"
    },
    {
        "client_msg_id": "db338adc-b69a-4e1b-95ab-6a8c3cea1cc4",
        "type": "message",
        "text": "We *cannot have aws keys* in the code.  I can simply add the permission to the S3 bucket in the instance profile",
        "user": "UL284UA1J",
        "ts": "1568340222.005700",
        "team": "TKRNGDFFZ",
        "user_team": "TKRNGDFFZ",
        "source_team": "TKRNGDFFZ",
        "user_profile": {
            "avatar_hash": "g68abbeef961",
            "image_72": "https:\/\/secure.gravatar.com\/avatar\/68abbeef9611a51f2c362e3d99271b2e.jpg?s=72&d=https%3A%2F%2Fa.slack-edge.com%2F80588%2Fimg%2Favatars%2Fava_0015-72.png",
            "first_name": "",
            "real_name": "Gary Morris",
            "display_name": "Gary Morris",
            "team": "TKRNGDFFZ",
            "name": "gary.morris",
            "is_restricted": false,
            "is_ultra_restricted": false
        }
    },
    {
        "client_msg_id": "57f0dc3c-3dc9-4aac-946a-3472dfe088a4",
        "type": "message",
        "text": "i will do a new build and test, but we need to plan to get rid of that",
        "user": "UL284UA1J",
        "ts": "1568340241.006100",
        "team": "TKRNGDFFZ",
        "user_team": "TKRNGDFFZ",
        "source_team": "TKRNGDFFZ",
        "user_profile": {
            "avatar_hash": "g68abbeef961",
            "image_72": "https:\/\/secure.gravatar.com\/avatar\/68abbeef9611a51f2c362e3d99271b2e.jpg?s=72&d=https%3A%2F%2Fa.slack-edge.com%2F80588%2Fimg%2Favatars%2Fava_0015-72.png",
            "first_name": "",
            "real_name": "Gary Morris",
            "display_name": "Gary Morris",
            "team": "TKRNGDFFZ",
            "name": "gary.morris",
            "is_restricted": false,
            "is_ultra_restricted": false
        }
    },
    {
        "client_msg_id": "662a3348-362b-4014-b276-74dfbefcd944",
        "type": "message",
        "text": "What notebook am i supposed to use for testing?",
        "user": "UL284UA1J",
        "ts": "1568340386.006500",
        "team": "TKRNGDFFZ",
        "user_team": "TKRNGDFFZ",
        "source_team": "TKRNGDFFZ",
        "user_profile": {
            "avatar_hash": "g68abbeef961",
            "image_72": "https:\/\/secure.gravatar.com\/avatar\/68abbeef9611a51f2c362e3d99271b2e.jpg?s=72&d=https%3A%2F%2Fa.slack-edge.com%2F80588%2Fimg%2Favatars%2Fava_0015-72.png",
            "first_name": "",
            "real_name": "Gary Morris",
            "display_name": "Gary Morris",
            "team": "TKRNGDFFZ",
            "name": "gary.morris",
            "is_restricted": false,
            "is_ultra_restricted": false
        }
    }
]