[
    {
        "client_msg_id": "eeac3b0d-1785-4050-8440-7acf88112f4a",
        "type": "message",
        "text": "<!channel> Hello everyone! <@ULX5BPN3C> <@UMRQXMCQ0> <@UMU0XSL14> Is there a way we can pull more biometric data from the trivia on IMDb? For example, I found on it that Nicolas Cage has Blue eyes, is German\/Polish\/English\/Italian and he has a tattoo on his back of a lizard with a top hat and a cane. I know on your list (Ray) I saw trivia data could be pulled from IMDb, so can we divide it to get physical characteristics?",
        "user": "UL1DRU6R3",
        "ts": "1567447207.031300",
        "team": "TKRNGDFFZ",
        "user_team": "TKRNGDFFZ",
        "source_team": "TKRNGDFFZ",
        "user_profile": {
            "avatar_hash": "gd89e47c2607",
            "image_72": "https:\/\/secure.gravatar.com\/avatar\/d89e47c2607ea5a7401c907933bcd907.jpg?s=72&d=https%3A%2F%2Fa.slack-edge.com%2F80588%2Fimg%2Favatars%2Fava_0002-72.png",
            "first_name": "",
            "real_name": "Jacquie",
            "display_name": "Jacquie",
            "team": "TKRNGDFFZ",
            "name": "jacqueline.granger",
            "is_restricted": false,
            "is_ultra_restricted": false
        }
    },
    {
        "client_msg_id": "f1e42b32-7ce2-4f1f-b655-0a3a42226e92",
        "type": "message",
        "text": "<https:\/\/www.imdb.com\/name\/nm0000115\/bio?ref_=nm_dyk_trv_sm#trivia>",
        "user": "UL1DRU6R3",
        "ts": "1567447224.031500",
        "team": "TKRNGDFFZ",
        "user_team": "TKRNGDFFZ",
        "source_team": "TKRNGDFFZ",
        "user_profile": {
            "avatar_hash": "gd89e47c2607",
            "image_72": "https:\/\/secure.gravatar.com\/avatar\/d89e47c2607ea5a7401c907933bcd907.jpg?s=72&d=https%3A%2F%2Fa.slack-edge.com%2F80588%2Fimg%2Favatars%2Fava_0002-72.png",
            "first_name": "",
            "real_name": "Jacquie",
            "display_name": "Jacquie",
            "team": "TKRNGDFFZ",
            "name": "jacqueline.granger",
            "is_restricted": false,
            "is_ultra_restricted": false
        },
        "attachments": [
            {
                "service_name": "IMDb",
                "title": "Nicolas Cage - IMDb",
                "title_link": "https:\/\/www.imdb.com\/name\/nm0000115\/bio?ref_=nm_dyk_trv_sm#trivia",
                "text": "Nicolas Cage was born Nicolas Kim Coppola in Long Beach, California, the son of comparative literature professor August Coppola (whose brother is ...",
                "fallback": "IMDb: Nicolas Cage - IMDb",
                "image_url": "https:\/\/m.media-amazon.com\/images\/M\/MV5BZmRlOTBlZWItMzE4Mi00YTUzLTgwYzAtY2U1ZDJlMjJlODU4XkEyXkFqcGdeQXVyNjk1MjYyNTA@._V1_UY1200_CR128,0,630,1200_AL_.jpg",
                "from_url": "https:\/\/www.imdb.com\/name\/nm0000115\/bio?ref_=nm_dyk_trv_sm#trivia",
                "image_width": 131,
                "image_height": 250,
                "image_bytes": 40928,
                "service_icon": "https:\/\/m.media-amazon.com\/images\/G\/01\/imdb\/images\/desktop-favicon-2165806970._CB484110913_.ico",
                "id": 1,
                "original_url": "https:\/\/www.imdb.com\/name\/nm0000115\/bio?ref_=nm_dyk_trv_sm#trivia"
            }
        ]
    },
    {
        "type": "message",
        "text": "<!channel> Attached is the up-to-date mock-ups. <https:\/\/mqodi3.axshare.com>",
        "files": [
            {
                "id": "FMKHS2MMY",
                "created": 1567471106,
                "timestamp": 1567471106,
                "name": "business_supervisor_celebrity_page_layout_v2.png",
                "title": "business_supervisor_celebrity_page_layout_v2.png",
                "mimetype": "image\/png",
                "filetype": "png",
                "pretty_type": "PNG",
                "user": "UL1DRU6R3",
                "editable": false,
                "size": 1615297,
                "mode": "hosted",
                "is_external": false,
                "external_type": "",
                "is_public": true,
                "public_url_shared": false,
                "display_as_bot": false,
                "username": "",
                "url_private": "https:\/\/files.slack.com\/files-pri\/TKRNGDFFZ-FMKHS2MMY\/business_supervisor_celebrity_page_layout_v2.png?t=xoxe-671764457543-761495007360-748720106514-e22867dc4a96f2e14ff182795f11301c",
                "url_private_download": "https:\/\/files.slack.com\/files-pri\/TKRNGDFFZ-FMKHS2MMY\/download\/business_supervisor_celebrity_page_layout_v2.png?t=xoxe-671764457543-761495007360-748720106514-e22867dc4a96f2e14ff182795f11301c",
                "thumb_64": "https:\/\/files.slack.com\/files-tmb\/TKRNGDFFZ-FMKHS2MMY-aab63ded09\/business_supervisor_celebrity_page_layout_v2_64.png?t=xoxe-671764457543-761495007360-748720106514-e22867dc4a96f2e14ff182795f11301c",
                "thumb_80": "https:\/\/files.slack.com\/files-tmb\/TKRNGDFFZ-FMKHS2MMY-aab63ded09\/business_supervisor_celebrity_page_layout_v2_80.png?t=xoxe-671764457543-761495007360-748720106514-e22867dc4a96f2e14ff182795f11301c",
                "thumb_360": "https:\/\/files.slack.com\/files-tmb\/TKRNGDFFZ-FMKHS2MMY-aab63ded09\/business_supervisor_celebrity_page_layout_v2_360.png?t=xoxe-671764457543-761495007360-748720106514-e22867dc4a96f2e14ff182795f11301c",
                "thumb_360_w": 360,
                "thumb_360_h": 346,
                "thumb_480": "https:\/\/files.slack.com\/files-tmb\/TKRNGDFFZ-FMKHS2MMY-aab63ded09\/business_supervisor_celebrity_page_layout_v2_480.png?t=xoxe-671764457543-761495007360-748720106514-e22867dc4a96f2e14ff182795f11301c",
                "thumb_480_w": 480,
                "thumb_480_h": 461,
                "thumb_160": "https:\/\/files.slack.com\/files-tmb\/TKRNGDFFZ-FMKHS2MMY-aab63ded09\/business_supervisor_celebrity_page_layout_v2_160.png?t=xoxe-671764457543-761495007360-748720106514-e22867dc4a96f2e14ff182795f11301c",
                "thumb_720": "https:\/\/files.slack.com\/files-tmb\/TKRNGDFFZ-FMKHS2MMY-aab63ded09\/business_supervisor_celebrity_page_layout_v2_720.png?t=xoxe-671764457543-761495007360-748720106514-e22867dc4a96f2e14ff182795f11301c",
                "thumb_720_w": 720,
                "thumb_720_h": 691,
                "thumb_800": "https:\/\/files.slack.com\/files-tmb\/TKRNGDFFZ-FMKHS2MMY-aab63ded09\/business_supervisor_celebrity_page_layout_v2_800.png?t=xoxe-671764457543-761495007360-748720106514-e22867dc4a96f2e14ff182795f11301c",
                "thumb_800_w": 800,
                "thumb_800_h": 768,
                "thumb_960": "https:\/\/files.slack.com\/files-tmb\/TKRNGDFFZ-FMKHS2MMY-aab63ded09\/business_supervisor_celebrity_page_layout_v2_960.png?t=xoxe-671764457543-761495007360-748720106514-e22867dc4a96f2e14ff182795f11301c",
                "thumb_960_w": 960,
                "thumb_960_h": 922,
                "thumb_1024": "https:\/\/files.slack.com\/files-tmb\/TKRNGDFFZ-FMKHS2MMY-aab63ded09\/business_supervisor_celebrity_page_layout_v2_1024.png?t=xoxe-671764457543-761495007360-748720106514-e22867dc4a96f2e14ff182795f11301c",
                "thumb_1024_w": 1024,
                "thumb_1024_h": 983,
                "image_exif_rotation": 1,
                "original_w": 1200,
                "original_h": 1152,
                "permalink": "https:\/\/scrgt-bdso.slack.com\/files\/UL1DRU6R3\/FMKHS2MMY\/business_supervisor_celebrity_page_layout_v2.png",
                "permalink_public": "https:\/\/slack-files.com\/TKRNGDFFZ-FMKHS2MMY-4db3be5b99",
                "is_starred": false,
                "has_rich_preview": false
            },
            {
                "id": "FMYB4BTGD",
                "created": 1567471106,
                "timestamp": 1567471106,
                "name": "business_user_page_layout_v2.png",
                "title": "business_user_page_layout_v2.png",
                "mimetype": "image\/png",
                "filetype": "png",
                "pretty_type": "PNG",
                "user": "UL1DRU6R3",
                "editable": false,
                "size": 1614893,
                "mode": "hosted",
                "is_external": false,
                "external_type": "",
                "is_public": true,
                "public_url_shared": false,
                "display_as_bot": false,
                "username": "",
                "url_private": "https:\/\/files.slack.com\/files-pri\/TKRNGDFFZ-FMYB4BTGD\/business_user_page_layout_v2.png?t=xoxe-671764457543-761495007360-748720106514-e22867dc4a96f2e14ff182795f11301c",
                "url_private_download": "https:\/\/files.slack.com\/files-pri\/TKRNGDFFZ-FMYB4BTGD\/download\/business_user_page_layout_v2.png?t=xoxe-671764457543-761495007360-748720106514-e22867dc4a96f2e14ff182795f11301c",
                "thumb_64": "https:\/\/files.slack.com\/files-tmb\/TKRNGDFFZ-FMYB4BTGD-c3742ec74a\/business_user_page_layout_v2_64.png?t=xoxe-671764457543-761495007360-748720106514-e22867dc4a96f2e14ff182795f11301c",
                "thumb_80": "https:\/\/files.slack.com\/files-tmb\/TKRNGDFFZ-FMYB4BTGD-c3742ec74a\/business_user_page_layout_v2_80.png?t=xoxe-671764457543-761495007360-748720106514-e22867dc4a96f2e14ff182795f11301c",
                "thumb_360": "https:\/\/files.slack.com\/files-tmb\/TKRNGDFFZ-FMYB4BTGD-c3742ec74a\/business_user_page_layout_v2_360.png?t=xoxe-671764457543-761495007360-748720106514-e22867dc4a96f2e14ff182795f11301c",
                "thumb_360_w": 360,
                "thumb_360_h": 349,
                "thumb_480": "https:\/\/files.slack.com\/files-tmb\/TKRNGDFFZ-FMYB4BTGD-c3742ec74a\/business_user_page_layout_v2_480.png?t=xoxe-671764457543-761495007360-748720106514-e22867dc4a96f2e14ff182795f11301c",
                "thumb_480_w": 480,
                "thumb_480_h": 465,
                "thumb_160": "https:\/\/files.slack.com\/files-tmb\/TKRNGDFFZ-FMYB4BTGD-c3742ec74a\/business_user_page_layout_v2_160.png?t=xoxe-671764457543-761495007360-748720106514-e22867dc4a96f2e14ff182795f11301c",
                "thumb_720": "https:\/\/files.slack.com\/files-tmb\/TKRNGDFFZ-FMYB4BTGD-c3742ec74a\/business_user_page_layout_v2_720.png?t=xoxe-671764457543-761495007360-748720106514-e22867dc4a96f2e14ff182795f11301c",
                "thumb_720_w": 720,
                "thumb_720_h": 697,
                "thumb_800": "https:\/\/files.slack.com\/files-tmb\/TKRNGDFFZ-FMYB4BTGD-c3742ec74a\/business_user_page_layout_v2_800.png?t=xoxe-671764457543-761495007360-748720106514-e22867dc4a96f2e14ff182795f11301c",
                "thumb_800_w": 800,
                "thumb_800_h": 775,
                "thumb_960": "https:\/\/files.slack.com\/files-tmb\/TKRNGDFFZ-FMYB4BTGD-c3742ec74a\/business_user_page_layout_v2_960.png?t=xoxe-671764457543-761495007360-748720106514-e22867dc4a96f2e14ff182795f11301c",
                "thumb_960_w": 960,
                "thumb_960_h": 930,
                "thumb_1024": "https:\/\/files.slack.com\/files-tmb\/TKRNGDFFZ-FMYB4BTGD-c3742ec74a\/business_user_page_layout_v2_1024.png?t=xoxe-671764457543-761495007360-748720106514-e22867dc4a96f2e14ff182795f11301c",
                "thumb_1024_w": 1024,
                "thumb_1024_h": 992,
                "image_exif_rotation": 1,
                "original_w": 1200,
                "original_h": 1162,
                "permalink": "https:\/\/scrgt-bdso.slack.com\/files\/UL1DRU6R3\/FMYB4BTGD\/business_user_page_layout_v2.png",
                "permalink_public": "https:\/\/slack-files.com\/TKRNGDFFZ-FMYB4BTGD-6c5c8b407a",
                "is_starred": false,
                "has_rich_preview": false
            },
            {
                "id": "FN0716TC7",
                "created": 1567471106,
                "timestamp": 1567471106,
                "name": "celebrity_profile_alone_v2.png",
                "title": "celebrity_profile_alone_v2.png",
                "mimetype": "image\/png",
                "filetype": "png",
                "pretty_type": "PNG",
                "user": "UL1DRU6R3",
                "editable": false,
                "size": 525142,
                "mode": "hosted",
                "is_external": false,
                "external_type": "",
                "is_public": true,
                "public_url_shared": false,
                "display_as_bot": false,
                "username": "",
                "url_private": "https:\/\/files.slack.com\/files-pri\/TKRNGDFFZ-FN0716TC7\/celebrity_profile_alone_v2.png?t=xoxe-671764457543-761495007360-748720106514-e22867dc4a96f2e14ff182795f11301c",
                "url_private_download": "https:\/\/files.slack.com\/files-pri\/TKRNGDFFZ-FN0716TC7\/download\/celebrity_profile_alone_v2.png?t=xoxe-671764457543-761495007360-748720106514-e22867dc4a96f2e14ff182795f11301c",
                "thumb_64": "https:\/\/files.slack.com\/files-tmb\/TKRNGDFFZ-FN0716TC7-8bd40d76bf\/celebrity_profile_alone_v2_64.png?t=xoxe-671764457543-761495007360-748720106514-e22867dc4a96f2e14ff182795f11301c",
                "thumb_80": "https:\/\/files.slack.com\/files-tmb\/TKRNGDFFZ-FN0716TC7-8bd40d76bf\/celebrity_profile_alone_v2_80.png?t=xoxe-671764457543-761495007360-748720106514-e22867dc4a96f2e14ff182795f11301c",
                "thumb_360": "https:\/\/files.slack.com\/files-tmb\/TKRNGDFFZ-FN0716TC7-8bd40d76bf\/celebrity_profile_alone_v2_360.png?t=xoxe-671764457543-761495007360-748720106514-e22867dc4a96f2e14ff182795f11301c",
                "thumb_360_w": 225,
                "thumb_360_h": 360,
                "thumb_480": "https:\/\/files.slack.com\/files-tmb\/TKRNGDFFZ-FN0716TC7-8bd40d76bf\/celebrity_profile_alone_v2_480.png?t=xoxe-671764457543-761495007360-748720106514-e22867dc4a96f2e14ff182795f11301c",
                "thumb_480_w": 300,
                "thumb_480_h": 480,
                "thumb_160": "https:\/\/files.slack.com\/files-tmb\/TKRNGDFFZ-FN0716TC7-8bd40d76bf\/celebrity_profile_alone_v2_160.png?t=xoxe-671764457543-761495007360-748720106514-e22867dc4a96f2e14ff182795f11301c",
                "thumb_720": "https:\/\/files.slack.com\/files-tmb\/TKRNGDFFZ-FN0716TC7-8bd40d76bf\/celebrity_profile_alone_v2_720.png?t=xoxe-671764457543-761495007360-748720106514-e22867dc4a96f2e14ff182795f11301c",
                "thumb_720_w": 450,
                "thumb_720_h": 720,
                "thumb_800": "https:\/\/files.slack.com\/files-tmb\/TKRNGDFFZ-FN0716TC7-8bd40d76bf\/celebrity_profile_alone_v2_800.png?t=xoxe-671764457543-761495007360-748720106514-e22867dc4a96f2e14ff182795f11301c",
                "thumb_800_w": 800,
                "thumb_800_h": 1280,
                "thumb_960": "https:\/\/files.slack.com\/files-tmb\/TKRNGDFFZ-FN0716TC7-8bd40d76bf\/celebrity_profile_alone_v2_960.png?t=xoxe-671764457543-761495007360-748720106514-e22867dc4a96f2e14ff182795f11301c",
                "thumb_960_w": 600,
                "thumb_960_h": 960,
                "thumb_1024": "https:\/\/files.slack.com\/files-tmb\/TKRNGDFFZ-FN0716TC7-8bd40d76bf\/celebrity_profile_alone_v2_1024.png?t=xoxe-671764457543-761495007360-748720106514-e22867dc4a96f2e14ff182795f11301c",
                "thumb_1024_w": 640,
                "thumb_1024_h": 1024,
                "image_exif_rotation": 1,
                "original_w": 1200,
                "original_h": 1920,
                "permalink": "https:\/\/scrgt-bdso.slack.com\/files\/UL1DRU6R3\/FN0716TC7\/celebrity_profile_alone_v2.png",
                "permalink_public": "https:\/\/slack-files.com\/TKRNGDFFZ-FN0716TC7-45ef4db433",
                "is_starred": false,
                "has_rich_preview": false
            },
            {
                "id": "FN0GC5Q4E",
                "created": 1567471106,
                "timestamp": 1567471106,
                "name": "celebrity_profile_alone_v8_-_edit_mode.png",
                "title": "celebrity_profile_alone_v8_-_edit_mode.png",
                "mimetype": "image\/png",
                "filetype": "png",
                "pretty_type": "PNG",
                "user": "UL1DRU6R3",
                "editable": false,
                "size": 507886,
                "mode": "hosted",
                "is_external": false,
                "external_type": "",
                "is_public": true,
                "public_url_shared": false,
                "display_as_bot": false,
                "username": "",
                "url_private": "https:\/\/files.slack.com\/files-pri\/TKRNGDFFZ-FN0GC5Q4E\/celebrity_profile_alone_v8_-_edit_mode.png?t=xoxe-671764457543-761495007360-748720106514-e22867dc4a96f2e14ff182795f11301c",
                "url_private_download": "https:\/\/files.slack.com\/files-pri\/TKRNGDFFZ-FN0GC5Q4E\/download\/celebrity_profile_alone_v8_-_edit_mode.png?t=xoxe-671764457543-761495007360-748720106514-e22867dc4a96f2e14ff182795f11301c",
                "thumb_64": "https:\/\/files.slack.com\/files-tmb\/TKRNGDFFZ-FN0GC5Q4E-6a61195847\/celebrity_profile_alone_v8_-_edit_mode_64.png?t=xoxe-671764457543-761495007360-748720106514-e22867dc4a96f2e14ff182795f11301c",
                "thumb_80": "https:\/\/files.slack.com\/files-tmb\/TKRNGDFFZ-FN0GC5Q4E-6a61195847\/celebrity_profile_alone_v8_-_edit_mode_80.png?t=xoxe-671764457543-761495007360-748720106514-e22867dc4a96f2e14ff182795f11301c",
                "thumb_360": "https:\/\/files.slack.com\/files-tmb\/TKRNGDFFZ-FN0GC5Q4E-6a61195847\/celebrity_profile_alone_v8_-_edit_mode_360.png?t=xoxe-671764457543-761495007360-748720106514-e22867dc4a96f2e14ff182795f11301c",
                "thumb_360_w": 205,
                "thumb_360_h": 360,
                "thumb_480": "https:\/\/files.slack.com\/files-tmb\/TKRNGDFFZ-FN0GC5Q4E-6a61195847\/celebrity_profile_alone_v8_-_edit_mode_480.png?t=xoxe-671764457543-761495007360-748720106514-e22867dc4a96f2e14ff182795f11301c",
                "thumb_480_w": 273,
                "thumb_480_h": 480,
                "thumb_160": "https:\/\/files.slack.com\/files-tmb\/TKRNGDFFZ-FN0GC5Q4E-6a61195847\/celebrity_profile_alone_v8_-_edit_mode_160.png?t=xoxe-671764457543-761495007360-748720106514-e22867dc4a96f2e14ff182795f11301c",
                "thumb_720": "https:\/\/files.slack.com\/files-tmb\/TKRNGDFFZ-FN0GC5Q4E-6a61195847\/celebrity_profile_alone_v8_-_edit_mode_720.png?t=xoxe-671764457543-761495007360-748720106514-e22867dc4a96f2e14ff182795f11301c",
                "thumb_720_w": 409,
                "thumb_720_h": 720,
                "thumb_800": "https:\/\/files.slack.com\/files-tmb\/TKRNGDFFZ-FN0GC5Q4E-6a61195847\/celebrity_profile_alone_v8_-_edit_mode_800.png?t=xoxe-671764457543-761495007360-748720106514-e22867dc4a96f2e14ff182795f11301c",
                "thumb_800_w": 800,
                "thumb_800_h": 1407,
                "thumb_960": "https:\/\/files.slack.com\/files-tmb\/TKRNGDFFZ-FN0GC5Q4E-6a61195847\/celebrity_profile_alone_v8_-_edit_mode_960.png?t=xoxe-671764457543-761495007360-748720106514-e22867dc4a96f2e14ff182795f11301c",
                "thumb_960_w": 546,
                "thumb_960_h": 960,
                "thumb_1024": "https:\/\/files.slack.com\/files-tmb\/TKRNGDFFZ-FN0GC5Q4E-6a61195847\/celebrity_profile_alone_v8_-_edit_mode_1024.png?t=xoxe-671764457543-761495007360-748720106514-e22867dc4a96f2e14ff182795f11301c",
                "thumb_1024_w": 582,
                "thumb_1024_h": 1024,
                "image_exif_rotation": 1,
                "original_w": 1200,
                "original_h": 2110,
                "permalink": "https:\/\/scrgt-bdso.slack.com\/files\/UL1DRU6R3\/FN0GC5Q4E\/celebrity_profile_alone_v8_-_edit_mode.png",
                "permalink_public": "https:\/\/slack-files.com\/TKRNGDFFZ-FN0GC5Q4E-bc2c3bd1dd",
                "is_starred": false,
                "has_rich_preview": false
            },
            {
                "id": "FMKHS2MPC",
                "created": 1567471106,
                "timestamp": 1567471106,
                "name": "data_science_page.png",
                "title": "data_science_page.png",
                "mimetype": "image\/png",
                "filetype": "png",
                "pretty_type": "PNG",
                "user": "UL1DRU6R3",
                "editable": false,
                "size": 764960,
                "mode": "hosted",
                "is_external": false,
                "external_type": "",
                "is_public": true,
                "public_url_shared": false,
                "display_as_bot": false,
                "username": "",
                "url_private": "https:\/\/files.slack.com\/files-pri\/TKRNGDFFZ-FMKHS2MPC\/data_science_page.png?t=xoxe-671764457543-761495007360-748720106514-e22867dc4a96f2e14ff182795f11301c",
                "url_private_download": "https:\/\/files.slack.com\/files-pri\/TKRNGDFFZ-FMKHS2MPC\/download\/data_science_page.png?t=xoxe-671764457543-761495007360-748720106514-e22867dc4a96f2e14ff182795f11301c",
                "thumb_64": "https:\/\/files.slack.com\/files-tmb\/TKRNGDFFZ-FMKHS2MPC-878f77ea52\/data_science_page_64.png?t=xoxe-671764457543-761495007360-748720106514-e22867dc4a96f2e14ff182795f11301c",
                "thumb_80": "https:\/\/files.slack.com\/files-tmb\/TKRNGDFFZ-FMKHS2MPC-878f77ea52\/data_science_page_80.png?t=xoxe-671764457543-761495007360-748720106514-e22867dc4a96f2e14ff182795f11301c",
                "thumb_360": "https:\/\/files.slack.com\/files-tmb\/TKRNGDFFZ-FMKHS2MPC-878f77ea52\/data_science_page_360.png?t=xoxe-671764457543-761495007360-748720106514-e22867dc4a96f2e14ff182795f11301c",
                "thumb_360_w": 107,
                "thumb_360_h": 360,
                "thumb_480": "https:\/\/files.slack.com\/files-tmb\/TKRNGDFFZ-FMKHS2MPC-878f77ea52\/data_science_page_480.png?t=xoxe-671764457543-761495007360-748720106514-e22867dc4a96f2e14ff182795f11301c",
                "thumb_480_w": 142,
                "thumb_480_h": 480,
                "thumb_160": "https:\/\/files.slack.com\/files-tmb\/TKRNGDFFZ-FMKHS2MPC-878f77ea52\/data_science_page_160.png?t=xoxe-671764457543-761495007360-748720106514-e22867dc4a96f2e14ff182795f11301c",
                "thumb_720": "https:\/\/files.slack.com\/files-tmb\/TKRNGDFFZ-FMKHS2MPC-878f77ea52\/data_science_page_720.png?t=xoxe-671764457543-761495007360-748720106514-e22867dc4a96f2e14ff182795f11301c",
                "thumb_720_w": 213,
                "thumb_720_h": 720,
                "thumb_800": "https:\/\/files.slack.com\/files-tmb\/TKRNGDFFZ-FMKHS2MPC-878f77ea52\/data_science_page_800.png?t=xoxe-671764457543-761495007360-748720106514-e22867dc4a96f2e14ff182795f11301c",
                "thumb_800_w": 800,
                "thumb_800_h": 2700,
                "thumb_960": "https:\/\/files.slack.com\/files-tmb\/TKRNGDFFZ-FMKHS2MPC-878f77ea52\/data_science_page_960.png?t=xoxe-671764457543-761495007360-748720106514-e22867dc4a96f2e14ff182795f11301c",
                "thumb_960_w": 284,
                "thumb_960_h": 960,
                "thumb_1024": "https:\/\/files.slack.com\/files-tmb\/TKRNGDFFZ-FMKHS2MPC-878f77ea52\/data_science_page_1024.png?t=xoxe-671764457543-761495007360-748720106514-e22867dc4a96f2e14ff182795f11301c",
                "thumb_1024_w": 303,
                "thumb_1024_h": 1024,
                "image_exif_rotation": 1,
                "original_w": 1200,
                "original_h": 4050,
                "permalink": "https:\/\/scrgt-bdso.slack.com\/files\/UL1DRU6R3\/FMKHS2MPC\/data_science_page.png",
                "permalink_public": "https:\/\/slack-files.com\/TKRNGDFFZ-FMKHS2MPC-f96b7a2302",
                "is_starred": false,
                "has_rich_preview": false
            },
            {
                "id": "FMRV3B249",
                "created": 1567471106,
                "timestamp": 1567471106,
                "name": "search.png",
                "title": "search.png",
                "mimetype": "image\/png",
                "filetype": "png",
                "pretty_type": "PNG",
                "user": "UL1DRU6R3",
                "editable": false,
                "size": 473960,
                "mode": "hosted",
                "is_external": false,
                "external_type": "",
                "is_public": true,
                "public_url_shared": false,
                "display_as_bot": false,
                "username": "",
                "url_private": "https:\/\/files.slack.com\/files-pri\/TKRNGDFFZ-FMRV3B249\/search.png?t=xoxe-671764457543-761495007360-748720106514-e22867dc4a96f2e14ff182795f11301c",
                "url_private_download": "https:\/\/files.slack.com\/files-pri\/TKRNGDFFZ-FMRV3B249\/download\/search.png?t=xoxe-671764457543-761495007360-748720106514-e22867dc4a96f2e14ff182795f11301c",
                "thumb_64": "https:\/\/files.slack.com\/files-tmb\/TKRNGDFFZ-FMRV3B249-4ce50747cb\/search_64.png?t=xoxe-671764457543-761495007360-748720106514-e22867dc4a96f2e14ff182795f11301c",
                "thumb_80": "https:\/\/files.slack.com\/files-tmb\/TKRNGDFFZ-FMRV3B249-4ce50747cb\/search_80.png?t=xoxe-671764457543-761495007360-748720106514-e22867dc4a96f2e14ff182795f11301c",
                "thumb_360": "https:\/\/files.slack.com\/files-tmb\/TKRNGDFFZ-FMRV3B249-4ce50747cb\/search_360.png?t=xoxe-671764457543-761495007360-748720106514-e22867dc4a96f2e14ff182795f11301c",
                "thumb_360_w": 360,
                "thumb_360_h": 320,
                "thumb_480": "https:\/\/files.slack.com\/files-tmb\/TKRNGDFFZ-FMRV3B249-4ce50747cb\/search_480.png?t=xoxe-671764457543-761495007360-748720106514-e22867dc4a96f2e14ff182795f11301c",
                "thumb_480_w": 480,
                "thumb_480_h": 426,
                "thumb_160": "https:\/\/files.slack.com\/files-tmb\/TKRNGDFFZ-FMRV3B249-4ce50747cb\/search_160.png?t=xoxe-671764457543-761495007360-748720106514-e22867dc4a96f2e14ff182795f11301c",
                "thumb_720": "https:\/\/files.slack.com\/files-tmb\/TKRNGDFFZ-FMRV3B249-4ce50747cb\/search_720.png?t=xoxe-671764457543-761495007360-748720106514-e22867dc4a96f2e14ff182795f11301c",
                "thumb_720_w": 720,
                "thumb_720_h": 639,
                "thumb_800": "https:\/\/files.slack.com\/files-tmb\/TKRNGDFFZ-FMRV3B249-4ce50747cb\/search_800.png?t=xoxe-671764457543-761495007360-748720106514-e22867dc4a96f2e14ff182795f11301c",
                "thumb_800_w": 800,
                "thumb_800_h": 710,
                "thumb_960": "https:\/\/files.slack.com\/files-tmb\/TKRNGDFFZ-FMRV3B249-4ce50747cb\/search_960.png?t=xoxe-671764457543-761495007360-748720106514-e22867dc4a96f2e14ff182795f11301c",
                "thumb_960_w": 960,
                "thumb_960_h": 852,
                "thumb_1024": "https:\/\/files.slack.com\/files-tmb\/TKRNGDFFZ-FMRV3B249-4ce50747cb\/search_1024.png?t=xoxe-671764457543-761495007360-748720106514-e22867dc4a96f2e14ff182795f11301c",
                "thumb_1024_w": 1024,
                "thumb_1024_h": 909,
                "image_exif_rotation": 1,
                "original_w": 1200,
                "original_h": 1065,
                "permalink": "https:\/\/scrgt-bdso.slack.com\/files\/UL1DRU6R3\/FMRV3B249\/search.png",
                "permalink_public": "https:\/\/slack-files.com\/TKRNGDFFZ-FMRV3B249-2b786d1eeb",
                "is_starred": false,
                "has_rich_preview": false
            }
        ],
        "upload": true,
        "user": "UL1DRU6R3",
        "ts": "1567471121.032000",
        "client_msg_id": "00675c70-e202-4367-a834-c74b03b04bf7"
    },
    {
        "client_msg_id": "78fe4c13-7e7c-4f94-84cc-3040443aaaf5",
        "type": "message",
        "text": "<!channel> Can we pull some of the biometric info out of the trivia?",
        "user": "UL1DRU6R3",
        "ts": "1567472520.033700",
        "team": "TKRNGDFFZ",
        "user_team": "TKRNGDFFZ",
        "source_team": "TKRNGDFFZ",
        "user_profile": {
            "avatar_hash": "gd89e47c2607",
            "image_72": "https:\/\/secure.gravatar.com\/avatar\/d89e47c2607ea5a7401c907933bcd907.jpg?s=72&d=https%3A%2F%2Fa.slack-edge.com%2F80588%2Fimg%2Favatars%2Fava_0002-72.png",
            "first_name": "",
            "real_name": "Jacquie",
            "display_name": "Jacquie",
            "team": "TKRNGDFFZ",
            "name": "jacqueline.granger",
            "is_restricted": false,
            "is_ultra_restricted": false
        }
    },
    {
        "client_msg_id": "CB6EAB05-5FCB-42F3-B21D-2119C06E6DF3",
        "type": "message",
        "text": "<!channel> everyone, we need to get an answer for the above question. It’s important, so could someone please respond?  <@UMVNX6570> ",
        "user": "UL1DRU6R3",
        "ts": "1567477055.035500",
        "team": "TKRNGDFFZ",
        "user_team": "TKRNGDFFZ",
        "source_team": "TKRNGDFFZ",
        "user_profile": {
            "avatar_hash": "gd89e47c2607",
            "image_72": "https:\/\/secure.gravatar.com\/avatar\/d89e47c2607ea5a7401c907933bcd907.jpg?s=72&d=https%3A%2F%2Fa.slack-edge.com%2F80588%2Fimg%2Favatars%2Fava_0002-72.png",
            "first_name": "",
            "real_name": "Jacquie",
            "display_name": "Jacquie",
            "team": "TKRNGDFFZ",
            "name": "jacqueline.granger",
            "is_restricted": false,
            "is_ultra_restricted": false
        }
    }
]