[
    {
        "user": "UKPCZJWQL",
        "type": "message",
        "subtype": "channel_join",
        "ts": "1566774087.000200",
        "text": "<@UKPCZJWQL> has joined the channel"
    },
    {
        "type": "message",
        "subtype": "bot_add",
        "text": "added an integration to this channel: <https:\/\/scrgt-bdso.slack.com\/services\/BMPMJVC5T|jenkins>",
        "user": "UKPCZJWQL",
        "bot_id": "BMPMJVC5T",
        "bot_link": "<https:\/\/scrgt-bdso.slack.com\/services\/BMPMJVC5T|jenkins>",
        "ts": "1566774120.000300"
    }
]