[
    {
        "client_msg_id": "1a2c9cbf-9143-4e65-93ca-d6a45a8ac189",
        "type": "message",
        "text": "<https:\/\/github.com\/SalientCRGT\/mdas-td-0802-copy\/blob\/master\/Jenkinsfile>",
        "user": "UKPCZJWQL",
        "ts": "1567864958.182600",
        "team": "TKRNGDFFZ",
        "user_team": "TKRNGDFFZ",
        "source_team": "TKRNGDFFZ",
        "user_profile": {
            "avatar_hash": "g36d88e4c93b",
            "image_72": "https:\/\/secure.gravatar.com\/avatar\/36d88e4c93b31bcf505cfdf1b76c86a9.jpg?s=72&d=https%3A%2F%2Fa.slack-edge.com%2F80588%2Fimg%2Favatars%2Fava_0020-72.png",
            "first_name": "Pramod",
            "real_name": "Pramod Malhotra",
            "display_name": "",
            "team": "TKRNGDFFZ",
            "name": "pramod.malhotra",
            "is_restricted": false,
            "is_ultra_restricted": false
        }
    },
    {
        "client_msg_id": "4253db94-3901-4d69-9fdd-b3c076dc7010",
        "type": "message",
        "text": "stage ('OWASP Dependency Check') {\n    dependencyCheck additionalArguments: '--data \/var\/jenkins_home\/dependency-check-data --scan client --scan lambda\/category-name-lambda --scan lambda\/categories-lambda', odcInstallation: 'dependency-check'\n    dependencyCheckPublisher canComputeNew: false, defaultEncoding: '', healthy: '', pattern: 'dependency-check-report.xml', shouldDetectModules: true, unHealthy: ''\n    archiveArtifacts 'dependency-check-report.xml'\n  }",
        "user": "UKPCZJWQL",
        "ts": "1567864983.182800",
        "team": "TKRNGDFFZ",
        "user_team": "TKRNGDFFZ",
        "source_team": "TKRNGDFFZ",
        "user_profile": {
            "avatar_hash": "g36d88e4c93b",
            "image_72": "https:\/\/secure.gravatar.com\/avatar\/36d88e4c93b31bcf505cfdf1b76c86a9.jpg?s=72&d=https%3A%2F%2Fa.slack-edge.com%2F80588%2Fimg%2Favatars%2Fava_0020-72.png",
            "first_name": "Pramod",
            "real_name": "Pramod Malhotra",
            "display_name": "",
            "team": "TKRNGDFFZ",
            "name": "pramod.malhotra",
            "is_restricted": false,
            "is_ultra_restricted": false
        }
    },
    {
        "client_msg_id": "18218bf4-9c9d-4840-970b-d9f8bfb7eb1a",
        "type": "message",
        "text": "thanks!",
        "user": "UKZFHHJQ4",
        "ts": "1567866731.183100",
        "team": "TKRNGDFFZ",
        "user_team": "TKRNGDFFZ",
        "source_team": "TKRNGDFFZ",
        "user_profile": {
            "avatar_hash": "gb862c6892b8",
            "image_72": "https:\/\/secure.gravatar.com\/avatar\/b862c6892b81861fb8d8490e98b04fb5.jpg?s=72&d=https%3A%2F%2Fa.slack-edge.com%2F80588%2Fimg%2Favatars%2Fava_0012-72.png",
            "first_name": "",
            "real_name": "Shawn Lassiter",
            "display_name": "",
            "team": "TKRNGDFFZ",
            "name": "shawn",
            "is_restricted": false,
            "is_ultra_restricted": false
        }
    },
    {
        "client_msg_id": "af65578d-6bf4-4945-9526-cc43c3859054",
        "type": "message",
        "text": "i don’t have access to that repo though",
        "user": "UKZFHHJQ4",
        "ts": "1567866778.183300",
        "team": "TKRNGDFFZ",
        "user_team": "TKRNGDFFZ",
        "source_team": "TKRNGDFFZ",
        "user_profile": {
            "avatar_hash": "gb862c6892b8",
            "image_72": "https:\/\/secure.gravatar.com\/avatar\/b862c6892b81861fb8d8490e98b04fb5.jpg?s=72&d=https%3A%2F%2Fa.slack-edge.com%2F80588%2Fimg%2Favatars%2Fava_0012-72.png",
            "first_name": "",
            "real_name": "Shawn Lassiter",
            "display_name": "",
            "team": "TKRNGDFFZ",
            "name": "shawn",
            "is_restricted": false,
            "is_ultra_restricted": false
        }
    },
    {
        "client_msg_id": "d6b5c8fe-bf4b-49bb-8915-71b5e253a1c1",
        "type": "message",
        "text": "For Zap integration into pipeline <https:\/\/www.nearform.com\/blog\/zed-attack-proxy-in-a-ci-pipeline\/>",
        "user": "UKPCZJWQL",
        "ts": "1567869585.183700",
        "team": "TKRNGDFFZ",
        "user_team": "TKRNGDFFZ",
        "source_team": "TKRNGDFFZ",
        "user_profile": {
            "avatar_hash": "g36d88e4c93b",
            "image_72": "https:\/\/secure.gravatar.com\/avatar\/36d88e4c93b31bcf505cfdf1b76c86a9.jpg?s=72&d=https%3A%2F%2Fa.slack-edge.com%2F80588%2Fimg%2Favatars%2Fava_0020-72.png",
            "first_name": "Pramod",
            "real_name": "Pramod Malhotra",
            "display_name": "",
            "team": "TKRNGDFFZ",
            "name": "pramod.malhotra",
            "is_restricted": false,
            "is_ultra_restricted": false
        },
        "attachments": [
            {
                "service_name": "NearForm Enterprise Web Development",
                "title": "Zed Attack Proxy in a CI Pipeline?",
                "title_link": "https:\/\/www.nearform.com\/blog\/zed-attack-proxy-in-a-ci-pipeline\/",
                "text": "Testing, particularly around security, is a core part of the ethos of all nearForm development teams.",
                "fallback": "NearForm Enterprise Web Development: Zed Attack Proxy in a CI Pipeline?",
                "image_url": "https:\/\/www.nearform.com\/wp-content\/uploads\/2018\/08\/jonatan-pie-655063-unsplash-1024x684.jpg",
                "image_width": 374,
                "image_height": 250,
                "from_url": "https:\/\/www.nearform.com\/blog\/zed-attack-proxy-in-a-ci-pipeline\/",
                "image_bytes": 33312,
                "service_icon": "https:\/\/www.nearform.com\/wp-content\/uploads\/2018\/06\/cropped-nearform-fav-1-180x180.png",
                "id": 1,
                "original_url": "https:\/\/www.nearform.com\/blog\/zed-attack-proxy-in-a-ci-pipeline\/"
            }
        ]
    },
    {
        "client_msg_id": "03599a00-6da1-4c2b-9719-81d9d4f69b5a",
        "type": "message",
        "text": "<http:\/\/docker.io\/openshift\/origin-docker-registry:v3.10|docker.io\/openshift\/origin-docker-registry:v3.10>",
        "user": "UKZFHHJQ4",
        "ts": "1567887366.184000",
        "team": "TKRNGDFFZ",
        "user_team": "TKRNGDFFZ",
        "source_team": "TKRNGDFFZ",
        "user_profile": {
            "avatar_hash": "gb862c6892b8",
            "image_72": "https:\/\/secure.gravatar.com\/avatar\/b862c6892b81861fb8d8490e98b04fb5.jpg?s=72&d=https%3A%2F%2Fa.slack-edge.com%2F80588%2Fimg%2Favatars%2Fava_0012-72.png",
            "first_name": "",
            "real_name": "Shawn Lassiter",
            "display_name": "",
            "team": "TKRNGDFFZ",
            "name": "shawn",
            "is_restricted": false,
            "is_ultra_restricted": false
        }
    },
    {
        "client_msg_id": "cd565f8d-51b1-473a-b8b0-fa2593c6b3e6",
        "type": "message",
        "text": "no joy. will poke at it after dinner",
        "user": "UKZFHHJQ4",
        "ts": "1567892002.184300",
        "team": "TKRNGDFFZ",
        "user_team": "TKRNGDFFZ",
        "source_team": "TKRNGDFFZ",
        "user_profile": {
            "avatar_hash": "gb862c6892b8",
            "image_72": "https:\/\/secure.gravatar.com\/avatar\/b862c6892b81861fb8d8490e98b04fb5.jpg?s=72&d=https%3A%2F%2Fa.slack-edge.com%2F80588%2Fimg%2Favatars%2Fava_0012-72.png",
            "first_name": "",
            "real_name": "Shawn Lassiter",
            "display_name": "",
            "team": "TKRNGDFFZ",
            "name": "shawn",
            "is_restricted": false,
            "is_ultra_restricted": false
        }
    }
]