[
    {
        "client_msg_id": "402a928c-e31b-4517-9d55-ef2915c87e42",
        "type": "message",
        "text": "Ok, I’m guessing someone is awake by now, I’m refactoring the database scripting back into the pipeline-tools component, since we are sequencing openshift to run after that anyway. it will create secrets files for openshift that are deployed in the finalize script so that they are available for apps.",
        "user": "UKZFHHJQ4",
        "ts": "1568112022.222300",
        "team": "TKRNGDFFZ",
        "user_team": "TKRNGDFFZ",
        "source_team": "TKRNGDFFZ",
        "user_profile": {
            "avatar_hash": "gb862c6892b8",
            "image_72": "https:\/\/secure.gravatar.com\/avatar\/b862c6892b81861fb8d8490e98b04fb5.jpg?s=72&d=https%3A%2F%2Fa.slack-edge.com%2F80588%2Fimg%2Favatars%2Fava_0012-72.png",
            "first_name": "",
            "real_name": "Shawn Lassiter",
            "display_name": "",
            "team": "TKRNGDFFZ",
            "name": "shawn",
            "is_restricted": false,
            "is_ultra_restricted": false
        }
    },
    {
        "client_msg_id": "843bab75-cf85-4b76-a696-240193c853f5",
        "type": "message",
        "text": "i think we will need to do this with elasticsearch as well (it takes 5 minutes, don’t worry)",
        "user": "UKZFHHJQ4",
        "ts": "1568112039.222700",
        "team": "TKRNGDFFZ",
        "user_team": "TKRNGDFFZ",
        "source_team": "TKRNGDFFZ",
        "user_profile": {
            "avatar_hash": "gb862c6892b8",
            "image_72": "https:\/\/secure.gravatar.com\/avatar\/b862c6892b81861fb8d8490e98b04fb5.jpg?s=72&d=https%3A%2F%2Fa.slack-edge.com%2F80588%2Fimg%2Favatars%2Fava_0012-72.png",
            "first_name": "",
            "real_name": "Shawn Lassiter",
            "display_name": "",
            "team": "TKRNGDFFZ",
            "name": "shawn",
            "is_restricted": false,
            "is_ultra_restricted": false
        }
    },
    {
        "client_msg_id": "3fe14fcb-4ff7-4cf2-9416-5864910b3903",
        "type": "message",
        "text": "but i’d like to confirm that we haven’t modified the apps to use the various elasticsearch secrets instead. Last night the apps were using the extended bdso-secrets with elasticsearch variables manually plugged in. I can replicate that, but the refactor is needed to do that.",
        "user": "UKZFHHJQ4",
        "ts": "1568112111.224200",
        "team": "TKRNGDFFZ",
        "user_team": "TKRNGDFFZ",
        "source_team": "TKRNGDFFZ",
        "user_profile": {
            "avatar_hash": "gb862c6892b8",
            "image_72": "https:\/\/secure.gravatar.com\/avatar\/b862c6892b81861fb8d8490e98b04fb5.jpg?s=72&d=https%3A%2F%2Fa.slack-edge.com%2F80588%2Fimg%2Favatars%2Fava_0012-72.png",
            "first_name": "",
            "real_name": "Shawn Lassiter",
            "display_name": "",
            "team": "TKRNGDFFZ",
            "name": "shawn",
            "is_restricted": false,
            "is_ultra_restricted": false
        }
    },
    {
        "client_msg_id": "a54e49df-d960-426c-89ed-911ba42f6588",
        "type": "message",
        "text": "also, I’m noticing a lot of new ocp apps, but only the keycloak and elastic ones are set to run on finalize. do i need to add any of these in, or are they experimental?",
        "user": "UKZFHHJQ4",
        "ts": "1568112265.225400",
        "team": "TKRNGDFFZ",
        "user_team": "TKRNGDFFZ",
        "source_team": "TKRNGDFFZ",
        "user_profile": {
            "avatar_hash": "gb862c6892b8",
            "image_72": "https:\/\/secure.gravatar.com\/avatar\/b862c6892b81861fb8d8490e98b04fb5.jpg?s=72&d=https%3A%2F%2Fa.slack-edge.com%2F80588%2Fimg%2Favatars%2Fava_0012-72.png",
            "first_name": "",
            "real_name": "Shawn Lassiter",
            "display_name": "",
            "team": "TKRNGDFFZ",
            "name": "shawn",
            "is_restricted": false,
            "is_ultra_restricted": false
        }
    },
    {
        "client_msg_id": "2ac29f6c-af5e-4376-893d-35f7c4816070",
        "type": "message",
        "text": "and finally, I’ve checked my calendar, and I have two client meetings that I’m told I cannot miss today. The last one is at 14:00. I’ll be working on this while i’m not actually in meetings, and will head to chantilly immediately after",
        "user": "UKZFHHJQ4",
        "ts": "1568112319.226500",
        "team": "TKRNGDFFZ",
        "user_team": "TKRNGDFFZ",
        "source_team": "TKRNGDFFZ",
        "user_profile": {
            "avatar_hash": "gb862c6892b8",
            "image_72": "https:\/\/secure.gravatar.com\/avatar\/b862c6892b81861fb8d8490e98b04fb5.jpg?s=72&d=https%3A%2F%2Fa.slack-edge.com%2F80588%2Fimg%2Favatars%2Fava_0012-72.png",
            "first_name": "",
            "real_name": "Shawn Lassiter",
            "display_name": "",
            "team": "TKRNGDFFZ",
            "name": "shawn",
            "is_restricted": false,
            "is_ultra_restricted": false
        }
    },
    {
        "client_msg_id": "8f7921df-fa47-4e7c-a75b-ee03103b9984",
        "type": "message",
        "text": "also, good morning. I actually slept from shortly after getting off the phone until about 5:30, so I might actually be awake today.",
        "user": "UKZFHHJQ4",
        "ts": "1568112540.227300",
        "team": "TKRNGDFFZ",
        "user_team": "TKRNGDFFZ",
        "source_team": "TKRNGDFFZ",
        "user_profile": {
            "avatar_hash": "gb862c6892b8",
            "image_72": "https:\/\/secure.gravatar.com\/avatar\/b862c6892b81861fb8d8490e98b04fb5.jpg?s=72&d=https%3A%2F%2Fa.slack-edge.com%2F80588%2Fimg%2Favatars%2Fava_0012-72.png",
            "first_name": "",
            "real_name": "Shawn Lassiter",
            "display_name": "",
            "team": "TKRNGDFFZ",
            "name": "shawn",
            "is_restricted": false,
            "is_ultra_restricted": false
        }
    },
    {
        "client_msg_id": "88cbe14a-08b6-4e46-937f-520afdd5595d",
        "type": "message",
        "text": "Hi Shawn, we made a fw changes to the pipeline script by removing OWASP. Frontend pipeline worked. I believe the code changes are in develop branch.  are you able to add all the secret files to oc?",
        "user": "UL0GK1LJD",
        "ts": "1568113530.229400",
        "team": "TKRNGDFFZ",
        "user_team": "TKRNGDFFZ",
        "source_team": "TKRNGDFFZ",
        "user_profile": {
            "avatar_hash": "g8455934aab6",
            "image_72": "https:\/\/secure.gravatar.com\/avatar\/8455934aab6b3c7afceec7d3255ecd8b.jpg?s=72&d=https%3A%2F%2Fa.slack-edge.com%2F80588%2Fimg%2Favatars%2Fava_0004-72.png",
            "first_name": "",
            "real_name": "Vijay S Deshmukh",
            "display_name": "Vijay S Deshmukh",
            "team": "TKRNGDFFZ",
            "name": "vj_deshmukh",
            "is_restricted": false,
            "is_ultra_restricted": false
        }
    },
    {
        "client_msg_id": "403ed020-a973-431a-bd9a-565a148b41bd",
        "type": "message",
        "text": "One more issue was about low memory for elasticsearch in oc. Have changed instance type for nodes to m4.xlarge (16 GB RAM).",
        "user": "UL0GK1LJD",
        "ts": "1568113659.230500",
        "team": "TKRNGDFFZ",
        "user_team": "TKRNGDFFZ",
        "source_team": "TKRNGDFFZ",
        "user_profile": {
            "avatar_hash": "g8455934aab6",
            "image_72": "https:\/\/secure.gravatar.com\/avatar\/8455934aab6b3c7afceec7d3255ecd8b.jpg?s=72&d=https%3A%2F%2Fa.slack-edge.com%2F80588%2Fimg%2Favatars%2Fava_0004-72.png",
            "first_name": "",
            "real_name": "Vijay S Deshmukh",
            "display_name": "Vijay S Deshmukh",
            "team": "TKRNGDFFZ",
            "name": "vj_deshmukh",
            "is_restricted": false,
            "is_ultra_restricted": false
        }
    },
    {
        "client_msg_id": "d04f2111-8e8d-492b-acd5-4412f8d00d4d",
        "type": "message",
        "text": "I want to destroy the current testing env and re-run. Do you have your changes in develop branch?",
        "user": "UL0GK1LJD",
        "ts": "1568113690.231200",
        "team": "TKRNGDFFZ",
        "user_team": "TKRNGDFFZ",
        "source_team": "TKRNGDFFZ",
        "user_profile": {
            "avatar_hash": "g8455934aab6",
            "image_72": "https:\/\/secure.gravatar.com\/avatar\/8455934aab6b3c7afceec7d3255ecd8b.jpg?s=72&d=https%3A%2F%2Fa.slack-edge.com%2F80588%2Fimg%2Favatars%2Fava_0004-72.png",
            "first_name": "",
            "real_name": "Vijay S Deshmukh",
            "display_name": "Vijay S Deshmukh",
            "team": "TKRNGDFFZ",
            "name": "vj_deshmukh",
            "is_restricted": false,
            "is_ultra_restricted": false
        }
    },
    {
        "client_msg_id": "173baf21-aa3b-4354-8112-3566172f9367",
        "type": "message",
        "text": "I’m getting ready to push",
        "user": "UKZFHHJQ4",
        "ts": "1568113762.231500",
        "team": "TKRNGDFFZ",
        "user_team": "TKRNGDFFZ",
        "source_team": "TKRNGDFFZ",
        "user_profile": {
            "avatar_hash": "gb862c6892b8",
            "image_72": "https:\/\/secure.gravatar.com\/avatar\/b862c6892b81861fb8d8490e98b04fb5.jpg?s=72&d=https%3A%2F%2Fa.slack-edge.com%2F80588%2Fimg%2Favatars%2Fava_0012-72.png",
            "first_name": "",
            "real_name": "Shawn Lassiter",
            "display_name": "",
            "team": "TKRNGDFFZ",
            "name": "shawn",
            "is_restricted": false,
            "is_ultra_restricted": false
        }
    },
    {
        "client_msg_id": "ceff23a7-8bf7-4f01-8b63-c571132e2f84",
        "type": "message",
        "text": "i did find the issue with Dependency Checker. it was not properly configured in jenkins. it should be there in the push",
        "user": "UKZFHHJQ4",
        "ts": "1568113793.232200",
        "team": "TKRNGDFFZ",
        "user_team": "TKRNGDFFZ",
        "source_team": "TKRNGDFFZ",
        "user_profile": {
            "avatar_hash": "gb862c6892b8",
            "image_72": "https:\/\/secure.gravatar.com\/avatar\/b862c6892b81861fb8d8490e98b04fb5.jpg?s=72&d=https%3A%2F%2Fa.slack-edge.com%2F80588%2Fimg%2Favatars%2Fava_0012-72.png",
            "first_name": "",
            "real_name": "Shawn Lassiter",
            "display_name": "",
            "team": "TKRNGDFFZ",
            "name": "shawn",
            "is_restricted": false,
            "is_ultra_restricted": false
        }
    },
    {
        "client_msg_id": "3ceb8e07-2f4a-47ff-aa93-c5b708150eee",
        "type": "message",
        "text": "i can add the secret files, but i need to know if the apps that use them (not frontend) have been modified to use the new secrets, or are still set up to use bdso-secrets.",
        "user": "UKZFHHJQ4",
        "ts": "1568113848.233200",
        "team": "TKRNGDFFZ",
        "user_team": "TKRNGDFFZ",
        "source_team": "TKRNGDFFZ",
        "user_profile": {
            "avatar_hash": "gb862c6892b8",
            "image_72": "https:\/\/secure.gravatar.com\/avatar\/b862c6892b81861fb8d8490e98b04fb5.jpg?s=72&d=https%3A%2F%2Fa.slack-edge.com%2F80588%2Fimg%2Favatars%2Fava_0012-72.png",
            "first_name": "",
            "real_name": "Shawn Lassiter",
            "display_name": "",
            "team": "TKRNGDFFZ",
            "name": "shawn",
            "is_restricted": false,
            "is_ultra_restricted": false
        }
    },
    {
        "client_msg_id": "888fe085-211f-462c-9d4a-86c00bb421d3",
        "type": "message",
        "text": "if the latter, I’ll need to modify how the secrets files are generated so that they all go into the same one",
        "user": "UKZFHHJQ4",
        "ts": "1568113880.233800",
        "team": "TKRNGDFFZ",
        "user_team": "TKRNGDFFZ",
        "source_team": "TKRNGDFFZ",
        "user_profile": {
            "avatar_hash": "gb862c6892b8",
            "image_72": "https:\/\/secure.gravatar.com\/avatar\/b862c6892b81861fb8d8490e98b04fb5.jpg?s=72&d=https%3A%2F%2Fa.slack-edge.com%2F80588%2Fimg%2Favatars%2Fava_0012-72.png",
            "first_name": "",
            "real_name": "Shawn Lassiter",
            "display_name": "",
            "team": "TKRNGDFFZ",
            "name": "shawn",
            "is_restricted": false,
            "is_ultra_restricted": false
        }
    },
    {
        "client_msg_id": "589578e4-5180-4461-9a2d-82109b71baae",
        "type": "message",
        "text": "Dependency Checker: So you have added it to the pipeline and tested and good to go? Send me a PR and I can push to develop.\nYou can add them to ocp secrtes and we can verify with the m\/s team to check. It is unlikely they may have used since they were never there in oc. Oncde you add them today, we will work with the m\/s team to use them.",
        "user": "UL0GK1LJD",
        "ts": "1568114369.236500",
        "team": "TKRNGDFFZ",
        "user_team": "TKRNGDFFZ",
        "source_team": "TKRNGDFFZ",
        "user_profile": {
            "avatar_hash": "g8455934aab6",
            "image_72": "https:\/\/secure.gravatar.com\/avatar\/8455934aab6b3c7afceec7d3255ecd8b.jpg?s=72&d=https%3A%2F%2Fa.slack-edge.com%2F80588%2Fimg%2Favatars%2Fava_0004-72.png",
            "first_name": "",
            "real_name": "Vijay S Deshmukh",
            "display_name": "Vijay S Deshmukh",
            "team": "TKRNGDFFZ",
            "name": "vj_deshmukh",
            "is_restricted": false,
            "is_ultra_restricted": false
        }
    },
    {
        "client_msg_id": "6edcadb0-bc36-47b5-b4fc-f3c579b86e75",
        "type": "message",
        "text": "I found a bug in the jenkins setup which might have affected things downstream too, so we can try it in a branch with dependency-checker after the baseline runs",
        "user": "UKZFHHJQ4",
        "ts": "1568114506.237400",
        "team": "TKRNGDFFZ",
        "user_team": "TKRNGDFFZ",
        "source_team": "TKRNGDFFZ",
        "user_profile": {
            "avatar_hash": "gb862c6892b8",
            "image_72": "https:\/\/secure.gravatar.com\/avatar\/b862c6892b81861fb8d8490e98b04fb5.jpg?s=72&d=https%3A%2F%2Fa.slack-edge.com%2F80588%2Fimg%2Favatars%2Fava_0012-72.png",
            "first_name": "",
            "real_name": "Shawn Lassiter",
            "display_name": "",
            "team": "TKRNGDFFZ",
            "name": "shawn",
            "is_restricted": false,
            "is_ultra_restricted": false
        }
    },
    {
        "client_msg_id": "d28e605a-9380-4f4d-a9a7-f4a027274ef9",
        "type": "message",
        "text": "ok. so they are still using the secrets as they are in dev. i’ll set that file up then.",
        "user": "UKZFHHJQ4",
        "ts": "1568114539.238000",
        "team": "TKRNGDFFZ",
        "user_team": "TKRNGDFFZ",
        "source_team": "TKRNGDFFZ",
        "user_profile": {
            "avatar_hash": "gb862c6892b8",
            "image_72": "https:\/\/secure.gravatar.com\/avatar\/b862c6892b81861fb8d8490e98b04fb5.jpg?s=72&d=https%3A%2F%2Fa.slack-edge.com%2F80588%2Fimg%2Favatars%2Fava_0012-72.png",
            "first_name": "",
            "real_name": "Shawn Lassiter",
            "display_name": "",
            "team": "TKRNGDFFZ",
            "name": "shawn",
            "is_restricted": false,
            "is_ultra_restricted": false
        }
    },
    {
        "client_msg_id": "0bfd436e-5ac7-4c6f-9ac6-b610ce46899a",
        "type": "message",
        "text": "deploys won’t run until then, but can try everything else",
        "user": "UKZFHHJQ4",
        "ts": "1568114563.238500",
        "team": "TKRNGDFFZ",
        "user_team": "TKRNGDFFZ",
        "source_team": "TKRNGDFFZ",
        "user_profile": {
            "avatar_hash": "gb862c6892b8",
            "image_72": "https:\/\/secure.gravatar.com\/avatar\/b862c6892b81861fb8d8490e98b04fb5.jpg?s=72&d=https%3A%2F%2Fa.slack-edge.com%2F80588%2Fimg%2Favatars%2Fava_0012-72.png",
            "first_name": "",
            "real_name": "Shawn Lassiter",
            "display_name": "",
            "team": "TKRNGDFFZ",
            "name": "shawn",
            "is_restricted": false,
            "is_ultra_restricted": false
        }
    },
    {
        "client_msg_id": "43ecb734-0157-4eb6-b4f4-388731bc5164",
        "type": "message",
        "text": "also refactoring the db stuff into the main pipeline scripts shaves off about 3-5 minutes from the deploy time",
        "user": "UKZFHHJQ4",
        "ts": "1568114585.239100",
        "team": "TKRNGDFFZ",
        "user_team": "TKRNGDFFZ",
        "source_team": "TKRNGDFFZ",
        "user_profile": {
            "avatar_hash": "gb862c6892b8",
            "image_72": "https:\/\/secure.gravatar.com\/avatar\/b862c6892b81861fb8d8490e98b04fb5.jpg?s=72&d=https%3A%2F%2Fa.slack-edge.com%2F80588%2Fimg%2Favatars%2Fava_0012-72.png",
            "first_name": "",
            "real_name": "Shawn Lassiter",
            "display_name": "",
            "team": "TKRNGDFFZ",
            "name": "shawn",
            "is_restricted": false,
            "is_ultra_restricted": false
        }
    },
    {
        "client_msg_id": "7fbd880a-e297-4c5a-8298-62187758a92f",
        "type": "message",
        "text": "<https:\/\/github.com\/SalientCRGT\/scrgt-bdso-cc-startup\/pull\/47>",
        "user": "UKZFHHJQ4",
        "ts": "1568114767.239300",
        "team": "TKRNGDFFZ",
        "user_team": "TKRNGDFFZ",
        "source_team": "TKRNGDFFZ",
        "user_profile": {
            "avatar_hash": "gb862c6892b8",
            "image_72": "https:\/\/secure.gravatar.com\/avatar\/b862c6892b81861fb8d8490e98b04fb5.jpg?s=72&d=https%3A%2F%2Fa.slack-edge.com%2F80588%2Fimg%2Favatars%2Fava_0012-72.png",
            "first_name": "",
            "real_name": "Shawn Lassiter",
            "display_name": "",
            "team": "TKRNGDFFZ",
            "name": "shawn",
            "is_restricted": false,
            "is_ultra_restricted": false
        }
    },
    {
        "client_msg_id": "941519b8-c3fd-481c-9077-c5fe0bd6607c",
        "type": "message",
        "text": "^^^ pull request",
        "user": "UKZFHHJQ4",
        "ts": "1568114774.239600",
        "team": "TKRNGDFFZ",
        "user_team": "TKRNGDFFZ",
        "source_team": "TKRNGDFFZ",
        "user_profile": {
            "avatar_hash": "gb862c6892b8",
            "image_72": "https:\/\/secure.gravatar.com\/avatar\/b862c6892b81861fb8d8490e98b04fb5.jpg?s=72&d=https%3A%2F%2Fa.slack-edge.com%2F80588%2Fimg%2Favatars%2Fava_0012-72.png",
            "first_name": "",
            "real_name": "Shawn Lassiter",
            "display_name": "",
            "team": "TKRNGDFFZ",
            "name": "shawn",
            "is_restricted": false,
            "is_ultra_restricted": false
        }
    },
    {
        "client_msg_id": "9dc60c13-87d5-4db8-a425-24f63cb0ed7e",
        "type": "message",
        "text": "This PR is merging to develop. You have tested in yyour local branch the changes right?",
        "user": "UL0GK1LJD",
        "ts": "1568115462.240600",
        "team": "TKRNGDFFZ",
        "user_team": "TKRNGDFFZ",
        "source_team": "TKRNGDFFZ",
        "user_profile": {
            "avatar_hash": "g8455934aab6",
            "image_72": "https:\/\/secure.gravatar.com\/avatar\/8455934aab6b3c7afceec7d3255ecd8b.jpg?s=72&d=https%3A%2F%2Fa.slack-edge.com%2F80588%2Fimg%2Favatars%2Fava_0004-72.png",
            "first_name": "",
            "real_name": "Vijay S Deshmukh",
            "display_name": "Vijay S Deshmukh",
            "team": "TKRNGDFFZ",
            "name": "vj_deshmukh",
            "is_restricted": false,
            "is_ultra_restricted": false
        },
        "edited": {
            "user": "UL0GK1LJD",
            "ts": "1568115474.000000"
        }
    },
    {
        "client_msg_id": "0276d4c4-a138-4272-889b-134ea73eaed9",
        "type": "message",
        "text": "yes, but i’ve got another now. sorry.",
        "user": "UKZFHHJQ4",
        "ts": "1568115858.241300",
        "team": "TKRNGDFFZ",
        "user_team": "TKRNGDFFZ",
        "source_team": "TKRNGDFFZ",
        "user_profile": {
            "avatar_hash": "gb862c6892b8",
            "image_72": "https:\/\/secure.gravatar.com\/avatar\/b862c6892b81861fb8d8490e98b04fb5.jpg?s=72&d=https%3A%2F%2Fa.slack-edge.com%2F80588%2Fimg%2Favatars%2Fava_0012-72.png",
            "first_name": "",
            "real_name": "Shawn Lassiter",
            "display_name": "",
            "team": "TKRNGDFFZ",
            "name": "shawn",
            "is_restricted": false,
            "is_ultra_restricted": false
        }
    },
    {
        "client_msg_id": "9d782cc6-4b87-4189-87e7-b8074503ac65",
        "type": "message",
        "text": "have initiated destroy of current tetsing env. Will re-create soon.",
        "user": "UL0GK1LJD",
        "ts": "1568115869.241900",
        "team": "TKRNGDFFZ",
        "user_team": "TKRNGDFFZ",
        "source_team": "TKRNGDFFZ",
        "user_profile": {
            "avatar_hash": "g8455934aab6",
            "image_72": "https:\/\/secure.gravatar.com\/avatar\/8455934aab6b3c7afceec7d3255ecd8b.jpg?s=72&d=https%3A%2F%2Fa.slack-edge.com%2F80588%2Fimg%2Favatars%2Fava_0004-72.png",
            "first_name": "",
            "real_name": "Vijay S Deshmukh",
            "display_name": "Vijay S Deshmukh",
            "team": "TKRNGDFFZ",
            "name": "vj_deshmukh",
            "is_restricted": false,
            "is_ultra_restricted": false
        }
    },
    {
        "client_msg_id": "4c111988-2dff-4ed8-9bbf-5e7f666294b3",
        "type": "message",
        "text": "forgot to save something important",
        "user": "UKZFHHJQ4",
        "ts": "1568115870.242000",
        "team": "TKRNGDFFZ",
        "user_team": "TKRNGDFFZ",
        "source_team": "TKRNGDFFZ",
        "user_profile": {
            "avatar_hash": "gb862c6892b8",
            "image_72": "https:\/\/secure.gravatar.com\/avatar\/b862c6892b81861fb8d8490e98b04fb5.jpg?s=72&d=https%3A%2F%2Fa.slack-edge.com%2F80588%2Fimg%2Favatars%2Fava_0012-72.png",
            "first_name": "",
            "real_name": "Shawn Lassiter",
            "display_name": "",
            "team": "TKRNGDFFZ",
            "name": "shawn",
            "is_restricted": false,
            "is_ultra_restricted": false
        }
    },
    {
        "client_msg_id": "f12daffc-213e-477c-be04-c74ff3449092",
        "type": "message",
        "text": "ok, pushing new change now",
        "user": "UKZFHHJQ4",
        "ts": "1568115881.242500",
        "team": "TKRNGDFFZ",
        "user_team": "TKRNGDFFZ",
        "source_team": "TKRNGDFFZ",
        "user_profile": {
            "avatar_hash": "gb862c6892b8",
            "image_72": "https:\/\/secure.gravatar.com\/avatar\/b862c6892b81861fb8d8490e98b04fb5.jpg?s=72&d=https%3A%2F%2Fa.slack-edge.com%2F80588%2Fimg%2Favatars%2Fava_0012-72.png",
            "first_name": "",
            "real_name": "Shawn Lassiter",
            "display_name": "",
            "team": "TKRNGDFFZ",
            "name": "shawn",
            "is_restricted": false,
            "is_ultra_restricted": false
        }
    },
    {
        "client_msg_id": "d233fe22-ee5d-42b6-8dcc-e8991c83944c",
        "type": "message",
        "text": "Have you tested them locally?",
        "user": "UL0GK1LJD",
        "ts": "1568115896.242800",
        "team": "TKRNGDFFZ",
        "user_team": "TKRNGDFFZ",
        "source_team": "TKRNGDFFZ",
        "user_profile": {
            "avatar_hash": "g8455934aab6",
            "image_72": "https:\/\/secure.gravatar.com\/avatar\/8455934aab6b3c7afceec7d3255ecd8b.jpg?s=72&d=https%3A%2F%2Fa.slack-edge.com%2F80588%2Fimg%2Favatars%2Fava_0004-72.png",
            "first_name": "",
            "real_name": "Vijay S Deshmukh",
            "display_name": "Vijay S Deshmukh",
            "team": "TKRNGDFFZ",
            "name": "vj_deshmukh",
            "is_restricted": false,
            "is_ultra_restricted": false
        }
    },
    {
        "client_msg_id": "0f007ef7-0210-425c-b41b-bbddc8e4141f",
        "type": "message",
        "text": "yes",
        "user": "UKZFHHJQ4",
        "ts": "1568115902.243000",
        "team": "TKRNGDFFZ",
        "user_team": "TKRNGDFFZ",
        "source_team": "TKRNGDFFZ",
        "user_profile": {
            "avatar_hash": "gb862c6892b8",
            "image_72": "https:\/\/secure.gravatar.com\/avatar\/b862c6892b81861fb8d8490e98b04fb5.jpg?s=72&d=https%3A%2F%2Fa.slack-edge.com%2F80588%2Fimg%2Favatars%2Fava_0012-72.png",
            "first_name": "",
            "real_name": "Shawn Lassiter",
            "display_name": "",
            "team": "TKRNGDFFZ",
            "name": "shawn",
            "is_restricted": false,
            "is_ultra_restricted": false
        }
    },
    {
        "client_msg_id": "8ae68f0b-2351-4ef1-aa78-c277bd6a8bf7",
        "type": "message",
        "text": "have you merged?",
        "user": "UKZFHHJQ4",
        "ts": "1568115909.243300",
        "team": "TKRNGDFFZ",
        "user_team": "TKRNGDFFZ",
        "source_team": "TKRNGDFFZ",
        "user_profile": {
            "avatar_hash": "gb862c6892b8",
            "image_72": "https:\/\/secure.gravatar.com\/avatar\/b862c6892b81861fb8d8490e98b04fb5.jpg?s=72&d=https%3A%2F%2Fa.slack-edge.com%2F80588%2Fimg%2Favatars%2Fava_0012-72.png",
            "first_name": "",
            "real_name": "Shawn Lassiter",
            "display_name": "",
            "team": "TKRNGDFFZ",
            "name": "shawn",
            "is_restricted": false,
            "is_ultra_restricted": false
        }
    },
    {
        "client_msg_id": "d008a3fb-c3b2-40bf-8ee9-00fe79d89d2c",
        "type": "message",
        "text": "new commit added to current PR. please merge before deploying",
        "user": "UKZFHHJQ4",
        "ts": "1568115973.243600",
        "team": "TKRNGDFFZ",
        "user_team": "TKRNGDFFZ",
        "source_team": "TKRNGDFFZ",
        "user_profile": {
            "avatar_hash": "gb862c6892b8",
            "image_72": "https:\/\/secure.gravatar.com\/avatar\/b862c6892b81861fb8d8490e98b04fb5.jpg?s=72&d=https%3A%2F%2Fa.slack-edge.com%2F80588%2Fimg%2Favatars%2Fava_0012-72.png",
            "first_name": "",
            "real_name": "Shawn Lassiter",
            "display_name": "",
            "team": "TKRNGDFFZ",
            "name": "shawn",
            "is_restricted": false,
            "is_ultra_restricted": false
        }
    },
    {
        "client_msg_id": "c57a848c-c317-4c6e-831e-99e098aa602e",
        "type": "message",
        "text": "should be good after that",
        "user": "UKZFHHJQ4",
        "ts": "1568115979.243800",
        "team": "TKRNGDFFZ",
        "user_team": "TKRNGDFFZ",
        "source_team": "TKRNGDFFZ",
        "user_profile": {
            "avatar_hash": "gb862c6892b8",
            "image_72": "https:\/\/secure.gravatar.com\/avatar\/b862c6892b81861fb8d8490e98b04fb5.jpg?s=72&d=https%3A%2F%2Fa.slack-edge.com%2F80588%2Fimg%2Favatars%2Fava_0012-72.png",
            "first_name": "",
            "real_name": "Shawn Lassiter",
            "display_name": "",
            "team": "TKRNGDFFZ",
            "name": "shawn",
            "is_restricted": false,
            "is_ultra_restricted": false
        }
    },
    {
        "client_msg_id": "559ce107-3d7d-459b-b84d-af72f040966b",
        "type": "message",
        "text": "not merged yet. review and approved",
        "user": "UL0GK1LJD",
        "ts": "1568116022.244100",
        "team": "TKRNGDFFZ",
        "user_team": "TKRNGDFFZ",
        "source_team": "TKRNGDFFZ",
        "user_profile": {
            "avatar_hash": "g8455934aab6",
            "image_72": "https:\/\/secure.gravatar.com\/avatar\/8455934aab6b3c7afceec7d3255ecd8b.jpg?s=72&d=https%3A%2F%2Fa.slack-edge.com%2F80588%2Fimg%2Favatars%2Fava_0004-72.png",
            "first_name": "",
            "real_name": "Vijay S Deshmukh",
            "display_name": "Vijay S Deshmukh",
            "team": "TKRNGDFFZ",
            "name": "vj_deshmukh",
            "is_restricted": false,
            "is_ultra_restricted": false
        }
    },
    {
        "client_msg_id": "6ee2c123-0d6a-4cf4-88f2-b1a1cd5e1ac2",
        "type": "message",
        "text": "ok, i’ll merge. that has the jenkins.yaml fix as well. so I believe I have fixed the jenkins\/sonar connection issues, as well as the missing dependency-checker issue",
        "user": "UKZFHHJQ4",
        "ts": "1568116094.245000",
        "team": "TKRNGDFFZ",
        "user_team": "TKRNGDFFZ",
        "source_team": "TKRNGDFFZ",
        "user_profile": {
            "avatar_hash": "gb862c6892b8",
            "image_72": "https:\/\/secure.gravatar.com\/avatar\/b862c6892b81861fb8d8490e98b04fb5.jpg?s=72&d=https%3A%2F%2Fa.slack-edge.com%2F80588%2Fimg%2Favatars%2Fava_0012-72.png",
            "first_name": "",
            "real_name": "Shawn Lassiter",
            "display_name": "",
            "team": "TKRNGDFFZ",
            "name": "shawn",
            "is_restricted": false,
            "is_ultra_restricted": false
        },
        "reactions": [
            {
                "name": "+1",
                "users": [
                    "UL0012996"
                ],
                "count": 1
            }
        ]
    },
    {
        "client_msg_id": "9f0d98a5-535c-43bf-a483-999db2b62b78",
        "type": "message",
        "text": "ok",
        "user": "UL0GK1LJD",
        "ts": "1568116110.245300",
        "team": "TKRNGDFFZ",
        "user_team": "TKRNGDFFZ",
        "source_team": "TKRNGDFFZ",
        "user_profile": {
            "avatar_hash": "g8455934aab6",
            "image_72": "https:\/\/secure.gravatar.com\/avatar\/8455934aab6b3c7afceec7d3255ecd8b.jpg?s=72&d=https%3A%2F%2Fa.slack-edge.com%2F80588%2Fimg%2Favatars%2Fava_0004-72.png",
            "first_name": "",
            "real_name": "Vijay S Deshmukh",
            "display_name": "Vijay S Deshmukh",
            "team": "TKRNGDFFZ",
            "name": "vj_deshmukh",
            "is_restricted": false,
            "is_ultra_restricted": false
        }
    },
    {
        "client_msg_id": "c4350cce-95e7-470f-9791-d29286380987",
        "type": "message",
        "text": "did we get anywhere with the cloudflare issue?",
        "user": "UKZFHHJQ4",
        "ts": "1568116123.245800",
        "team": "TKRNGDFFZ",
        "user_team": "TKRNGDFFZ",
        "source_team": "TKRNGDFFZ",
        "user_profile": {
            "avatar_hash": "gb862c6892b8",
            "image_72": "https:\/\/secure.gravatar.com\/avatar\/b862c6892b81861fb8d8490e98b04fb5.jpg?s=72&d=https%3A%2F%2Fa.slack-edge.com%2F80588%2Fimg%2Favatars%2Fava_0012-72.png",
            "first_name": "",
            "real_name": "Shawn Lassiter",
            "display_name": "",
            "team": "TKRNGDFFZ",
            "name": "shawn",
            "is_restricted": false,
            "is_ultra_restricted": false
        }
    },
    {
        "client_msg_id": "fee1c579-6d76-4993-b101-7fec294b222e",
        "type": "message",
        "text": "have you enable sonar and owasp then in the pipelines?",
        "user": "UL0GK1LJD",
        "ts": "1568116130.246100",
        "team": "TKRNGDFFZ",
        "user_team": "TKRNGDFFZ",
        "source_team": "TKRNGDFFZ",
        "user_profile": {
            "avatar_hash": "g8455934aab6",
            "image_72": "https:\/\/secure.gravatar.com\/avatar\/8455934aab6b3c7afceec7d3255ecd8b.jpg?s=72&d=https%3A%2F%2Fa.slack-edge.com%2F80588%2Fimg%2Favatars%2Fava_0004-72.png",
            "first_name": "",
            "real_name": "Vijay S Deshmukh",
            "display_name": "Vijay S Deshmukh",
            "team": "TKRNGDFFZ",
            "name": "vj_deshmukh",
            "is_restricted": false,
            "is_ultra_restricted": false
        }
    },
    {
        "client_msg_id": "372a487e-8a1a-469c-876d-430e4d82e90d",
        "type": "message",
        "text": "did not see those files",
        "user": "UL0GK1LJD",
        "ts": "1568116148.246700",
        "team": "TKRNGDFFZ",
        "user_team": "TKRNGDFFZ",
        "source_team": "TKRNGDFFZ",
        "user_profile": {
            "avatar_hash": "g8455934aab6",
            "image_72": "https:\/\/secure.gravatar.com\/avatar\/8455934aab6b3c7afceec7d3255ecd8b.jpg?s=72&d=https%3A%2F%2Fa.slack-edge.com%2F80588%2Fimg%2Favatars%2Fava_0004-72.png",
            "first_name": "",
            "real_name": "Vijay S Deshmukh",
            "display_name": "Vijay S Deshmukh",
            "team": "TKRNGDFFZ",
            "name": "vj_deshmukh",
            "is_restricted": false,
            "is_ultra_restricted": false
        }
    },
    {
        "client_msg_id": "b096541d-3480-4137-8186-9c8ba98de365",
        "type": "message",
        "text": "I have not. run through without them, and we can try on the same deployment",
        "user": "UKZFHHJQ4",
        "ts": "1568116161.247000",
        "team": "TKRNGDFFZ",
        "user_team": "TKRNGDFFZ",
        "source_team": "TKRNGDFFZ",
        "user_profile": {
            "avatar_hash": "gb862c6892b8",
            "image_72": "https:\/\/secure.gravatar.com\/avatar\/b862c6892b81861fb8d8490e98b04fb5.jpg?s=72&d=https%3A%2F%2Fa.slack-edge.com%2F80588%2Fimg%2Favatars%2Fava_0012-72.png",
            "first_name": "",
            "real_name": "Shawn Lassiter",
            "display_name": "",
            "team": "TKRNGDFFZ",
            "name": "shawn",
            "is_restricted": false,
            "is_ultra_restricted": false
        }
    },
    {
        "client_msg_id": "08ee82d2-bb47-4c73-8e51-c125ab995bfd",
        "type": "message",
        "text": "ok",
        "user": "UL0GK1LJD",
        "ts": "1568116176.247300",
        "team": "TKRNGDFFZ",
        "user_team": "TKRNGDFFZ",
        "source_team": "TKRNGDFFZ",
        "user_profile": {
            "avatar_hash": "g8455934aab6",
            "image_72": "https:\/\/secure.gravatar.com\/avatar\/8455934aab6b3c7afceec7d3255ecd8b.jpg?s=72&d=https%3A%2F%2Fa.slack-edge.com%2F80588%2Fimg%2Favatars%2Fava_0004-72.png",
            "first_name": "",
            "real_name": "Vijay S Deshmukh",
            "display_name": "Vijay S Deshmukh",
            "team": "TKRNGDFFZ",
            "name": "vj_deshmukh",
            "is_restricted": false,
            "is_ultra_restricted": false
        }
    },
    {
        "client_msg_id": "866e9ef4-9531-4c3f-a1e5-c03bc0f95c8f",
        "type": "message",
        "text": "I will start work on openshift secrets next",
        "user": "UKZFHHJQ4",
        "ts": "1568116225.248400",
        "team": "TKRNGDFFZ",
        "user_team": "TKRNGDFFZ",
        "source_team": "TKRNGDFFZ",
        "user_profile": {
            "avatar_hash": "gb862c6892b8",
            "image_72": "https:\/\/secure.gravatar.com\/avatar\/b862c6892b81861fb8d8490e98b04fb5.jpg?s=72&d=https%3A%2F%2Fa.slack-edge.com%2F80588%2Fimg%2Favatars%2Fava_0012-72.png",
            "first_name": "",
            "real_name": "Shawn Lassiter",
            "display_name": "",
            "team": "TKRNGDFFZ",
            "name": "shawn",
            "is_restricted": false,
            "is_ultra_restricted": false
        }
    },
    {
        "client_msg_id": "e5e7e1d0-b52b-44fe-801b-ed92b1587e37",
        "type": "message",
        "text": "the new subdomain you changed to shawn.",
        "user": "UL0GK1LJD",
        "ts": "1568116236.248900",
        "team": "TKRNGDFFZ",
        "user_team": "TKRNGDFFZ",
        "source_team": "TKRNGDFFZ",
        "user_profile": {
            "avatar_hash": "g8455934aab6",
            "image_72": "https:\/\/secure.gravatar.com\/avatar\/8455934aab6b3c7afceec7d3255ecd8b.jpg?s=72&d=https%3A%2F%2Fa.slack-edge.com%2F80588%2Fimg%2Favatars%2Fava_0004-72.png",
            "first_name": "",
            "real_name": "Vijay S Deshmukh",
            "display_name": "Vijay S Deshmukh",
            "team": "TKRNGDFFZ",
            "name": "vj_deshmukh",
            "is_restricted": false,
            "is_ultra_restricted": false
        }
    },
    {
        "client_msg_id": "4c290526-d596-44dc-9a16-4cf466840d17",
        "type": "message",
        "text": "oops. good catch. will fix",
        "user": "UKZFHHJQ4",
        "ts": "1568116249.249300",
        "team": "TKRNGDFFZ",
        "user_team": "TKRNGDFFZ",
        "source_team": "TKRNGDFFZ",
        "user_profile": {
            "avatar_hash": "gb862c6892b8",
            "image_72": "https:\/\/secure.gravatar.com\/avatar\/b862c6892b81861fb8d8490e98b04fb5.jpg?s=72&d=https%3A%2F%2Fa.slack-edge.com%2F80588%2Fimg%2Favatars%2Fava_0012-72.png",
            "first_name": "",
            "real_name": "Shawn Lassiter",
            "display_name": "",
            "team": "TKRNGDFFZ",
            "name": "shawn",
            "is_restricted": false,
            "is_ultra_restricted": false
        }
    },
    {
        "client_msg_id": "5da93ace-8207-4b5d-a27d-4eb158e74cae",
        "type": "message",
        "text": "Can i change it back to Testing?",
        "user": "UL0GK1LJD",
        "ts": "1568116257.249600",
        "team": "TKRNGDFFZ",
        "user_team": "TKRNGDFFZ",
        "source_team": "TKRNGDFFZ",
        "user_profile": {
            "avatar_hash": "g8455934aab6",
            "image_72": "https:\/\/secure.gravatar.com\/avatar\/8455934aab6b3c7afceec7d3255ecd8b.jpg?s=72&d=https%3A%2F%2Fa.slack-edge.com%2F80588%2Fimg%2Favatars%2Fava_0004-72.png",
            "first_name": "",
            "real_name": "Vijay S Deshmukh",
            "display_name": "Vijay S Deshmukh",
            "team": "TKRNGDFFZ",
            "name": "vj_deshmukh",
            "is_restricted": false,
            "is_ultra_restricted": false
        }
    },
    {
        "client_msg_id": "7b017341-554d-48ed-80d8-15ae937c32ab",
        "type": "message",
        "text": "ok",
        "user": "UL0GK1LJD",
        "ts": "1568116264.249800",
        "team": "TKRNGDFFZ",
        "user_team": "TKRNGDFFZ",
        "source_team": "TKRNGDFFZ",
        "user_profile": {
            "avatar_hash": "g8455934aab6",
            "image_72": "https:\/\/secure.gravatar.com\/avatar\/8455934aab6b3c7afceec7d3255ecd8b.jpg?s=72&d=https%3A%2F%2Fa.slack-edge.com%2F80588%2Fimg%2Favatars%2Fava_0004-72.png",
            "first_name": "",
            "real_name": "Vijay S Deshmukh",
            "display_name": "Vijay S Deshmukh",
            "team": "TKRNGDFFZ",
            "name": "vj_deshmukh",
            "is_restricted": false,
            "is_ultra_restricted": false
        }
    },
    {
        "client_msg_id": "7b44e2b9-72fb-46ae-845b-ba9f1e3932f8",
        "type": "message",
        "text": "pl make that change and push",
        "user": "UL0GK1LJD",
        "ts": "1568116272.250100",
        "team": "TKRNGDFFZ",
        "user_team": "TKRNGDFFZ",
        "source_team": "TKRNGDFFZ",
        "user_profile": {
            "avatar_hash": "g8455934aab6",
            "image_72": "https:\/\/secure.gravatar.com\/avatar\/8455934aab6b3c7afceec7d3255ecd8b.jpg?s=72&d=https%3A%2F%2Fa.slack-edge.com%2F80588%2Fimg%2Favatars%2Fava_0004-72.png",
            "first_name": "",
            "real_name": "Vijay S Deshmukh",
            "display_name": "Vijay S Deshmukh",
            "team": "TKRNGDFFZ",
            "name": "vj_deshmukh",
            "is_restricted": false,
            "is_ultra_restricted": false
        }
    },
    {
        "client_msg_id": "ec597252-fd9b-4bf5-97b2-b729ae876cb0",
        "type": "message",
        "text": "pushed",
        "user": "UKZFHHJQ4",
        "ts": "1568116362.250400",
        "team": "TKRNGDFFZ",
        "user_team": "TKRNGDFFZ",
        "source_team": "TKRNGDFFZ",
        "user_profile": {
            "avatar_hash": "gb862c6892b8",
            "image_72": "https:\/\/secure.gravatar.com\/avatar\/b862c6892b81861fb8d8490e98b04fb5.jpg?s=72&d=https%3A%2F%2Fa.slack-edge.com%2F80588%2Fimg%2Favatars%2Fava_0012-72.png",
            "first_name": "",
            "real_name": "Shawn Lassiter",
            "display_name": "",
            "team": "TKRNGDFFZ",
            "name": "shawn",
            "is_restricted": false,
            "is_ultra_restricted": false
        }
    },
    {
        "client_msg_id": "1b16177f-d9ed-443f-9457-3081994dae0e",
        "type": "message",
        "text": "<https:\/\/github.com\/SalientCRGT\/scrgt-bdso-cc-startup\/pull\/48>",
        "user": "UKZFHHJQ4",
        "ts": "1568116402.250600",
        "team": "TKRNGDFFZ",
        "user_team": "TKRNGDFFZ",
        "source_team": "TKRNGDFFZ",
        "user_profile": {
            "avatar_hash": "gb862c6892b8",
            "image_72": "https:\/\/secure.gravatar.com\/avatar\/b862c6892b81861fb8d8490e98b04fb5.jpg?s=72&d=https%3A%2F%2Fa.slack-edge.com%2F80588%2Fimg%2Favatars%2Fava_0012-72.png",
            "first_name": "",
            "real_name": "Shawn Lassiter",
            "display_name": "",
            "team": "TKRNGDFFZ",
            "name": "shawn",
            "is_restricted": false,
            "is_ultra_restricted": false
        }
    },
    {
        "client_msg_id": "f42a9665-88b5-4cb4-bf03-520b38b4ee06",
        "type": "message",
        "text": "approve and merge",
        "user": "UKZFHHJQ4",
        "ts": "1568116407.250800",
        "team": "TKRNGDFFZ",
        "user_team": "TKRNGDFFZ",
        "source_team": "TKRNGDFFZ",
        "user_profile": {
            "avatar_hash": "gb862c6892b8",
            "image_72": "https:\/\/secure.gravatar.com\/avatar\/b862c6892b81861fb8d8490e98b04fb5.jpg?s=72&d=https%3A%2F%2Fa.slack-edge.com%2F80588%2Fimg%2Favatars%2Fava_0012-72.png",
            "first_name": "",
            "real_name": "Shawn Lassiter",
            "display_name": "",
            "team": "TKRNGDFFZ",
            "name": "shawn",
            "is_restricted": false,
            "is_ultra_restricted": false
        }
    },
    {
        "client_msg_id": "2e3d8c62-3354-4980-910b-e83f0d166d2e",
        "type": "message",
        "text": "done",
        "user": "UL0GK1LJD",
        "ts": "1568116477.251000",
        "team": "TKRNGDFFZ",
        "user_team": "TKRNGDFFZ",
        "source_team": "TKRNGDFFZ",
        "user_profile": {
            "avatar_hash": "g8455934aab6",
            "image_72": "https:\/\/secure.gravatar.com\/avatar\/8455934aab6b3c7afceec7d3255ecd8b.jpg?s=72&d=https%3A%2F%2Fa.slack-edge.com%2F80588%2Fimg%2Favatars%2Fava_0004-72.png",
            "first_name": "",
            "real_name": "Vijay S Deshmukh",
            "display_name": "Vijay S Deshmukh",
            "team": "TKRNGDFFZ",
            "name": "vj_deshmukh",
            "is_restricted": false,
            "is_ultra_restricted": false
        }
    },
    {
        "client_msg_id": "9bafcff8-5e19-432e-93db-021a96d89bb1",
        "type": "message",
        "text": "ok. i guess we’re ready to test",
        "user": "UKZFHHJQ4",
        "ts": "1568116517.251400",
        "team": "TKRNGDFFZ",
        "user_team": "TKRNGDFFZ",
        "source_team": "TKRNGDFFZ",
        "user_profile": {
            "avatar_hash": "gb862c6892b8",
            "image_72": "https:\/\/secure.gravatar.com\/avatar\/b862c6892b81861fb8d8490e98b04fb5.jpg?s=72&d=https%3A%2F%2Fa.slack-edge.com%2F80588%2Fimg%2Favatars%2Fava_0012-72.png",
            "first_name": "",
            "real_name": "Shawn Lassiter",
            "display_name": "",
            "team": "TKRNGDFFZ",
            "name": "shawn",
            "is_restricted": false,
            "is_ultra_restricted": false
        }
    },
    {
        "client_msg_id": "f7f3a1a8-d627-4cc6-aaa4-eb4ec35badc1",
        "type": "message",
        "text": "<@UL0GK1LJD> how do the es secrets map to what’s being used now? I only see ES_CLUSTER, ES_HOST and ES_PORT",
        "user": "UKZFHHJQ4",
        "ts": "1568117063.252400",
        "team": "TKRNGDFFZ",
        "user_team": "TKRNGDFFZ",
        "source_team": "TKRNGDFFZ",
        "user_profile": {
            "avatar_hash": "gb862c6892b8",
            "image_72": "https:\/\/secure.gravatar.com\/avatar\/b862c6892b81861fb8d8490e98b04fb5.jpg?s=72&d=https%3A%2F%2Fa.slack-edge.com%2F80588%2Fimg%2Favatars%2Fava_0012-72.png",
            "first_name": "",
            "real_name": "Shawn Lassiter",
            "display_name": "",
            "team": "TKRNGDFFZ",
            "name": "shawn",
            "is_restricted": false,
            "is_ultra_restricted": false
        }
    },
    {
        "client_msg_id": "01f79812-b954-4c98-aad7-082a53dc875e",
        "type": "message",
        "text": "PR - <https:\/\/github.com\/SalientCRGT\/scrgt-bdso-cc-startup\/pull\/49>",
        "user": "UL0GK1LJD",
        "ts": "1568117091.252600",
        "team": "TKRNGDFFZ",
        "user_team": "TKRNGDFFZ",
        "source_team": "TKRNGDFFZ",
        "user_profile": {
            "avatar_hash": "g8455934aab6",
            "image_72": "https:\/\/secure.gravatar.com\/avatar\/8455934aab6b3c7afceec7d3255ecd8b.jpg?s=72&d=https%3A%2F%2Fa.slack-edge.com%2F80588%2Fimg%2Favatars%2Fava_0004-72.png",
            "first_name": "",
            "real_name": "Vijay S Deshmukh",
            "display_name": "Vijay S Deshmukh",
            "team": "TKRNGDFFZ",
            "name": "vj_deshmukh",
            "is_restricted": false,
            "is_ultra_restricted": false
        }
    },
    {
        "client_msg_id": "0fa97726-469b-4cbc-bc83-fb05a8573300",
        "type": "message",
        "text": "please review aand approve, merge",
        "user": "UL0GK1LJD",
        "ts": "1568117098.252900",
        "team": "TKRNGDFFZ",
        "user_team": "TKRNGDFFZ",
        "source_team": "TKRNGDFFZ",
        "user_profile": {
            "avatar_hash": "g8455934aab6",
            "image_72": "https:\/\/secure.gravatar.com\/avatar\/8455934aab6b3c7afceec7d3255ecd8b.jpg?s=72&d=https%3A%2F%2Fa.slack-edge.com%2F80588%2Fimg%2Favatars%2Fava_0004-72.png",
            "first_name": "",
            "real_name": "Vijay S Deshmukh",
            "display_name": "Vijay S Deshmukh",
            "team": "TKRNGDFFZ",
            "name": "vj_deshmukh",
            "is_restricted": false,
            "is_ultra_restricted": false
        }
    },
    {
        "client_msg_id": "a65e9da7-80d9-40ed-afb6-b102a9627b28",
        "type": "message",
        "text": "Changed instance types to m4.2xlarge",
        "user": "UL0GK1LJD",
        "ts": "1568117141.253400",
        "team": "TKRNGDFFZ",
        "user_team": "TKRNGDFFZ",
        "source_team": "TKRNGDFFZ",
        "user_profile": {
            "avatar_hash": "g8455934aab6",
            "image_72": "https:\/\/secure.gravatar.com\/avatar\/8455934aab6b3c7afceec7d3255ecd8b.jpg?s=72&d=https%3A%2F%2Fa.slack-edge.com%2F80588%2Fimg%2Favatars%2Fava_0004-72.png",
            "first_name": "",
            "real_name": "Vijay S Deshmukh",
            "display_name": "Vijay S Deshmukh",
            "team": "TKRNGDFFZ",
            "name": "vj_deshmukh",
            "is_restricted": false,
            "is_ultra_restricted": false
        }
    },
    {
        "client_msg_id": "7cac62fc-bf53-4953-b100-e21c0e56518c",
        "type": "message",
        "text": "done",
        "user": "UKZFHHJQ4",
        "ts": "1568117145.253600",
        "team": "TKRNGDFFZ",
        "user_team": "TKRNGDFFZ",
        "source_team": "TKRNGDFFZ",
        "user_profile": {
            "avatar_hash": "gb862c6892b8",
            "image_72": "https:\/\/secure.gravatar.com\/avatar\/b862c6892b81861fb8d8490e98b04fb5.jpg?s=72&d=https%3A%2F%2Fa.slack-edge.com%2F80588%2Fimg%2Favatars%2Fava_0012-72.png",
            "first_name": "",
            "real_name": "Shawn Lassiter",
            "display_name": "",
            "team": "TKRNGDFFZ",
            "name": "shawn",
            "is_restricted": false,
            "is_ultra_restricted": false
        }
    },
    {
        "client_msg_id": "2adef80d-f9cb-41de-b1d7-9c5ed25c0512",
        "type": "message",
        "text": "so, secrets. where did the requirements for the ones in the elasticsearch code come from?",
        "user": "UKZFHHJQ4",
        "ts": "1568117169.254200",
        "team": "TKRNGDFFZ",
        "user_team": "TKRNGDFFZ",
        "source_team": "TKRNGDFFZ",
        "user_profile": {
            "avatar_hash": "gb862c6892b8",
            "image_72": "https:\/\/secure.gravatar.com\/avatar\/b862c6892b81861fb8d8490e98b04fb5.jpg?s=72&d=https%3A%2F%2Fa.slack-edge.com%2F80588%2Fimg%2Favatars%2Fava_0012-72.png",
            "first_name": "",
            "real_name": "Shawn Lassiter",
            "display_name": "",
            "team": "TKRNGDFFZ",
            "name": "shawn",
            "is_restricted": false,
            "is_ultra_restricted": false
        }
    },
    {
        "client_msg_id": "08865084-dea6-48b9-ab10-3d809f1cc4c9",
        "type": "message",
        "text": "also, I’m only seeing EMR-DEV-ENDPOINT-URL",
        "user": "UKZFHHJQ4",
        "ts": "1568117545.254600",
        "team": "TKRNGDFFZ",
        "user_team": "TKRNGDFFZ",
        "source_team": "TKRNGDFFZ",
        "user_profile": {
            "avatar_hash": "gb862c6892b8",
            "image_72": "https:\/\/secure.gravatar.com\/avatar\/b862c6892b81861fb8d8490e98b04fb5.jpg?s=72&d=https%3A%2F%2Fa.slack-edge.com%2F80588%2Fimg%2Favatars%2Fava_0012-72.png",
            "first_name": "",
            "real_name": "Shawn Lassiter",
            "display_name": "",
            "team": "TKRNGDFFZ",
            "name": "shawn",
            "is_restricted": false,
            "is_ultra_restricted": false
        }
    },
    {
        "client_msg_id": "dce29a18-6c14-4e18-8ad1-b0d7bdc9a544",
        "type": "message",
        "text": "is there a TEST and a PROD value?",
        "user": "UKZFHHJQ4",
        "ts": "1568117555.254900",
        "team": "TKRNGDFFZ",
        "user_team": "TKRNGDFFZ",
        "source_team": "TKRNGDFFZ",
        "user_profile": {
            "avatar_hash": "gb862c6892b8",
            "image_72": "https:\/\/secure.gravatar.com\/avatar\/b862c6892b81861fb8d8490e98b04fb5.jpg?s=72&d=https%3A%2F%2Fa.slack-edge.com%2F80588%2Fimg%2Favatars%2Fava_0012-72.png",
            "first_name": "",
            "real_name": "Shawn Lassiter",
            "display_name": "",
            "team": "TKRNGDFFZ",
            "name": "shawn",
            "is_restricted": false,
            "is_ultra_restricted": false
        }
    },
    {
        "client_msg_id": "8d950988-2258-4630-8a5b-fdbc076ef7ea",
        "type": "message",
        "text": "1 env with 3 different folders",
        "user": "UKPCZJWQL",
        "ts": "1568117593.255400",
        "team": "TKRNGDFFZ",
        "user_team": "TKRNGDFFZ",
        "source_team": "TKRNGDFFZ",
        "user_profile": {
            "avatar_hash": "g36d88e4c93b",
            "image_72": "https:\/\/secure.gravatar.com\/avatar\/36d88e4c93b31bcf505cfdf1b76c86a9.jpg?s=72&d=https%3A%2F%2Fa.slack-edge.com%2F80588%2Fimg%2Favatars%2Fava_0020-72.png",
            "first_name": "Pramod",
            "real_name": "Pramod Malhotra",
            "display_name": "",
            "team": "TKRNGDFFZ",
            "name": "pramod.malhotra",
            "is_restricted": false,
            "is_ultra_restricted": false
        }
    },
    {
        "client_msg_id": "c9bb2261-f2f0-408e-9181-7de979daff8e",
        "type": "message",
        "text": "ok, and how do they know which folder they are supposed to use?",
        "user": "UKZFHHJQ4",
        "ts": "1568117690.256300",
        "team": "TKRNGDFFZ",
        "user_team": "TKRNGDFFZ",
        "source_team": "TKRNGDFFZ",
        "user_profile": {
            "avatar_hash": "gb862c6892b8",
            "image_72": "https:\/\/secure.gravatar.com\/avatar\/b862c6892b81861fb8d8490e98b04fb5.jpg?s=72&d=https%3A%2F%2Fa.slack-edge.com%2F80588%2Fimg%2Favatars%2Fava_0012-72.png",
            "first_name": "",
            "real_name": "Shawn Lassiter",
            "display_name": "",
            "team": "TKRNGDFFZ",
            "name": "shawn",
            "is_restricted": false,
            "is_ultra_restricted": false
        }
    },
    {
        "client_msg_id": "90e1bf6d-e2bb-4005-8287-b70705bd50aa",
        "type": "message",
        "text": "Nevermind, I’ll check with datascience people later today",
        "user": "UKZFHHJQ4",
        "ts": "1568117750.256800",
        "team": "TKRNGDFFZ",
        "user_team": "TKRNGDFFZ",
        "source_team": "TKRNGDFFZ",
        "user_profile": {
            "avatar_hash": "gb862c6892b8",
            "image_72": "https:\/\/secure.gravatar.com\/avatar\/b862c6892b81861fb8d8490e98b04fb5.jpg?s=72&d=https%3A%2F%2Fa.slack-edge.com%2F80588%2Fimg%2Favatars%2Fava_0012-72.png",
            "first_name": "",
            "real_name": "Shawn Lassiter",
            "display_name": "",
            "team": "TKRNGDFFZ",
            "name": "shawn",
            "is_restricted": false,
            "is_ultra_restricted": false
        }
    },
    {
        "client_msg_id": "09a2c931-2ff1-4c52-b141-fe4b43cca596",
        "type": "message",
        "text": "R we doing call this morning or directly meeting in chantilly",
        "user": "UKPCZJWQL",
        "ts": "1568118679.257700",
        "team": "TKRNGDFFZ",
        "user_team": "TKRNGDFFZ",
        "source_team": "TKRNGDFFZ",
        "user_profile": {
            "avatar_hash": "g36d88e4c93b",
            "image_72": "https:\/\/secure.gravatar.com\/avatar\/36d88e4c93b31bcf505cfdf1b76c86a9.jpg?s=72&d=https%3A%2F%2Fa.slack-edge.com%2F80588%2Fimg%2Favatars%2Fava_0020-72.png",
            "first_name": "Pramod",
            "real_name": "Pramod Malhotra",
            "display_name": "",
            "team": "TKRNGDFFZ",
            "name": "pramod.malhotra",
            "is_restricted": false,
            "is_ultra_restricted": false
        }
    },
    {
        "client_msg_id": "65b0a42f-15e6-4c7d-9d97-47a1d7ed91d9",
        "type": "message",
        "text": "I can call in",
        "user": "UKZFHHJQ4",
        "ts": "1568119037.258000",
        "team": "TKRNGDFFZ",
        "user_team": "TKRNGDFFZ",
        "source_team": "TKRNGDFFZ",
        "user_profile": {
            "avatar_hash": "gb862c6892b8",
            "image_72": "https:\/\/secure.gravatar.com\/avatar\/b862c6892b81861fb8d8490e98b04fb5.jpg?s=72&d=https%3A%2F%2Fa.slack-edge.com%2F80588%2Fimg%2Favatars%2Fava_0012-72.png",
            "first_name": "",
            "real_name": "Shawn Lassiter",
            "display_name": "",
            "team": "TKRNGDFFZ",
            "name": "shawn",
            "is_restricted": false,
            "is_ultra_restricted": false
        }
    },
    {
        "client_msg_id": "0a7c26f3-2e0a-4b3e-8248-f6d11f9a61e6",
        "type": "message",
        "text": "have started the install",
        "user": "UL0GK1LJD",
        "ts": "1568119171.258500",
        "team": "TKRNGDFFZ",
        "user_team": "TKRNGDFFZ",
        "source_team": "TKRNGDFFZ",
        "user_profile": {
            "avatar_hash": "g8455934aab6",
            "image_72": "https:\/\/secure.gravatar.com\/avatar\/8455934aab6b3c7afceec7d3255ecd8b.jpg?s=72&d=https%3A%2F%2Fa.slack-edge.com%2F80588%2Fimg%2Favatars%2Fava_0004-72.png",
            "first_name": "",
            "real_name": "Vijay S Deshmukh",
            "display_name": "Vijay S Deshmukh",
            "team": "TKRNGDFFZ",
            "name": "vj_deshmukh",
            "is_restricted": false,
            "is_ultra_restricted": false
        }
    },
    {
        "client_msg_id": "2ab58334-e89e-4c74-a2ce-b1e9b1a1e18b",
        "type": "message",
        "text": "running the infra script",
        "user": "UL0GK1LJD",
        "ts": "1568119177.258900",
        "team": "TKRNGDFFZ",
        "user_team": "TKRNGDFFZ",
        "source_team": "TKRNGDFFZ",
        "user_profile": {
            "avatar_hash": "g8455934aab6",
            "image_72": "https:\/\/secure.gravatar.com\/avatar\/8455934aab6b3c7afceec7d3255ecd8b.jpg?s=72&d=https%3A%2F%2Fa.slack-edge.com%2F80588%2Fimg%2Favatars%2Fava_0004-72.png",
            "first_name": "",
            "real_name": "Vijay S Deshmukh",
            "display_name": "Vijay S Deshmukh",
            "team": "TKRNGDFFZ",
            "name": "vj_deshmukh",
            "is_restricted": false,
            "is_ultra_restricted": false
        }
    },
    {
        "client_msg_id": "35CB221D-9E82-4409-B224-375F6CFBB223",
        "type": "message",
        "text": "Sorry, I totally lost track of time ",
        "user": "UKR4GLQKF",
        "ts": "1568119191.259200",
        "team": "TKRNGDFFZ",
        "user_team": "TKRNGDFFZ",
        "source_team": "TKRNGDFFZ",
        "user_profile": {
            "avatar_hash": "gf6859e536fb",
            "image_72": "https:\/\/secure.gravatar.com\/avatar\/f6859e536fb63a6f9d862b2f3fb9684c.jpg?s=72&d=https%3A%2F%2Fa.slack-edge.com%2F80588%2Fimg%2Favatars%2Fava_0015-72.png",
            "first_name": "",
            "real_name": "Amit Yadav",
            "display_name": "",
            "team": "TKRNGDFFZ",
            "name": "amit",
            "is_restricted": false,
            "is_ultra_restricted": false
        }
    },
    {
        "client_msg_id": "fe8972f8-d0d7-4a70-a2ea-40983655a959",
        "type": "message",
        "text": "No Prod and test for EMR",
        "user": "UL0GK1LJD",
        "ts": "1568119301.259400",
        "team": "TKRNGDFFZ",
        "user_team": "TKRNGDFFZ",
        "source_team": "TKRNGDFFZ",
        "user_profile": {
            "avatar_hash": "g8455934aab6",
            "image_72": "https:\/\/secure.gravatar.com\/avatar\/8455934aab6b3c7afceec7d3255ecd8b.jpg?s=72&d=https%3A%2F%2Fa.slack-edge.com%2F80588%2Fimg%2Favatars%2Fava_0004-72.png",
            "first_name": "",
            "real_name": "Vijay S Deshmukh",
            "display_name": "Vijay S Deshmukh",
            "team": "TKRNGDFFZ",
            "name": "vj_deshmukh",
            "is_restricted": false,
            "is_ultra_restricted": false
        }
    },
    {
        "client_msg_id": "a0010a18-dcf2-4e9c-9d3e-158c5a6eb582",
        "type": "message",
        "text": "run complete: Below are the URLs:",
        "user": "UL0GK1LJD",
        "ts": "1568122699.259700",
        "team": "TKRNGDFFZ",
        "user_team": "TKRNGDFFZ",
        "source_team": "TKRNGDFFZ",
        "user_profile": {
            "avatar_hash": "g8455934aab6",
            "image_72": "https:\/\/secure.gravatar.com\/avatar\/8455934aab6b3c7afceec7d3255ecd8b.jpg?s=72&d=https%3A%2F%2Fa.slack-edge.com%2F80588%2Fimg%2Favatars%2Fava_0004-72.png",
            "first_name": "",
            "real_name": "Vijay S Deshmukh",
            "display_name": "Vijay S Deshmukh",
            "team": "TKRNGDFFZ",
            "name": "vj_deshmukh",
            "is_restricted": false,
            "is_ultra_restricted": false
        }
    },
    {
        "client_msg_id": "c88cc581-3727-4216-86ea-491c2238c801",
        "type": "message",
        "text": "<http:\/\/jenkins.testing.salientcrgt-bdso.com> \t\tadmin \/ DevOps001\n<http:\/\/sonar.testing.salientcrgt-bdso.com> \t\tadmin \/ admin\n<https:\/\/ocp.testing.salientcrgt-bdso.com:8443> \t\tadmin \/ 123",
        "user": "UL0GK1LJD",
        "ts": "1568122700.259900",
        "team": "TKRNGDFFZ",
        "user_team": "TKRNGDFFZ",
        "source_team": "TKRNGDFFZ",
        "user_profile": {
            "avatar_hash": "g8455934aab6",
            "image_72": "https:\/\/secure.gravatar.com\/avatar\/8455934aab6b3c7afceec7d3255ecd8b.jpg?s=72&d=https%3A%2F%2Fa.slack-edge.com%2F80588%2Fimg%2Favatars%2Fava_0004-72.png",
            "first_name": "",
            "real_name": "Vijay S Deshmukh",
            "display_name": "Vijay S Deshmukh",
            "team": "TKRNGDFFZ",
            "name": "vj_deshmukh",
            "is_restricted": false,
            "is_ultra_restricted": false
        }
    },
    {
        "client_msg_id": "9e1d58a3-9428-4a77-81de-cb814e41d9cc",
        "type": "message",
        "text": "notebook files and data are in S3: <https:\/\/s3.console.aws.amazon.com\/s3\/buckets\/bdso-cc-vpc-03b16d56359a36821\/jupyter\/jovyan>",
        "user": "UL0GK1LJD",
        "ts": "1568122741.260400",
        "team": "TKRNGDFFZ",
        "user_team": "TKRNGDFFZ",
        "source_team": "TKRNGDFFZ",
        "user_profile": {
            "avatar_hash": "g8455934aab6",
            "image_72": "https:\/\/secure.gravatar.com\/avatar\/8455934aab6b3c7afceec7d3255ecd8b.jpg?s=72&d=https%3A%2F%2Fa.slack-edge.com%2F80588%2Fimg%2Favatars%2Fava_0004-72.png",
            "first_name": "",
            "real_name": "Vijay S Deshmukh",
            "display_name": "Vijay S Deshmukh",
            "team": "TKRNGDFFZ",
            "name": "vj_deshmukh",
            "is_restricted": false,
            "is_ultra_restricted": false
        }
    },
    {
        "client_msg_id": "5c8d975d-32c7-4dd6-b5b2-1ae64c1396dd",
        "type": "message",
        "text": "EMR cluster: <https:\/\/ec2-18-217-94-11.us-east-2.compute.amazonaws.com:9443>",
        "user": "UL0GK1LJD",
        "ts": "1568122832.260600",
        "team": "TKRNGDFFZ",
        "user_team": "TKRNGDFFZ",
        "source_team": "TKRNGDFFZ",
        "user_profile": {
            "avatar_hash": "g8455934aab6",
            "image_72": "https:\/\/secure.gravatar.com\/avatar\/8455934aab6b3c7afceec7d3255ecd8b.jpg?s=72&d=https%3A%2F%2Fa.slack-edge.com%2F80588%2Fimg%2Favatars%2Fava_0004-72.png",
            "first_name": "",
            "real_name": "Vijay S Deshmukh",
            "display_name": "Vijay S Deshmukh",
            "team": "TKRNGDFFZ",
            "name": "vj_deshmukh",
            "is_restricted": false,
            "is_ultra_restricted": false
        }
    },
    {
        "client_msg_id": "5a3f28c4-715c-45a6-b16c-5942de6169f8",
        "type": "message",
        "text": "my PR for githooks is still out there..",
        "user": "UL284UA1J",
        "ts": "1568137072.260900",
        "team": "TKRNGDFFZ",
        "user_team": "TKRNGDFFZ",
        "source_team": "TKRNGDFFZ",
        "user_profile": {
            "avatar_hash": "g68abbeef961",
            "image_72": "https:\/\/secure.gravatar.com\/avatar\/68abbeef9611a51f2c362e3d99271b2e.jpg?s=72&d=https%3A%2F%2Fa.slack-edge.com%2F80588%2Fimg%2Favatars%2Fava_0015-72.png",
            "first_name": "",
            "real_name": "Gary Morris",
            "display_name": "Gary Morris",
            "team": "TKRNGDFFZ",
            "name": "gary.morris",
            "is_restricted": false,
            "is_ultra_restricted": false
        }
    },
    {
        "client_msg_id": "ccfc1c3e-2424-48a2-9cc3-2d31e0ec26c6",
        "type": "message",
        "text": "would be good to except to be sure there is adequate testing because it alters jenkins config",
        "user": "UL284UA1J",
        "ts": "1568137132.261400",
        "team": "TKRNGDFFZ",
        "user_team": "TKRNGDFFZ",
        "source_team": "TKRNGDFFZ",
        "user_profile": {
            "avatar_hash": "g68abbeef961",
            "image_72": "https:\/\/secure.gravatar.com\/avatar\/68abbeef9611a51f2c362e3d99271b2e.jpg?s=72&d=https%3A%2F%2Fa.slack-edge.com%2F80588%2Fimg%2Favatars%2Fava_0015-72.png",
            "first_name": "",
            "real_name": "Gary Morris",
            "display_name": "Gary Morris",
            "team": "TKRNGDFFZ",
            "name": "gary.morris",
            "is_restricted": false,
            "is_ultra_restricted": false
        }
    },
    {
        "client_msg_id": "c80f32f7-5df0-40e3-8beb-dc6fb3f14b30",
        "type": "message",
        "text": "are you all in chantilly this week?  didnt realize.. perhaps i can join you tomorrow",
        "user": "UL284UA1J",
        "ts": "1568137331.261800",
        "team": "TKRNGDFFZ",
        "user_team": "TKRNGDFFZ",
        "source_team": "TKRNGDFFZ",
        "user_profile": {
            "avatar_hash": "g68abbeef961",
            "image_72": "https:\/\/secure.gravatar.com\/avatar\/68abbeef9611a51f2c362e3d99271b2e.jpg?s=72&d=https%3A%2F%2Fa.slack-edge.com%2F80588%2Fimg%2Favatars%2Fava_0015-72.png",
            "first_name": "",
            "real_name": "Gary Morris",
            "display_name": "Gary Morris",
            "team": "TKRNGDFFZ",
            "name": "gary.morris",
            "is_restricted": false,
            "is_ultra_restricted": false
        }
    },
    {
        "client_msg_id": "54b31a5f-af3d-4160-a40e-be96be531249",
        "type": "message",
        "text": "sure",
        "user": "UKPCZJWQL",
        "ts": "1568138439.262000",
        "team": "TKRNGDFFZ",
        "user_team": "TKRNGDFFZ",
        "source_team": "TKRNGDFFZ",
        "user_profile": {
            "avatar_hash": "g36d88e4c93b",
            "image_72": "https:\/\/secure.gravatar.com\/avatar\/36d88e4c93b31bcf505cfdf1b76c86a9.jpg?s=72&d=https%3A%2F%2Fa.slack-edge.com%2F80588%2Fimg%2Favatars%2Fava_0020-72.png",
            "first_name": "Pramod",
            "real_name": "Pramod Malhotra",
            "display_name": "",
            "team": "TKRNGDFFZ",
            "name": "pramod.malhotra",
            "is_restricted": false,
            "is_ultra_restricted": false
        }
    },
    {
        "client_msg_id": "658d89cc-b0d6-4dc3-bf9b-d543cf12db84",
        "type": "message",
        "text": "<@UL284UA1J> approved PR",
        "user": "UL0GK1LJD",
        "ts": "1568149641.262300",
        "team": "TKRNGDFFZ",
        "user_team": "TKRNGDFFZ",
        "source_team": "TKRNGDFFZ",
        "user_profile": {
            "avatar_hash": "g8455934aab6",
            "image_72": "https:\/\/secure.gravatar.com\/avatar\/8455934aab6b3c7afceec7d3255ecd8b.jpg?s=72&d=https%3A%2F%2Fa.slack-edge.com%2F80588%2Fimg%2Favatars%2Fava_0004-72.png",
            "first_name": "",
            "real_name": "Vijay S Deshmukh",
            "display_name": "Vijay S Deshmukh",
            "team": "TKRNGDFFZ",
            "name": "vj_deshmukh",
            "is_restricted": false,
            "is_ultra_restricted": false
        }
    },
    {
        "client_msg_id": "0320D6FB-D709-4815-B3B4-7DB5FB1BD9E2",
        "type": "message",
        "text": "I can’t make the standup but let me know tasks you may want of me tonight. Was thinking get that instance profile for OC",
        "user": "UL284UA1J",
        "ts": "1568152470.263300",
        "team": "TKRNGDFFZ",
        "user_team": "TKRNGDFFZ",
        "source_team": "TKRNGDFFZ",
        "user_profile": {
            "avatar_hash": "g68abbeef961",
            "image_72": "https:\/\/secure.gravatar.com\/avatar\/68abbeef9611a51f2c362e3d99271b2e.jpg?s=72&d=https%3A%2F%2Fa.slack-edge.com%2F80588%2Fimg%2Favatars%2Fava_0015-72.png",
            "first_name": "",
            "real_name": "Gary Morris",
            "display_name": "Gary Morris",
            "team": "TKRNGDFFZ",
            "name": "gary.morris",
            "is_restricted": false,
            "is_ultra_restricted": false
        }
    },
    {
        "client_msg_id": "C228D917-DFFF-4EE5-80FE-73C57F2603AB",
        "type": "message",
        "text": "What is ray asking in <#CKPT4LNSH|general>? Is he asking to merge to our repo? Do you understand what he’s asking?",
        "user": "UL284UA1J",
        "ts": "1568157744.264600",
        "team": "TKRNGDFFZ",
        "user_team": "TKRNGDFFZ",
        "source_team": "TKRNGDFFZ",
        "user_profile": {
            "avatar_hash": "g68abbeef961",
            "image_72": "https:\/\/secure.gravatar.com\/avatar\/68abbeef9611a51f2c362e3d99271b2e.jpg?s=72&d=https%3A%2F%2Fa.slack-edge.com%2F80588%2Fimg%2Favatars%2Fava_0015-72.png",
            "first_name": "",
            "real_name": "Gary Morris",
            "display_name": "Gary Morris",
            "team": "TKRNGDFFZ",
            "name": "gary.morris",
            "is_restricted": false,
            "is_ultra_restricted": false
        }
    },
    {
        "client_msg_id": "4c9bb852-3f8a-41c2-b469-fe125a64f45f",
        "type": "message",
        "text": "<https:\/\/github.com\/SalientCRGT\/scrgt-bdso-cc-startup\/pull\/52>",
        "user": "UKZFHHJQ4",
        "ts": "1568162203.264800",
        "team": "TKRNGDFFZ",
        "user_team": "TKRNGDFFZ",
        "source_team": "TKRNGDFFZ",
        "user_profile": {
            "avatar_hash": "gb862c6892b8",
            "image_72": "https:\/\/secure.gravatar.com\/avatar\/b862c6892b81861fb8d8490e98b04fb5.jpg?s=72&d=https%3A%2F%2Fa.slack-edge.com%2F80588%2Fimg%2Favatars%2Fava_0012-72.png",
            "first_name": "",
            "real_name": "Shawn Lassiter",
            "display_name": "",
            "team": "TKRNGDFFZ",
            "name": "shawn",
            "is_restricted": false,
            "is_ultra_restricted": false
        }
    },
    {
        "client_msg_id": "fe73ffd3-d6d2-4c76-ae5a-2536ce4055a6",
        "type": "message",
        "text": "<@UL284UA1J> i think it’s to the datascience repo",
        "user": "UKZFHHJQ4",
        "ts": "1568162242.265300",
        "team": "TKRNGDFFZ",
        "user_team": "TKRNGDFFZ",
        "source_team": "TKRNGDFFZ",
        "user_profile": {
            "avatar_hash": "gb862c6892b8",
            "image_72": "https:\/\/secure.gravatar.com\/avatar\/b862c6892b81861fb8d8490e98b04fb5.jpg?s=72&d=https%3A%2F%2Fa.slack-edge.com%2F80588%2Fimg%2Favatars%2Fava_0012-72.png",
            "first_name": "",
            "real_name": "Shawn Lassiter",
            "display_name": "",
            "team": "TKRNGDFFZ",
            "name": "shawn",
            "is_restricted": false,
            "is_ultra_restricted": false
        }
    },
    {
        "client_msg_id": "68fac659-e7d4-4ca8-9770-111db8080aa8",
        "type": "message",
        "text": "not us",
        "user": "UKZFHHJQ4",
        "ts": "1568162249.265700",
        "team": "TKRNGDFFZ",
        "user_team": "TKRNGDFFZ",
        "source_team": "TKRNGDFFZ",
        "user_profile": {
            "avatar_hash": "gb862c6892b8",
            "image_72": "https:\/\/secure.gravatar.com\/avatar\/b862c6892b81861fb8d8490e98b04fb5.jpg?s=72&d=https%3A%2F%2Fa.slack-edge.com%2F80588%2Fimg%2Favatars%2Fava_0012-72.png",
            "first_name": "",
            "real_name": "Shawn Lassiter",
            "display_name": "",
            "team": "TKRNGDFFZ",
            "name": "shawn",
            "is_restricted": false,
            "is_ultra_restricted": false
        }
    },
    {
        "client_msg_id": "5e98865b-1797-4da0-b549-f3335a161d6d",
        "type": "message",
        "text": "<https:\/\/github.com\/SalientCRGT\/scrgt-bdso-cc-startup\/pull\/54>",
        "user": "UKZFHHJQ4",
        "ts": "1568163977.265900",
        "team": "TKRNGDFFZ",
        "user_team": "TKRNGDFFZ",
        "source_team": "TKRNGDFFZ",
        "user_profile": {
            "avatar_hash": "gb862c6892b8",
            "image_72": "https:\/\/secure.gravatar.com\/avatar\/b862c6892b81861fb8d8490e98b04fb5.jpg?s=72&d=https%3A%2F%2Fa.slack-edge.com%2F80588%2Fimg%2Favatars%2Fava_0012-72.png",
            "first_name": "",
            "real_name": "Shawn Lassiter",
            "display_name": "",
            "team": "TKRNGDFFZ",
            "name": "shawn",
            "is_restricted": false,
            "is_ultra_restricted": false
        }
    },
    {
        "client_msg_id": "8b55e6eb-ad09-4b80-98bd-be25e3d90373",
        "type": "message",
        "text": "I can add webhooks to <http:\/\/jenkins.testing.salientcrgt-bdso.com:8080> (manually) if you’d like.. would need to restart jenkins once the current builds finish though",
        "user": "UL284UA1J",
        "ts": "1568168607.266600",
        "team": "TKRNGDFFZ",
        "user_team": "TKRNGDFFZ",
        "source_team": "TKRNGDFFZ",
        "user_profile": {
            "avatar_hash": "g68abbeef961",
            "image_72": "https:\/\/secure.gravatar.com\/avatar\/68abbeef9611a51f2c362e3d99271b2e.jpg?s=72&d=https%3A%2F%2Fa.slack-edge.com%2F80588%2Fimg%2Favatars%2Fava_0015-72.png",
            "first_name": "",
            "real_name": "Gary Morris",
            "display_name": "Gary Morris",
            "team": "TKRNGDFFZ",
            "name": "gary.morris",
            "is_restricted": false,
            "is_ultra_restricted": false
        }
    },
    {
        "client_msg_id": "fded46dc-a76a-4b23-b327-aa499aefdc81",
        "type": "message",
        "text": "All, did a new infra run. Found a few issues and changes per team discussions. Will be having another run tomorrow around 8 AM.",
        "user": "UL0GK1LJD",
        "ts": "1568171548.267700",
        "team": "TKRNGDFFZ",
        "user_team": "TKRNGDFFZ",
        "source_team": "TKRNGDFFZ",
        "user_profile": {
            "avatar_hash": "g8455934aab6",
            "image_72": "https:\/\/secure.gravatar.com\/avatar\/8455934aab6b3c7afceec7d3255ecd8b.jpg?s=72&d=https%3A%2F%2Fa.slack-edge.com%2F80588%2Fimg%2Favatars%2Fava_0004-72.png",
            "first_name": "",
            "real_name": "Vijay S Deshmukh",
            "display_name": "Vijay S Deshmukh",
            "team": "TKRNGDFFZ",
            "name": "vj_deshmukh",
            "is_restricted": false,
            "is_ultra_restricted": false
        }
    },
    {
        "client_msg_id": "0701b25f-7855-4e2a-a575-7eb9c218cabe",
        "type": "message",
        "text": "<@UL0012996> Please see <https:\/\/github.com\/SalientCRGT\/scrgt-bdso-cc-datascience\/pull\/11>. It requires merge conflict resolution in Dockerfile and Jenkinsfile",
        "user": "UKR4GLQKF",
        "ts": "1568172675.268600",
        "team": "TKRNGDFFZ",
        "user_team": "TKRNGDFFZ",
        "source_team": "TKRNGDFFZ",
        "user_profile": {
            "avatar_hash": "gf6859e536fb",
            "image_72": "https:\/\/secure.gravatar.com\/avatar\/f6859e536fb63a6f9d862b2f3fb9684c.jpg?s=72&d=https%3A%2F%2Fa.slack-edge.com%2F80588%2Fimg%2Favatars%2Fava_0015-72.png",
            "first_name": "",
            "real_name": "Amit Yadav",
            "display_name": "",
            "team": "TKRNGDFFZ",
            "name": "amit",
            "is_restricted": false,
            "is_ultra_restricted": false
        }
    },
    {
        "client_msg_id": "BCCBBD9F-AD4C-4F56-AF5A-45C8CF6B3C07",
        "type": "message",
        "text": "Ok can I check tomorrow morning?",
        "user": "UL0012996",
        "ts": "1568172694.269000",
        "team": "TKRNGDFFZ",
        "user_team": "TKRNGDFFZ",
        "source_team": "TKRNGDFFZ",
        "user_profile": {
            "avatar_hash": "d12e961cf42d",
            "image_72": "https:\/\/avatars.slack-edge.com\/2019-07-10\/690936875216_d12e961cf42d5d7703e6_72.png",
            "first_name": "Padmaja",
            "real_name": "Padmaja",
            "display_name": "",
            "team": "TKRNGDFFZ",
            "name": "padmajaprabhala",
            "is_restricted": false,
            "is_ultra_restricted": false
        }
    },
    {
        "client_msg_id": "87e5115f-581b-4d4d-85e1-3ccbb9724380",
        "type": "message",
        "text": "Got a question re: EMR\/Jupyter. I’m seeing we are coping files to a folder structure that looks like `$(project)-celebrity-content-dev-$(vpc_id_for_randomness)`, but the EMR cluster is using `$(project)-cc-$(vpc_id_for_randomness)`.  Therefore the notebooks are not appearing.  Why the discrepancy.  Should I fix, or is jupyter being used elsewhere?",
        "user": "UL284UA1J",
        "ts": "1568173010.271200",
        "team": "TKRNGDFFZ",
        "user_team": "TKRNGDFFZ",
        "source_team": "TKRNGDFFZ",
        "user_profile": {
            "avatar_hash": "g68abbeef961",
            "image_72": "https:\/\/secure.gravatar.com\/avatar\/68abbeef9611a51f2c362e3d99271b2e.jpg?s=72&d=https%3A%2F%2Fa.slack-edge.com%2F80588%2Fimg%2Favatars%2Fava_0015-72.png",
            "first_name": "",
            "real_name": "Gary Morris",
            "display_name": "Gary Morris",
            "team": "TKRNGDFFZ",
            "name": "gary.morris",
            "is_restricted": false,
            "is_ultra_restricted": false
        },
        "reactions": [
            {
                "name": "+1",
                "users": [
                    "UKZFHHJQ4"
                ],
                "count": 1
            }
        ]
    },
    {
        "client_msg_id": "4bbdd79a-6ab2-48db-99f3-5f1c0bd9768e",
        "type": "message",
        "text": "I’m guessing jupyter is being used on OC because otherwise why do we have separate buckets for dev\/test\/prod when only one EMR cluster?",
        "user": "UL284UA1J",
        "ts": "1568173070.271800",
        "team": "TKRNGDFFZ",
        "user_team": "TKRNGDFFZ",
        "source_team": "TKRNGDFFZ",
        "user_profile": {
            "avatar_hash": "g68abbeef961",
            "image_72": "https:\/\/secure.gravatar.com\/avatar\/68abbeef9611a51f2c362e3d99271b2e.jpg?s=72&d=https%3A%2F%2Fa.slack-edge.com%2F80588%2Fimg%2Favatars%2Fava_0015-72.png",
            "first_name": "",
            "real_name": "Gary Morris",
            "display_name": "Gary Morris",
            "team": "TKRNGDFFZ",
            "name": "gary.morris",
            "is_restricted": false,
            "is_ultra_restricted": false
        }
    }
]