[
    {
        "client_msg_id": "524fe356-db7b-4c5e-b974-b65a71590726",
        "type": "message",
        "text": "<!channel> Destroy of bdso has started",
        "user": "UKPCZJWQL",
        "ts": "1568544725.115500",
        "team": "TKRNGDFFZ",
        "user_team": "TKRNGDFFZ",
        "source_team": "TKRNGDFFZ",
        "user_profile": {
            "avatar_hash": "g36d88e4c93b",
            "image_72": "https:\/\/secure.gravatar.com\/avatar\/36d88e4c93b31bcf505cfdf1b76c86a9.jpg?s=72&d=https%3A%2F%2Fa.slack-edge.com%2F80588%2Fimg%2Favatars%2Fava_0020-72.png",
            "first_name": "Pramod",
            "real_name": "Pramod Malhotra",
            "display_name": "",
            "team": "TKRNGDFFZ",
            "name": "pramod.malhotra",
            "is_restricted": false,
            "is_ultra_restricted": false
        }
    },
    {
        "client_msg_id": "fdf90303-7c51-46b7-b0d6-da83130b5084",
        "type": "message",
        "text": "New Spin of bdso will happen next, so hopefully by 8am we will know.",
        "user": "UKPCZJWQL",
        "ts": "1568544753.116000",
        "team": "TKRNGDFFZ",
        "user_team": "TKRNGDFFZ",
        "source_team": "TKRNGDFFZ",
        "user_profile": {
            "avatar_hash": "g36d88e4c93b",
            "image_72": "https:\/\/secure.gravatar.com\/avatar\/36d88e4c93b31bcf505cfdf1b76c86a9.jpg?s=72&d=https%3A%2F%2Fa.slack-edge.com%2F80588%2Fimg%2Favatars%2Fava_0020-72.png",
            "first_name": "Pramod",
            "real_name": "Pramod Malhotra",
            "display_name": "",
            "team": "TKRNGDFFZ",
            "name": "pramod.malhotra",
            "is_restricted": false,
            "is_ultra_restricted": false
        }
    },
    {
        "client_msg_id": "8f402b9e-de0c-430f-aaa0-0861a52078d3",
        "type": "message",
        "text": "<@UKR4GLQKF> Some newsfeed pull request is there on frontend, will u merge to develop or <@UKNH71890>?",
        "user": "UKPCZJWQL",
        "ts": "1568544812.117100",
        "team": "TKRNGDFFZ",
        "user_team": "TKRNGDFFZ",
        "source_team": "TKRNGDFFZ",
        "user_profile": {
            "avatar_hash": "g36d88e4c93b",
            "image_72": "https:\/\/secure.gravatar.com\/avatar\/36d88e4c93b31bcf505cfdf1b76c86a9.jpg?s=72&d=https%3A%2F%2Fa.slack-edge.com%2F80588%2Fimg%2Favatars%2Fava_0020-72.png",
            "first_name": "Pramod",
            "real_name": "Pramod Malhotra",
            "display_name": "",
            "team": "TKRNGDFFZ",
            "name": "pramod.malhotra",
            "is_restricted": false,
            "is_ultra_restricted": false
        }
    },
    {
        "client_msg_id": "353eb452-4b4c-4cf9-8051-9cde3c65acf4",
        "type": "message",
        "text": "Run complete:",
        "user": "UL0GK1LJD",
        "ts": "1568554256.117500",
        "team": "TKRNGDFFZ",
        "user_team": "TKRNGDFFZ",
        "source_team": "TKRNGDFFZ",
        "user_profile": {
            "avatar_hash": "g8455934aab6",
            "image_72": "https:\/\/secure.gravatar.com\/avatar\/8455934aab6b3c7afceec7d3255ecd8b.jpg?s=72&d=https%3A%2F%2Fa.slack-edge.com%2F80588%2Fimg%2Favatars%2Fava_0004-72.png",
            "first_name": "",
            "real_name": "Vijay S Deshmukh",
            "display_name": "Vijay S Deshmukh",
            "team": "TKRNGDFFZ",
            "name": "vj_deshmukh",
            "is_restricted": false,
            "is_ultra_restricted": false
        }
    },
    {
        "client_msg_id": "e9dfc9a2-c8a5-4fdf-ab22-8cf18dc36eca",
        "type": "message",
        "text": "```--------------------------------\nProcess Start Time: 09\/15\/19 11:58:24\nProcess End   Time: 09\/15\/19 13:28:18\n--------------------------------\nProcessing complete. Below are the URLs:\n---------------------------------\nJenkins URL: <http:\/\/jenkins.bdso.salientcrgt-bdso.com:8080>\nCredentials: User ID: admin; Password: DevOps001\n\nJenkins pipeline jobs are:\n     Celebrity MS: <http:\/\/jenkins.bdso.salientcrgt-bdso.com:8080\/job\/celebrity_ms\/>\n      Frontend MS: <http:\/\/jenkins.bdso.salientcrgt-bdso.com:8080\/job\/frontend_ms\/>\nRecommendation MS: <http:\/\/jenkins.bdso.salientcrgt-bdso.com:8080\/job\/recommendation_ms\/>\n     Datapipeline: <http:\/\/jenkins.bdso.salientcrgt-bdso.com:8080\/job\/datapipeline\/>\n--------------------------------------------\nSonarQube URL: <http:\/\/sonar.bdso.salientcrgt-bdso.com:9000>\nCredentials: User ID: admin; Password: admin\n--------------------------------------------\nOpenShift URL: <https:\/\/ocp.bdso.salientcrgt-bdso.com:8443>\nCredentials: User ID: admin; Password: 123\n--------------------------------------------\nEMR EndPoint URL : <https:\/\/ec2-18-191-186-155.us-east-2.compute.amazonaws.com:9443>\nCredentials: User ID: jovyan; Password: jupyter\n--------------------------------------------\n--------------------------------------------\nWeb Application URL: <https:\/\/scrgt-bdso-cc-frontend-prod.ocp.bdso.salientcrgt-bdso.com>\nCredentials: BusinessUser: test-user; Password: test123\nCredentials: Supervisor: test-supervisor; Password: test123\nCredentials: Data Scientist: test-ds; Password: test123\n--------------------------------------------\n```",
        "user": "UL0GK1LJD",
        "ts": "1568554261.117700",
        "team": "TKRNGDFFZ",
        "user_team": "TKRNGDFFZ",
        "source_team": "TKRNGDFFZ",
        "user_profile": {
            "avatar_hash": "g8455934aab6",
            "image_72": "https:\/\/secure.gravatar.com\/avatar\/8455934aab6b3c7afceec7d3255ecd8b.jpg?s=72&d=https%3A%2F%2Fa.slack-edge.com%2F80588%2Fimg%2Favatars%2Fava_0004-72.png",
            "first_name": "",
            "real_name": "Vijay S Deshmukh",
            "display_name": "Vijay S Deshmukh",
            "team": "TKRNGDFFZ",
            "name": "vj_deshmukh",
            "is_restricted": false,
            "is_ultra_restricted": false
        }
    },
    {
        "client_msg_id": "08eb6f1b-1ccf-44ab-bbbb-e3840c5e10d0",
        "type": "message",
        "text": "please test",
        "user": "UL0GK1LJD",
        "ts": "1568554270.117900",
        "team": "TKRNGDFFZ",
        "user_team": "TKRNGDFFZ",
        "source_team": "TKRNGDFFZ",
        "user_profile": {
            "avatar_hash": "g8455934aab6",
            "image_72": "https:\/\/secure.gravatar.com\/avatar\/8455934aab6b3c7afceec7d3255ecd8b.jpg?s=72&d=https%3A%2F%2Fa.slack-edge.com%2F80588%2Fimg%2Favatars%2Fava_0004-72.png",
            "first_name": "",
            "real_name": "Vijay S Deshmukh",
            "display_name": "Vijay S Deshmukh",
            "team": "TKRNGDFFZ",
            "name": "vj_deshmukh",
            "is_restricted": false,
            "is_ultra_restricted": false
        }
    },
    {
        "client_msg_id": "498ef8df-1128-4157-aa96-9ef7c410ef2a",
        "type": "message",
        "text": "All Jenkins builds are successful",
        "user": "UL0GK1LJD",
        "ts": "1568554309.118200",
        "team": "TKRNGDFFZ",
        "user_team": "TKRNGDFFZ",
        "source_team": "TKRNGDFFZ",
        "user_profile": {
            "avatar_hash": "g8455934aab6",
            "image_72": "https:\/\/secure.gravatar.com\/avatar\/8455934aab6b3c7afceec7d3255ecd8b.jpg?s=72&d=https%3A%2F%2Fa.slack-edge.com%2F80588%2Fimg%2Favatars%2Fava_0004-72.png",
            "first_name": "",
            "real_name": "Vijay S Deshmukh",
            "display_name": "Vijay S Deshmukh",
            "team": "TKRNGDFFZ",
            "name": "vj_deshmukh",
            "is_restricted": false,
            "is_ultra_restricted": false
        }
    },
    {
        "client_msg_id": "4187a6b6-1cda-4c5c-a41e-0f13a3251efb",
        "type": "message",
        "text": "All looks good so far!",
        "user": "UKR4GLQKF",
        "ts": "1568554820.118700",
        "team": "TKRNGDFFZ",
        "user_team": "TKRNGDFFZ",
        "source_team": "TKRNGDFFZ",
        "user_profile": {
            "avatar_hash": "gf6859e536fb",
            "image_72": "https:\/\/secure.gravatar.com\/avatar\/f6859e536fb63a6f9d862b2f3fb9684c.jpg?s=72&d=https%3A%2F%2Fa.slack-edge.com%2F80588%2Fimg%2Favatars%2Fava_0015-72.png",
            "first_name": "",
            "real_name": "Amit Yadav",
            "display_name": "",
            "team": "TKRNGDFFZ",
            "name": "amit",
            "is_restricted": false,
            "is_ultra_restricted": false
        }
    },
    {
        "client_msg_id": "510cc8f2-3081-4abc-808b-937704f35913",
        "type": "message",
        "text": "<@UL0GK1LJD> It looks like you did not add recommendation api refresh in dataload scripts.",
        "user": "UKR4GLQKF",
        "ts": "1568554893.119400",
        "team": "TKRNGDFFZ",
        "user_team": "TKRNGDFFZ",
        "source_team": "TKRNGDFFZ",
        "user_profile": {
            "avatar_hash": "gf6859e536fb",
            "image_72": "https:\/\/secure.gravatar.com\/avatar\/f6859e536fb63a6f9d862b2f3fb9684c.jpg?s=72&d=https%3A%2F%2Fa.slack-edge.com%2F80588%2Fimg%2Favatars%2Fava_0015-72.png",
            "first_name": "",
            "real_name": "Amit Yadav",
            "display_name": "",
            "team": "TKRNGDFFZ",
            "name": "amit",
            "is_restricted": false,
            "is_ultra_restricted": false
        }
    },
    {
        "client_msg_id": "40b5b544-64d2-4d41-a064-e49a97469c7f",
        "type": "message",
        "text": "Can you share that and I will add them.",
        "user": "UL0GK1LJD",
        "ts": "1568555016.119700",
        "team": "TKRNGDFFZ",
        "user_team": "TKRNGDFFZ",
        "source_team": "TKRNGDFFZ",
        "user_profile": {
            "avatar_hash": "g8455934aab6",
            "image_72": "https:\/\/secure.gravatar.com\/avatar\/8455934aab6b3c7afceec7d3255ecd8b.jpg?s=72&d=https%3A%2F%2Fa.slack-edge.com%2F80588%2Fimg%2Favatars%2Fava_0004-72.png",
            "first_name": "",
            "real_name": "Vijay S Deshmukh",
            "display_name": "Vijay S Deshmukh",
            "team": "TKRNGDFFZ",
            "name": "vj_deshmukh",
            "is_restricted": false,
            "is_ultra_restricted": false
        }
    },
    {
        "client_msg_id": "5f62e6f6-3554-4d2d-b916-6b855fb636ab",
        "type": "message",
        "text": "We can test them in this build release",
        "user": "UL0GK1LJD",
        "ts": "1568555034.120200",
        "team": "TKRNGDFFZ",
        "user_team": "TKRNGDFFZ",
        "source_team": "TKRNGDFFZ",
        "user_profile": {
            "avatar_hash": "g8455934aab6",
            "image_72": "https:\/\/secure.gravatar.com\/avatar\/8455934aab6b3c7afceec7d3255ecd8b.jpg?s=72&d=https%3A%2F%2Fa.slack-edge.com%2F80588%2Fimg%2Favatars%2Fava_0004-72.png",
            "first_name": "",
            "real_name": "Vijay S Deshmukh",
            "display_name": "Vijay S Deshmukh",
            "team": "TKRNGDFFZ",
            "name": "vj_deshmukh",
            "is_restricted": false,
            "is_ultra_restricted": false
        }
    },
    {
        "client_msg_id": "7403c3e5-ad81-4fc8-8e58-c9952d799b0e",
        "type": "message",
        "text": "<https:\/\/scrgt-bdso-recommendation-dev.ocp.bdso.salientcrgt-bdso.com\/admin\/createIndexes\/>",
        "user": "UKR4GLQKF",
        "ts": "1568555118.120500",
        "team": "TKRNGDFFZ",
        "user_team": "TKRNGDFFZ",
        "source_team": "TKRNGDFFZ",
        "user_profile": {
            "avatar_hash": "gf6859e536fb",
            "image_72": "https:\/\/secure.gravatar.com\/avatar\/f6859e536fb63a6f9d862b2f3fb9684c.jpg?s=72&d=https%3A%2F%2Fa.slack-edge.com%2F80588%2Fimg%2Favatars%2Fava_0015-72.png",
            "first_name": "",
            "real_name": "Amit Yadav",
            "display_name": "",
            "team": "TKRNGDFFZ",
            "name": "amit",
            "is_restricted": false,
            "is_ultra_restricted": false
        }
    },
    {
        "client_msg_id": "cfaa3297-493c-4051-a3a8-78c7776c385e",
        "type": "message",
        "text": "<https:\/\/scrgt-bdso-recommendation-dev.ocp.bdso.salientcrgt-bdso.com\/admin\/loadModels>",
        "user": "UKR4GLQKF",
        "ts": "1568555134.120700",
        "team": "TKRNGDFFZ",
        "user_team": "TKRNGDFFZ",
        "source_team": "TKRNGDFFZ",
        "user_profile": {
            "avatar_hash": "gf6859e536fb",
            "image_72": "https:\/\/secure.gravatar.com\/avatar\/f6859e536fb63a6f9d862b2f3fb9684c.jpg?s=72&d=https%3A%2F%2Fa.slack-edge.com%2F80588%2Fimg%2Favatars%2Fava_0015-72.png",
            "first_name": "",
            "real_name": "Amit Yadav",
            "display_name": "",
            "team": "TKRNGDFFZ",
            "name": "amit",
            "is_restricted": false,
            "is_ultra_restricted": false
        }
    },
    {
        "client_msg_id": "7f5ec890-9372-41e3-ae38-d6f02cb64ae6",
        "type": "message",
        "text": "These are POST commands",
        "user": "UKR4GLQKF",
        "ts": "1568555146.121200",
        "team": "TKRNGDFFZ",
        "user_team": "TKRNGDFFZ",
        "source_team": "TKRNGDFFZ",
        "user_profile": {
            "avatar_hash": "gf6859e536fb",
            "image_72": "https:\/\/secure.gravatar.com\/avatar\/f6859e536fb63a6f9d862b2f3fb9684c.jpg?s=72&d=https%3A%2F%2Fa.slack-edge.com%2F80588%2Fimg%2Favatars%2Fava_0015-72.png",
            "first_name": "",
            "real_name": "Amit Yadav",
            "display_name": "",
            "team": "TKRNGDFFZ",
            "name": "amit",
            "is_restricted": false,
            "is_ultra_restricted": false
        }
    },
    {
        "client_msg_id": "00fe89e3-9325-47db-9b7a-f8b1873cbb21",
        "type": "message",
        "text": "Are they added in the datapipeline?",
        "user": "UL0GK1LJD",
        "ts": "1568555148.121400",
        "team": "TKRNGDFFZ",
        "user_team": "TKRNGDFFZ",
        "source_team": "TKRNGDFFZ",
        "user_profile": {
            "avatar_hash": "g8455934aab6",
            "image_72": "https:\/\/secure.gravatar.com\/avatar\/8455934aab6b3c7afceec7d3255ecd8b.jpg?s=72&d=https%3A%2F%2Fa.slack-edge.com%2F80588%2Fimg%2Favatars%2Fava_0004-72.png",
            "first_name": "",
            "real_name": "Vijay S Deshmukh",
            "display_name": "Vijay S Deshmukh",
            "team": "TKRNGDFFZ",
            "name": "vj_deshmukh",
            "is_restricted": false,
            "is_ultra_restricted": false
        }
    },
    {
        "client_msg_id": "d7187f4a-0c0f-4368-b6ba-30c712ed68ad",
        "type": "message",
        "text": "For each environment.",
        "user": "UKR4GLQKF",
        "ts": "1568555161.121900",
        "team": "TKRNGDFFZ",
        "user_team": "TKRNGDFFZ",
        "source_team": "TKRNGDFFZ",
        "user_profile": {
            "avatar_hash": "gf6859e536fb",
            "image_72": "https:\/\/secure.gravatar.com\/avatar\/f6859e536fb63a6f9d862b2f3fb9684c.jpg?s=72&d=https%3A%2F%2Fa.slack-edge.com%2F80588%2Fimg%2Favatars%2Fava_0015-72.png",
            "first_name": "",
            "real_name": "Amit Yadav",
            "display_name": "",
            "team": "TKRNGDFFZ",
            "name": "amit",
            "is_restricted": false,
            "is_ultra_restricted": false
        }
    },
    {
        "client_msg_id": "a99c35eb-64e4-4281-953b-2e87c0da8343",
        "type": "message",
        "text": "Can you join the chime session with Pramod and I",
        "user": "UL0GK1LJD",
        "ts": "1568555172.122400",
        "team": "TKRNGDFFZ",
        "user_team": "TKRNGDFFZ",
        "source_team": "TKRNGDFFZ",
        "user_profile": {
            "avatar_hash": "g8455934aab6",
            "image_72": "https:\/\/secure.gravatar.com\/avatar\/8455934aab6b3c7afceec7d3255ecd8b.jpg?s=72&d=https%3A%2F%2Fa.slack-edge.com%2F80588%2Fimg%2Favatars%2Fava_0004-72.png",
            "first_name": "",
            "real_name": "Vijay S Deshmukh",
            "display_name": "Vijay S Deshmukh",
            "team": "TKRNGDFFZ",
            "name": "vj_deshmukh",
            "is_restricted": false,
            "is_ultra_restricted": false
        }
    },
    {
        "client_msg_id": "5a5a8ad5-8e5b-41f2-bae4-edfd85beba0d",
        "type": "message",
        "text": "we can do it together",
        "user": "UL0GK1LJD",
        "ts": "1568555176.122600",
        "team": "TKRNGDFFZ",
        "user_team": "TKRNGDFFZ",
        "source_team": "TKRNGDFFZ",
        "user_profile": {
            "avatar_hash": "g8455934aab6",
            "image_72": "https:\/\/secure.gravatar.com\/avatar\/8455934aab6b3c7afceec7d3255ecd8b.jpg?s=72&d=https%3A%2F%2Fa.slack-edge.com%2F80588%2Fimg%2Favatars%2Fava_0004-72.png",
            "first_name": "",
            "real_name": "Vijay S Deshmukh",
            "display_name": "Vijay S Deshmukh",
            "team": "TKRNGDFFZ",
            "name": "vj_deshmukh",
            "is_restricted": false,
            "is_ultra_restricted": false
        }
    },
    {
        "client_msg_id": "65745ac1-bb80-477e-9db5-ed1f244f39be",
        "type": "message",
        "text": "I am not sure...I had sent message",
        "user": "UKR4GLQKF",
        "ts": "1568555181.122800",
        "team": "TKRNGDFFZ",
        "user_team": "TKRNGDFFZ",
        "source_team": "TKRNGDFFZ",
        "user_profile": {
            "avatar_hash": "gf6859e536fb",
            "image_72": "https:\/\/secure.gravatar.com\/avatar\/f6859e536fb63a6f9d862b2f3fb9684c.jpg?s=72&d=https%3A%2F%2Fa.slack-edge.com%2F80588%2Fimg%2Favatars%2Fava_0015-72.png",
            "first_name": "",
            "real_name": "Amit Yadav",
            "display_name": "",
            "team": "TKRNGDFFZ",
            "name": "amit",
            "is_restricted": false,
            "is_ultra_restricted": false
        }
    },
    {
        "client_msg_id": "d0a3245d-0417-4846-862c-afe9374d2c94",
        "type": "message",
        "text": "Proamod trie calling you",
        "user": "UL0GK1LJD",
        "ts": "1568555208.123100",
        "team": "TKRNGDFFZ",
        "user_team": "TKRNGDFFZ",
        "source_team": "TKRNGDFFZ",
        "user_profile": {
            "avatar_hash": "g8455934aab6",
            "image_72": "https:\/\/secure.gravatar.com\/avatar\/8455934aab6b3c7afceec7d3255ecd8b.jpg?s=72&d=https%3A%2F%2Fa.slack-edge.com%2F80588%2Fimg%2Favatars%2Fava_0004-72.png",
            "first_name": "",
            "real_name": "Vijay S Deshmukh",
            "display_name": "Vijay S Deshmukh",
            "team": "TKRNGDFFZ",
            "name": "vj_deshmukh",
            "is_restricted": false,
            "is_ultra_restricted": false
        }
    },
    {
        "client_msg_id": "f6598802-6334-478c-9e4d-6df53c52de03",
        "type": "message",
        "text": "can you call him?",
        "user": "UL0GK1LJD",
        "ts": "1568555212.123300",
        "team": "TKRNGDFFZ",
        "user_team": "TKRNGDFFZ",
        "source_team": "TKRNGDFFZ",
        "user_profile": {
            "avatar_hash": "g8455934aab6",
            "image_72": "https:\/\/secure.gravatar.com\/avatar\/8455934aab6b3c7afceec7d3255ecd8b.jpg?s=72&d=https%3A%2F%2Fa.slack-edge.com%2F80588%2Fimg%2Favatars%2Fava_0004-72.png",
            "first_name": "",
            "real_name": "Vijay S Deshmukh",
            "display_name": "Vijay S Deshmukh",
            "team": "TKRNGDFFZ",
            "name": "vj_deshmukh",
            "is_restricted": false,
            "is_ultra_restricted": false
        }
    },
    {
        "client_msg_id": "dc1f4717-ffd0-45a5-8d37-676519962149",
        "type": "message",
        "text": "<@UKR4GLQKF> call me 3018144483",
        "user": "UKPCZJWQL",
        "ts": "1568555231.123700",
        "team": "TKRNGDFFZ",
        "user_team": "TKRNGDFFZ",
        "source_team": "TKRNGDFFZ",
        "user_profile": {
            "avatar_hash": "g36d88e4c93b",
            "image_72": "https:\/\/secure.gravatar.com\/avatar\/36d88e4c93b31bcf505cfdf1b76c86a9.jpg?s=72&d=https%3A%2F%2Fa.slack-edge.com%2F80588%2Fimg%2Favatars%2Fava_0020-72.png",
            "first_name": "Pramod",
            "real_name": "Pramod Malhotra",
            "display_name": "",
            "team": "TKRNGDFFZ",
            "name": "pramod.malhotra",
            "is_restricted": false,
            "is_ultra_restricted": false
        }
    },
    {
        "client_msg_id": "c11a8ed3-04c5-447d-8620-d14dff2a090a",
        "type": "message",
        "text": "Okay",
        "user": "UKR4GLQKF",
        "ts": "1568555283.123900",
        "team": "TKRNGDFFZ",
        "user_team": "TKRNGDFFZ",
        "source_team": "TKRNGDFFZ",
        "user_profile": {
            "avatar_hash": "gf6859e536fb",
            "image_72": "https:\/\/secure.gravatar.com\/avatar\/f6859e536fb63a6f9d862b2f3fb9684c.jpg?s=72&d=https%3A%2F%2Fa.slack-edge.com%2F80588%2Fimg%2Favatars%2Fava_0015-72.png",
            "first_name": "",
            "real_name": "Amit Yadav",
            "display_name": "",
            "team": "TKRNGDFFZ",
            "name": "amit",
            "is_restricted": false,
            "is_ultra_restricted": false
        }
    },
    {
        "client_msg_id": "989ff723-1ec3-402f-a0b1-fa795eabf549",
        "type": "message",
        "text": "<!here> How important is protractor tests at this point? I could not get Kashif's tests run in our container configuration (this configuration worked for the bdso-practice protractor tests). Now, if it is very important I will need to investigate, fix the problem and test for \"karma, serenity-selenium AND protractor. Is it worth changing the current configuration is the question.",
        "user": "UL0012996",
        "ts": "1568560174.127000",
        "team": "TKRNGDFFZ",
        "user_team": "TKRNGDFFZ",
        "source_team": "TKRNGDFFZ",
        "user_profile": {
            "avatar_hash": "d12e961cf42d",
            "image_72": "https:\/\/avatars.slack-edge.com\/2019-07-10\/690936875216_d12e961cf42d5d7703e6_72.png",
            "first_name": "Padmaja",
            "real_name": "Padmaja",
            "display_name": "",
            "team": "TKRNGDFFZ",
            "name": "padmajaprabhala",
            "is_restricted": false,
            "is_ultra_restricted": false
        }
    },
    {
        "client_msg_id": "d68447e0-a65c-41df-a29c-cf05b102b1f9",
        "type": "message",
        "text": "Do we have version of the code that works",
        "user": "UKPCZJWQL",
        "ts": "1568560224.127300",
        "team": "TKRNGDFFZ",
        "user_team": "TKRNGDFFZ",
        "source_team": "TKRNGDFFZ",
        "user_profile": {
            "avatar_hash": "g36d88e4c93b",
            "image_72": "https:\/\/secure.gravatar.com\/avatar\/36d88e4c93b31bcf505cfdf1b76c86a9.jpg?s=72&d=https%3A%2F%2Fa.slack-edge.com%2F80588%2Fimg%2Favatars%2Fava_0020-72.png",
            "first_name": "Pramod",
            "real_name": "Pramod Malhotra",
            "display_name": "",
            "team": "TKRNGDFFZ",
            "name": "pramod.malhotra",
            "is_restricted": false,
            "is_ultra_restricted": false
        }
    },
    {
        "client_msg_id": "99c5b4cd-e2a9-4b9d-adc9-9dc7cf491c41",
        "type": "message",
        "text": "Proctractor or Selenium were the 2 choices we had for UI",
        "user": "UKPCZJWQL",
        "ts": "1568560238.127600",
        "team": "TKRNGDFFZ",
        "user_team": "TKRNGDFFZ",
        "source_team": "TKRNGDFFZ",
        "user_profile": {
            "avatar_hash": "g36d88e4c93b",
            "image_72": "https:\/\/secure.gravatar.com\/avatar\/36d88e4c93b31bcf505cfdf1b76c86a9.jpg?s=72&d=https%3A%2F%2Fa.slack-edge.com%2F80588%2Fimg%2Favatars%2Fava_0020-72.png",
            "first_name": "Pramod",
            "real_name": "Pramod Malhotra",
            "display_name": "",
            "team": "TKRNGDFFZ",
            "name": "pramod.malhotra",
            "is_restricted": false,
            "is_ultra_restricted": false
        }
    },
    {
        "client_msg_id": "f14a20e8-b875-4791-9495-6db93d95e4d9",
        "type": "message",
        "text": "If we have Selenium FrontEnd test avaialbe we can remove protractor",
        "user": "UKPCZJWQL",
        "ts": "1568560255.128100",
        "team": "TKRNGDFFZ",
        "user_team": "TKRNGDFFZ",
        "source_team": "TKRNGDFFZ",
        "user_profile": {
            "avatar_hash": "g36d88e4c93b",
            "image_72": "https:\/\/secure.gravatar.com\/avatar\/36d88e4c93b31bcf505cfdf1b76c86a9.jpg?s=72&d=https%3A%2F%2Fa.slack-edge.com%2F80588%2Fimg%2Favatars%2Fava_0020-72.png",
            "first_name": "Pramod",
            "real_name": "Pramod Malhotra",
            "display_name": "",
            "team": "TKRNGDFFZ",
            "name": "pramod.malhotra",
            "is_restricted": false,
            "is_ultra_restricted": false
        }
    },
    {
        "client_msg_id": "24c49484-68a9-4bb2-b9c3-01ca98c2b841",
        "type": "message",
        "text": "Protractor OR Selenium one should work",
        "user": "UKPCZJWQL",
        "ts": "1568560266.128500",
        "team": "TKRNGDFFZ",
        "user_team": "TKRNGDFFZ",
        "source_team": "TKRNGDFFZ",
        "user_profile": {
            "avatar_hash": "g36d88e4c93b",
            "image_72": "https:\/\/secure.gravatar.com\/avatar\/36d88e4c93b31bcf505cfdf1b76c86a9.jpg?s=72&d=https%3A%2F%2Fa.slack-edge.com%2F80588%2Fimg%2Favatars%2Fava_0020-72.png",
            "first_name": "Pramod",
            "real_name": "Pramod Malhotra",
            "display_name": "",
            "team": "TKRNGDFFZ",
            "name": "pramod.malhotra",
            "is_restricted": false,
            "is_ultra_restricted": false
        }
    },
    {
        "client_msg_id": "e137dc5c-015e-4cd5-b947-9003f7b45c57",
        "type": "message",
        "text": "Selenium works",
        "user": "UL0012996",
        "ts": "1568560266.128600",
        "team": "TKRNGDFFZ",
        "user_team": "TKRNGDFFZ",
        "source_team": "TKRNGDFFZ",
        "user_profile": {
            "avatar_hash": "d12e961cf42d",
            "image_72": "https:\/\/avatars.slack-edge.com\/2019-07-10\/690936875216_d12e961cf42d5d7703e6_72.png",
            "first_name": "Padmaja",
            "real_name": "Padmaja",
            "display_name": "",
            "team": "TKRNGDFFZ",
            "name": "padmajaprabhala",
            "is_restricted": false,
            "is_ultra_restricted": false
        }
    },
    {
        "client_msg_id": "79311666-ae5c-468e-be81-73275057a589",
        "type": "message",
        "text": "Cool, then get rid of protractor",
        "user": "UKPCZJWQL",
        "ts": "1568560280.129300",
        "team": "TKRNGDFFZ",
        "user_team": "TKRNGDFFZ",
        "source_team": "TKRNGDFFZ",
        "user_profile": {
            "avatar_hash": "g36d88e4c93b",
            "image_72": "https:\/\/secure.gravatar.com\/avatar\/36d88e4c93b31bcf505cfdf1b76c86a9.jpg?s=72&d=https%3A%2F%2Fa.slack-edge.com%2F80588%2Fimg%2Favatars%2Fava_0020-72.png",
            "first_name": "Pramod",
            "real_name": "Pramod Malhotra",
            "display_name": "",
            "team": "TKRNGDFFZ",
            "name": "pramod.malhotra",
            "is_restricted": false,
            "is_ultra_restricted": false
        }
    },
    {
        "client_msg_id": "e06e851c-ae1f-4efd-9fa6-ea5cd9eb5932",
        "type": "message",
        "text": "ok thanks pramod",
        "user": "UL0012996",
        "ts": "1568560292.130000",
        "team": "TKRNGDFFZ",
        "user_team": "TKRNGDFFZ",
        "source_team": "TKRNGDFFZ",
        "user_profile": {
            "avatar_hash": "d12e961cf42d",
            "image_72": "https:\/\/avatars.slack-edge.com\/2019-07-10\/690936875216_d12e961cf42d5d7703e6_72.png",
            "first_name": "Padmaja",
            "real_name": "Padmaja",
            "display_name": "",
            "team": "TKRNGDFFZ",
            "name": "padmajaprabhala",
            "is_restricted": false,
            "is_ultra_restricted": false
        }
    },
    {
        "client_msg_id": "f8282ab0-6952-4d49-8bd0-4d25f6c3f6bb",
        "type": "message",
        "text": "Or sounds reasonable to me",
        "user": "UKZFHHJQ4",
        "ts": "1568560293.130100",
        "team": "TKRNGDFFZ",
        "user_team": "TKRNGDFFZ",
        "source_team": "TKRNGDFFZ",
        "user_profile": {
            "avatar_hash": "gb862c6892b8",
            "image_72": "https:\/\/secure.gravatar.com\/avatar\/b862c6892b81861fb8d8490e98b04fb5.jpg?s=72&d=https%3A%2F%2Fa.slack-edge.com%2F80588%2Fimg%2Favatars%2Fava_0012-72.png",
            "first_name": "",
            "real_name": "Shawn Lassiter",
            "display_name": "",
            "team": "TKRNGDFFZ",
            "name": "shawn",
            "is_restricted": false,
            "is_ultra_restricted": false
        }
    },
    {
        "client_msg_id": "a1726126-ba00-4457-9a9e-55aa872bfbca",
        "type": "message",
        "text": "In the interests of error-proofing, I’m building out sonar to pull from the same s3 bucket as the jenkins plugins. should have something soon",
        "user": "UKZFHHJQ4",
        "ts": "1568564537.131300",
        "team": "TKRNGDFFZ",
        "user_team": "TKRNGDFFZ",
        "source_team": "TKRNGDFFZ",
        "user_profile": {
            "avatar_hash": "gb862c6892b8",
            "image_72": "https:\/\/secure.gravatar.com\/avatar\/b862c6892b81861fb8d8490e98b04fb5.jpg?s=72&d=https%3A%2F%2Fa.slack-edge.com%2F80588%2Fimg%2Favatars%2Fava_0012-72.png",
            "first_name": "",
            "real_name": "Shawn Lassiter",
            "display_name": "",
            "team": "TKRNGDFFZ",
            "name": "shawn",
            "is_restricted": false,
            "is_ultra_restricted": false
        }
    },
    {
        "client_msg_id": "5a2baabe-f77d-46d3-ade5-561df8375e02",
        "type": "message",
        "text": "additionally, in the interests of speed, i’m commenting out the yum update common to all pipeline containers. it should shave several minutes off of the deploy time. I don’t expect any major issues with the installs, but it will leave the servers in an unpatched state, which is dangerous if we get hit by scanners or script kiddies. <@UKPCZJWQL> let me know if this is a bad idea. it is quick to put back in.",
        "user": "UKZFHHJQ4",
        "ts": "1568564702.133500",
        "team": "TKRNGDFFZ",
        "user_team": "TKRNGDFFZ",
        "source_team": "TKRNGDFFZ",
        "user_profile": {
            "avatar_hash": "gb862c6892b8",
            "image_72": "https:\/\/secure.gravatar.com\/avatar\/b862c6892b81861fb8d8490e98b04fb5.jpg?s=72&d=https%3A%2F%2Fa.slack-edge.com%2F80588%2Fimg%2Favatars%2Fava_0012-72.png",
            "first_name": "",
            "real_name": "Shawn Lassiter",
            "display_name": "",
            "team": "TKRNGDFFZ",
            "name": "shawn",
            "is_restricted": false,
            "is_ultra_restricted": false
        }
    },
    {
        "client_msg_id": "8c03e360-962b-4f07-b0d4-afa442a24046",
        "type": "message",
        "text": "Pipelines times are currently at 4.5 min correct?",
        "user": "UKPCZJWQL",
        "ts": "1568564890.134000",
        "team": "TKRNGDFFZ",
        "user_team": "TKRNGDFFZ",
        "source_team": "TKRNGDFFZ",
        "user_profile": {
            "avatar_hash": "g36d88e4c93b",
            "image_72": "https:\/\/secure.gravatar.com\/avatar\/36d88e4c93b31bcf505cfdf1b76c86a9.jpg?s=72&d=https%3A%2F%2Fa.slack-edge.com%2F80588%2Fimg%2Favatars%2Fava_0020-72.png",
            "first_name": "Pramod",
            "real_name": "Pramod Malhotra",
            "display_name": "",
            "team": "TKRNGDFFZ",
            "name": "pramod.malhotra",
            "is_restricted": false,
            "is_ultra_restricted": false
        }
    },
    {
        "client_msg_id": "eed519f8-030b-4319-adcc-3f3d7909caa6",
        "type": "message",
        "text": "Most of the time spent is in build,test,sonar?",
        "user": "UKPCZJWQL",
        "ts": "1568564900.134300",
        "team": "TKRNGDFFZ",
        "user_team": "TKRNGDFFZ",
        "source_team": "TKRNGDFFZ",
        "user_profile": {
            "avatar_hash": "g36d88e4c93b",
            "image_72": "https:\/\/secure.gravatar.com\/avatar\/36d88e4c93b31bcf505cfdf1b76c86a9.jpg?s=72&d=https%3A%2F%2Fa.slack-edge.com%2F80588%2Fimg%2Favatars%2Fava_0020-72.png",
            "first_name": "Pramod",
            "real_name": "Pramod Malhotra",
            "display_name": "",
            "team": "TKRNGDFFZ",
            "name": "pramod.malhotra",
            "is_restricted": false,
            "is_ultra_restricted": false
        }
    },
    {
        "client_msg_id": "c5e2e12b-ebaf-4b74-9db1-06f515f92a64",
        "type": "message",
        "text": "Do we have breakddown of those 4.3 min its takes in that step",
        "user": "UKPCZJWQL",
        "ts": "1568564935.134800",
        "team": "TKRNGDFFZ",
        "user_team": "TKRNGDFFZ",
        "source_team": "TKRNGDFFZ",
        "user_profile": {
            "avatar_hash": "g36d88e4c93b",
            "image_72": "https:\/\/secure.gravatar.com\/avatar\/36d88e4c93b31bcf505cfdf1b76c86a9.jpg?s=72&d=https%3A%2F%2Fa.slack-edge.com%2F80588%2Fimg%2Favatars%2Fava_0020-72.png",
            "first_name": "Pramod",
            "real_name": "Pramod Malhotra",
            "display_name": "",
            "team": "TKRNGDFFZ",
            "name": "pramod.malhotra",
            "is_restricted": false,
            "is_ultra_restricted": false
        }
    },
    {
        "client_msg_id": "e175553c-defa-4e2a-8309-a373f9b3a526",
        "type": "message",
        "text": "how much time does `yum update` takes",
        "user": "UKPCZJWQL",
        "ts": "1568564953.135300",
        "team": "TKRNGDFFZ",
        "user_team": "TKRNGDFFZ",
        "source_team": "TKRNGDFFZ",
        "user_profile": {
            "avatar_hash": "g36d88e4c93b",
            "image_72": "https:\/\/secure.gravatar.com\/avatar\/36d88e4c93b31bcf505cfdf1b76c86a9.jpg?s=72&d=https%3A%2F%2Fa.slack-edge.com%2F80588%2Fimg%2Favatars%2Fava_0020-72.png",
            "first_name": "Pramod",
            "real_name": "Pramod Malhotra",
            "display_name": "",
            "team": "TKRNGDFFZ",
            "name": "pramod.malhotra",
            "is_restricted": false,
            "is_ultra_restricted": false
        }
    },
    {
        "client_msg_id": "19aa1437-842d-4f85-bdc7-046977c7690e",
        "type": "message",
        "text": "it takes about a minute per machine to do yum update",
        "user": "UKZFHHJQ4",
        "ts": "1568565148.135700",
        "team": "TKRNGDFFZ",
        "user_team": "TKRNGDFFZ",
        "source_team": "TKRNGDFFZ",
        "user_profile": {
            "avatar_hash": "gb862c6892b8",
            "image_72": "https:\/\/secure.gravatar.com\/avatar\/b862c6892b81861fb8d8490e98b04fb5.jpg?s=72&d=https%3A%2F%2Fa.slack-edge.com%2F80588%2Fimg%2Favatars%2Fava_0012-72.png",
            "first_name": "",
            "real_name": "Shawn Lassiter",
            "display_name": "",
            "team": "TKRNGDFFZ",
            "name": "shawn",
            "is_restricted": false,
            "is_ultra_restricted": false
        }
    },
    {
        "client_msg_id": "ec082ae5-9412-47d1-bdb6-0ee4aa480348",
        "type": "message",
        "text": "mostly we have to rely on yum for package installs anyway, but <@UL0GK1LJD> and I were talking about removing as many external dependencies as possible so it’s repeatable.",
        "user": "UKZFHHJQ4",
        "ts": "1568565198.136700",
        "team": "TKRNGDFFZ",
        "user_team": "TKRNGDFFZ",
        "source_team": "TKRNGDFFZ",
        "user_profile": {
            "avatar_hash": "gb862c6892b8",
            "image_72": "https:\/\/secure.gravatar.com\/avatar\/b862c6892b81861fb8d8490e98b04fb5.jpg?s=72&d=https%3A%2F%2Fa.slack-edge.com%2F80588%2Fimg%2Favatars%2Fava_0012-72.png",
            "first_name": "",
            "real_name": "Shawn Lassiter",
            "display_name": "",
            "team": "TKRNGDFFZ",
            "name": "shawn",
            "is_restricted": false,
            "is_ultra_restricted": false
        }
    },
    {
        "client_msg_id": "cd989089-5382-4758-a0d4-474bf84c4c01",
        "type": "message",
        "text": "The risk is that the machines are less secure. the benefits are time saved and slight improvement in repeatability.",
        "user": "UKZFHHJQ4",
        "ts": "1568565309.137500",
        "team": "TKRNGDFFZ",
        "user_team": "TKRNGDFFZ",
        "source_team": "TKRNGDFFZ",
        "user_profile": {
            "avatar_hash": "gb862c6892b8",
            "image_72": "https:\/\/secure.gravatar.com\/avatar\/b862c6892b81861fb8d8490e98b04fb5.jpg?s=72&d=https%3A%2F%2Fa.slack-edge.com%2F80588%2Fimg%2Favatars%2Fava_0012-72.png",
            "first_name": "",
            "real_name": "Shawn Lassiter",
            "display_name": "",
            "team": "TKRNGDFFZ",
            "name": "shawn",
            "is_restricted": false,
            "is_ultra_restricted": false
        }
    },
    {
        "client_msg_id": "df527130-c53d-4a90-b5af-2c34a4c9612c",
        "type": "message",
        "text": "your call",
        "user": "UKZFHHJQ4",
        "ts": "1568565310.137700",
        "team": "TKRNGDFFZ",
        "user_team": "TKRNGDFFZ",
        "source_team": "TKRNGDFFZ",
        "user_profile": {
            "avatar_hash": "gb862c6892b8",
            "image_72": "https:\/\/secure.gravatar.com\/avatar\/b862c6892b81861fb8d8490e98b04fb5.jpg?s=72&d=https%3A%2F%2Fa.slack-edge.com%2F80588%2Fimg%2Favatars%2Fava_0012-72.png",
            "first_name": "",
            "real_name": "Shawn Lassiter",
            "display_name": "",
            "team": "TKRNGDFFZ",
            "name": "shawn",
            "is_restricted": false,
            "is_ultra_restricted": false
        }
    },
    {
        "client_msg_id": "6a6e0e3f-343d-4dcd-8d86-865a0c7bc12d",
        "type": "message",
        "text": "1 min save is not valuable enough",
        "user": "UKPCZJWQL",
        "ts": "1568565348.138000",
        "team": "TKRNGDFFZ",
        "user_team": "TKRNGDFFZ",
        "source_team": "TKRNGDFFZ",
        "user_profile": {
            "avatar_hash": "g36d88e4c93b",
            "image_72": "https:\/\/secure.gravatar.com\/avatar\/36d88e4c93b31bcf505cfdf1b76c86a9.jpg?s=72&d=https%3A%2F%2Fa.slack-edge.com%2F80588%2Fimg%2Favatars%2Fava_0020-72.png",
            "first_name": "Pramod",
            "real_name": "Pramod Malhotra",
            "display_name": "",
            "team": "TKRNGDFFZ",
            "name": "pramod.malhotra",
            "is_restricted": false,
            "is_ultra_restricted": false
        }
    },
    {
        "client_msg_id": "724b6447-c393-4369-9434-8a5b8513ae2a",
        "type": "message",
        "text": "ok. will keep the update then",
        "user": "UKZFHHJQ4",
        "ts": "1568565373.138300",
        "team": "TKRNGDFFZ",
        "user_team": "TKRNGDFFZ",
        "source_team": "TKRNGDFFZ",
        "user_profile": {
            "avatar_hash": "gb862c6892b8",
            "image_72": "https:\/\/secure.gravatar.com\/avatar\/b862c6892b81861fb8d8490e98b04fb5.jpg?s=72&d=https%3A%2F%2Fa.slack-edge.com%2F80588%2Fimg%2Favatars%2Fava_0012-72.png",
            "first_name": "",
            "real_name": "Shawn Lassiter",
            "display_name": "",
            "team": "TKRNGDFFZ",
            "name": "shawn",
            "is_restricted": false,
            "is_ultra_restricted": false
        }
    },
    {
        "client_msg_id": "e3d33d64-c2bc-408a-b5c9-cdabb67dca6c",
        "type": "message",
        "text": "<@UL0GK1LJD> <https:\/\/github.com\/SalientCRGT\/scrgt-bdso-cc-startup\/pull\/125>",
        "user": "UKZFHHJQ4",
        "ts": "1568565773.138900",
        "team": "TKRNGDFFZ",
        "user_team": "TKRNGDFFZ",
        "source_team": "TKRNGDFFZ",
        "user_profile": {
            "avatar_hash": "gb862c6892b8",
            "image_72": "https:\/\/secure.gravatar.com\/avatar\/b862c6892b81861fb8d8490e98b04fb5.jpg?s=72&d=https%3A%2F%2Fa.slack-edge.com%2F80588%2Fimg%2Favatars%2Fava_0012-72.png",
            "first_name": "",
            "real_name": "Shawn Lassiter",
            "display_name": "",
            "team": "TKRNGDFFZ",
            "name": "shawn",
            "is_restricted": false,
            "is_ultra_restricted": false
        }
    },
    {
        "client_msg_id": "f5de5db4-2f41-4dd8-8270-232d3e9a7b24",
        "type": "message",
        "text": "checking...",
        "user": "UL0GK1LJD",
        "ts": "1568565857.139200",
        "team": "TKRNGDFFZ",
        "user_team": "TKRNGDFFZ",
        "source_team": "TKRNGDFFZ",
        "user_profile": {
            "avatar_hash": "g8455934aab6",
            "image_72": "https:\/\/secure.gravatar.com\/avatar\/8455934aab6b3c7afceec7d3255ecd8b.jpg?s=72&d=https%3A%2F%2Fa.slack-edge.com%2F80588%2Fimg%2Favatars%2Fava_0004-72.png",
            "first_name": "",
            "real_name": "Vijay S Deshmukh",
            "display_name": "Vijay S Deshmukh",
            "team": "TKRNGDFFZ",
            "name": "vj_deshmukh",
            "is_restricted": false,
            "is_ultra_restricted": false
        },
        "reactions": [
            {
                "name": "+1",
                "users": [
                    "UKZFHHJQ4"
                ],
                "count": 1
            }
        ]
    },
    {
        "client_msg_id": "b881b266-57de-4c74-b275-7fb4553f00c0",
        "type": "message",
        "text": "merged to develop",
        "user": "UL0GK1LJD",
        "ts": "1568566056.139500",
        "team": "TKRNGDFFZ",
        "user_team": "TKRNGDFFZ",
        "source_team": "TKRNGDFFZ",
        "user_profile": {
            "avatar_hash": "g8455934aab6",
            "image_72": "https:\/\/secure.gravatar.com\/avatar\/8455934aab6b3c7afceec7d3255ecd8b.jpg?s=72&d=https%3A%2F%2Fa.slack-edge.com%2F80588%2Fimg%2Favatars%2Fava_0004-72.png",
            "first_name": "",
            "real_name": "Vijay S Deshmukh",
            "display_name": "Vijay S Deshmukh",
            "team": "TKRNGDFFZ",
            "name": "vj_deshmukh",
            "is_restricted": false,
            "is_ultra_restricted": false
        }
    },
    {
        "client_msg_id": "9329d677-c1db-4c63-833e-f885e413984a",
        "type": "message",
        "text": "will create a PR for master...",
        "user": "UL0GK1LJD",
        "ts": "1568566063.139800",
        "team": "TKRNGDFFZ",
        "user_team": "TKRNGDFFZ",
        "source_team": "TKRNGDFFZ",
        "user_profile": {
            "avatar_hash": "g8455934aab6",
            "image_72": "https:\/\/secure.gravatar.com\/avatar\/8455934aab6b3c7afceec7d3255ecd8b.jpg?s=72&d=https%3A%2F%2Fa.slack-edge.com%2F80588%2Fimg%2Favatars%2Fava_0004-72.png",
            "first_name": "",
            "real_name": "Vijay S Deshmukh",
            "display_name": "Vijay S Deshmukh",
            "team": "TKRNGDFFZ",
            "name": "vj_deshmukh",
            "is_restricted": false,
            "is_ultra_restricted": false
        }
    },
    {
        "client_msg_id": "868f4e21-fedb-4024-a838-a16d2c301136",
        "type": "message",
        "text": "cool",
        "user": "UKZFHHJQ4",
        "ts": "1568566086.140000",
        "team": "TKRNGDFFZ",
        "user_team": "TKRNGDFFZ",
        "source_team": "TKRNGDFFZ",
        "user_profile": {
            "avatar_hash": "gb862c6892b8",
            "image_72": "https:\/\/secure.gravatar.com\/avatar\/b862c6892b81861fb8d8490e98b04fb5.jpg?s=72&d=https%3A%2F%2Fa.slack-edge.com%2F80588%2Fimg%2Favatars%2Fava_0012-72.png",
            "first_name": "",
            "real_name": "Shawn Lassiter",
            "display_name": "",
            "team": "TKRNGDFFZ",
            "name": "shawn",
            "is_restricted": false,
            "is_ultra_restricted": false
        }
    },
    {
        "client_msg_id": "bc09c8c2-c7b9-45fe-9634-71202146cdc3",
        "type": "message",
        "text": "Done",
        "user": "UKR4GLQKF",
        "ts": "1568566656.140200",
        "team": "TKRNGDFFZ",
        "user_team": "TKRNGDFFZ",
        "source_team": "TKRNGDFFZ",
        "user_profile": {
            "avatar_hash": "gf6859e536fb",
            "image_72": "https:\/\/secure.gravatar.com\/avatar\/f6859e536fb63a6f9d862b2f3fb9684c.jpg?s=72&d=https%3A%2F%2Fa.slack-edge.com%2F80588%2Fimg%2Favatars%2Fava_0015-72.png",
            "first_name": "",
            "real_name": "Amit Yadav",
            "display_name": "",
            "team": "TKRNGDFFZ",
            "name": "amit",
            "is_restricted": false,
            "is_ultra_restricted": false
        }
    },
    {
        "client_msg_id": "28fc743c-f604-4960-9a55-758b363a24a0",
        "type": "message",
        "text": "Thanks",
        "user": "UL0GK1LJD",
        "ts": "1568566697.140400",
        "team": "TKRNGDFFZ",
        "user_team": "TKRNGDFFZ",
        "source_team": "TKRNGDFFZ",
        "user_profile": {
            "avatar_hash": "g8455934aab6",
            "image_72": "https:\/\/secure.gravatar.com\/avatar\/8455934aab6b3c7afceec7d3255ecd8b.jpg?s=72&d=https%3A%2F%2Fa.slack-edge.com%2F80588%2Fimg%2Favatars%2Fava_0004-72.png",
            "first_name": "",
            "real_name": "Vijay S Deshmukh",
            "display_name": "Vijay S Deshmukh",
            "team": "TKRNGDFFZ",
            "name": "vj_deshmukh",
            "is_restricted": false,
            "is_ultra_restricted": false
        }
    },
    {
        "client_msg_id": "db65873c-d932-4e8e-9e5a-e0f1586d64f0",
        "type": "message",
        "text": "BDSO Transition site:",
        "user": "UL0GK1LJD",
        "ts": "1568570449.140800",
        "team": "TKRNGDFFZ",
        "user_team": "TKRNGDFFZ",
        "source_team": "TKRNGDFFZ",
        "user_profile": {
            "avatar_hash": "g8455934aab6",
            "image_72": "https:\/\/secure.gravatar.com\/avatar\/8455934aab6b3c7afceec7d3255ecd8b.jpg?s=72&d=https%3A%2F%2Fa.slack-edge.com%2F80588%2Fimg%2Favatars%2Fava_0004-72.png",
            "first_name": "",
            "real_name": "Vijay S Deshmukh",
            "display_name": "Vijay S Deshmukh",
            "team": "TKRNGDFFZ",
            "name": "vj_deshmukh",
            "is_restricted": false,
            "is_ultra_restricted": false
        }
    },
    {
        "client_msg_id": "bfac8415-05c6-4938-b52e-0065276679a1",
        "type": "message",
        "text": "```--------------------------------\nProcess Start Time: 09\/15\/19 16:05:30\nProcess End   Time: 09\/15\/19 17:57:49\n--------------------------------\nProcessing complete. Below are the URLs:\n---------------------------------\nJenkins URL: <http:\/\/jenkins.bdsotransition.salientcrgt-bdso.com:8080>\nCredentials: User ID: admin; Password: DevOps001\n\nJenkins pipeline jobs are:\n     Celebrity MS: <http:\/\/jenkins.bdsotransition.salientcrgt-bdso.com:8080\/job\/celebrity_ms\/>\n      Frontend MS: <http:\/\/jenkins.bdsotransition.salientcrgt-bdso.com:8080\/job\/frontend_ms\/>\nRecommendation MS: <http:\/\/jenkins.bdsotransition.salientcrgt-bdso.com:8080\/job\/recommendation_ms\/>\n     Datapipeline: <http:\/\/jenkins.bdsotransition.salientcrgt-bdso.com:8080\/job\/datapipeline\/>\n--------------------------------------------\nSonarQube URL: <http:\/\/sonar.bdsotransition.salientcrgt-bdso.com:9000>\nCredentials: User ID: admin; Password: admin\n--------------------------------------------\nOpenShift URL: <https:\/\/ocp.bdsotransition.salientcrgt-bdso.com:8443>\nCredentials: User ID: admin; Password: 123\n--------------------------------------------\nEMR EndPoint URL : <https:\/\/ec2-18-216-235-165.us-east-2.compute.amazonaws.com:9443>\nCredentials: User ID: jovyan; Password: jupyter\n--------------------------------------------\n--------------------------------------------\nWeb Application URL: <https:\/\/scrgt-bdso-cc-frontend-prod.ocp.bdsotransition.salientcrgt-bdso.com>\nCredentials: BusinessUser: test-user; Password: test123\nCredentials: Supervisor: test-supervisor; Password: test123\nCredentials: Data Scientist: test-ds; Password: test123\n--------------------------------------------\n```",
        "user": "UL0GK1LJD",
        "ts": "1568570454.141000",
        "team": "TKRNGDFFZ",
        "user_team": "TKRNGDFFZ",
        "source_team": "TKRNGDFFZ",
        "user_profile": {
            "avatar_hash": "g8455934aab6",
            "image_72": "https:\/\/secure.gravatar.com\/avatar\/8455934aab6b3c7afceec7d3255ecd8b.jpg?s=72&d=https%3A%2F%2Fa.slack-edge.com%2F80588%2Fimg%2Favatars%2Fava_0004-72.png",
            "first_name": "",
            "real_name": "Vijay S Deshmukh",
            "display_name": "Vijay S Deshmukh",
            "team": "TKRNGDFFZ",
            "name": "vj_deshmukh",
            "is_restricted": false,
            "is_ultra_restricted": false
        }
    },
    {
        "client_msg_id": "1f836601-0148-442c-a921-3b0dbef22083",
        "type": "message",
        "text": "<@UL0012996> <@UKZFHHJQ4> they want us to provide them OWASP depenedency report as PDF",
        "user": "UKPCZJWQL",
        "ts": "1568570670.141900",
        "team": "TKRNGDFFZ",
        "user_team": "TKRNGDFFZ",
        "source_team": "TKRNGDFFZ",
        "user_profile": {
            "avatar_hash": "g36d88e4c93b",
            "image_72": "https:\/\/secure.gravatar.com\/avatar\/36d88e4c93b31bcf505cfdf1b76c86a9.jpg?s=72&d=https%3A%2F%2Fa.slack-edge.com%2F80588%2Fimg%2Favatars%2Fava_0020-72.png",
            "first_name": "Pramod",
            "real_name": "Pramod Malhotra",
            "display_name": "",
            "team": "TKRNGDFFZ",
            "name": "pramod.malhotra",
            "is_restricted": false,
            "is_ultra_restricted": false
        }
    },
    {
        "client_msg_id": "622906eb-d980-4794-aac2-64b37c6ccc45",
        "type": "message",
        "text": "I was checking online I see xml",
        "user": "UKPCZJWQL",
        "ts": "1568570687.142300",
        "team": "TKRNGDFFZ",
        "user_team": "TKRNGDFFZ",
        "source_team": "TKRNGDFFZ",
        "user_profile": {
            "avatar_hash": "g36d88e4c93b",
            "image_72": "https:\/\/secure.gravatar.com\/avatar\/36d88e4c93b31bcf505cfdf1b76c86a9.jpg?s=72&d=https%3A%2F%2Fa.slack-edge.com%2F80588%2Fimg%2Favatars%2Fava_0020-72.png",
            "first_name": "Pramod",
            "real_name": "Pramod Malhotra",
            "display_name": "",
            "team": "TKRNGDFFZ",
            "name": "pramod.malhotra",
            "is_restricted": false,
            "is_ultra_restricted": false
        }
    },
    {
        "client_msg_id": "982a5dea-babc-446e-8b53-01df4271be45",
        "type": "message",
        "text": "report",
        "user": "UKPCZJWQL",
        "ts": "1568570691.142500",
        "team": "TKRNGDFFZ",
        "user_team": "TKRNGDFFZ",
        "source_team": "TKRNGDFFZ",
        "user_profile": {
            "avatar_hash": "g36d88e4c93b",
            "image_72": "https:\/\/secure.gravatar.com\/avatar\/36d88e4c93b31bcf505cfdf1b76c86a9.jpg?s=72&d=https%3A%2F%2Fa.slack-edge.com%2F80588%2Fimg%2Favatars%2Fava_0020-72.png",
            "first_name": "Pramod",
            "real_name": "Pramod Malhotra",
            "display_name": "",
            "team": "TKRNGDFFZ",
            "name": "pramod.malhotra",
            "is_restricted": false,
            "is_ultra_restricted": false
        }
    },
    {
        "client_msg_id": "c9fac2cc-a6d4-47dc-822c-62416b06bc81",
        "type": "message",
        "text": "we have a HTML page, maybe we can generate a pdf",
        "user": "UL0012996",
        "ts": "1568570701.142900",
        "team": "TKRNGDFFZ",
        "user_team": "TKRNGDFFZ",
        "source_team": "TKRNGDFFZ",
        "user_profile": {
            "avatar_hash": "d12e961cf42d",
            "image_72": "https:\/\/avatars.slack-edge.com\/2019-07-10\/690936875216_d12e961cf42d5d7703e6_72.png",
            "first_name": "Padmaja",
            "real_name": "Padmaja",
            "display_name": "",
            "team": "TKRNGDFFZ",
            "name": "padmajaprabhala",
            "is_restricted": false,
            "is_ultra_restricted": false
        }
    },
    {
        "client_msg_id": "cad9b1d6-d38e-47f5-8db1-15f82fd8f58e",
        "type": "message",
        "text": "That's a manual step, right?",
        "user": "UKZFHHJQ4",
        "ts": "1568570727.144000",
        "team": "TKRNGDFFZ",
        "user_team": "TKRNGDFFZ",
        "source_team": "TKRNGDFFZ",
        "user_profile": {
            "avatar_hash": "gb862c6892b8",
            "image_72": "https:\/\/secure.gravatar.com\/avatar\/b862c6892b81861fb8d8490e98b04fb5.jpg?s=72&d=https%3A%2F%2Fa.slack-edge.com%2F80588%2Fimg%2Favatars%2Fava_0012-72.png",
            "first_name": "",
            "real_name": "Shawn Lassiter",
            "display_name": "",
            "team": "TKRNGDFFZ",
            "name": "shawn",
            "is_restricted": false,
            "is_ultra_restricted": false
        }
    },
    {
        "client_msg_id": "6a232a1a-b3cd-4eba-bcb1-b32653e2eb1b",
        "type": "message",
        "text": "Normally I take java PDF and angular PDF and Python pdf and make them 1 file and that's what i checkin git.",
        "user": "UKPCZJWQL",
        "ts": "1568570757.144700",
        "team": "TKRNGDFFZ",
        "user_team": "TKRNGDFFZ",
        "source_team": "TKRNGDFFZ",
        "user_profile": {
            "avatar_hash": "g36d88e4c93b",
            "image_72": "https:\/\/secure.gravatar.com\/avatar\/36d88e4c93b31bcf505cfdf1b76c86a9.jpg?s=72&d=https%3A%2F%2Fa.slack-edge.com%2F80588%2Fimg%2Favatars%2Fava_0020-72.png",
            "first_name": "Pramod",
            "real_name": "Pramod Malhotra",
            "display_name": "",
            "team": "TKRNGDFFZ",
            "name": "pramod.malhotra",
            "is_restricted": false,
            "is_ultra_restricted": false
        }
    },
    {
        "client_msg_id": "897c588c-cd09-452f-9859-b5f4e5b32c6c",
        "type": "message",
        "text": "yes Manual step",
        "user": "UKPCZJWQL",
        "ts": "1568570762.144900",
        "team": "TKRNGDFFZ",
        "user_team": "TKRNGDFFZ",
        "source_team": "TKRNGDFFZ",
        "user_profile": {
            "avatar_hash": "g36d88e4c93b",
            "image_72": "https:\/\/secure.gravatar.com\/avatar\/36d88e4c93b31bcf505cfdf1b76c86a9.jpg?s=72&d=https%3A%2F%2Fa.slack-edge.com%2F80588%2Fimg%2Favatars%2Fava_0020-72.png",
            "first_name": "Pramod",
            "real_name": "Pramod Malhotra",
            "display_name": "",
            "team": "TKRNGDFFZ",
            "name": "pramod.malhotra",
            "is_restricted": false,
            "is_ultra_restricted": false
        }
    },
    {
        "client_msg_id": "c99a45ef-9fa3-4efc-b777-341f11faa36f",
        "type": "message",
        "text": "Ok. Should be easy once we have final versions",
        "user": "UKZFHHJQ4",
        "ts": "1568570781.145700",
        "team": "TKRNGDFFZ",
        "user_team": "TKRNGDFFZ",
        "source_team": "TKRNGDFFZ",
        "user_profile": {
            "avatar_hash": "gb862c6892b8",
            "image_72": "https:\/\/secure.gravatar.com\/avatar\/b862c6892b81861fb8d8490e98b04fb5.jpg?s=72&d=https%3A%2F%2Fa.slack-edge.com%2F80588%2Fimg%2Favatars%2Fava_0012-72.png",
            "first_name": "",
            "real_name": "Shawn Lassiter",
            "display_name": "",
            "team": "TKRNGDFFZ",
            "name": "shawn",
            "is_restricted": false,
            "is_ultra_restricted": false
        }
    },
    {
        "client_msg_id": "a45a5d63-7732-45df-afa3-5142671484e2",
        "type": "message",
        "text": "outside..we need to create and then add it as Scans.pdf in root of github",
        "user": "UKPCZJWQL",
        "ts": "1568570782.145900",
        "team": "TKRNGDFFZ",
        "user_team": "TKRNGDFFZ",
        "source_team": "TKRNGDFFZ",
        "user_profile": {
            "avatar_hash": "g36d88e4c93b",
            "image_72": "https:\/\/secure.gravatar.com\/avatar\/36d88e4c93b31bcf505cfdf1b76c86a9.jpg?s=72&d=https%3A%2F%2Fa.slack-edge.com%2F80588%2Fimg%2Favatars%2Fava_0020-72.png",
            "first_name": "Pramod",
            "real_name": "Pramod Malhotra",
            "display_name": "",
            "team": "TKRNGDFFZ",
            "name": "pramod.malhotra",
            "is_restricted": false,
            "is_ultra_restricted": false
        }
    },
    {
        "client_msg_id": "2365aa52-1877-4e28-87dc-9006aa07ef5b",
        "type": "message",
        "text": "<@UKZFHHJQ4> they also want Commits.pdf to have output of all git logs, what's the best way to run that command once we remove everyones access ...u and me are administrators",
        "user": "UKPCZJWQL",
        "ts": "1568570858.147000",
        "team": "TKRNGDFFZ",
        "user_team": "TKRNGDFFZ",
        "source_team": "TKRNGDFFZ",
        "user_profile": {
            "avatar_hash": "g36d88e4c93b",
            "image_72": "https:\/\/secure.gravatar.com\/avatar\/36d88e4c93b31bcf505cfdf1b76c86a9.jpg?s=72&d=https%3A%2F%2Fa.slack-edge.com%2F80588%2Fimg%2Favatars%2Fava_0020-72.png",
            "first_name": "Pramod",
            "real_name": "Pramod Malhotra",
            "display_name": "",
            "team": "TKRNGDFFZ",
            "name": "pramod.malhotra",
            "is_restricted": false,
            "is_ultra_restricted": false
        }
    },
    {
        "client_msg_id": "cc67caff-a00a-448d-a90e-c7848b6085c2",
        "type": "message",
        "text": "<@UKZFHHJQ4> in the past i had used git log or sometihng",
        "user": "UKPCZJWQL",
        "ts": "1568570874.147400",
        "team": "TKRNGDFFZ",
        "user_team": "TKRNGDFFZ",
        "source_team": "TKRNGDFFZ",
        "user_profile": {
            "avatar_hash": "g36d88e4c93b",
            "image_72": "https:\/\/secure.gravatar.com\/avatar\/36d88e4c93b31bcf505cfdf1b76c86a9.jpg?s=72&d=https%3A%2F%2Fa.slack-edge.com%2F80588%2Fimg%2Favatars%2Fava_0020-72.png",
            "first_name": "Pramod",
            "real_name": "Pramod Malhotra",
            "display_name": "",
            "team": "TKRNGDFFZ",
            "name": "pramod.malhotra",
            "is_restricted": false,
            "is_ultra_restricted": false
        }
    },
    {
        "client_msg_id": "973cefc9-8134-4972-8b89-813c1a8d8ced",
        "type": "message",
        "text": "the last thing i need to do is dump Slack, that I will be doing in the late evening",
        "user": "UKPCZJWQL",
        "ts": "1568570915.148300",
        "team": "TKRNGDFFZ",
        "user_team": "TKRNGDFFZ",
        "source_team": "TKRNGDFFZ",
        "user_profile": {
            "avatar_hash": "g36d88e4c93b",
            "image_72": "https:\/\/secure.gravatar.com\/avatar\/36d88e4c93b31bcf505cfdf1b76c86a9.jpg?s=72&d=https%3A%2F%2Fa.slack-edge.com%2F80588%2Fimg%2Favatars%2Fava_0020-72.png",
            "first_name": "Pramod",
            "real_name": "Pramod Malhotra",
            "display_name": "",
            "team": "TKRNGDFFZ",
            "name": "pramod.malhotra",
            "is_restricted": false,
            "is_ultra_restricted": false
        }
    },
    {
        "client_msg_id": "f4cf4166-dca6-498f-8e46-450ffc619435",
        "type": "message",
        "text": "Git log is probably good",
        "user": "UKZFHHJQ4",
        "ts": "1568570919.148500",
        "team": "TKRNGDFFZ",
        "user_team": "TKRNGDFFZ",
        "source_team": "TKRNGDFFZ",
        "user_profile": {
            "avatar_hash": "gb862c6892b8",
            "image_72": "https:\/\/secure.gravatar.com\/avatar\/b862c6892b81861fb8d8490e98b04fb5.jpg?s=72&d=https%3A%2F%2Fa.slack-edge.com%2F80588%2Fimg%2Favatars%2Fava_0012-72.png",
            "first_name": "",
            "real_name": "Shawn Lassiter",
            "display_name": "",
            "team": "TKRNGDFFZ",
            "name": "shawn",
            "is_restricted": false,
            "is_ultra_restricted": false
        }
    },
    {
        "client_msg_id": "f9133682-990a-46f2-a315-d472944e8269",
        "type": "message",
        "text": "I wish we'd compressed more commits, but it shouldn't matter that much",
        "user": "UKZFHHJQ4",
        "ts": "1568570949.149300",
        "team": "TKRNGDFFZ",
        "user_team": "TKRNGDFFZ",
        "source_team": "TKRNGDFFZ",
        "user_profile": {
            "avatar_hash": "gb862c6892b8",
            "image_72": "https:\/\/secure.gravatar.com\/avatar\/b862c6892b81861fb8d8490e98b04fb5.jpg?s=72&d=https%3A%2F%2Fa.slack-edge.com%2F80588%2Fimg%2Favatars%2Fava_0012-72.png",
            "first_name": "",
            "real_name": "Shawn Lassiter",
            "display_name": "",
            "team": "TKRNGDFFZ",
            "name": "shawn",
            "is_restricted": false,
            "is_ultra_restricted": false
        }
    },
    {
        "client_msg_id": "78cbe2c3-d4a0-43af-b4cf-4150181e11c0",
        "type": "message",
        "text": "Ok",
        "user": "UKZFHHJQ4",
        "ts": "1568570971.149600",
        "team": "TKRNGDFFZ",
        "user_team": "TKRNGDFFZ",
        "source_team": "TKRNGDFFZ",
        "user_profile": {
            "avatar_hash": "gb862c6892b8",
            "image_72": "https:\/\/secure.gravatar.com\/avatar\/b862c6892b81861fb8d8490e98b04fb5.jpg?s=72&d=https%3A%2F%2Fa.slack-edge.com%2F80588%2Fimg%2Favatars%2Fava_0012-72.png",
            "first_name": "",
            "real_name": "Shawn Lassiter",
            "display_name": "",
            "team": "TKRNGDFFZ",
            "name": "shawn",
            "is_restricted": false,
            "is_ultra_restricted": false
        }
    },
    {
        "client_msg_id": "fe611433-a3c0-40ae-9c4e-60f67d4cbf39",
        "type": "message",
        "text": "<http:\/\/jenkins.testing.salientcrgt-bdso.com:8080\/job\/celebrity_ms\/76\/dependency-check-findings\/>",
        "user": "UKZFHHJQ4",
        "ts": "1568571349.149800",
        "team": "TKRNGDFFZ",
        "user_team": "TKRNGDFFZ",
        "source_team": "TKRNGDFFZ",
        "user_profile": {
            "avatar_hash": "gb862c6892b8",
            "image_72": "https:\/\/secure.gravatar.com\/avatar\/b862c6892b81861fb8d8490e98b04fb5.jpg?s=72&d=https%3A%2F%2Fa.slack-edge.com%2F80588%2Fimg%2Favatars%2Fava_0012-72.png",
            "first_name": "",
            "real_name": "Shawn Lassiter",
            "display_name": "",
            "team": "TKRNGDFFZ",
            "name": "shawn",
            "is_restricted": false,
            "is_ultra_restricted": false
        }
    },
    {
        "client_msg_id": "1de1ee60-1a73-4c24-a0be-d48f98ae8b5f",
        "type": "message",
        "text": "we can screenshot and add those to a pdf pretty easily.",
        "user": "UKZFHHJQ4",
        "ts": "1568571368.150300",
        "team": "TKRNGDFFZ",
        "user_team": "TKRNGDFFZ",
        "source_team": "TKRNGDFFZ",
        "user_profile": {
            "avatar_hash": "gb862c6892b8",
            "image_72": "https:\/\/secure.gravatar.com\/avatar\/b862c6892b81861fb8d8490e98b04fb5.jpg?s=72&d=https%3A%2F%2Fa.slack-edge.com%2F80588%2Fimg%2Favatars%2Fava_0012-72.png",
            "first_name": "",
            "real_name": "Shawn Lassiter",
            "display_name": "",
            "team": "TKRNGDFFZ",
            "name": "shawn",
            "is_restricted": false,
            "is_ultra_restricted": false
        }
    },
    {
        "client_msg_id": "7cb30ebf-01a4-490e-b62a-a5fd83d8ad11",
        "type": "message",
        "text": "might need to work on recommendation_ms. it’s not showing any results",
        "user": "UKZFHHJQ4",
        "ts": "1568571449.150800",
        "team": "TKRNGDFFZ",
        "user_team": "TKRNGDFFZ",
        "source_team": "TKRNGDFFZ",
        "user_profile": {
            "avatar_hash": "gb862c6892b8",
            "image_72": "https:\/\/secure.gravatar.com\/avatar\/b862c6892b81861fb8d8490e98b04fb5.jpg?s=72&d=https%3A%2F%2Fa.slack-edge.com%2F80588%2Fimg%2Favatars%2Fava_0012-72.png",
            "first_name": "",
            "real_name": "Shawn Lassiter",
            "display_name": "",
            "team": "TKRNGDFFZ",
            "name": "shawn",
            "is_restricted": false,
            "is_ultra_restricted": false
        }
    },
    {
        "client_msg_id": "dfab2336-fa51-4173-ad9f-4fe7496acc40",
        "type": "message",
        "text": "when i try to login  : <https:\/\/scrgt-bdso-cc-frontend-prod.ocp.bdsotransition.salientcrgt-bdso.com\/celebrities>",
        "user": "UL1R0L9BR",
        "ts": "1568572739.151100",
        "team": "TKRNGDFFZ",
        "user_team": "TKRNGDFFZ",
        "source_team": "TKRNGDFFZ",
        "user_profile": {
            "avatar_hash": "g459ebdd024c",
            "image_72": "https:\/\/secure.gravatar.com\/avatar\/459ebdd024c899e4ebfdff1c9f7fc5a0.jpg?s=72&d=https%3A%2F%2Fa.slack-edge.com%2F80588%2Fimg%2Favatars%2Fava_0008-72.png",
            "first_name": "",
            "real_name": "Kumaresh Jembu",
            "display_name": "",
            "team": "TKRNGDFFZ",
            "name": "kumaresh.jembu",
            "is_restricted": false,
            "is_ultra_restricted": false
        }
    },
    {
        "client_msg_id": "afe40dd5-1508-43e0-9061-e049a616cbc2",
        "type": "message",
        "text": "keep spinning past 1 min",
        "user": "UL1R0L9BR",
        "ts": "1568572748.151400",
        "team": "TKRNGDFFZ",
        "user_team": "TKRNGDFFZ",
        "source_team": "TKRNGDFFZ",
        "user_profile": {
            "avatar_hash": "g459ebdd024c",
            "image_72": "https:\/\/secure.gravatar.com\/avatar\/459ebdd024c899e4ebfdff1c9f7fc5a0.jpg?s=72&d=https%3A%2F%2Fa.slack-edge.com%2F80588%2Fimg%2Favatars%2Fava_0008-72.png",
            "first_name": "",
            "real_name": "Kumaresh Jembu",
            "display_name": "",
            "team": "TKRNGDFFZ",
            "name": "kumaresh.jembu",
            "is_restricted": false,
            "is_ultra_restricted": false
        }
    },
    {
        "client_msg_id": "977ad5ca-0b78-4c96-bd97-a35659f3f359",
        "type": "message",
        "text": "Supervisor: test-supervisor",
        "user": "UL1R0L9BR",
        "ts": "1568572773.151700",
        "team": "TKRNGDFFZ",
        "user_team": "TKRNGDFFZ",
        "source_team": "TKRNGDFFZ",
        "user_profile": {
            "avatar_hash": "g459ebdd024c",
            "image_72": "https:\/\/secure.gravatar.com\/avatar\/459ebdd024c899e4ebfdff1c9f7fc5a0.jpg?s=72&d=https%3A%2F%2Fa.slack-edge.com%2F80588%2Fimg%2Favatars%2Fava_0008-72.png",
            "first_name": "",
            "real_name": "Kumaresh Jembu",
            "display_name": "",
            "team": "TKRNGDFFZ",
            "name": "kumaresh.jembu",
            "is_restricted": false,
            "is_ultra_restricted": false
        }
    },
    {
        "client_msg_id": "11d7618c-8b93-40c6-8ca0-8b7aabae1552",
        "type": "message",
        "text": "<@UKR4GLQKF> is it CORS issues has come back as cert are not applied, and it will work only on BDSO doman?",
        "user": "UKPCZJWQL",
        "ts": "1568572837.152500",
        "team": "TKRNGDFFZ",
        "user_team": "TKRNGDFFZ",
        "source_team": "TKRNGDFFZ",
        "user_profile": {
            "avatar_hash": "g36d88e4c93b",
            "image_72": "https:\/\/secure.gravatar.com\/avatar\/36d88e4c93b31bcf505cfdf1b76c86a9.jpg?s=72&d=https%3A%2F%2Fa.slack-edge.com%2F80588%2Fimg%2Favatars%2Fava_0020-72.png",
            "first_name": "Pramod",
            "real_name": "Pramod Malhotra",
            "display_name": "",
            "team": "TKRNGDFFZ",
            "name": "pramod.malhotra",
            "is_restricted": false,
            "is_ultra_restricted": false
        }
    },
    {
        "client_msg_id": "55521d31-2551-4241-b6cd-14cac68bb47f",
        "type": "message",
        "text": "Vijay, can u run the pipelines on BDSO for latest code",
        "user": "UKPCZJWQL",
        "ts": "1568572857.153100",
        "team": "TKRNGDFFZ",
        "user_team": "TKRNGDFFZ",
        "source_team": "TKRNGDFFZ",
        "user_profile": {
            "avatar_hash": "g36d88e4c93b",
            "image_72": "https:\/\/secure.gravatar.com\/avatar\/36d88e4c93b31bcf505cfdf1b76c86a9.jpg?s=72&d=https%3A%2F%2Fa.slack-edge.com%2F80588%2Fimg%2Favatars%2Fava_0020-72.png",
            "first_name": "Pramod",
            "real_name": "Pramod Malhotra",
            "display_name": "",
            "team": "TKRNGDFFZ",
            "name": "pramod.malhotra",
            "is_restricted": false,
            "is_ultra_restricted": false
        }
    },
    {
        "client_msg_id": "cbd55fed-a1b3-4bd9-b31b-5ea3beea750f",
        "type": "message",
        "text": "that way we have BDSO having current code for everyone to teset",
        "user": "UKPCZJWQL",
        "ts": "1568572870.153500",
        "team": "TKRNGDFFZ",
        "user_team": "TKRNGDFFZ",
        "source_team": "TKRNGDFFZ",
        "user_profile": {
            "avatar_hash": "g36d88e4c93b",
            "image_72": "https:\/\/secure.gravatar.com\/avatar\/36d88e4c93b31bcf505cfdf1b76c86a9.jpg?s=72&d=https%3A%2F%2Fa.slack-edge.com%2F80588%2Fimg%2Favatars%2Fava_0020-72.png",
            "first_name": "Pramod",
            "real_name": "Pramod Malhotra",
            "display_name": "",
            "team": "TKRNGDFFZ",
            "name": "pramod.malhotra",
            "is_restricted": false,
            "is_ultra_restricted": false
        }
    },
    {
        "client_msg_id": "98360a5d-0f3f-450b-84be-33a0542e3b7a",
        "type": "message",
        "text": "CORS issue was solved by CERTS and cert are only applied to bdso",
        "user": "UKPCZJWQL",
        "ts": "1568572892.154000",
        "team": "TKRNGDFFZ",
        "user_team": "TKRNGDFFZ",
        "source_team": "TKRNGDFFZ",
        "user_profile": {
            "avatar_hash": "g36d88e4c93b",
            "image_72": "https:\/\/secure.gravatar.com\/avatar\/36d88e4c93b31bcf505cfdf1b76c86a9.jpg?s=72&d=https%3A%2F%2Fa.slack-edge.com%2F80588%2Fimg%2Favatars%2Fava_0020-72.png",
            "first_name": "Pramod",
            "real_name": "Pramod Malhotra",
            "display_name": "",
            "team": "TKRNGDFFZ",
            "name": "pramod.malhotra",
            "is_restricted": false,
            "is_ultra_restricted": false
        }
    },
    {
        "client_msg_id": "69d40847-2df7-492b-ae5a-1906a5187f1b",
        "type": "message",
        "text": "<@UL0GK1LJD> once latest code is deployed by <@UKNH71890> we need to make a frontend build and backend what is required on bdso",
        "user": "UKPCZJWQL",
        "ts": "1568572938.154800",
        "team": "TKRNGDFFZ",
        "user_team": "TKRNGDFFZ",
        "source_team": "TKRNGDFFZ",
        "user_profile": {
            "avatar_hash": "g36d88e4c93b",
            "image_72": "https:\/\/secure.gravatar.com\/avatar\/36d88e4c93b31bcf505cfdf1b76c86a9.jpg?s=72&d=https%3A%2F%2Fa.slack-edge.com%2F80588%2Fimg%2Favatars%2Fava_0020-72.png",
            "first_name": "Pramod",
            "real_name": "Pramod Malhotra",
            "display_name": "",
            "team": "TKRNGDFFZ",
            "name": "pramod.malhotra",
            "is_restricted": false,
            "is_ultra_restricted": false
        }
    },
    {
        "client_msg_id": "e6b769c1-ccfd-4d40-bf55-c859acefc626",
        "type": "message",
        "text": "CORS issue because of invalid cert",
        "user": "UKR4GLQKF",
        "ts": "1568573028.155500",
        "team": "TKRNGDFFZ",
        "user_team": "TKRNGDFFZ",
        "source_team": "TKRNGDFFZ",
        "user_profile": {
            "avatar_hash": "gf6859e536fb",
            "image_72": "https:\/\/secure.gravatar.com\/avatar\/f6859e536fb63a6f9d862b2f3fb9684c.jpg?s=72&d=https%3A%2F%2Fa.slack-edge.com%2F80588%2Fimg%2Favatars%2Fava_0015-72.png",
            "first_name": "",
            "real_name": "Amit Yadav",
            "display_name": "",
            "team": "TKRNGDFFZ",
            "name": "amit",
            "is_restricted": false,
            "is_ultra_restricted": false
        }
    },
    {
        "client_msg_id": "ec1f6808-df87-4ad4-97b3-11a6a075af08",
        "type": "message",
        "text": "Got to this page to make it work <https:\/\/scrgt-bdso-cc-ms-celebrity-dev.ocp.bdsotransition.salientcrgt-bdso.com\/api\/v1\/celebrities>",
        "user": "UKR4GLQKF",
        "ts": "1568573059.155900",
        "team": "TKRNGDFFZ",
        "user_team": "TKRNGDFFZ",
        "source_team": "TKRNGDFFZ",
        "user_profile": {
            "avatar_hash": "gf6859e536fb",
            "image_72": "https:\/\/secure.gravatar.com\/avatar\/f6859e536fb63a6f9d862b2f3fb9684c.jpg?s=72&d=https%3A%2F%2Fa.slack-edge.com%2F80588%2Fimg%2Favatars%2Fava_0015-72.png",
            "first_name": "",
            "real_name": "Amit Yadav",
            "display_name": "",
            "team": "TKRNGDFFZ",
            "name": "amit",
            "is_restricted": false,
            "is_ultra_restricted": false
        }
    },
    {
        "client_msg_id": "eeddc394-2f3e-4fd7-91e5-c236417b694c",
        "type": "message",
        "text": "Or in browser change settings to ignore cert validation",
        "user": "UKR4GLQKF",
        "ts": "1568573084.156500",
        "team": "TKRNGDFFZ",
        "user_team": "TKRNGDFFZ",
        "source_team": "TKRNGDFFZ",
        "user_profile": {
            "avatar_hash": "gf6859e536fb",
            "image_72": "https:\/\/secure.gravatar.com\/avatar\/f6859e536fb63a6f9d862b2f3fb9684c.jpg?s=72&d=https%3A%2F%2Fa.slack-edge.com%2F80588%2Fimg%2Favatars%2Fava_0015-72.png",
            "first_name": "",
            "real_name": "Amit Yadav",
            "display_name": "",
            "team": "TKRNGDFFZ",
            "name": "amit",
            "is_restricted": false,
            "is_ultra_restricted": false
        }
    },
    {
        "client_msg_id": "aec4af3a-ca0c-484d-8d32-25831222d1e0",
        "type": "message",
        "text": "ok",
        "user": "UL0GK1LJD",
        "ts": "1568573735.156700",
        "team": "TKRNGDFFZ",
        "user_team": "TKRNGDFFZ",
        "source_team": "TKRNGDFFZ",
        "user_profile": {
            "avatar_hash": "g8455934aab6",
            "image_72": "https:\/\/secure.gravatar.com\/avatar\/8455934aab6b3c7afceec7d3255ecd8b.jpg?s=72&d=https%3A%2F%2Fa.slack-edge.com%2F80588%2Fimg%2Favatars%2Fava_0004-72.png",
            "first_name": "",
            "real_name": "Vijay S Deshmukh",
            "display_name": "Vijay S Deshmukh",
            "team": "TKRNGDFFZ",
            "name": "vj_deshmukh",
            "is_restricted": false,
            "is_ultra_restricted": false
        }
    },
    {
        "client_msg_id": "eb96243b-7c1e-4dfb-a3b3-fe5aac07d661",
        "type": "message",
        "text": "started jenkins builds on BDSO domain",
        "user": "UL0GK1LJD",
        "ts": "1568573903.157700",
        "team": "TKRNGDFFZ",
        "user_team": "TKRNGDFFZ",
        "source_team": "TKRNGDFFZ",
        "user_profile": {
            "avatar_hash": "g8455934aab6",
            "image_72": "https:\/\/secure.gravatar.com\/avatar\/8455934aab6b3c7afceec7d3255ecd8b.jpg?s=72&d=https%3A%2F%2Fa.slack-edge.com%2F80588%2Fimg%2Favatars%2Fava_0004-72.png",
            "first_name": "",
            "real_name": "Vijay S Deshmukh",
            "display_name": "Vijay S Deshmukh",
            "team": "TKRNGDFFZ",
            "name": "vj_deshmukh",
            "is_restricted": false,
            "is_ultra_restricted": false
        }
    },
    {
        "client_msg_id": "2de830b8-bdb5-46e3-beb3-bb8ad66a4356",
        "type": "message",
        "text": "Done.",
        "user": "UL0GK1LJD",
        "ts": "1568574898.157900",
        "team": "TKRNGDFFZ",
        "user_team": "TKRNGDFFZ",
        "source_team": "TKRNGDFFZ",
        "user_profile": {
            "avatar_hash": "g8455934aab6",
            "image_72": "https:\/\/secure.gravatar.com\/avatar\/8455934aab6b3c7afceec7d3255ecd8b.jpg?s=72&d=https%3A%2F%2Fa.slack-edge.com%2F80588%2Fimg%2Favatars%2Fava_0004-72.png",
            "first_name": "",
            "real_name": "Vijay S Deshmukh",
            "display_name": "Vijay S Deshmukh",
            "team": "TKRNGDFFZ",
            "name": "vj_deshmukh",
            "is_restricted": false,
            "is_ultra_restricted": false
        }
    },
    {
        "client_msg_id": "c44cdce7-fc9e-4564-85b2-a37a9ec82397",
        "type": "message",
        "text": "when i hit back...showing <http:\/\/localhost:4200\/>",
        "user": "UL1R0L9BR",
        "ts": "1568575058.158300",
        "team": "TKRNGDFFZ",
        "user_team": "TKRNGDFFZ",
        "source_team": "TKRNGDFFZ",
        "user_profile": {
            "avatar_hash": "g459ebdd024c",
            "image_72": "https:\/\/secure.gravatar.com\/avatar\/459ebdd024c899e4ebfdff1c9f7fc5a0.jpg?s=72&d=https%3A%2F%2Fa.slack-edge.com%2F80588%2Fimg%2Favatars%2Fava_0008-72.png",
            "first_name": "",
            "real_name": "Kumaresh Jembu",
            "display_name": "",
            "team": "TKRNGDFFZ",
            "name": "kumaresh.jembu",
            "is_restricted": false,
            "is_ultra_restricted": false
        }
    },
    {
        "client_msg_id": "16ac58a6-4ca4-4fb2-aa2b-4de5186ba61d",
        "type": "message",
        "text": "somewhere local reference is there",
        "user": "UL1R0L9BR",
        "ts": "1568575064.158500",
        "team": "TKRNGDFFZ",
        "user_team": "TKRNGDFFZ",
        "source_team": "TKRNGDFFZ",
        "user_profile": {
            "avatar_hash": "g459ebdd024c",
            "image_72": "https:\/\/secure.gravatar.com\/avatar\/459ebdd024c899e4ebfdff1c9f7fc5a0.jpg?s=72&d=https%3A%2F%2Fa.slack-edge.com%2F80588%2Fimg%2Favatars%2Fava_0008-72.png",
            "first_name": "",
            "real_name": "Kumaresh Jembu",
            "display_name": "",
            "team": "TKRNGDFFZ",
            "name": "kumaresh.jembu",
            "is_restricted": false,
            "is_ultra_restricted": false
        }
    },
    {
        "type": "message",
        "text": "",
        "files": [
            {
                "id": "FNF3932MU",
                "created": 1568575091,
                "timestamp": 1568575091,
                "name": "Screen Shot 2019-09-15 at 3.17.58 PM.png",
                "title": "Screen Shot 2019-09-15 at 3.17.58 PM.png",
                "mimetype": "image\/png",
                "filetype": "png",
                "pretty_type": "PNG",
                "user": "UL1R0L9BR",
                "editable": false,
                "size": 244585,
                "mode": "hosted",
                "is_external": false,
                "external_type": "",
                "is_public": true,
                "public_url_shared": false,
                "display_as_bot": false,
                "username": "",
                "url_private": "https:\/\/files.slack.com\/files-pri\/TKRNGDFFZ-FNF3932MU\/screen_shot_2019-09-15_at_3.17.58_pm.png?t=xoxe-671764457543-761495007360-748720106514-e22867dc4a96f2e14ff182795f11301c",
                "url_private_download": "https:\/\/files.slack.com\/files-pri\/TKRNGDFFZ-FNF3932MU\/download\/screen_shot_2019-09-15_at_3.17.58_pm.png?t=xoxe-671764457543-761495007360-748720106514-e22867dc4a96f2e14ff182795f11301c",
                "thumb_64": "https:\/\/files.slack.com\/files-tmb\/TKRNGDFFZ-FNF3932MU-5903e10b8b\/screen_shot_2019-09-15_at_3.17.58_pm_64.png?t=xoxe-671764457543-761495007360-748720106514-e22867dc4a96f2e14ff182795f11301c",
                "thumb_80": "https:\/\/files.slack.com\/files-tmb\/TKRNGDFFZ-FNF3932MU-5903e10b8b\/screen_shot_2019-09-15_at_3.17.58_pm_80.png?t=xoxe-671764457543-761495007360-748720106514-e22867dc4a96f2e14ff182795f11301c",
                "thumb_360": "https:\/\/files.slack.com\/files-tmb\/TKRNGDFFZ-FNF3932MU-5903e10b8b\/screen_shot_2019-09-15_at_3.17.58_pm_360.png?t=xoxe-671764457543-761495007360-748720106514-e22867dc4a96f2e14ff182795f11301c",
                "thumb_360_w": 360,
                "thumb_360_h": 214,
                "thumb_480": "https:\/\/files.slack.com\/files-tmb\/TKRNGDFFZ-FNF3932MU-5903e10b8b\/screen_shot_2019-09-15_at_3.17.58_pm_480.png?t=xoxe-671764457543-761495007360-748720106514-e22867dc4a96f2e14ff182795f11301c",
                "thumb_480_w": 480,
                "thumb_480_h": 285,
                "thumb_160": "https:\/\/files.slack.com\/files-tmb\/TKRNGDFFZ-FNF3932MU-5903e10b8b\/screen_shot_2019-09-15_at_3.17.58_pm_160.png?t=xoxe-671764457543-761495007360-748720106514-e22867dc4a96f2e14ff182795f11301c",
                "thumb_720": "https:\/\/files.slack.com\/files-tmb\/TKRNGDFFZ-FNF3932MU-5903e10b8b\/screen_shot_2019-09-15_at_3.17.58_pm_720.png?t=xoxe-671764457543-761495007360-748720106514-e22867dc4a96f2e14ff182795f11301c",
                "thumb_720_w": 720,
                "thumb_720_h": 427,
                "thumb_800": "https:\/\/files.slack.com\/files-tmb\/TKRNGDFFZ-FNF3932MU-5903e10b8b\/screen_shot_2019-09-15_at_3.17.58_pm_800.png?t=xoxe-671764457543-761495007360-748720106514-e22867dc4a96f2e14ff182795f11301c",
                "thumb_800_w": 800,
                "thumb_800_h": 475,
                "thumb_960": "https:\/\/files.slack.com\/files-tmb\/TKRNGDFFZ-FNF3932MU-5903e10b8b\/screen_shot_2019-09-15_at_3.17.58_pm_960.png?t=xoxe-671764457543-761495007360-748720106514-e22867dc4a96f2e14ff182795f11301c",
                "thumb_960_w": 960,
                "thumb_960_h": 569,
                "thumb_1024": "https:\/\/files.slack.com\/files-tmb\/TKRNGDFFZ-FNF3932MU-5903e10b8b\/screen_shot_2019-09-15_at_3.17.58_pm_1024.png?t=xoxe-671764457543-761495007360-748720106514-e22867dc4a96f2e14ff182795f11301c",
                "thumb_1024_w": 1024,
                "thumb_1024_h": 607,
                "image_exif_rotation": 1,
                "original_w": 2340,
                "original_h": 1388,
                "permalink": "https:\/\/scrgt-bdso.slack.com\/files\/UL1R0L9BR\/FNF3932MU\/screen_shot_2019-09-15_at_3.17.58_pm.png",
                "permalink_public": "https:\/\/slack-files.com\/TKRNGDFFZ-FNF3932MU-07cabc2e07",
                "is_starred": false,
                "has_rich_preview": false
            }
        ],
        "upload": true,
        "user": "UL1R0L9BR",
        "display_as_bot": false,
        "ts": "1568575094.158600",
        "client_msg_id": "a12b71b1-60fc-43ab-acd7-4a08479edd03"
    },
    {
        "type": "message",
        "text": "",
        "files": [
            {
                "id": "FNCCUJE92",
                "created": 1568575120,
                "timestamp": 1568575120,
                "name": "Screen Shot 2019-09-15 at 3.18.30 PM.png",
                "title": "Screen Shot 2019-09-15 at 3.18.30 PM.png",
                "mimetype": "image\/png",
                "filetype": "png",
                "pretty_type": "PNG",
                "user": "UL1R0L9BR",
                "editable": false,
                "size": 182171,
                "mode": "hosted",
                "is_external": false,
                "external_type": "",
                "is_public": true,
                "public_url_shared": false,
                "display_as_bot": false,
                "username": "",
                "url_private": "https:\/\/files.slack.com\/files-pri\/TKRNGDFFZ-FNCCUJE92\/screen_shot_2019-09-15_at_3.18.30_pm.png?t=xoxe-671764457543-761495007360-748720106514-e22867dc4a96f2e14ff182795f11301c",
                "url_private_download": "https:\/\/files.slack.com\/files-pri\/TKRNGDFFZ-FNCCUJE92\/download\/screen_shot_2019-09-15_at_3.18.30_pm.png?t=xoxe-671764457543-761495007360-748720106514-e22867dc4a96f2e14ff182795f11301c",
                "thumb_64": "https:\/\/files.slack.com\/files-tmb\/TKRNGDFFZ-FNCCUJE92-fd8ad430b5\/screen_shot_2019-09-15_at_3.18.30_pm_64.png?t=xoxe-671764457543-761495007360-748720106514-e22867dc4a96f2e14ff182795f11301c",
                "thumb_80": "https:\/\/files.slack.com\/files-tmb\/TKRNGDFFZ-FNCCUJE92-fd8ad430b5\/screen_shot_2019-09-15_at_3.18.30_pm_80.png?t=xoxe-671764457543-761495007360-748720106514-e22867dc4a96f2e14ff182795f11301c",
                "thumb_360": "https:\/\/files.slack.com\/files-tmb\/TKRNGDFFZ-FNCCUJE92-fd8ad430b5\/screen_shot_2019-09-15_at_3.18.30_pm_360.png?t=xoxe-671764457543-761495007360-748720106514-e22867dc4a96f2e14ff182795f11301c",
                "thumb_360_w": 360,
                "thumb_360_h": 145,
                "thumb_480": "https:\/\/files.slack.com\/files-tmb\/TKRNGDFFZ-FNCCUJE92-fd8ad430b5\/screen_shot_2019-09-15_at_3.18.30_pm_480.png?t=xoxe-671764457543-761495007360-748720106514-e22867dc4a96f2e14ff182795f11301c",
                "thumb_480_w": 480,
                "thumb_480_h": 193,
                "thumb_160": "https:\/\/files.slack.com\/files-tmb\/TKRNGDFFZ-FNCCUJE92-fd8ad430b5\/screen_shot_2019-09-15_at_3.18.30_pm_160.png?t=xoxe-671764457543-761495007360-748720106514-e22867dc4a96f2e14ff182795f11301c",
                "thumb_720": "https:\/\/files.slack.com\/files-tmb\/TKRNGDFFZ-FNCCUJE92-fd8ad430b5\/screen_shot_2019-09-15_at_3.18.30_pm_720.png?t=xoxe-671764457543-761495007360-748720106514-e22867dc4a96f2e14ff182795f11301c",
                "thumb_720_w": 720,
                "thumb_720_h": 289,
                "thumb_800": "https:\/\/files.slack.com\/files-tmb\/TKRNGDFFZ-FNCCUJE92-fd8ad430b5\/screen_shot_2019-09-15_at_3.18.30_pm_800.png?t=xoxe-671764457543-761495007360-748720106514-e22867dc4a96f2e14ff182795f11301c",
                "thumb_800_w": 800,
                "thumb_800_h": 322,
                "thumb_960": "https:\/\/files.slack.com\/files-tmb\/TKRNGDFFZ-FNCCUJE92-fd8ad430b5\/screen_shot_2019-09-15_at_3.18.30_pm_960.png?t=xoxe-671764457543-761495007360-748720106514-e22867dc4a96f2e14ff182795f11301c",
                "thumb_960_w": 960,
                "thumb_960_h": 386,
                "thumb_1024": "https:\/\/files.slack.com\/files-tmb\/TKRNGDFFZ-FNCCUJE92-fd8ad430b5\/screen_shot_2019-09-15_at_3.18.30_pm_1024.png?t=xoxe-671764457543-761495007360-748720106514-e22867dc4a96f2e14ff182795f11301c",
                "thumb_1024_w": 1024,
                "thumb_1024_h": 412,
                "image_exif_rotation": 1,
                "original_w": 2368,
                "original_h": 952,
                "permalink": "https:\/\/scrgt-bdso.slack.com\/files\/UL1R0L9BR\/FNCCUJE92\/screen_shot_2019-09-15_at_3.18.30_pm.png",
                "permalink_public": "https:\/\/slack-files.com\/TKRNGDFFZ-FNCCUJE92-0fb93a369d",
                "is_starred": false,
                "has_rich_preview": false
            }
        ],
        "upload": true,
        "user": "UL1R0L9BR",
        "display_as_bot": false,
        "ts": "1568575123.158900",
        "client_msg_id": "6bf245f0-f9c1-48bd-9b05-3a86badf89b4"
    },
    {
        "client_msg_id": "eb532859-4b2b-497e-b6c2-21451c58d82d",
        "type": "message",
        "text": "then hit back my application",
        "user": "UL1R0L9BR",
        "ts": "1568575134.159400",
        "team": "TKRNGDFFZ",
        "user_team": "TKRNGDFFZ",
        "source_team": "TKRNGDFFZ",
        "user_profile": {
            "avatar_hash": "g459ebdd024c",
            "image_72": "https:\/\/secure.gravatar.com\/avatar\/459ebdd024c899e4ebfdff1c9f7fc5a0.jpg?s=72&d=https%3A%2F%2Fa.slack-edge.com%2F80588%2Fimg%2Favatars%2Fava_0008-72.png",
            "first_name": "",
            "real_name": "Kumaresh Jembu",
            "display_name": "",
            "team": "TKRNGDFFZ",
            "name": "kumaresh.jembu",
            "is_restricted": false,
            "is_ultra_restricted": false
        }
    },
    {
        "client_msg_id": "5b7ba261-5807-4df7-b71c-f23afb5f0c38",
        "type": "message",
        "text": "Okay",
        "user": "UKR4GLQKF",
        "ts": "1568578057.159600",
        "team": "TKRNGDFFZ",
        "user_team": "TKRNGDFFZ",
        "source_team": "TKRNGDFFZ",
        "user_profile": {
            "avatar_hash": "gf6859e536fb",
            "image_72": "https:\/\/secure.gravatar.com\/avatar\/f6859e536fb63a6f9d862b2f3fb9684c.jpg?s=72&d=https%3A%2F%2Fa.slack-edge.com%2F80588%2Fimg%2Favatars%2Fava_0015-72.png",
            "first_name": "",
            "real_name": "Amit Yadav",
            "display_name": "",
            "team": "TKRNGDFFZ",
            "name": "amit",
            "is_restricted": false,
            "is_ultra_restricted": false
        }
    },
    {
        "client_msg_id": "f63cb3aa-7f97-4985-9073-fbb9e5ae93e1",
        "type": "message",
        "text": "the infrastructure create scripts are not outputting the URLs.  startup.sh probably does, but then the ds-start.sh runs after.. i don’t know if this is  a problem but it is worth pointing out to <@UL0GK1LJD>",
        "user": "UL284UA1J",
        "ts": "1568583773.160600",
        "team": "TKRNGDFFZ",
        "user_team": "TKRNGDFFZ",
        "source_team": "TKRNGDFFZ",
        "user_profile": {
            "avatar_hash": "g68abbeef961",
            "image_72": "https:\/\/secure.gravatar.com\/avatar\/68abbeef9611a51f2c362e3d99271b2e.jpg?s=72&d=https%3A%2F%2Fa.slack-edge.com%2F80588%2Fimg%2Favatars%2Fava_0015-72.png",
            "first_name": "",
            "real_name": "Gary Morris",
            "display_name": "Gary Morris",
            "team": "TKRNGDFFZ",
            "name": "gary.morris",
            "is_restricted": false,
            "is_ultra_restricted": false
        }
    },
    {
        "client_msg_id": "d341a56f-1806-4489-8b60-6186f4a9ede6",
        "type": "message",
        "text": "startup.sh does that",
        "user": "UL0GK1LJD",
        "ts": "1568587990.160800",
        "team": "TKRNGDFFZ",
        "user_team": "TKRNGDFFZ",
        "source_team": "TKRNGDFFZ",
        "user_profile": {
            "avatar_hash": "g8455934aab6",
            "image_72": "https:\/\/secure.gravatar.com\/avatar\/8455934aab6b3c7afceec7d3255ecd8b.jpg?s=72&d=https%3A%2F%2Fa.slack-edge.com%2F80588%2Fimg%2Favatars%2Fava_0004-72.png",
            "first_name": "",
            "real_name": "Vijay S Deshmukh",
            "display_name": "Vijay S Deshmukh",
            "team": "TKRNGDFFZ",
            "name": "vj_deshmukh",
            "is_restricted": false,
            "is_ultra_restricted": false
        },
        "reactions": [
            {
                "name": "+1",
                "users": [
                    "UL284UA1J"
                ],
                "count": 1
            }
        ]
    },
    {
        "client_msg_id": "c22c89a1-6254-4249-8202-e42390a984f7",
        "type": "message",
        "text": "The startup.sh puts the urls in a file. After the ds-start.sh is complete (which runs after start.sh), it reads the contents of the file and displays on the console",
        "user": "UL0GK1LJD",
        "ts": "1568588045.161800",
        "team": "TKRNGDFFZ",
        "user_team": "TKRNGDFFZ",
        "source_team": "TKRNGDFFZ",
        "user_profile": {
            "avatar_hash": "g8455934aab6",
            "image_72": "https:\/\/secure.gravatar.com\/avatar\/8455934aab6b3c7afceec7d3255ecd8b.jpg?s=72&d=https%3A%2F%2Fa.slack-edge.com%2F80588%2Fimg%2Favatars%2Fava_0004-72.png",
            "first_name": "",
            "real_name": "Vijay S Deshmukh",
            "display_name": "Vijay S Deshmukh",
            "team": "TKRNGDFFZ",
            "name": "vj_deshmukh",
            "is_restricted": false,
            "is_ultra_restricted": false
        }
    },
    {
        "client_msg_id": "bb593f13-c7bb-49bf-8957-3adc407cfd33",
        "type": "message",
        "text": "<@UKR4GLQKF> <@UKPCZJWQL> Frontend Builds successful after Eyuel's fixes.",
        "user": "UL0012996",
        "ts": "1568593491.163000",
        "team": "TKRNGDFFZ",
        "user_team": "TKRNGDFFZ",
        "source_team": "TKRNGDFFZ",
        "user_profile": {
            "avatar_hash": "d12e961cf42d",
            "image_72": "https:\/\/avatars.slack-edge.com\/2019-07-10\/690936875216_d12e961cf42d5d7703e6_72.png",
            "first_name": "Padmaja",
            "real_name": "Padmaja",
            "display_name": "",
            "team": "TKRNGDFFZ",
            "name": "padmajaprabhala",
            "is_restricted": false,
            "is_ultra_restricted": false
        }
    },
    {
        "client_msg_id": "c9bfbdc3-f285-48ac-9150-0d1f34de2364",
        "type": "message",
        "text": "<http:\/\/jenkins.testing.salientcrgt-bdso.com:8080\/job\/frontend_ms\/>",
        "user": "UL0012996",
        "ts": "1568593494.163200",
        "team": "TKRNGDFFZ",
        "user_team": "TKRNGDFFZ",
        "source_team": "TKRNGDFFZ",
        "user_profile": {
            "avatar_hash": "d12e961cf42d",
            "image_72": "https:\/\/avatars.slack-edge.com\/2019-07-10\/690936875216_d12e961cf42d5d7703e6_72.png",
            "first_name": "Padmaja",
            "real_name": "Padmaja",
            "display_name": "",
            "team": "TKRNGDFFZ",
            "name": "padmajaprabhala",
            "is_restricted": false,
            "is_ultra_restricted": false
        },
        "reactions": [
            {
                "name": "+1",
                "users": [
                    "UKZFHHJQ4"
                ],
                "count": 1
            }
        ]
    },
    {
        "client_msg_id": "04345068-476a-40db-b032-f363eb95d586",
        "type": "message",
        "text": "<@UL0012996> <@UKZFHHJQ4> do you guys have the Scans.pdf file created for OWASP that I can use?",
        "user": "UKPCZJWQL",
        "ts": "1568604401.164000",
        "team": "TKRNGDFFZ",
        "user_team": "TKRNGDFFZ",
        "source_team": "TKRNGDFFZ",
        "user_profile": {
            "avatar_hash": "g36d88e4c93b",
            "image_72": "https:\/\/secure.gravatar.com\/avatar\/36d88e4c93b31bcf505cfdf1b76c86a9.jpg?s=72&d=https%3A%2F%2Fa.slack-edge.com%2F80588%2Fimg%2Favatars%2Fava_0020-72.png",
            "first_name": "Pramod",
            "real_name": "Pramod Malhotra",
            "display_name": "",
            "team": "TKRNGDFFZ",
            "name": "pramod.malhotra",
            "is_restricted": false,
            "is_ultra_restricted": false
        }
    },
    {
        "client_msg_id": "3ad63ef4-079d-4dfa-be48-81d9ab51f8d2",
        "type": "message",
        "text": "or should we create them after code-freeze, some frontend work is remaining",
        "user": "UKPCZJWQL",
        "ts": "1568604427.164400",
        "team": "TKRNGDFFZ",
        "user_team": "TKRNGDFFZ",
        "source_team": "TKRNGDFFZ",
        "user_profile": {
            "avatar_hash": "g36d88e4c93b",
            "image_72": "https:\/\/secure.gravatar.com\/avatar\/36d88e4c93b31bcf505cfdf1b76c86a9.jpg?s=72&d=https%3A%2F%2Fa.slack-edge.com%2F80588%2Fimg%2Favatars%2Fava_0020-72.png",
            "first_name": "Pramod",
            "real_name": "Pramod Malhotra",
            "display_name": "",
            "team": "TKRNGDFFZ",
            "name": "pramod.malhotra",
            "is_restricted": false,
            "is_ultra_restricted": false
        }
    }
]