[
    {
        "client_msg_id": "152fc600-88d1-4b4a-a93e-416793cdad98",
        "type": "message",
        "text": "We can probably parallelize that with dependency check",
        "user": "UKZFHHJQ4",
        "ts": "1568283275.000800",
        "team": "TKRNGDFFZ",
        "user_team": "TKRNGDFFZ",
        "source_team": "TKRNGDFFZ",
        "user_profile": {
            "avatar_hash": "gb862c6892b8",
            "image_72": "https:\/\/secure.gravatar.com\/avatar\/b862c6892b81861fb8d8490e98b04fb5.jpg?s=72&d=https%3A%2F%2Fa.slack-edge.com%2F80588%2Fimg%2Favatars%2Fava_0012-72.png",
            "first_name": "",
            "real_name": "Shawn Lassiter",
            "display_name": "",
            "team": "TKRNGDFFZ",
            "name": "shawn",
            "is_restricted": false,
            "is_ultra_restricted": false
        }
    },
    {
        "client_msg_id": "45f6729f-ee30-4fc1-a6dc-0c2b87cb3a9c",
        "type": "message",
        "text": "Let's integrate your changes this evening",
        "user": "UKZFHHJQ4",
        "ts": "1568283329.001500",
        "team": "TKRNGDFFZ",
        "user_team": "TKRNGDFFZ",
        "source_team": "TKRNGDFFZ",
        "user_profile": {
            "avatar_hash": "gb862c6892b8",
            "image_72": "https:\/\/secure.gravatar.com\/avatar\/b862c6892b81861fb8d8490e98b04fb5.jpg?s=72&d=https%3A%2F%2Fa.slack-edge.com%2F80588%2Fimg%2Favatars%2Fava_0012-72.png",
            "first_name": "",
            "real_name": "Shawn Lassiter",
            "display_name": "",
            "team": "TKRNGDFFZ",
            "name": "shawn",
            "is_restricted": false,
            "is_ultra_restricted": false
        }
    },
    {
        "client_msg_id": "aee34d7e-3c0d-44f2-9c64-5a9bf0f85133",
        "type": "message",
        "text": "At this point stability is more important, including Anchore is less important.",
        "user": "UKPCZJWQL",
        "ts": "1568283346.001900",
        "team": "TKRNGDFFZ",
        "user_team": "TKRNGDFFZ",
        "source_team": "TKRNGDFFZ",
        "user_profile": {
            "avatar_hash": "g36d88e4c93b",
            "image_72": "https:\/\/secure.gravatar.com\/avatar\/36d88e4c93b31bcf505cfdf1b76c86a9.jpg?s=72&d=https%3A%2F%2Fa.slack-edge.com%2F80588%2Fimg%2Favatars%2Fava_0020-72.png",
            "first_name": "Pramod",
            "real_name": "Pramod Malhotra",
            "display_name": "",
            "team": "TKRNGDFFZ",
            "name": "pramod.malhotra",
            "is_restricted": false,
            "is_ultra_restricted": false
        }
    },
    {
        "client_msg_id": "94014a05-25ff-4f14-9146-6ecb7796aed5",
        "type": "message",
        "text": "Ok",
        "user": "UKZFHHJQ4",
        "ts": "1568283355.002100",
        "team": "TKRNGDFFZ",
        "user_team": "TKRNGDFFZ",
        "source_team": "TKRNGDFFZ",
        "user_profile": {
            "avatar_hash": "gb862c6892b8",
            "image_72": "https:\/\/secure.gravatar.com\/avatar\/b862c6892b81861fb8d8490e98b04fb5.jpg?s=72&d=https%3A%2F%2Fa.slack-edge.com%2F80588%2Fimg%2Favatars%2Fava_0012-72.png",
            "first_name": "",
            "real_name": "Shawn Lassiter",
            "display_name": "",
            "team": "TKRNGDFFZ",
            "name": "shawn",
            "is_restricted": false,
            "is_ultra_restricted": false
        }
    },
    {
        "client_msg_id": "5601e58e-94a5-4a35-9952-ea9bd3e5e2d4",
        "type": "message",
        "text": "Anything not 100% required or new that has potential of destabilizing include only if we testing it 10-20 times and it worked consistently",
        "user": "UKPCZJWQL",
        "ts": "1568283423.003200",
        "team": "TKRNGDFFZ",
        "user_team": "TKRNGDFFZ",
        "source_team": "TKRNGDFFZ",
        "user_profile": {
            "avatar_hash": "g36d88e4c93b",
            "image_72": "https:\/\/secure.gravatar.com\/avatar\/36d88e4c93b31bcf505cfdf1b76c86a9.jpg?s=72&d=https%3A%2F%2Fa.slack-edge.com%2F80588%2Fimg%2Favatars%2Fava_0020-72.png",
            "first_name": "Pramod",
            "real_name": "Pramod Malhotra",
            "display_name": "",
            "team": "TKRNGDFFZ",
            "name": "pramod.malhotra",
            "is_restricted": false,
            "is_ultra_restricted": false
        }
    },
    {
        "client_msg_id": "2F68F4F1-7EF0-40A5-A73E-4BDBBF724742",
        "type": "message",
        "text": "Anchore works fine. When I had the jenkins problem anchore wasn’t even integrated into the branch yet. I reran infra create and was fine. I noticed in another Jenkins run that sonarqube hung. After 20 mins I killed the job. On rerun it passed that gate in less than one minute. I think there are just random issues occasionally and hopefully reviewers know it. Anchore takes about 10 mins to run the very first time on a Jenkins machine due to containers it downloads. 3 mins thereafter. ",
        "user": "UL284UA1J",
        "ts": "1568284082.007500",
        "team": "TKRNGDFFZ",
        "user_team": "TKRNGDFFZ",
        "source_team": "TKRNGDFFZ",
        "user_profile": {
            "avatar_hash": "g68abbeef961",
            "image_72": "https:\/\/secure.gravatar.com\/avatar\/68abbeef9611a51f2c362e3d99271b2e.jpg?s=72&d=https%3A%2F%2Fa.slack-edge.com%2F80588%2Fimg%2Favatars%2Fava_0015-72.png",
            "first_name": "",
            "real_name": "Gary Morris",
            "display_name": "Gary Morris",
            "team": "TKRNGDFFZ",
            "name": "gary.morris",
            "is_restricted": false,
            "is_ultra_restricted": false
        }
    },
    {
        "client_msg_id": "C41DA6BE-DF88-407D-9CFC-51DA1D59D30F",
        "type": "message",
        "text": "The problem I ran into consistently was the ‘push to dev’ stage failed consistently due to unable to find oc node",
        "user": "UL284UA1J",
        "ts": "1568284146.009000",
        "team": "TKRNGDFFZ",
        "user_team": "TKRNGDFFZ",
        "source_team": "TKRNGDFFZ",
        "user_profile": {
            "avatar_hash": "g68abbeef961",
            "image_72": "https:\/\/secure.gravatar.com\/avatar\/68abbeef9611a51f2c362e3d99271b2e.jpg?s=72&d=https%3A%2F%2Fa.slack-edge.com%2F80588%2Fimg%2Favatars%2Fava_0015-72.png",
            "first_name": "",
            "real_name": "Gary Morris",
            "display_name": "Gary Morris",
            "team": "TKRNGDFFZ",
            "name": "gary.morris",
            "is_restricted": false,
            "is_ultra_restricted": false
        }
    },
    {
        "client_msg_id": "BD67A5A2-397C-41E1-B8FB-8929EEBD2235",
        "type": "message",
        "text": "I would say integrate my changes this morning there is a PR",
        "user": "UL284UA1J",
        "ts": "1568284195.009500",
        "team": "TKRNGDFFZ",
        "user_team": "TKRNGDFFZ",
        "source_team": "TKRNGDFFZ",
        "user_profile": {
            "avatar_hash": "g68abbeef961",
            "image_72": "https:\/\/secure.gravatar.com\/avatar\/68abbeef9611a51f2c362e3d99271b2e.jpg?s=72&d=https%3A%2F%2Fa.slack-edge.com%2F80588%2Fimg%2Favatars%2Fava_0015-72.png",
            "first_name": "",
            "real_name": "Gary Morris",
            "display_name": "Gary Morris",
            "team": "TKRNGDFFZ",
            "name": "gary.morris",
            "is_restricted": false,
            "is_ultra_restricted": false
        }
    },
    {
        "client_msg_id": "D2209944-A43F-40D4-8F0F-3B414EF82F8A",
        "type": "message",
        "text": "And <@UKPCZJWQL> from a testing perspective, easy to test jenkins pipelines 20x. ",
        "user": "UL284UA1J",
        "ts": "1568284304.010900",
        "team": "TKRNGDFFZ",
        "user_team": "TKRNGDFFZ",
        "source_team": "TKRNGDFFZ",
        "user_profile": {
            "avatar_hash": "g68abbeef961",
            "image_72": "https:\/\/secure.gravatar.com\/avatar\/68abbeef9611a51f2c362e3d99271b2e.jpg?s=72&d=https%3A%2F%2Fa.slack-edge.com%2F80588%2Fimg%2Favatars%2Fava_0015-72.png",
            "first_name": "",
            "real_name": "Gary Morris",
            "display_name": "Gary Morris",
            "team": "TKRNGDFFZ",
            "name": "gary.morris",
            "is_restricted": false,
            "is_ultra_restricted": false
        }
    },
    {
        "client_msg_id": "b754e3ad-4b4d-4831-a875-c6f1731b88f6",
        "type": "message",
        "text": "Implementing Anchore, will it generate any results\/reports of the security scans so they can be included?",
        "user": "UL0GK1LJD",
        "ts": "1568287706.011700",
        "team": "TKRNGDFFZ",
        "user_team": "TKRNGDFFZ",
        "source_team": "TKRNGDFFZ",
        "user_profile": {
            "avatar_hash": "g8455934aab6",
            "image_72": "https:\/\/secure.gravatar.com\/avatar\/8455934aab6b3c7afceec7d3255ecd8b.jpg?s=72&d=https%3A%2F%2Fa.slack-edge.com%2F80588%2Fimg%2Favatars%2Fava_0004-72.png",
            "first_name": "",
            "real_name": "Vijay S Deshmukh",
            "display_name": "Vijay S Deshmukh",
            "team": "TKRNGDFFZ",
            "name": "vj_deshmukh",
            "is_restricted": false,
            "is_ultra_restricted": false
        },
        "edited": {
            "user": "UL0GK1LJD",
            "ts": "1568287725.000000"
        }
    },
    {
        "client_msg_id": "8b84acf6-79e1-44bb-9457-cf233db8c020",
        "type": "message",
        "text": "*_Attachment 8_* - \"The script must output\/display links to CICD pipelines, and final solution at the end of the run. All necessary credentials and other information should be included as a part of this output\" (edited)\n[8:02 AM]\nReading this deliverable again, they are asking for \"links to \"CICD Pipelines\", we have 4 pipelines, I think we need to give them Jenkins URL and credentials and also URLs to 4 CICD Pipelines with credentials also\n[8:03 AM]\nBasically output should have 1) link to Jenkins + credentials 2) links to 4 pipelines and credentials 3) link to Web application frontend 4) Link to OpenShift Cluster + credentials",
        "user": "UKPCZJWQL",
        "ts": "1568289908.012000",
        "team": "TKRNGDFFZ",
        "user_team": "TKRNGDFFZ",
        "source_team": "TKRNGDFFZ",
        "user_profile": {
            "avatar_hash": "g36d88e4c93b",
            "image_72": "https:\/\/secure.gravatar.com\/avatar\/36d88e4c93b31bcf505cfdf1b76c86a9.jpg?s=72&d=https%3A%2F%2Fa.slack-edge.com%2F80588%2Fimg%2Favatars%2Fava_0020-72.png",
            "first_name": "Pramod",
            "real_name": "Pramod Malhotra",
            "display_name": "",
            "team": "TKRNGDFFZ",
            "name": "pramod.malhotra",
            "is_restricted": false,
            "is_ultra_restricted": false
        }
    },
    {
        "client_msg_id": "6c353653-e93a-4cbd-8b25-686bf6078b53",
        "type": "message",
        "text": "We are providing 1, 3 and 4. They can see the pipelines when they are in Jenkins (#1). I can include if needed.",
        "user": "UL0GK1LJD",
        "ts": "1568290633.012300",
        "team": "TKRNGDFFZ",
        "user_team": "TKRNGDFFZ",
        "source_team": "TKRNGDFFZ",
        "user_profile": {
            "avatar_hash": "g8455934aab6",
            "image_72": "https:\/\/secure.gravatar.com\/avatar\/8455934aab6b3c7afceec7d3255ecd8b.jpg?s=72&d=https%3A%2F%2Fa.slack-edge.com%2F80588%2Fimg%2Favatars%2Fava_0004-72.png",
            "first_name": "",
            "real_name": "Vijay S Deshmukh",
            "display_name": "Vijay S Deshmukh",
            "team": "TKRNGDFFZ",
            "name": "vj_deshmukh",
            "is_restricted": false,
            "is_ultra_restricted": false
        }
    },
    {
        "client_msg_id": "01fbc164-d64e-4b34-a292-c2a5bf0589f2",
        "type": "message",
        "text": "Yes, providing more information is not going to hurt, but less can hurt us",
        "user": "UKPCZJWQL",
        "ts": "1568291811.013100",
        "team": "TKRNGDFFZ",
        "user_team": "TKRNGDFFZ",
        "source_team": "TKRNGDFFZ",
        "user_profile": {
            "avatar_hash": "g36d88e4c93b",
            "image_72": "https:\/\/secure.gravatar.com\/avatar\/36d88e4c93b31bcf505cfdf1b76c86a9.jpg?s=72&d=https%3A%2F%2Fa.slack-edge.com%2F80588%2Fimg%2Favatars%2Fava_0020-72.png",
            "first_name": "Pramod",
            "real_name": "Pramod Malhotra",
            "display_name": "",
            "team": "TKRNGDFFZ",
            "name": "pramod.malhotra",
            "is_restricted": false,
            "is_ultra_restricted": false
        }
    },
    {
        "client_msg_id": "9009b384-6a5e-4dff-a016-9775167ff014",
        "type": "message",
        "text": "will do:+1:",
        "user": "UL0GK1LJD",
        "ts": "1568292836.013400",
        "team": "TKRNGDFFZ",
        "user_team": "TKRNGDFFZ",
        "source_team": "TKRNGDFFZ",
        "user_profile": {
            "avatar_hash": "g8455934aab6",
            "image_72": "https:\/\/secure.gravatar.com\/avatar\/8455934aab6b3c7afceec7d3255ecd8b.jpg?s=72&d=https%3A%2F%2Fa.slack-edge.com%2F80588%2Fimg%2Favatars%2Fava_0004-72.png",
            "first_name": "",
            "real_name": "Vijay S Deshmukh",
            "display_name": "Vijay S Deshmukh",
            "team": "TKRNGDFFZ",
            "name": "vj_deshmukh",
            "is_restricted": false,
            "is_ultra_restricted": false
        }
    },
    {
        "client_msg_id": "de9db238-c47f-497f-a806-8978f733a360",
        "type": "message",
        "text": "<@UL0GK1LJD> <@UKZFHHJQ4> Did something change on oc? <http:\/\/jenkins.testing.salientcrgt-bdso.com:8080\/job\/recommendation_ms\/6\/console>",
        "user": "UKR4GLQKF",
        "ts": "1568294005.014100",
        "team": "TKRNGDFFZ",
        "user_team": "TKRNGDFFZ",
        "source_team": "TKRNGDFFZ",
        "user_profile": {
            "avatar_hash": "gf6859e536fb",
            "image_72": "https:\/\/secure.gravatar.com\/avatar\/f6859e536fb63a6f9d862b2f3fb9684c.jpg?s=72&d=https%3A%2F%2Fa.slack-edge.com%2F80588%2Fimg%2Favatars%2Fava_0015-72.png",
            "first_name": "",
            "real_name": "Amit Yadav",
            "display_name": "",
            "team": "TKRNGDFFZ",
            "name": "amit",
            "is_restricted": false,
            "is_ultra_restricted": false
        }
    },
    {
        "client_msg_id": "dd7b96b3-db4d-448f-a1ea-e7a819d16289",
        "type": "message",
        "text": "This is failing now",
        "user": "UKR4GLQKF",
        "ts": "1568294011.014400",
        "team": "TKRNGDFFZ",
        "user_team": "TKRNGDFFZ",
        "source_team": "TKRNGDFFZ",
        "user_profile": {
            "avatar_hash": "gf6859e536fb",
            "image_72": "https:\/\/secure.gravatar.com\/avatar\/f6859e536fb63a6f9d862b2f3fb9684c.jpg?s=72&d=https%3A%2F%2Fa.slack-edge.com%2F80588%2Fimg%2Favatars%2Fava_0015-72.png",
            "first_name": "",
            "real_name": "Amit Yadav",
            "display_name": "",
            "team": "TKRNGDFFZ",
            "name": "amit",
            "is_restricted": false,
            "is_ultra_restricted": false
        }
    },
    {
        "client_msg_id": "0325d27e-5590-4db2-b71a-dc6aea00e11d",
        "type": "message",
        "text": "I see two *.ocp.testing entries in cloudflare...3.13.231.250 and 3.17.231.231",
        "user": "UKR4GLQKF",
        "ts": "1568294090.015000",
        "team": "TKRNGDFFZ",
        "user_team": "TKRNGDFFZ",
        "source_team": "TKRNGDFFZ",
        "user_profile": {
            "avatar_hash": "gf6859e536fb",
            "image_72": "https:\/\/secure.gravatar.com\/avatar\/f6859e536fb63a6f9d862b2f3fb9684c.jpg?s=72&d=https%3A%2F%2Fa.slack-edge.com%2F80588%2Fimg%2Favatars%2Fava_0015-72.png",
            "first_name": "",
            "real_name": "Amit Yadav",
            "display_name": "",
            "team": "TKRNGDFFZ",
            "name": "amit",
            "is_restricted": false,
            "is_ultra_restricted": false
        },
        "edited": {
            "user": "UKR4GLQKF",
            "ts": "1568294261.000000"
        }
    },
    {
        "client_msg_id": "67e41cd3-ef05-411f-b387-3be23de1aa52",
        "type": "message",
        "text": "Do we have two clusters running in parallel with same domain name?",
        "user": "UKR4GLQKF",
        "ts": "1568294106.015400",
        "team": "TKRNGDFFZ",
        "user_team": "TKRNGDFFZ",
        "source_team": "TKRNGDFFZ",
        "user_profile": {
            "avatar_hash": "gf6859e536fb",
            "image_72": "https:\/\/secure.gravatar.com\/avatar\/f6859e536fb63a6f9d862b2f3fb9684c.jpg?s=72&d=https%3A%2F%2Fa.slack-edge.com%2F80588%2Fimg%2Favatars%2Fava_0015-72.png",
            "first_name": "",
            "real_name": "Amit Yadav",
            "display_name": "",
            "team": "TKRNGDFFZ",
            "name": "amit",
            "is_restricted": false,
            "is_ultra_restricted": false
        }
    },
    {
        "client_msg_id": "12c1d63a-c203-40e9-ab20-25d2a63a10cb",
        "type": "message",
        "text": "<@UL0GK1LJD> Can we hunt it down the erroneous channel? The builds are failing",
        "user": "UKR4GLQKF",
        "ts": "1568294291.016200",
        "team": "TKRNGDFFZ",
        "user_team": "TKRNGDFFZ",
        "source_team": "TKRNGDFFZ",
        "user_profile": {
            "avatar_hash": "gf6859e536fb",
            "image_72": "https:\/\/secure.gravatar.com\/avatar\/f6859e536fb63a6f9d862b2f3fb9684c.jpg?s=72&d=https%3A%2F%2Fa.slack-edge.com%2F80588%2Fimg%2Favatars%2Fava_0015-72.png",
            "first_name": "",
            "real_name": "Amit Yadav",
            "display_name": "",
            "team": "TKRNGDFFZ",
            "name": "amit",
            "is_restricted": false,
            "is_ultra_restricted": false
        }
    },
    {
        "client_msg_id": "c83096ea-75a1-4a55-8bba-a737fc554359",
        "type": "message",
        "text": "No changes have been made since the env was built last evening around 6 pm.",
        "user": "UL0GK1LJD",
        "ts": "1568294320.016700",
        "team": "TKRNGDFFZ",
        "user_team": "TKRNGDFFZ",
        "source_team": "TKRNGDFFZ",
        "user_profile": {
            "avatar_hash": "g8455934aab6",
            "image_72": "https:\/\/secure.gravatar.com\/avatar\/8455934aab6b3c7afceec7d3255ecd8b.jpg?s=72&d=https%3A%2F%2Fa.slack-edge.com%2F80588%2Fimg%2Favatars%2Fava_0004-72.png",
            "first_name": "",
            "real_name": "Vijay S Deshmukh",
            "display_name": "Vijay S Deshmukh",
            "team": "TKRNGDFFZ",
            "name": "vj_deshmukh",
            "is_restricted": false,
            "is_ultra_restricted": false
        }
    },
    {
        "client_msg_id": "ecb5ee0c-4a8f-46c4-958f-64e5af9f6289",
        "type": "message",
        "text": "let me check...",
        "user": "UL0GK1LJD",
        "ts": "1568294327.016900",
        "team": "TKRNGDFFZ",
        "user_team": "TKRNGDFFZ",
        "source_team": "TKRNGDFFZ",
        "user_profile": {
            "avatar_hash": "g8455934aab6",
            "image_72": "https:\/\/secure.gravatar.com\/avatar\/8455934aab6b3c7afceec7d3255ecd8b.jpg?s=72&d=https%3A%2F%2Fa.slack-edge.com%2F80588%2Fimg%2Favatars%2Fava_0004-72.png",
            "first_name": "",
            "real_name": "Vijay S Deshmukh",
            "display_name": "Vijay S Deshmukh",
            "team": "TKRNGDFFZ",
            "name": "vj_deshmukh",
            "is_restricted": false,
            "is_ultra_restricted": false
        }
    },
    {
        "client_msg_id": "8e7bac4a-be83-4488-abff-927e11cf2ec1",
        "type": "message",
        "text": "For celebrity jenkins job both Sonarqube and OWASP are implemented. SQ analysis report shows a failed project with only 53% code coverage. Though the process completed successfully, need to verify if this caused the job as failure.",
        "user": "UL0GK1LJD",
        "ts": "1568294940.018500",
        "team": "TKRNGDFFZ",
        "user_team": "TKRNGDFFZ",
        "source_team": "TKRNGDFFZ",
        "user_profile": {
            "avatar_hash": "g8455934aab6",
            "image_72": "https:\/\/secure.gravatar.com\/avatar\/8455934aab6b3c7afceec7d3255ecd8b.jpg?s=72&d=https%3A%2F%2Fa.slack-edge.com%2F80588%2Fimg%2Favatars%2Fava_0004-72.png",
            "first_name": "",
            "real_name": "Vijay S Deshmukh",
            "display_name": "Vijay S Deshmukh",
            "team": "TKRNGDFFZ",
            "name": "vj_deshmukh",
            "is_restricted": false,
            "is_ultra_restricted": false
        }
    },
    {
        "client_msg_id": "70c2d6c4-caac-44e7-a443-1eafce92e89e",
        "type": "message",
        "text": "Job was failing for me last night during push to dev.  Issue now seen as the hardcoding ‘testing’ in the OC config that I didn’t realize so <@UKR4GLQKF> is likely correct in his statement.  My next infra build I will change the subdomain in *both* places.  But I think we should fix so we do not need to set variables redundantly like this",
        "user": "UL284UA1J",
        "ts": "1568297472.020000",
        "team": "TKRNGDFFZ",
        "user_team": "TKRNGDFFZ",
        "source_team": "TKRNGDFFZ",
        "user_profile": {
            "avatar_hash": "g68abbeef961",
            "image_72": "https:\/\/secure.gravatar.com\/avatar\/68abbeef9611a51f2c362e3d99271b2e.jpg?s=72&d=https%3A%2F%2Fa.slack-edge.com%2F80588%2Fimg%2Favatars%2Fava_0015-72.png",
            "first_name": "",
            "real_name": "Gary Morris",
            "display_name": "Gary Morris",
            "team": "TKRNGDFFZ",
            "name": "gary.morris",
            "is_restricted": false,
            "is_ultra_restricted": false
        }
    },
    {
        "client_msg_id": "deb8bf60-6387-4e77-9175-e68f6e86a6c5",
        "type": "message",
        "text": "<@UL284UA1J> we discussed this yesterday with pramod to make it a input param at the CFT. However, for this round, we are not changing that.",
        "user": "UL0GK1LJD",
        "ts": "1568297887.021300",
        "team": "TKRNGDFFZ",
        "user_team": "TKRNGDFFZ",
        "source_team": "TKRNGDFFZ",
        "user_profile": {
            "avatar_hash": "g8455934aab6",
            "image_72": "https:\/\/secure.gravatar.com\/avatar\/8455934aab6b3c7afceec7d3255ecd8b.jpg?s=72&d=https%3A%2F%2Fa.slack-edge.com%2F80588%2Fimg%2Favatars%2Fava_0004-72.png",
            "first_name": "",
            "real_name": "Vijay S Deshmukh",
            "display_name": "Vijay S Deshmukh",
            "team": "TKRNGDFFZ",
            "name": "vj_deshmukh",
            "is_restricted": false,
            "is_ultra_restricted": false
        }
    },
    {
        "client_msg_id": "fdf5bae3-ff7b-4ebb-b070-405afe9e64d5",
        "type": "message",
        "text": "ok.. infra is destroyed.. let me know if you would like me to create a branch and add to the cloudformation",
        "user": "UL284UA1J",
        "ts": "1568297922.022300",
        "team": "TKRNGDFFZ",
        "user_team": "TKRNGDFFZ",
        "source_team": "TKRNGDFFZ",
        "user_profile": {
            "avatar_hash": "g68abbeef961",
            "image_72": "https:\/\/secure.gravatar.com\/avatar\/68abbeef9611a51f2c362e3d99271b2e.jpg?s=72&d=https%3A%2F%2Fa.slack-edge.com%2F80588%2Fimg%2Favatars%2Fava_0015-72.png",
            "first_name": "",
            "real_name": "Gary Morris",
            "display_name": "Gary Morris",
            "team": "TKRNGDFFZ",
            "name": "gary.morris",
            "is_restricted": false,
            "is_ultra_restricted": false
        }
    },
    {
        "client_msg_id": "86f68584-c9cb-416d-b8fe-e58d69ac9f52",
        "type": "message",
        "text": "I will be changing the project name to BDSO and that will be checked  in. If a new env needs to be created for any purpose, the 2 files  will need to be updated.",
        "user": "UL0GK1LJD",
        "ts": "1568297989.023100",
        "team": "TKRNGDFFZ",
        "user_team": "TKRNGDFFZ",
        "source_team": "TKRNGDFFZ",
        "user_profile": {
            "avatar_hash": "g8455934aab6",
            "image_72": "https:\/\/secure.gravatar.com\/avatar\/8455934aab6b3c7afceec7d3255ecd8b.jpg?s=72&d=https%3A%2F%2Fa.slack-edge.com%2F80588%2Fimg%2Favatars%2Fava_0004-72.png",
            "first_name": "",
            "real_name": "Vijay S Deshmukh",
            "display_name": "Vijay S Deshmukh",
            "team": "TKRNGDFFZ",
            "name": "vj_deshmukh",
            "is_restricted": false,
            "is_ultra_restricted": false
        }
    },
    {
        "client_msg_id": "9ed9ee08-4f13-4472-8b9f-f44ce6e2869a",
        "type": "message",
        "text": "Thanks",
        "user": "UL0GK1LJD",
        "ts": "1568297992.023300",
        "team": "TKRNGDFFZ",
        "user_team": "TKRNGDFFZ",
        "source_team": "TKRNGDFFZ",
        "user_profile": {
            "avatar_hash": "g8455934aab6",
            "image_72": "https:\/\/secure.gravatar.com\/avatar\/8455934aab6b3c7afceec7d3255ecd8b.jpg?s=72&d=https%3A%2F%2Fa.slack-edge.com%2F80588%2Fimg%2Favatars%2Fava_0004-72.png",
            "first_name": "",
            "real_name": "Vijay S Deshmukh",
            "display_name": "Vijay S Deshmukh",
            "team": "TKRNGDFFZ",
            "name": "vj_deshmukh",
            "is_restricted": false,
            "is_ultra_restricted": false
        }
    },
    {
        "client_msg_id": "cd02c684-1f31-4ccd-a9d8-85075bd40323",
        "type": "message",
        "text": "<@UL0GK1LJD> Thank. Jobs are working now",
        "user": "UKR4GLQKF",
        "ts": "1568298506.023700",
        "team": "TKRNGDFFZ",
        "user_team": "TKRNGDFFZ",
        "source_team": "TKRNGDFFZ",
        "user_profile": {
            "avatar_hash": "gf6859e536fb",
            "image_72": "https:\/\/secure.gravatar.com\/avatar\/f6859e536fb63a6f9d862b2f3fb9684c.jpg?s=72&d=https%3A%2F%2Fa.slack-edge.com%2F80588%2Fimg%2Favatars%2Fava_0015-72.png",
            "first_name": "",
            "real_name": "Amit Yadav",
            "display_name": "",
            "team": "TKRNGDFFZ",
            "name": "amit",
            "is_restricted": false,
            "is_ultra_restricted": false
        }
    },
    {
        "client_msg_id": "e114bffe-3b34-4b3f-a958-7b3327eb5185",
        "type": "message",
        "text": "Team - I am creating a new env with the subdomain name \"bdso-transition\". The project name in TF scripts will be updated to this. Will change it later to BDSO when FE team is transitioned to this env.",
        "user": "UL0GK1LJD",
        "ts": "1568299042.024800",
        "team": "TKRNGDFFZ",
        "user_team": "TKRNGDFFZ",
        "source_team": "TKRNGDFFZ",
        "user_profile": {
            "avatar_hash": "g8455934aab6",
            "image_72": "https:\/\/secure.gravatar.com\/avatar\/8455934aab6b3c7afceec7d3255ecd8b.jpg?s=72&d=https%3A%2F%2Fa.slack-edge.com%2F80588%2Fimg%2Favatars%2Fava_0004-72.png",
            "first_name": "",
            "real_name": "Vijay S Deshmukh",
            "display_name": "Vijay S Deshmukh",
            "team": "TKRNGDFFZ",
            "name": "vj_deshmukh",
            "is_restricted": false,
            "is_ultra_restricted": false
        }
    },
    {
        "client_msg_id": "af10172a-c592-48fc-a8a8-860b58a0c4f7",
        "type": "message",
        "text": "New infrastructure created as below with subdomain: bdso-transition:\n\nProcessing complete. Below are the URLs:\n===========================================\nJenkins: <http:\/\/jenkins.bdso-transition.salientcrgt-bdso.com:8080>\nCredentials: User ID: admin; Password: DevOps001\n        <http:\/\/jenkins.bdso-transition.salientcrgt-bdso.com:8080\/job\/celebrity_ms\/>\n        <http:\/\/jenkins.bdso-transition.salientcrgt-bdso.com:8080\/job\/frontend_ms\/>\n        <http:\/\/jenkins.bdso-transition.salientcrgt-bdso.com:8080\/job\/recommendation_ms\/>\n        <http:\/\/jenkins.bdso-transition.salientcrgt-bdso.com:8080\/job\/datapipeline\/>\n--------------------------------------------\nSonarQube: <http:\/\/sonar.bdso-transition.salientcrgt-bdso.com:9000>\nCredentials: User ID: admin; Password: admin\n--------------------------------------------\nOpenShift: <https:\/\/ocp.bdso-transition.salientcrgt-bdso.com:8443>\nCredentials: User ID: admin; Password: 123\n--------------------------------------------\nEMR EndPoint : <https:\/\/ec2-18-223-158-95.us-east-2.compute.amazonaws.com:9443>\nCredentials: User ID: jovyan; Password: jupyter",
        "user": "UL0GK1LJD",
        "ts": "1568305662.025400",
        "team": "TKRNGDFFZ",
        "user_team": "TKRNGDFFZ",
        "source_team": "TKRNGDFFZ",
        "user_profile": {
            "avatar_hash": "g8455934aab6",
            "image_72": "https:\/\/secure.gravatar.com\/avatar\/8455934aab6b3c7afceec7d3255ecd8b.jpg?s=72&d=https%3A%2F%2Fa.slack-edge.com%2F80588%2Fimg%2Favatars%2Fava_0004-72.png",
            "first_name": "",
            "real_name": "Vijay S Deshmukh",
            "display_name": "Vijay S Deshmukh",
            "team": "TKRNGDFFZ",
            "name": "vj_deshmukh",
            "is_restricted": false,
            "is_ultra_restricted": false
        }
    },
    {
        "client_msg_id": "cc8e8c77-1f37-45ba-8043-552a0ae932c3",
        "type": "message",
        "text": "Notebooks in S3: <https:\/\/s3.console.aws.amazon.com\/s3\/buckets\/bdso-transition-cc-vpc-0f92574666a7c4860\/>\nData: <https:\/\/s3.console.aws.amazon.com\/s3\/buckets\/bdso-transition-celebrity-content-dev-vpc-0f92574666a7c4860>\n<https:\/\/s3.console.aws.amazon.com\/s3\/buckets\/bdso-transition-celebrity-content-test-vpc-0f92574666a7c4860>\n<https:\/\/s3.console.aws.amazon.com\/s3\/buckets\/bdso-transition-celebrity-content-prod-vpc-0f92574666a7c4860>",
        "user": "UL0GK1LJD",
        "ts": "1568305744.026100",
        "team": "TKRNGDFFZ",
        "user_team": "TKRNGDFFZ",
        "source_team": "TKRNGDFFZ",
        "user_profile": {
            "avatar_hash": "g8455934aab6",
            "image_72": "https:\/\/secure.gravatar.com\/avatar\/8455934aab6b3c7afceec7d3255ecd8b.jpg?s=72&d=https%3A%2F%2Fa.slack-edge.com%2F80588%2Fimg%2Favatars%2Fava_0004-72.png",
            "first_name": "",
            "real_name": "Vijay S Deshmukh",
            "display_name": "Vijay S Deshmukh",
            "team": "TKRNGDFFZ",
            "name": "vj_deshmukh",
            "is_restricted": false,
            "is_ultra_restricted": false
        },
        "edited": {
            "user": "UL0GK1LJD",
            "ts": "1568305769.000000"
        }
    },
    {
        "client_msg_id": "6bdf6a16-c154-4141-bfed-18414bd676b1",
        "type": "message",
        "text": "This is a new env and please note any\/all issues that appear.",
        "user": "UL0GK1LJD",
        "ts": "1568305826.027200",
        "team": "TKRNGDFFZ",
        "user_team": "TKRNGDFFZ",
        "source_team": "TKRNGDFFZ",
        "user_profile": {
            "avatar_hash": "g8455934aab6",
            "image_72": "https:\/\/secure.gravatar.com\/avatar\/8455934aab6b3c7afceec7d3255ecd8b.jpg?s=72&d=https%3A%2F%2Fa.slack-edge.com%2F80588%2Fimg%2Favatars%2Fava_0004-72.png",
            "first_name": "",
            "real_name": "Vijay S Deshmukh",
            "display_name": "Vijay S Deshmukh",
            "team": "TKRNGDFFZ",
            "name": "vj_deshmukh",
            "is_restricted": false,
            "is_ultra_restricted": false
        }
    },
    {
        "client_msg_id": "34e31f9c-7362-4b66-b22b-dea6ddfa0ae3",
        "type": "message",
        "text": "Jenkins pipeline builds:\ncelebrity_ms: Failed: <http:\/\/jenkins.bdso-transition.salientcrgt-bdso.com:8080\/job\/celebrity_ms\/1\/console>\nfrontend_ms: Success: <http:\/\/jenkins.bdso-transition.salientcrgt-bdso.com:8080\/job\/frontend_ms\/1\/console>\nrecommendation_ms: Success: <http:\/\/jenkins.bdso-transition.salientcrgt-bdso.com:8080\/job\/recommendation_ms\/1\/console>\ndatapipeline: Success: <http:\/\/jenkins.bdso-transition.salientcrgt-bdso.com:8080\/job\/datapipeline\/1\/console> Though job is successful, the curl command failed with message: Route and path matches, but all pods are down.",
        "user": "UL0GK1LJD",
        "ts": "1568307129.029100",
        "team": "TKRNGDFFZ",
        "user_team": "TKRNGDFFZ",
        "source_team": "TKRNGDFFZ",
        "user_profile": {
            "avatar_hash": "g8455934aab6",
            "image_72": "https:\/\/secure.gravatar.com\/avatar\/8455934aab6b3c7afceec7d3255ecd8b.jpg?s=72&d=https%3A%2F%2Fa.slack-edge.com%2F80588%2Fimg%2Favatars%2Fava_0004-72.png",
            "first_name": "",
            "real_name": "Vijay S Deshmukh",
            "display_name": "Vijay S Deshmukh",
            "team": "TKRNGDFFZ",
            "name": "vj_deshmukh",
            "is_restricted": false,
            "is_ultra_restricted": false
        }
    },
    {
        "client_msg_id": "40855592-7e46-438e-8abb-cf0f95186127",
        "type": "message",
        "text": "<@UL0GK1LJD> thanks",
        "user": "UKPCZJWQL",
        "ts": "1568307333.029400",
        "team": "TKRNGDFFZ",
        "user_team": "TKRNGDFFZ",
        "source_team": "TKRNGDFFZ",
        "user_profile": {
            "avatar_hash": "g36d88e4c93b",
            "image_72": "https:\/\/secure.gravatar.com\/avatar\/36d88e4c93b31bcf505cfdf1b76c86a9.jpg?s=72&d=https%3A%2F%2Fa.slack-edge.com%2F80588%2Fimg%2Favatars%2Fava_0020-72.png",
            "first_name": "Pramod",
            "real_name": "Pramod Malhotra",
            "display_name": "",
            "team": "TKRNGDFFZ",
            "name": "pramod.malhotra",
            "is_restricted": false,
            "is_ultra_restricted": false
        }
    },
    {
        "client_msg_id": "4b86d426-22f0-4106-95f3-92ba60265678",
        "type": "message",
        "text": "bdso-secret is missing in ocp",
        "user": "UL0GK1LJD",
        "ts": "1568307394.029700",
        "team": "TKRNGDFFZ",
        "user_team": "TKRNGDFFZ",
        "source_team": "TKRNGDFFZ",
        "user_profile": {
            "avatar_hash": "g8455934aab6",
            "image_72": "https:\/\/secure.gravatar.com\/avatar\/8455934aab6b3c7afceec7d3255ecd8b.jpg?s=72&d=https%3A%2F%2Fa.slack-edge.com%2F80588%2Fimg%2Favatars%2Fava_0004-72.png",
            "first_name": "",
            "real_name": "Vijay S Deshmukh",
            "display_name": "Vijay S Deshmukh",
            "team": "TKRNGDFFZ",
            "name": "vj_deshmukh",
            "is_restricted": false,
            "is_ultra_restricted": false
        }
    },
    {
        "type": "message",
        "text": "",
        "files": [
            {
                "id": "FN9QGRR5J",
                "created": 1568307474,
                "timestamp": 1568307474,
                "name": "image.png",
                "title": "image.png",
                "mimetype": "image\/png",
                "filetype": "png",
                "pretty_type": "PNG",
                "user": "UL0GK1LJD",
                "editable": false,
                "size": 363527,
                "mode": "hosted",
                "is_external": false,
                "external_type": "",
                "is_public": true,
                "public_url_shared": false,
                "display_as_bot": false,
                "username": "",
                "url_private": "https:\/\/files.slack.com\/files-pri\/TKRNGDFFZ-FN9QGRR5J\/image.png?t=xoxe-671764457543-761495007360-748720106514-e22867dc4a96f2e14ff182795f11301c",
                "url_private_download": "https:\/\/files.slack.com\/files-pri\/TKRNGDFFZ-FN9QGRR5J\/download\/image.png?t=xoxe-671764457543-761495007360-748720106514-e22867dc4a96f2e14ff182795f11301c",
                "thumb_64": "https:\/\/files.slack.com\/files-tmb\/TKRNGDFFZ-FN9QGRR5J-8e591fdf86\/image_64.png?t=xoxe-671764457543-761495007360-748720106514-e22867dc4a96f2e14ff182795f11301c",
                "thumb_80": "https:\/\/files.slack.com\/files-tmb\/TKRNGDFFZ-FN9QGRR5J-8e591fdf86\/image_80.png?t=xoxe-671764457543-761495007360-748720106514-e22867dc4a96f2e14ff182795f11301c",
                "thumb_360": "https:\/\/files.slack.com\/files-tmb\/TKRNGDFFZ-FN9QGRR5J-8e591fdf86\/image_360.png?t=xoxe-671764457543-761495007360-748720106514-e22867dc4a96f2e14ff182795f11301c",
                "thumb_360_w": 360,
                "thumb_360_h": 160,
                "thumb_480": "https:\/\/files.slack.com\/files-tmb\/TKRNGDFFZ-FN9QGRR5J-8e591fdf86\/image_480.png?t=xoxe-671764457543-761495007360-748720106514-e22867dc4a96f2e14ff182795f11301c",
                "thumb_480_w": 480,
                "thumb_480_h": 213,
                "thumb_160": "https:\/\/files.slack.com\/files-tmb\/TKRNGDFFZ-FN9QGRR5J-8e591fdf86\/image_160.png?t=xoxe-671764457543-761495007360-748720106514-e22867dc4a96f2e14ff182795f11301c",
                "thumb_720": "https:\/\/files.slack.com\/files-tmb\/TKRNGDFFZ-FN9QGRR5J-8e591fdf86\/image_720.png?t=xoxe-671764457543-761495007360-748720106514-e22867dc4a96f2e14ff182795f11301c",
                "thumb_720_w": 720,
                "thumb_720_h": 320,
                "thumb_800": "https:\/\/files.slack.com\/files-tmb\/TKRNGDFFZ-FN9QGRR5J-8e591fdf86\/image_800.png?t=xoxe-671764457543-761495007360-748720106514-e22867dc4a96f2e14ff182795f11301c",
                "thumb_800_w": 800,
                "thumb_800_h": 355,
                "thumb_960": "https:\/\/files.slack.com\/files-tmb\/TKRNGDFFZ-FN9QGRR5J-8e591fdf86\/image_960.png?t=xoxe-671764457543-761495007360-748720106514-e22867dc4a96f2e14ff182795f11301c",
                "thumb_960_w": 960,
                "thumb_960_h": 426,
                "thumb_1024": "https:\/\/files.slack.com\/files-tmb\/TKRNGDFFZ-FN9QGRR5J-8e591fdf86\/image_1024.png?t=xoxe-671764457543-761495007360-748720106514-e22867dc4a96f2e14ff182795f11301c",
                "thumb_1024_w": 1024,
                "thumb_1024_h": 455,
                "image_exif_rotation": 1,
                "original_w": 3589,
                "original_h": 1593,
                "permalink": "https:\/\/scrgt-bdso.slack.com\/files\/UL0GK1LJD\/FN9QGRR5J\/image.png",
                "permalink_public": "https:\/\/slack-files.com\/TKRNGDFFZ-FN9QGRR5J-594b0dfdf1",
                "is_starred": false,
                "has_rich_preview": false
            }
        ],
        "upload": true,
        "user": "UL0GK1LJD",
        "display_as_bot": false,
        "ts": "1568307479.029800",
        "client_msg_id": "b81ef3a3-fd9d-457f-9e27-76aa3a79f0a3"
    },
    {
        "client_msg_id": "7a571f7d-a191-4da4-92c0-347e417eec1d",
        "type": "message",
        "text": "Looked at the logs - error: the path \"dev_secrets.yml\" does not exist",
        "user": "UL0GK1LJD",
        "ts": "1568308344.030200",
        "team": "TKRNGDFFZ",
        "user_team": "TKRNGDFFZ",
        "source_team": "TKRNGDFFZ",
        "user_profile": {
            "avatar_hash": "g8455934aab6",
            "image_72": "https:\/\/secure.gravatar.com\/avatar\/8455934aab6b3c7afceec7d3255ecd8b.jpg?s=72&d=https%3A%2F%2Fa.slack-edge.com%2F80588%2Fimg%2Favatars%2Fava_0004-72.png",
            "first_name": "",
            "real_name": "Vijay S Deshmukh",
            "display_name": "Vijay S Deshmukh",
            "team": "TKRNGDFFZ",
            "name": "vj_deshmukh",
            "is_restricted": false,
            "is_ultra_restricted": false
        }
    },
    {
        "client_msg_id": "929186ef-f383-4e33-9097-0dd85f44a61f",
        "type": "message",
        "text": "<https:\/\/github.com\/SalientCRGT\/scrgt-rdso-cc-copy\/blob\/master\/client\/Jenkinsfile>",
        "user": "UKPCZJWQL",
        "ts": "1568323929.030400",
        "team": "TKRNGDFFZ",
        "user_team": "TKRNGDFFZ",
        "source_team": "TKRNGDFFZ",
        "user_profile": {
            "avatar_hash": "g36d88e4c93b",
            "image_72": "https:\/\/secure.gravatar.com\/avatar\/36d88e4c93b31bcf505cfdf1b76c86a9.jpg?s=72&d=https%3A%2F%2Fa.slack-edge.com%2F80588%2Fimg%2Favatars%2Fava_0020-72.png",
            "first_name": "Pramod",
            "real_name": "Pramod Malhotra",
            "display_name": "",
            "team": "TKRNGDFFZ",
            "name": "pramod.malhotra",
            "is_restricted": false,
            "is_ultra_restricted": false
        }
    },
    {
        "client_msg_id": "d746e398-1b0d-4b20-920a-dd9274a44850",
        "type": "message",
        "text": "New env setup complete on bdsotransition\n\nProcessing complete. Below are the URLs:\n===========================================\nJenkins: <http:\/\/jenkins.bdsotransition.salientcrgt-bdso.com:8080>\nCredentials: User ID: admin; Password: DevOps001\n        <http:\/\/jenkins.bdsotransition.salientcrgt-bdso.com:8080\/job\/celebrity_ms\/>\n        <http:\/\/jenkins.bdsotransition.salientcrgt-bdso.com:8080\/job\/frontend_ms\/>\n        <http:\/\/jenkins.bdsotransition.salientcrgt-bdso.com:8080\/job\/recommendation_ms\/>\n        <http:\/\/jenkins.bdsotransition.salientcrgt-bdso.com:8080\/job\/datapipeline\/>\n--------------------------------------------\nSonarQube: <http:\/\/sonar.bdsotransition.salientcrgt-bdso.com:9000>\nCredentials: User ID: admin; Password: admin\n--------------------------------------------\nOpenShift: <https:\/\/ocp.bdsotransition.salientcrgt-bdso.com:8443>\nCredentials: User ID: admin; Password: 123\n--------------------------------------------\nEMR EndPoint : <https:\/\/ec2-3-14-245-187.us-east-2.compute.amazonaws.com:9443>",
        "user": "UL0GK1LJD",
        "ts": "1568329285.030900",
        "team": "TKRNGDFFZ",
        "user_team": "TKRNGDFFZ",
        "source_team": "TKRNGDFFZ",
        "user_profile": {
            "avatar_hash": "g8455934aab6",
            "image_72": "https:\/\/secure.gravatar.com\/avatar\/8455934aab6b3c7afceec7d3255ecd8b.jpg?s=72&d=https%3A%2F%2Fa.slack-edge.com%2F80588%2Fimg%2Favatars%2Fava_0004-72.png",
            "first_name": "",
            "real_name": "Vijay S Deshmukh",
            "display_name": "Vijay S Deshmukh",
            "team": "TKRNGDFFZ",
            "name": "vj_deshmukh",
            "is_restricted": false,
            "is_ultra_restricted": false
        }
    },
    {
        "client_msg_id": "f3614b25-9b44-4007-a147-a71357e1d4bb",
        "type": "message",
        "text": "Credentials: User ID: jovyan; Password: jupyter",
        "user": "UL0GK1LJD",
        "ts": "1568329601.031100",
        "team": "TKRNGDFFZ",
        "user_team": "TKRNGDFFZ",
        "source_team": "TKRNGDFFZ",
        "user_profile": {
            "avatar_hash": "g8455934aab6",
            "image_72": "https:\/\/secure.gravatar.com\/avatar\/8455934aab6b3c7afceec7d3255ecd8b.jpg?s=72&d=https%3A%2F%2Fa.slack-edge.com%2F80588%2Fimg%2Favatars%2Fava_0004-72.png",
            "first_name": "",
            "real_name": "Vijay S Deshmukh",
            "display_name": "Vijay S Deshmukh",
            "team": "TKRNGDFFZ",
            "name": "vj_deshmukh",
            "is_restricted": false,
            "is_ultra_restricted": false
        }
    },
    {
        "client_msg_id": "dd4d93d6-b3d7-4a67-8a8b-b22eb7fc79f7",
        "type": "message",
        "text": "Team - we have merged code from develop to master and made master the default for scrgt-bdso-cc-startup repo. Moving forward please merge your tested code to master and NOT to develop",
        "user": "UL0GK1LJD",
        "ts": "1568353442.032100",
        "team": "TKRNGDFFZ",
        "user_team": "TKRNGDFFZ",
        "source_team": "TKRNGDFFZ",
        "user_profile": {
            "avatar_hash": "g8455934aab6",
            "image_72": "https:\/\/secure.gravatar.com\/avatar\/8455934aab6b3c7afceec7d3255ecd8b.jpg?s=72&d=https%3A%2F%2Fa.slack-edge.com%2F80588%2Fimg%2Favatars%2Fava_0004-72.png",
            "first_name": "",
            "real_name": "Vijay S Deshmukh",
            "display_name": "Vijay S Deshmukh",
            "team": "TKRNGDFFZ",
            "name": "vj_deshmukh",
            "is_restricted": false,
            "is_ultra_restricted": false
        }
    }
]