[
    {
        "client_msg_id": "94be1845-5a5a-40ff-86fb-be5c4c614e9e",
        "type": "message",
        "text": "<@UKZFHHJQ4> <@UL0GK1LJD> <@UL284UA1J> <@UKR4GLQKF> . Guys just had a long conversation with Amit and this is what we feel will work well for getting a solution delivered on time and also achieve divide and conquer",
        "user": "UKPCZJWQL",
        "ts": "1567094175.024200",
        "team": "TKRNGDFFZ",
        "user_team": "TKRNGDFFZ",
        "source_team": "TKRNGDFFZ",
        "user_profile": {
            "avatar_hash": "g36d88e4c93b",
            "image_72": "https:\/\/secure.gravatar.com\/avatar\/36d88e4c93b31bcf505cfdf1b76c86a9.jpg?s=72&d=https%3A%2F%2Fa.slack-edge.com%2F80588%2Fimg%2Favatars%2Fava_0020-72.png",
            "first_name": "Pramod",
            "real_name": "Pramod Malhotra",
            "display_name": "",
            "team": "TKRNGDFFZ",
            "name": "pramod.malhotra",
            "is_restricted": false,
            "is_ultra_restricted": false
        }
    },
    {
        "client_msg_id": "004084aa-24ee-4171-9548-4e62dc2ea7c4",
        "type": "message",
        "text": "Asking Vijay to take over the CloudFormation (get EC2 instance created with all necessary software) and then create the makefile.sh or start.sh to execute 100% automated script.",
        "user": "UKPCZJWQL",
        "ts": "1567094230.025100",
        "team": "TKRNGDFFZ",
        "user_team": "TKRNGDFFZ",
        "source_team": "TKRNGDFFZ",
        "user_profile": {
            "avatar_hash": "g36d88e4c93b",
            "image_72": "https:\/\/secure.gravatar.com\/avatar\/36d88e4c93b31bcf505cfdf1b76c86a9.jpg?s=72&d=https%3A%2F%2Fa.slack-edge.com%2F80588%2Fimg%2Favatars%2Fava_0020-72.png",
            "first_name": "Pramod",
            "real_name": "Pramod Malhotra",
            "display_name": "",
            "team": "TKRNGDFFZ",
            "name": "pramod.malhotra",
            "is_restricted": false,
            "is_ultra_restricted": false
        }
    },
    {
        "client_msg_id": "e864a65d-6ddc-4ea7-a6ed-54f254285f9f",
        "type": "message",
        "text": "pramod i am done with it",
        "user": "UL284UA1J",
        "ts": "1567094303.026500",
        "team": "TKRNGDFFZ",
        "user_team": "TKRNGDFFZ",
        "source_team": "TKRNGDFFZ",
        "user_profile": {
            "avatar_hash": "g68abbeef961",
            "image_72": "https:\/\/secure.gravatar.com\/avatar\/68abbeef9611a51f2c362e3d99271b2e.jpg?s=72&d=https%3A%2F%2Fa.slack-edge.com%2F80588%2Fimg%2Favatars%2Fava_0015-72.png",
            "first_name": "",
            "real_name": "Gary Morris",
            "display_name": "Gary Morris",
            "team": "TKRNGDFFZ",
            "name": "gary.morris",
            "is_restricted": false,
            "is_ultra_restricted": false
        }
    },
    {
        "client_msg_id": "21736257-0f03-4b96-b979-30da42a6aa09",
        "type": "message",
        "text": "testing it now",
        "user": "UL284UA1J",
        "ts": "1567094306.026800",
        "team": "TKRNGDFFZ",
        "user_team": "TKRNGDFFZ",
        "source_team": "TKRNGDFFZ",
        "user_profile": {
            "avatar_hash": "g68abbeef961",
            "image_72": "https:\/\/secure.gravatar.com\/avatar\/68abbeef9611a51f2c362e3d99271b2e.jpg?s=72&d=https%3A%2F%2Fa.slack-edge.com%2F80588%2Fimg%2Favatars%2Fava_0015-72.png",
            "first_name": "",
            "real_name": "Gary Morris",
            "display_name": "Gary Morris",
            "team": "TKRNGDFFZ",
            "name": "gary.morris",
            "is_restricted": false,
            "is_ultra_restricted": false
        }
    },
    {
        "client_msg_id": "fd7fcbbd-8971-4e28-9874-dd28f147ac37",
        "type": "message",
        "text": "he can take it after i test it but i think it is 99.9% complete",
        "user": "UL284UA1J",
        "ts": "1567094324.027500",
        "team": "TKRNGDFFZ",
        "user_team": "TKRNGDFFZ",
        "source_team": "TKRNGDFFZ",
        "user_profile": {
            "avatar_hash": "g68abbeef961",
            "image_72": "https:\/\/secure.gravatar.com\/avatar\/68abbeef9611a51f2c362e3d99271b2e.jpg?s=72&d=https%3A%2F%2Fa.slack-edge.com%2F80588%2Fimg%2Favatars%2Fava_0015-72.png",
            "first_name": "",
            "real_name": "Gary Morris",
            "display_name": "Gary Morris",
            "team": "TKRNGDFFZ",
            "name": "gary.morris",
            "is_restricted": false,
            "is_ultra_restricted": false
        }
    },
    {
        "client_msg_id": "c098e0d6-2293-49f3-b77d-b1fcc81e0d7d",
        "type": "message",
        "text": "then i guess any mods he can do ..",
        "user": "UL284UA1J",
        "ts": "1567094338.028000",
        "team": "TKRNGDFFZ",
        "user_team": "TKRNGDFFZ",
        "source_team": "TKRNGDFFZ",
        "user_profile": {
            "avatar_hash": "g68abbeef961",
            "image_72": "https:\/\/secure.gravatar.com\/avatar\/68abbeef9611a51f2c362e3d99271b2e.jpg?s=72&d=https%3A%2F%2Fa.slack-edge.com%2F80588%2Fimg%2Favatars%2Fava_0015-72.png",
            "first_name": "",
            "real_name": "Gary Morris",
            "display_name": "Gary Morris",
            "team": "TKRNGDFFZ",
            "name": "gary.morris",
            "is_restricted": false,
            "is_ultra_restricted": false
        }
    },
    {
        "client_msg_id": "246a0556-328a-4e12-b622-d22bb7cf9edf",
        "type": "message",
        "text": "<@UL0GK1LJD> to own this automation process and keep testing and fixing, take Shawn\/Gary's help if needed. Else let <@UKZFHHJQ4> concentrate on GraphDB, ElasticSearch , <http:\/\/Keycloak.org|Keycloak.org> terraform scripts (Please check Keycloak terraform code from RDSO Code challenge, not very clean in my opinion, so if you have a cleaner way ..we can talk)",
        "user": "UKPCZJWQL",
        "ts": "1567094348.028200",
        "team": "TKRNGDFFZ",
        "user_team": "TKRNGDFFZ",
        "source_team": "TKRNGDFFZ",
        "user_profile": {
            "avatar_hash": "g36d88e4c93b",
            "image_72": "https:\/\/secure.gravatar.com\/avatar\/36d88e4c93b31bcf505cfdf1b76c86a9.jpg?s=72&d=https%3A%2F%2Fa.slack-edge.com%2F80588%2Fimg%2Favatars%2Fava_0020-72.png",
            "first_name": "Pramod",
            "real_name": "Pramod Malhotra",
            "display_name": "",
            "team": "TKRNGDFFZ",
            "name": "pramod.malhotra",
            "is_restricted": false,
            "is_ultra_restricted": false
        }
    },
    {
        "client_msg_id": "42c1fad1-8111-47b3-ae47-4695427b8068",
        "type": "message",
        "text": "<@UL284UA1J> OKAY",
        "user": "UKPCZJWQL",
        "ts": "1567094355.028400",
        "team": "TKRNGDFFZ",
        "user_team": "TKRNGDFFZ",
        "source_team": "TKRNGDFFZ",
        "user_profile": {
            "avatar_hash": "g36d88e4c93b",
            "image_72": "https:\/\/secure.gravatar.com\/avatar\/36d88e4c93b31bcf505cfdf1b76c86a9.jpg?s=72&d=https%3A%2F%2Fa.slack-edge.com%2F80588%2Fimg%2Favatars%2Fava_0020-72.png",
            "first_name": "Pramod",
            "real_name": "Pramod Malhotra",
            "display_name": "",
            "team": "TKRNGDFFZ",
            "name": "pramod.malhotra",
            "is_restricted": false,
            "is_ultra_restricted": false
        }
    },
    {
        "client_msg_id": "99db8121-2b7b-408c-9fd2-61cddf512469",
        "type": "message",
        "text": "On topic ok kubeflow, did talk to <@ULX5BPN3C> and <@UKR4GLQKF> both agree that EMR Cluster with Jupyter hub will do the job.  <@UL284UA1J> has the scripts we will make sure its autoscalable and we can use it as is \"CloudFormation\" and later on if time permits think of converted it into Terraform.",
        "user": "UKPCZJWQL",
        "ts": "1567094454.030300",
        "team": "TKRNGDFFZ",
        "user_team": "TKRNGDFFZ",
        "source_team": "TKRNGDFFZ",
        "user_profile": {
            "avatar_hash": "g36d88e4c93b",
            "image_72": "https:\/\/secure.gravatar.com\/avatar\/36d88e4c93b31bcf505cfdf1b76c86a9.jpg?s=72&d=https%3A%2F%2Fa.slack-edge.com%2F80588%2Fimg%2Favatars%2Fava_0020-72.png",
            "first_name": "Pramod",
            "real_name": "Pramod Malhotra",
            "display_name": "",
            "team": "TKRNGDFFZ",
            "name": "pramod.malhotra",
            "is_restricted": false,
            "is_ultra_restricted": false
        }
    },
    {
        "client_msg_id": "867b6285-2d34-48ed-a32e-89767b9a23be",
        "type": "message",
        "text": "I will work with <@UL284UA1J>  <@UL0GK1LJD> to get EMR-Jupyter intergrated over the next 24 hours.",
        "user": "UKPCZJWQL",
        "ts": "1567094506.031300",
        "team": "TKRNGDFFZ",
        "user_team": "TKRNGDFFZ",
        "source_team": "TKRNGDFFZ",
        "user_profile": {
            "avatar_hash": "g36d88e4c93b",
            "image_72": "https:\/\/secure.gravatar.com\/avatar\/36d88e4c93b31bcf505cfdf1b76c86a9.jpg?s=72&d=https%3A%2F%2Fa.slack-edge.com%2F80588%2Fimg%2Favatars%2Fava_0020-72.png",
            "first_name": "Pramod",
            "real_name": "Pramod Malhotra",
            "display_name": "",
            "team": "TKRNGDFFZ",
            "name": "pramod.malhotra",
            "is_restricted": false,
            "is_ultra_restricted": false
        }
    },
    {
        "client_msg_id": "a9dc1ad3-f4b1-43e8-82a9-a0ad4167a681",
        "type": "message",
        "text": "Thanks",
        "user": "UKPCZJWQL",
        "ts": "1567094511.031500",
        "team": "TKRNGDFFZ",
        "user_team": "TKRNGDFFZ",
        "source_team": "TKRNGDFFZ",
        "user_profile": {
            "avatar_hash": "g36d88e4c93b",
            "image_72": "https:\/\/secure.gravatar.com\/avatar\/36d88e4c93b31bcf505cfdf1b76c86a9.jpg?s=72&d=https%3A%2F%2Fa.slack-edge.com%2F80588%2Fimg%2Favatars%2Fava_0020-72.png",
            "first_name": "Pramod",
            "real_name": "Pramod Malhotra",
            "display_name": "",
            "team": "TKRNGDFFZ",
            "name": "pramod.malhotra",
            "is_restricted": false,
            "is_ultra_restricted": false
        }
    },
    {
        "client_msg_id": "50f3142c-7995-452d-8bb3-b4bf5ef841f1",
        "type": "message",
        "text": "Ok, will do. I'll need access to the repos though",
        "user": "UKZFHHJQ4",
        "ts": "1567095500.032000",
        "team": "TKRNGDFFZ",
        "user_team": "TKRNGDFFZ",
        "source_team": "TKRNGDFFZ",
        "user_profile": {
            "avatar_hash": "gb862c6892b8",
            "image_72": "https:\/\/secure.gravatar.com\/avatar\/b862c6892b81861fb8d8490e98b04fb5.jpg?s=72&d=https%3A%2F%2Fa.slack-edge.com%2F80588%2Fimg%2Favatars%2Fava_0012-72.png",
            "first_name": "",
            "real_name": "Shawn Lassiter",
            "display_name": "",
            "team": "TKRNGDFFZ",
            "name": "shawn",
            "is_restricted": false,
            "is_ultra_restricted": false
        }
    },
    {
        "user": "UMVNX6570",
        "type": "message",
        "subtype": "channel_join",
        "ts": "1567098452.032200",
        "text": "<@UMVNX6570> has joined the channel"
    },
    {
        "client_msg_id": "b0683f79-7348-43fb-80c3-1d5ca9bf8c6c",
        "type": "message",
        "text": "My `start.sh` script has a bug.  It's setting `var.pass` to null.  Fixing..",
        "user": "UL284UA1J",
        "ts": "1567108485.032900",
        "team": "TKRNGDFFZ",
        "user_team": "TKRNGDFFZ",
        "source_team": "TKRNGDFFZ",
        "user_profile": {
            "avatar_hash": "g68abbeef961",
            "image_72": "https:\/\/secure.gravatar.com\/avatar\/68abbeef9611a51f2c362e3d99271b2e.jpg?s=72&d=https%3A%2F%2Fa.slack-edge.com%2F80588%2Fimg%2Favatars%2Fava_0015-72.png",
            "first_name": "",
            "real_name": "Gary Morris",
            "display_name": "Gary Morris",
            "team": "TKRNGDFFZ",
            "name": "gary.morris",
            "is_restricted": false,
            "is_ultra_restricted": false
        }
    },
    {
        "user": "UMM68BPPT",
        "type": "message",
        "subtype": "channel_join",
        "ts": "1567119426.033100",
        "text": "<@UMM68BPPT> has joined the channel"
    }
]