[
    {
        "client_msg_id": "c086197d-92d6-48a0-9aa5-a608e05bf3fe",
        "type": "message",
        "text": "Created a new develop branch in the scrgt-bdso-cc-startup repo. Please use this branch for merging your tested code. This replaces bdso-dev branch. I will be deleting the bdso-dev branch",
        "user": "UL0GK1LJD",
        "ts": "1567338475.073000",
        "team": "TKRNGDFFZ",
        "user_team": "TKRNGDFFZ",
        "source_team": "TKRNGDFFZ",
        "user_profile": {
            "avatar_hash": "g8455934aab6",
            "image_72": "https:\/\/secure.gravatar.com\/avatar\/8455934aab6b3c7afceec7d3255ecd8b.jpg?s=72&d=https%3A%2F%2Fa.slack-edge.com%2F80588%2Fimg%2Favatars%2Fava_0004-72.png",
            "first_name": "",
            "real_name": "Vijay S Deshmukh",
            "display_name": "Vijay S Deshmukh",
            "team": "TKRNGDFFZ",
            "name": "vj_deshmukh",
            "is_restricted": false,
            "is_ultra_restricted": false
        },
        "edited": {
            "user": "UL0GK1LJD",
            "ts": "1567338489.000000"
        }
    },
    {
        "client_msg_id": "bbcc57bf-d390-4fc8-96e2-a26dde545ef8",
        "type": "message",
        "text": "Pramod, you need to make develop branch the default so I can delete the bdso-dev branch",
        "user": "UL0GK1LJD",
        "ts": "1567339583.073700",
        "team": "TKRNGDFFZ",
        "user_team": "TKRNGDFFZ",
        "source_team": "TKRNGDFFZ",
        "user_profile": {
            "avatar_hash": "g8455934aab6",
            "image_72": "https:\/\/secure.gravatar.com\/avatar\/8455934aab6b3c7afceec7d3255ecd8b.jpg?s=72&d=https%3A%2F%2Fa.slack-edge.com%2F80588%2Fimg%2Favatars%2Fava_0004-72.png",
            "first_name": "",
            "real_name": "Vijay S Deshmukh",
            "display_name": "Vijay S Deshmukh",
            "team": "TKRNGDFFZ",
            "name": "vj_deshmukh",
            "is_restricted": false,
            "is_ultra_restricted": false
        }
    }
]