[
    {
        "user": "UL3RW3SJ2",
        "type": "message",
        "subtype": "channel_join",
        "ts": "1566826181.000200",
        "text": "<@UL3RW3SJ2> has joined the channel"
    },
    {
        "type": "message",
        "text": "<@UKZFHHJQ4> <@UL0GK1LJD> <@UKR4GLQKF> please comment",
        "files": [
            {
                "id": "FMHS081A5",
                "created": 1566826268,
                "timestamp": 1566826656,
                "name": "DevOps_Deliverables",
                "title": "DevOps Deliverables",
                "mimetype": "application\/vnd.slack-docs",
                "filetype": "docs",
                "pretty_type": "Arugula",
                "user": "UKPCZJWQL",
                "editable": true,
                "size": 931,
                "mode": "docs",
                "is_external": false,
                "external_type": "",
                "is_public": true,
                "public_url_shared": false,
                "display_as_bot": false,
                "username": "",
                "url_private": "https:\/\/files.slack.com\/files-pri\/TKRNGDFFZ-FMHS081A5\/DevOps_Deliverables?t=xoxe-671764457543-761495007360-748720106514-e22867dc4a96f2e14ff182795f11301c",
                "url_private_download": "https:\/\/files.slack.com\/files-pri\/TKRNGDFFZ-FMHS081A5\/download\/DevOps_Deliverables?t=xoxe-671764457543-761495007360-748720106514-e22867dc4a96f2e14ff182795f11301c",
                "permalink": "https:\/\/scrgt-bdso.slack.com\/files\/TKRNGDFFZ\/FMHS081A5",
                "permalink_public": "https:\/\/slack-files.com\/TKRNGDFFZ-FMHS081A5-3c72de6d7e",
                "preview": "<ul><li data-checked=\"false\"><em>Get automated process coded for running infrastructure from AWS Empty Account<\/em><ul><li data-checked=\"false\">Design what strategy is going to be used. Come up with 5 steps get USCIS DevOps engineer to install the infrastructure <strong><em>(Shawn, 8&#x2F;26)<\/em><\/strong><\/li><li data-checked=\"false\">Deliver Code to make the process running <strong><em>(Shawn, Vijay 8&#x2F;27)<\/em><\/strong><\/li><li data-checked=\"false\">Start testing the code from github <strong><em>(Pramod, 8&#x2F;27&#x2F;19)<\/em><\/strong><\/li><\/ul><\/li><li data-checked=\"false\"><em>What&#x27;s remaining<\/em><ul><li data-checked=\"false\">Identify missing architecture that will be added and provide timeline <strong><em>(Shawn, Amit, Vijay, Pramod 8&#x2F;27)<\/em><\/strong><\/li><li data-checked=\"false\">Complete all infrastructure add to 100% automation <strong><em>(8&#x2F;30, Shawn, Vijay)<\/em><\/strong><\/li><\/ul><\/li><\/ul>",
                "editor": "UKPCZJWQL",
                "last_editor": "UKPCZJWQL",
                "non_owner_editable": false,
                "updated": 1566826656,
                "is_starred": false,
                "has_rich_preview": false
            }
        ],
        "upload": false,
        "user": "UKPCZJWQL",
        "display_as_bot": false,
        "ts": "1566826681.000300"
    },
    {
        "client_msg_id": "2b85123d-4858-43bd-a2a3-e223082554a8",
        "type": "message",
        "text": "I'm currently removing the passwords and keys from what will be checked in and should have that this afternoon. It is an automated install of Jenkins Sonar Nexus and Anchore, along with Vijay's openshift setup",
        "user": "UKZFHHJQ4",
        "ts": "1566826825.002100",
        "team": "TKRNGDFFZ",
        "user_team": "TKRNGDFFZ",
        "source_team": "TKRNGDFFZ",
        "user_profile": {
            "avatar_hash": "gb862c6892b8",
            "image_72": "https:\/\/secure.gravatar.com\/avatar\/b862c6892b81861fb8d8490e98b04fb5.jpg?s=72&d=https%3A%2F%2Fa.slack-edge.com%2F80588%2Fimg%2Favatars%2Fava_0012-72.png",
            "first_name": "",
            "real_name": "Shawn Lassiter",
            "display_name": "",
            "team": "TKRNGDFFZ",
            "name": "shawn",
            "is_restricted": false,
            "is_ultra_restricted": false
        }
    },
    {
        "client_msg_id": "18a7ef4b-6a39-4f19-9b06-d470a3b84a13",
        "type": "message",
        "text": "I am working to bring it to the point where they can provide a credentials file that will just run with one command",
        "user": "UKZFHHJQ4",
        "ts": "1566826862.002800",
        "team": "TKRNGDFFZ",
        "user_team": "TKRNGDFFZ",
        "source_team": "TKRNGDFFZ",
        "user_profile": {
            "avatar_hash": "gb862c6892b8",
            "image_72": "https:\/\/secure.gravatar.com\/avatar\/b862c6892b81861fb8d8490e98b04fb5.jpg?s=72&d=https%3A%2F%2Fa.slack-edge.com%2F80588%2Fimg%2Favatars%2Fava_0012-72.png",
            "first_name": "",
            "real_name": "Shawn Lassiter",
            "display_name": "",
            "team": "TKRNGDFFZ",
            "name": "shawn",
            "is_restricted": false,
            "is_ultra_restricted": false
        }
    },
    {
        "client_msg_id": "4270d41b-b3b0-455e-9667-42a9bd2ac3c5",
        "type": "message",
        "text": "This is all with terraform 0.12 so it should be okay to integrate splunk as well now",
        "user": "UKZFHHJQ4",
        "ts": "1566826946.003400",
        "team": "TKRNGDFFZ",
        "user_team": "TKRNGDFFZ",
        "source_team": "TKRNGDFFZ",
        "user_profile": {
            "avatar_hash": "gb862c6892b8",
            "image_72": "https:\/\/secure.gravatar.com\/avatar\/b862c6892b81861fb8d8490e98b04fb5.jpg?s=72&d=https%3A%2F%2Fa.slack-edge.com%2F80588%2Fimg%2Favatars%2Fava_0012-72.png",
            "first_name": "",
            "real_name": "Shawn Lassiter",
            "display_name": "",
            "team": "TKRNGDFFZ",
            "name": "shawn",
            "is_restricted": false,
            "is_ultra_restricted": false
        }
    },
    {
        "client_msg_id": "8784ea82-bcab-4d80-99e1-54941a738dd2",
        "type": "message",
        "text": "Auto scaling into the cloud from the Jenkins ec2 plugin which should allow models to be trained on an ad-hoc basis without incurring too much cost",
        "user": "UKZFHHJQ4",
        "ts": "1566827029.004400",
        "team": "TKRNGDFFZ",
        "user_team": "TKRNGDFFZ",
        "source_team": "TKRNGDFFZ",
        "user_profile": {
            "avatar_hash": "gb862c6892b8",
            "image_72": "https:\/\/secure.gravatar.com\/avatar\/b862c6892b81861fb8d8490e98b04fb5.jpg?s=72&d=https%3A%2F%2Fa.slack-edge.com%2F80588%2Fimg%2Favatars%2Fava_0012-72.png",
            "first_name": "",
            "real_name": "Shawn Lassiter",
            "display_name": "",
            "team": "TKRNGDFFZ",
            "name": "shawn",
            "is_restricted": false,
            "is_ultra_restricted": false
        }
    },
    {
        "client_msg_id": "4068cbe7-27f3-40ba-be04-61cb8cf246fe",
        "type": "message",
        "text": "<@UKZFHHJQ4> Who is working to create webhooks etc. for pipeline? Is that Padmaja?",
        "user": "UKR4GLQKF",
        "ts": "1566827059.005000",
        "team": "TKRNGDFFZ",
        "user_team": "TKRNGDFFZ",
        "source_team": "TKRNGDFFZ",
        "user_profile": {
            "avatar_hash": "gf6859e536fb",
            "image_72": "https:\/\/secure.gravatar.com\/avatar\/f6859e536fb63a6f9d862b2f3fb9684c.jpg?s=72&d=https%3A%2F%2Fa.slack-edge.com%2F80588%2Fimg%2Favatars%2Fava_0015-72.png",
            "first_name": "",
            "real_name": "Amit Yadav",
            "display_name": "",
            "team": "TKRNGDFFZ",
            "name": "amit",
            "is_restricted": false,
            "is_ultra_restricted": false
        }
    },
    {
        "client_msg_id": "d237eb38-ea95-4ff2-b59d-980dcb27671f",
        "type": "message",
        "text": "<@UL0GK1LJD> This looks good.",
        "user": "UKR4GLQKF",
        "ts": "1566827068.005200",
        "team": "TKRNGDFFZ",
        "user_team": "TKRNGDFFZ",
        "source_team": "TKRNGDFFZ",
        "user_profile": {
            "avatar_hash": "gf6859e536fb",
            "image_72": "https:\/\/secure.gravatar.com\/avatar\/f6859e536fb63a6f9d862b2f3fb9684c.jpg?s=72&d=https%3A%2F%2Fa.slack-edge.com%2F80588%2Fimg%2Favatars%2Fava_0015-72.png",
            "first_name": "",
            "real_name": "Amit Yadav",
            "display_name": "",
            "team": "TKRNGDFFZ",
            "name": "amit",
            "is_restricted": false,
            "is_ultra_restricted": false
        }
    },
    {
        "client_msg_id": "a502fa19-961f-49be-b6ae-ae795431db08",
        "type": "message",
        "text": "We can do that fairly trivially once the deployment works out of the box on fresh infrastructure",
        "user": "UKZFHHJQ4",
        "ts": "1566827155.006100",
        "team": "TKRNGDFFZ",
        "user_team": "TKRNGDFFZ",
        "source_team": "TKRNGDFFZ",
        "user_profile": {
            "avatar_hash": "gb862c6892b8",
            "image_72": "https:\/\/secure.gravatar.com\/avatar\/b862c6892b81861fb8d8490e98b04fb5.jpg?s=72&d=https%3A%2F%2Fa.slack-edge.com%2F80588%2Fimg%2Favatars%2Fava_0012-72.png",
            "first_name": "",
            "real_name": "Shawn Lassiter",
            "display_name": "",
            "team": "TKRNGDFFZ",
            "name": "shawn",
            "is_restricted": false,
            "is_ultra_restricted": false
        }
    },
    {
        "user": "UL0GK1LJD",
        "type": "message",
        "subtype": "channel_join",
        "ts": "1566827199.006300",
        "text": "<@UL0GK1LJD> has joined the channel",
        "inviter": "UKR4GLQKF"
    },
    {
        "client_msg_id": "e8ab9a07-d654-41da-833c-ad8eb06306cc",
        "type": "message",
        "text": "<@UKZFHHJQ4> I am excited waiting to see it all come together :+1:",
        "user": "UKPCZJWQL",
        "ts": "1566827619.006900",
        "team": "TKRNGDFFZ",
        "user_team": "TKRNGDFFZ",
        "source_team": "TKRNGDFFZ",
        "user_profile": {
            "avatar_hash": "g36d88e4c93b",
            "image_72": "https:\/\/secure.gravatar.com\/avatar\/36d88e4c93b31bcf505cfdf1b76c86a9.jpg?s=72&d=https%3A%2F%2Fa.slack-edge.com%2F80588%2Fimg%2Favatars%2Fava_0020-72.png",
            "first_name": "Pramod",
            "real_name": "Pramod Malhotra",
            "display_name": "",
            "team": "TKRNGDFFZ",
            "name": "pramod.malhotra",
            "is_restricted": false,
            "is_ultra_restricted": false
        },
        "reactions": [
            {
                "name": "+1",
                "users": [
                    "UKR4GLQKF",
                    "UKZFHHJQ4"
                ],
                "count": 2
            }
        ]
    },
    {
        "client_msg_id": "1d8ce64e-d8eb-4b91-8edc-9e95902b4c33",
        "type": "message",
        "text": "<@UKR4GLQKF> Kubeflow ElasticSearch and Nepture GraphDB will be next to implement correct?",
        "user": "UKPCZJWQL",
        "ts": "1566827653.007600",
        "team": "TKRNGDFFZ",
        "user_team": "TKRNGDFFZ",
        "source_team": "TKRNGDFFZ",
        "user_profile": {
            "avatar_hash": "g36d88e4c93b",
            "image_72": "https:\/\/secure.gravatar.com\/avatar\/36d88e4c93b31bcf505cfdf1b76c86a9.jpg?s=72&d=https%3A%2F%2Fa.slack-edge.com%2F80588%2Fimg%2Favatars%2Fava_0020-72.png",
            "first_name": "Pramod",
            "real_name": "Pramod Malhotra",
            "display_name": "",
            "team": "TKRNGDFFZ",
            "name": "pramod.malhotra",
            "is_restricted": false,
            "is_ultra_restricted": false
        }
    },
    {
        "client_msg_id": "66edcac6-7138-4abc-8fa2-28f49f0a8124",
        "type": "message",
        "text": "Make sure we name any IAM roles \/ policies with scrgt-bdso prefix",
        "user": "UL0GK1LJD",
        "ts": "1566862080.008200",
        "team": "TKRNGDFFZ",
        "user_team": "TKRNGDFFZ",
        "source_team": "TKRNGDFFZ",
        "user_profile": {
            "avatar_hash": "g8455934aab6",
            "image_72": "https:\/\/secure.gravatar.com\/avatar\/8455934aab6b3c7afceec7d3255ecd8b.jpg?s=72&d=https%3A%2F%2Fa.slack-edge.com%2F80588%2Fimg%2Favatars%2Fava_0004-72.png",
            "first_name": "",
            "real_name": "Vijay S Deshmukh",
            "display_name": "Vijay S Deshmukh",
            "team": "TKRNGDFFZ",
            "name": "vj_deshmukh",
            "is_restricted": false,
            "is_ultra_restricted": false
        },
        "thread_ts": "1566862080.008200",
        "reply_count": 2,
        "reply_users_count": 2,
        "latest_reply": "1566866186.009900",
        "reply_users": [
            "UKPCZJWQL",
            "UKZFHHJQ4"
        ],
        "replies": [
            {
                "user": "UKPCZJWQL",
                "ts": "1566866150.009700"
            },
            {
                "user": "UKZFHHJQ4",
                "ts": "1566866186.009900"
            }
        ],
        "subscribed": true,
        "last_read": "1566866186.009900"
    },
    {
        "client_msg_id": "F2A81BC4-3E39-47EF-B03F-49B3C35045CB",
        "type": "message",
        "text": "<@UKPCZJWQL> That is correct ",
        "user": "UKR4GLQKF",
        "ts": "1566862121.009000",
        "team": "TKRNGDFFZ",
        "user_team": "TKRNGDFFZ",
        "source_team": "TKRNGDFFZ",
        "user_profile": {
            "avatar_hash": "gf6859e536fb",
            "image_72": "https:\/\/secure.gravatar.com\/avatar\/f6859e536fb63a6f9d862b2f3fb9684c.jpg?s=72&d=https%3A%2F%2Fa.slack-edge.com%2F80588%2Fimg%2Favatars%2Fava_0015-72.png",
            "first_name": "",
            "real_name": "Amit Yadav",
            "display_name": "",
            "team": "TKRNGDFFZ",
            "name": "amit",
            "is_restricted": false,
            "is_ultra_restricted": false
        }
    },
    {
        "client_msg_id": "96f7facf-95d8-4b0b-86a7-f91b668caf7a",
        "type": "message",
        "text": "<@UKZFHHJQ4> <@UL0GK1LJD> <@UL284UA1J> very important",
        "user": "UKPCZJWQL",
        "ts": "1566866150.009700",
        "team": "TKRNGDFFZ",
        "user_team": "TKRNGDFFZ",
        "source_team": "TKRNGDFFZ",
        "user_profile": {
            "avatar_hash": "g36d88e4c93b",
            "image_72": "https:\/\/secure.gravatar.com\/avatar\/36d88e4c93b31bcf505cfdf1b76c86a9.jpg?s=72&d=https%3A%2F%2Fa.slack-edge.com%2F80588%2Fimg%2Favatars%2Fava_0020-72.png",
            "first_name": "Pramod",
            "real_name": "Pramod Malhotra",
            "display_name": "",
            "team": "TKRNGDFFZ",
            "name": "pramod.malhotra",
            "is_restricted": false,
            "is_ultra_restricted": false
        },
        "thread_ts": "1566862080.008200",
        "parent_user_id": "UL0GK1LJD"
    },
    {
        "client_msg_id": "46bf680e-fc68-43f6-a99c-df8be30b7236",
        "type": "message",
        "text": "np",
        "user": "UKZFHHJQ4",
        "ts": "1566866186.009900",
        "team": "TKRNGDFFZ",
        "user_team": "TKRNGDFFZ",
        "source_team": "TKRNGDFFZ",
        "user_profile": {
            "avatar_hash": "gb862c6892b8",
            "image_72": "https:\/\/secure.gravatar.com\/avatar\/b862c6892b81861fb8d8490e98b04fb5.jpg?s=72&d=https%3A%2F%2Fa.slack-edge.com%2F80588%2Fimg%2Favatars%2Fava_0012-72.png",
            "first_name": "",
            "real_name": "Shawn Lassiter",
            "display_name": "",
            "team": "TKRNGDFFZ",
            "name": "shawn",
            "is_restricted": false,
            "is_ultra_restricted": false
        },
        "thread_ts": "1566862080.008200",
        "parent_user_id": "UL0GK1LJD"
    },
    {
        "user": "UL284UA1J",
        "type": "message",
        "subtype": "channel_join",
        "ts": "1566875536.010400",
        "text": "<@UL284UA1J> has joined the channel"
    },
    {
        "client_msg_id": "2ed911b3-9939-4aba-872c-b124394068b5",
        "type": "message",
        "text": "I created a folder in scrgt-bdso-cc-startup called 'start' that has a cloudformation launch script.  It's in a branch called start_cloudformation.  I can move it to whatever folder or naming convention you like.  It currently works, but since there is no makefile to kick off, it does a git checkout from rdso and kicks off that makefile.  Obviously will need to edit that once there is something to do there",
        "user": "UL284UA1J",
        "ts": "1566875641.012000",
        "team": "TKRNGDFFZ",
        "user_team": "TKRNGDFFZ",
        "source_team": "TKRNGDFFZ",
        "user_profile": {
            "avatar_hash": "g68abbeef961",
            "image_72": "https:\/\/secure.gravatar.com\/avatar\/68abbeef9611a51f2c362e3d99271b2e.jpg?s=72&d=https%3A%2F%2Fa.slack-edge.com%2F80588%2Fimg%2Favatars%2Fava_0015-72.png",
            "first_name": "",
            "real_name": "Gary Morris",
            "display_name": "Gary Morris",
            "team": "TKRNGDFFZ",
            "name": "gary.morris",
            "is_restricted": false,
            "is_ultra_restricted": false
        }
    },
    {
        "client_msg_id": "fdb63de1-8d5f-467f-a8c1-e48ade81195f",
        "type": "message",
        "text": ":+1:",
        "user": "UKPCZJWQL",
        "ts": "1566878640.012200",
        "team": "TKRNGDFFZ",
        "user_team": "TKRNGDFFZ",
        "source_team": "TKRNGDFFZ",
        "user_profile": {
            "avatar_hash": "g36d88e4c93b",
            "image_72": "https:\/\/secure.gravatar.com\/avatar\/36d88e4c93b31bcf505cfdf1b76c86a9.jpg?s=72&d=https%3A%2F%2Fa.slack-edge.com%2F80588%2Fimg%2Favatars%2Fava_0020-72.png",
            "first_name": "Pramod",
            "real_name": "Pramod Malhotra",
            "display_name": "",
            "team": "TKRNGDFFZ",
            "name": "pramod.malhotra",
            "is_restricted": false,
            "is_ultra_restricted": false
        }
    }
]