[
    {
        "client_msg_id": "4510c696-a148-432e-ada1-2373a99f0d5f",
        "type": "message",
        "text": "Suggestion - whenever new resources are created in AWS, please add a Tag with your name as the resource owner or creator. For example \"createdby\" \"John Smith\". This will help identify the poc in case the resource needs to be terminated.",
        "user": "UL0GK1LJD",
        "ts": "1567166185.034400",
        "team": "TKRNGDFFZ",
        "user_team": "TKRNGDFFZ",
        "source_team": "TKRNGDFFZ",
        "user_profile": {
            "avatar_hash": "g8455934aab6",
            "image_72": "https:\/\/secure.gravatar.com\/avatar\/8455934aab6b3c7afceec7d3255ecd8b.jpg?s=72&d=https%3A%2F%2Fa.slack-edge.com%2F80588%2Fimg%2Favatars%2Fava_0004-72.png",
            "first_name": "",
            "real_name": "Vijay S Deshmukh",
            "display_name": "Vijay S Deshmukh",
            "team": "TKRNGDFFZ",
            "name": "vj_deshmukh",
            "is_restricted": false,
            "is_ultra_restricted": false
        },
        "edited": {
            "user": "UL0GK1LJD",
            "ts": "1567166210.000000"
        },
        "reactions": [
            {
                "name": "+1",
                "users": [
                    "UL284UA1J"
                ],
                "count": 1
            }
        ]
    },
    {
        "client_msg_id": "a2d50977-5a9e-444d-9f19-fd108fcf2cf3",
        "type": "message",
        "text": "A reminder note - Please prefix any IAM roles or policies you create with \"scrgt-bdso-\"",
        "user": "UL0GK1LJD",
        "ts": "1567166268.035200",
        "team": "TKRNGDFFZ",
        "user_team": "TKRNGDFFZ",
        "source_team": "TKRNGDFFZ",
        "user_profile": {
            "avatar_hash": "g8455934aab6",
            "image_72": "https:\/\/secure.gravatar.com\/avatar\/8455934aab6b3c7afceec7d3255ecd8b.jpg?s=72&d=https%3A%2F%2Fa.slack-edge.com%2F80588%2Fimg%2Favatars%2Fava_0004-72.png",
            "first_name": "",
            "real_name": "Vijay S Deshmukh",
            "display_name": "Vijay S Deshmukh",
            "team": "TKRNGDFFZ",
            "name": "vj_deshmukh",
            "is_restricted": false,
            "is_ultra_restricted": false
        }
    },
    {
        "client_msg_id": "a19a0180-5d37-4824-a8a5-8416bdeb0443",
        "type": "message",
        "text": "<!here> successful test run from bastion host. I’m going to destroy everything and go get lunch. after that is ocp initialization for dev\/test\/prod environments and pipeline test runs.",
        "user": "UKZFHHJQ4",
        "ts": "1567184219.036600",
        "team": "TKRNGDFFZ",
        "user_team": "TKRNGDFFZ",
        "source_team": "TKRNGDFFZ",
        "user_profile": {
            "avatar_hash": "gb862c6892b8",
            "image_72": "https:\/\/secure.gravatar.com\/avatar\/b862c6892b81861fb8d8490e98b04fb5.jpg?s=72&d=https%3A%2F%2Fa.slack-edge.com%2F80588%2Fimg%2Favatars%2Fava_0012-72.png",
            "first_name": "",
            "real_name": "Shawn Lassiter",
            "display_name": "",
            "team": "TKRNGDFFZ",
            "name": "shawn",
            "is_restricted": false,
            "is_ultra_restricted": false
        }
    },
    {
        "client_msg_id": "FDFF4289-FD2A-4CC3-A146-EC8B1B60F02C",
        "type": "message",
        "text": "<!channel> Do we have elastic search cluster? Also, how should people test the lambda function? Do we need to give them AWS keys?",
        "user": "UKR4GLQKF",
        "ts": "1567199727.038400",
        "team": "TKRNGDFFZ",
        "user_team": "TKRNGDFFZ",
        "source_team": "TKRNGDFFZ",
        "user_profile": {
            "avatar_hash": "gf6859e536fb",
            "image_72": "https:\/\/secure.gravatar.com\/avatar\/f6859e536fb63a6f9d862b2f3fb9684c.jpg?s=72&d=https%3A%2F%2Fa.slack-edge.com%2F80588%2Fimg%2Favatars%2Fava_0015-72.png",
            "first_name": "",
            "real_name": "Amit Yadav",
            "display_name": "",
            "team": "TKRNGDFFZ",
            "name": "amit",
            "is_restricted": false,
            "is_ultra_restricted": false
        }
    },
    {
        "client_msg_id": "6D7763C2-B800-4060-A282-B0E8FBF31C70",
        "type": "message",
        "text": "No elasticsearch. I can put on my to-do if nobody else is in it",
        "user": "UL284UA1J",
        "ts": "1567201026.039200",
        "team": "TKRNGDFFZ",
        "user_team": "TKRNGDFFZ",
        "source_team": "TKRNGDFFZ",
        "user_profile": {
            "avatar_hash": "g68abbeef961",
            "image_72": "https:\/\/secure.gravatar.com\/avatar\/68abbeef9611a51f2c362e3d99271b2e.jpg?s=72&d=https%3A%2F%2Fa.slack-edge.com%2F80588%2Fimg%2Favatars%2Fava_0015-72.png",
            "first_name": "",
            "real_name": "Gary Morris",
            "display_name": "Gary Morris",
            "team": "TKRNGDFFZ",
            "name": "gary.morris",
            "is_restricted": false,
            "is_ultra_restricted": false
        }
    },
    {
        "client_msg_id": "453D0C86-DDD5-47F6-B331-E51946BF0B7D",
        "type": "message",
        "text": "I can probably add it to the emr create. ",
        "user": "UL284UA1J",
        "ts": "1567201086.039300",
        "team": "TKRNGDFFZ",
        "user_team": "TKRNGDFFZ",
        "source_team": "TKRNGDFFZ",
        "user_profile": {
            "avatar_hash": "g68abbeef961",
            "image_72": "https:\/\/secure.gravatar.com\/avatar\/68abbeef9611a51f2c362e3d99271b2e.jpg?s=72&d=https%3A%2F%2Fa.slack-edge.com%2F80588%2Fimg%2Favatars%2Fava_0015-72.png",
            "first_name": "",
            "real_name": "Gary Morris",
            "display_name": "Gary Morris",
            "team": "TKRNGDFFZ",
            "name": "gary.morris",
            "is_restricted": false,
            "is_ultra_restricted": false
        }
    },
    {
        "client_msg_id": "28B787C9-4C0A-46B5-A670-541B4CA01982",
        "type": "message",
        "text": "Please do",
        "user": "UKR4GLQKF",
        "ts": "1567201101.039500",
        "team": "TKRNGDFFZ",
        "user_team": "TKRNGDFFZ",
        "source_team": "TKRNGDFFZ",
        "user_profile": {
            "avatar_hash": "gf6859e536fb",
            "image_72": "https:\/\/secure.gravatar.com\/avatar\/f6859e536fb63a6f9d862b2f3fb9684c.jpg?s=72&d=https%3A%2F%2Fa.slack-edge.com%2F80588%2Fimg%2Favatars%2Fava_0015-72.png",
            "first_name": "",
            "real_name": "Amit Yadav",
            "display_name": "",
            "team": "TKRNGDFFZ",
            "name": "amit",
            "is_restricted": false,
            "is_ultra_restricted": false
        }
    },
    {
        "client_msg_id": "8df58344-ed41-4d97-9978-d0f30deb91da",
        "type": "message",
        "text": "<!channel> We have following requests\n1. DS team needs access to S3, EMR\n2. Kundan needs ability to create Lambda functions and access to ElasticSearch\n3. Backend team needs access to S3 bucket to store celebrity content\nHow do we provide?",
        "user": "UKR4GLQKF",
        "ts": "1567202438.041600",
        "team": "TKRNGDFFZ",
        "user_team": "TKRNGDFFZ",
        "source_team": "TKRNGDFFZ",
        "user_profile": {
            "avatar_hash": "gf6859e536fb",
            "image_72": "https:\/\/secure.gravatar.com\/avatar\/f6859e536fb63a6f9d862b2f3fb9684c.jpg?s=72&d=https%3A%2F%2Fa.slack-edge.com%2F80588%2Fimg%2Favatars%2Fava_0015-72.png",
            "first_name": "",
            "real_name": "Amit Yadav",
            "display_name": "",
            "team": "TKRNGDFFZ",
            "name": "amit",
            "is_restricted": false,
            "is_ultra_restricted": false
        }
    },
    {
        "client_msg_id": "34f562df-c602-4eeb-9260-2c8c5674fde7",
        "type": "message",
        "text": "I think we can store credentials in openshift secrets if it comes to that, but a better solution is setting IAM roles for the instances. We'll be testing that out with Jenkins later tonight or tomorrow",
        "user": "UKZFHHJQ4",
        "ts": "1567202602.043500",
        "team": "TKRNGDFFZ",
        "user_team": "TKRNGDFFZ",
        "source_team": "TKRNGDFFZ",
        "user_profile": {
            "avatar_hash": "gb862c6892b8",
            "image_72": "https:\/\/secure.gravatar.com\/avatar\/b862c6892b81861fb8d8490e98b04fb5.jpg?s=72&d=https%3A%2F%2Fa.slack-edge.com%2F80588%2Fimg%2Favatars%2Fava_0012-72.png",
            "first_name": "",
            "real_name": "Shawn Lassiter",
            "display_name": "",
            "team": "TKRNGDFFZ",
            "name": "shawn",
            "is_restricted": false,
            "is_ultra_restricted": false
        }
    },
    {
        "client_msg_id": "c5a97019-eef7-4f65-8f2b-9da3a9642fd9",
        "type": "message",
        "text": "<https:\/\/docs.openshift.com\/container-platform\/3.11\/install_config\/configuring_aws.html#configuring-aws-permissions>",
        "user": "UKZFHHJQ4",
        "ts": "1567202689.043600",
        "team": "TKRNGDFFZ",
        "user_team": "TKRNGDFFZ",
        "source_team": "TKRNGDFFZ",
        "user_profile": {
            "avatar_hash": "gb862c6892b8",
            "image_72": "https:\/\/secure.gravatar.com\/avatar\/b862c6892b81861fb8d8490e98b04fb5.jpg?s=72&d=https%3A%2F%2Fa.slack-edge.com%2F80588%2Fimg%2Favatars%2Fava_0012-72.png",
            "first_name": "",
            "real_name": "Shawn Lassiter",
            "display_name": "",
            "team": "TKRNGDFFZ",
            "name": "shawn",
            "is_restricted": false,
            "is_ultra_restricted": false
        }
    },
    {
        "client_msg_id": "BF0CEBEC-02F9-4384-86E9-5474F4693C82",
        "type": "message",
        "text": "Set iam roles along with the instances in terraform right? Should probably do s3 bucket at that time too. Then a Jenkins job can copy data into the bucket and should write the bucket name to ssm parameter store. Probably there should be a folder structure in a repo whereby everything is recursively copied to s3 within a Jenkins aws s3 sync command",
        "user": "UL284UA1J",
        "ts": "1567203181.047200",
        "team": "TKRNGDFFZ",
        "user_team": "TKRNGDFFZ",
        "source_team": "TKRNGDFFZ",
        "user_profile": {
            "avatar_hash": "g68abbeef961",
            "image_72": "https:\/\/secure.gravatar.com\/avatar\/68abbeef9611a51f2c362e3d99271b2e.jpg?s=72&d=https%3A%2F%2Fa.slack-edge.com%2F80588%2Fimg%2Favatars%2Fava_0015-72.png",
            "first_name": "",
            "real_name": "Gary Morris",
            "display_name": "Gary Morris",
            "team": "TKRNGDFFZ",
            "name": "gary.morris",
            "is_restricted": false,
            "is_ultra_restricted": false
        }
    },
    {
        "client_msg_id": "25800f04-db63-4027-9628-43cda2c76616",
        "type": "message",
        "text": "<!channel> Found a better solution for the s3 access problem. Openshift already sets policies on the machines running the containers. I think we can just add S3 access to it, and go forward. I may need something to test it with once we are up and running",
        "user": "UKZFHHJQ4",
        "ts": "1567206346.049200",
        "team": "TKRNGDFFZ",
        "user_team": "TKRNGDFFZ",
        "source_team": "TKRNGDFFZ",
        "user_profile": {
            "avatar_hash": "gb862c6892b8",
            "image_72": "https:\/\/secure.gravatar.com\/avatar\/b862c6892b81861fb8d8490e98b04fb5.jpg?s=72&d=https%3A%2F%2Fa.slack-edge.com%2F80588%2Fimg%2Favatars%2Fava_0012-72.png",
            "first_name": "",
            "real_name": "Shawn Lassiter",
            "display_name": "",
            "team": "TKRNGDFFZ",
            "name": "shawn",
            "is_restricted": false,
            "is_ultra_restricted": false
        }
    },
    {
        "client_msg_id": "C795B5B2-E5A3-4A8C-9021-C370EFC976D1",
        "type": "message",
        "text": ":+1:",
        "user": "UKR4GLQKF",
        "ts": "1567206375.049400",
        "team": "TKRNGDFFZ",
        "user_team": "TKRNGDFFZ",
        "source_team": "TKRNGDFFZ",
        "user_profile": {
            "avatar_hash": "gf6859e536fb",
            "image_72": "https:\/\/secure.gravatar.com\/avatar\/f6859e536fb63a6f9d862b2f3fb9684c.jpg?s=72&d=https%3A%2F%2Fa.slack-edge.com%2F80588%2Fimg%2Favatars%2Fava_0015-72.png",
            "first_name": "",
            "real_name": "Amit Yadav",
            "display_name": "",
            "team": "TKRNGDFFZ",
            "name": "amit",
            "is_restricted": false,
            "is_ultra_restricted": false
        }
    },
    {
        "client_msg_id": "2C4F5ECD-3412-472F-8955-6B1FA8E9D0AD",
        "type": "message",
        "text": "Emr is outside of oc. It would just need the name of the bucket. Bucket names must be globally unique",
        "user": "UL284UA1J",
        "ts": "1567206430.050300",
        "team": "TKRNGDFFZ",
        "user_team": "TKRNGDFFZ",
        "source_team": "TKRNGDFFZ",
        "user_profile": {
            "avatar_hash": "g68abbeef961",
            "image_72": "https:\/\/secure.gravatar.com\/avatar\/68abbeef9611a51f2c362e3d99271b2e.jpg?s=72&d=https%3A%2F%2Fa.slack-edge.com%2F80588%2Fimg%2Favatars%2Fava_0015-72.png",
            "first_name": "",
            "real_name": "Gary Morris",
            "display_name": "Gary Morris",
            "team": "TKRNGDFFZ",
            "name": "gary.morris",
            "is_restricted": false,
            "is_ultra_restricted": false
        }
    },
    {
        "client_msg_id": "4a8dc2c6-80fe-4516-9727-e259d34c10c6",
        "type": "message",
        "text": "outside shouldn’t matter, right? we’re adding oc provisioning which can add global environment and secrets for access. as long as terraform returns these values on creation, it shouldn’t be a problem",
        "user": "UKZFHHJQ4",
        "ts": "1567206518.051500",
        "team": "TKRNGDFFZ",
        "user_team": "TKRNGDFFZ",
        "source_team": "TKRNGDFFZ",
        "user_profile": {
            "avatar_hash": "gb862c6892b8",
            "image_72": "https:\/\/secure.gravatar.com\/avatar\/b862c6892b81861fb8d8490e98b04fb5.jpg?s=72&d=https%3A%2F%2Fa.slack-edge.com%2F80588%2Fimg%2Favatars%2Fava_0012-72.png",
            "first_name": "",
            "real_name": "Shawn Lassiter",
            "display_name": "",
            "team": "TKRNGDFFZ",
            "name": "shawn",
            "is_restricted": false,
            "is_ultra_restricted": false
        }
    },
    {
        "client_msg_id": "d7e14905-0343-481b-bcf7-4801e8a2abca",
        "type": "message",
        "text": "(assuming everything works as expected…)",
        "user": "UKZFHHJQ4",
        "ts": "1567206725.051900",
        "team": "TKRNGDFFZ",
        "user_team": "TKRNGDFFZ",
        "source_team": "TKRNGDFFZ",
        "user_profile": {
            "avatar_hash": "gb862c6892b8",
            "image_72": "https:\/\/secure.gravatar.com\/avatar\/b862c6892b81861fb8d8490e98b04fb5.jpg?s=72&d=https%3A%2F%2Fa.slack-edge.com%2F80588%2Fimg%2Favatars%2Fava_0012-72.png",
            "first_name": "",
            "real_name": "Shawn Lassiter",
            "display_name": "",
            "team": "TKRNGDFFZ",
            "name": "shawn",
            "is_restricted": false,
            "is_ultra_restricted": false
        }
    },
    {
        "client_msg_id": "6567A3FF-E0C4-4768-8ACB-C4F95442F63D",
        "type": "message",
        "text": "So...you thinking to create S3 from OC? Or just access?",
        "user": "UKR4GLQKF",
        "ts": "1567206802.052800",
        "team": "TKRNGDFFZ",
        "user_team": "TKRNGDFFZ",
        "source_team": "TKRNGDFFZ",
        "user_profile": {
            "avatar_hash": "gf6859e536fb",
            "image_72": "https:\/\/secure.gravatar.com\/avatar\/f6859e536fb63a6f9d862b2f3fb9684c.jpg?s=72&d=https%3A%2F%2Fa.slack-edge.com%2F80588%2Fimg%2Favatars%2Fava_0015-72.png",
            "first_name": "",
            "real_name": "Amit Yadav",
            "display_name": "",
            "team": "TKRNGDFFZ",
            "name": "amit",
            "is_restricted": false,
            "is_ultra_restricted": false
        }
    },
    {
        "client_msg_id": "1CFEA0D5-5A77-461A-BD17-D2C5DDB60390",
        "type": "message",
        "text": "Whatever should be easy either way",
        "user": "UL284UA1J",
        "ts": "1567206864.053100",
        "team": "TKRNGDFFZ",
        "user_team": "TKRNGDFFZ",
        "source_team": "TKRNGDFFZ",
        "user_profile": {
            "avatar_hash": "g68abbeef961",
            "image_72": "https:\/\/secure.gravatar.com\/avatar\/68abbeef9611a51f2c362e3d99271b2e.jpg?s=72&d=https%3A%2F%2Fa.slack-edge.com%2F80588%2Fimg%2Favatars%2Fava_0015-72.png",
            "first_name": "",
            "real_name": "Gary Morris",
            "display_name": "Gary Morris",
            "team": "TKRNGDFFZ",
            "name": "gary.morris",
            "is_restricted": false,
            "is_ultra_restricted": false
        }
    },
    {
        "client_msg_id": "190A0962-408D-4977-ACF9-0F31A760B056",
        "type": "message",
        "text": "Personally I would think just doing in tf would be best. Keep infra together",
        "user": "UL284UA1J",
        "ts": "1567206931.053800",
        "team": "TKRNGDFFZ",
        "user_team": "TKRNGDFFZ",
        "source_team": "TKRNGDFFZ",
        "user_profile": {
            "avatar_hash": "g68abbeef961",
            "image_72": "https:\/\/secure.gravatar.com\/avatar\/68abbeef9611a51f2c362e3d99271b2e.jpg?s=72&d=https%3A%2F%2Fa.slack-edge.com%2F80588%2Fimg%2Favatars%2Fava_0015-72.png",
            "first_name": "",
            "real_name": "Gary Morris",
            "display_name": "Gary Morris",
            "team": "TKRNGDFFZ",
            "name": "gary.morris",
            "is_restricted": false,
            "is_ultra_restricted": false
        }
    },
    {
        "client_msg_id": "8602ef60-8bd0-490d-b71c-3f2dcd3b7ade",
        "type": "message",
        "text": "just access. can create with terraform or cloudformation if you prefer",
        "user": "UKZFHHJQ4",
        "ts": "1567207763.054200",
        "team": "TKRNGDFFZ",
        "user_team": "TKRNGDFFZ",
        "source_team": "TKRNGDFFZ",
        "user_profile": {
            "avatar_hash": "gb862c6892b8",
            "image_72": "https:\/\/secure.gravatar.com\/avatar\/b862c6892b81861fb8d8490e98b04fb5.jpg?s=72&d=https%3A%2F%2Fa.slack-edge.com%2F80588%2Fimg%2Favatars%2Fava_0012-72.png",
            "first_name": "",
            "real_name": "Shawn Lassiter",
            "display_name": "",
            "team": "TKRNGDFFZ",
            "name": "shawn",
            "is_restricted": false,
            "is_ultra_restricted": false
        }
    },
    {
        "client_msg_id": "6975d417-3ad5-4b56-88e9-4fef21b9e695",
        "type": "message",
        "text": "agreed",
        "user": "UKZFHHJQ4",
        "ts": "1567207772.054500",
        "team": "TKRNGDFFZ",
        "user_team": "TKRNGDFFZ",
        "source_team": "TKRNGDFFZ",
        "user_profile": {
            "avatar_hash": "gb862c6892b8",
            "image_72": "https:\/\/secure.gravatar.com\/avatar\/b862c6892b81861fb8d8490e98b04fb5.jpg?s=72&d=https%3A%2F%2Fa.slack-edge.com%2F80588%2Fimg%2Favatars%2Fava_0012-72.png",
            "first_name": "",
            "real_name": "Shawn Lassiter",
            "display_name": "",
            "team": "TKRNGDFFZ",
            "name": "shawn",
            "is_restricted": false,
            "is_ultra_restricted": false
        }
    }
]