[
    {
        "client_msg_id": "9f3c2542-4295-43ce-8633-307f32e29ec8",
        "type": "message",
        "text": "So I checked out the open source project and did a diff. looks like the egress 8443 port is missing from our config somehow. I’ve replaced it and am building a new cluster with the warning lights off (still fails otherwise) :crossed_fingers:",
        "user": "UKZFHHJQ4",
        "ts": "1567928519.185600",
        "team": "TKRNGDFFZ",
        "user_team": "TKRNGDFFZ",
        "source_team": "TKRNGDFFZ",
        "user_profile": {
            "avatar_hash": "gb862c6892b8",
            "image_72": "https:\/\/secure.gravatar.com\/avatar\/b862c6892b81861fb8d8490e98b04fb5.jpg?s=72&d=https%3A%2F%2Fa.slack-edge.com%2F80588%2Fimg%2Favatars%2Fava_0012-72.png",
            "first_name": "",
            "real_name": "Shawn Lassiter",
            "display_name": "",
            "team": "TKRNGDFFZ",
            "name": "shawn",
            "is_restricted": false,
            "is_ultra_restricted": false
        }
    },
    {
        "client_msg_id": "08617f21-a4de-4c31-945e-f7263a1d0015",
        "type": "message",
        "text": "and still nothing. it looks like the kubernetes control plane is up, but the console app is not.",
        "user": "UKZFHHJQ4",
        "ts": "1567930452.186700",
        "team": "TKRNGDFFZ",
        "user_team": "TKRNGDFFZ",
        "source_team": "TKRNGDFFZ",
        "user_profile": {
            "avatar_hash": "gb862c6892b8",
            "image_72": "https:\/\/secure.gravatar.com\/avatar\/b862c6892b81861fb8d8490e98b04fb5.jpg?s=72&d=https%3A%2F%2Fa.slack-edge.com%2F80588%2Fimg%2Favatars%2Fava_0012-72.png",
            "first_name": "",
            "real_name": "Shawn Lassiter",
            "display_name": "",
            "team": "TKRNGDFFZ",
            "name": "shawn",
            "is_restricted": false,
            "is_ultra_restricted": false
        }
    },
    {
        "client_msg_id": "11d4515c-f71c-4eaf-a551-e3f308b7ae69",
        "type": "message",
        "text": "ok, thanks. Am trying a code used in a diff env.",
        "user": "UL0GK1LJD",
        "ts": "1567939802.187300",
        "team": "TKRNGDFFZ",
        "user_team": "TKRNGDFFZ",
        "source_team": "TKRNGDFFZ",
        "user_profile": {
            "avatar_hash": "g8455934aab6",
            "image_72": "https:\/\/secure.gravatar.com\/avatar\/8455934aab6b3c7afceec7d3255ecd8b.jpg?s=72&d=https%3A%2F%2Fa.slack-edge.com%2F80588%2Fimg%2Favatars%2Fava_0004-72.png",
            "first_name": "",
            "real_name": "Vijay S Deshmukh",
            "display_name": "Vijay S Deshmukh",
            "team": "TKRNGDFFZ",
            "name": "vj_deshmukh",
            "is_restricted": false,
            "is_ultra_restricted": false
        }
    },
    {
        "client_msg_id": "978cea39-bfa1-40ba-aa22-3959589aded7",
        "type": "message",
        "text": "one thing is that even if i specify diff version than 3.11, the playbook  stll seems to use 3.11 internally",
        "user": "UL0GK1LJD",
        "ts": "1567943196.188400",
        "team": "TKRNGDFFZ",
        "user_team": "TKRNGDFFZ",
        "source_team": "TKRNGDFFZ",
        "user_profile": {
            "avatar_hash": "g8455934aab6",
            "image_72": "https:\/\/secure.gravatar.com\/avatar\/8455934aab6b3c7afceec7d3255ecd8b.jpg?s=72&d=https%3A%2F%2Fa.slack-edge.com%2F80588%2Fimg%2Favatars%2Fava_0004-72.png",
            "first_name": "",
            "real_name": "Vijay S Deshmukh",
            "display_name": "Vijay S Deshmukh",
            "team": "TKRNGDFFZ",
            "name": "vj_deshmukh",
            "is_restricted": false,
            "is_ultra_restricted": false
        }
    },
    {
        "client_msg_id": "c8bafaf8-d9eb-4faf-bf4a-2caddec6349c",
        "type": "message",
        "text": "Details:  check \"docker_image_availability\":\n               One or more required container images are not available:\n                   <http:\/\/docker.io\/cockpit\/kubernetes:latest|docker.io\/cockpit\/kubernetes:latest>,\n                   <http:\/\/docker.io\/openshift\/origin-deployer:v3.11|docker.io\/openshift\/origin-deployer:v3.11>,\n                   <http:\/\/docker.io\/openshift\/origin-docker-registry:v3.11|docker.io\/openshift\/origin-docker-registry:v3.11>,\n                   <http:\/\/docker.io\/openshift\/origin-haproxy-router:v3.11|docker.io\/openshift\/origin-haproxy-router:v3.11>,\n                   <http:\/\/docker.io\/openshift\/origin-pod:v3.11|docker.io\/openshift\/origin-pod:v3.11>",
        "user": "UL0GK1LJD",
        "ts": "1567943206.188600",
        "team": "TKRNGDFFZ",
        "user_team": "TKRNGDFFZ",
        "source_team": "TKRNGDFFZ",
        "user_profile": {
            "avatar_hash": "g8455934aab6",
            "image_72": "https:\/\/secure.gravatar.com\/avatar\/8455934aab6b3c7afceec7d3255ecd8b.jpg?s=72&d=https%3A%2F%2Fa.slack-edge.com%2F80588%2Fimg%2Favatars%2Fava_0004-72.png",
            "first_name": "",
            "real_name": "Vijay S Deshmukh",
            "display_name": "Vijay S Deshmukh",
            "team": "TKRNGDFFZ",
            "name": "vj_deshmukh",
            "is_restricted": false,
            "is_ultra_restricted": false
        }
    },
    {
        "client_msg_id": "86557826-7eca-4e92-bcfa-2596d82646f3",
        "type": "message",
        "text": "i had used git branch for 4.0",
        "user": "UL0GK1LJD",
        "ts": "1567943225.189000",
        "team": "TKRNGDFFZ",
        "user_team": "TKRNGDFFZ",
        "source_team": "TKRNGDFFZ",
        "user_profile": {
            "avatar_hash": "g8455934aab6",
            "image_72": "https:\/\/secure.gravatar.com\/avatar\/8455934aab6b3c7afceec7d3255ecd8b.jpg?s=72&d=https%3A%2F%2Fa.slack-edge.com%2F80588%2Fimg%2Favatars%2Fava_0004-72.png",
            "first_name": "",
            "real_name": "Vijay S Deshmukh",
            "display_name": "Vijay S Deshmukh",
            "team": "TKRNGDFFZ",
            "name": "vj_deshmukh",
            "is_restricted": false,
            "is_ultra_restricted": false
        }
    },
    {
        "client_msg_id": "4f479594-f8a0-42a6-9f0a-a9248d51edd5",
        "type": "message",
        "text": "Used version 3.9 and this time it went past the health checks. However get a diff error:\nTASK [openshift_master_facts : Set Default scheduler predicates and priorities] ***\nfatal: [ip-10-0-1-60.us-east-2.compute.internal]: FAILED! =&gt; {\"msg\": \"An unhandled exception occurred while running the lookup plugin 'openshift_master_facts_default_predicates'. Error was a &lt;class 'ansible.errors.AnsibleError'&gt;, original message: Unknown short_version 3.11\"}\n        to retry, use: --limit @\/home\/ec2-user\/openshift-ansible\/playbooks\/deploy_cluster.retry\n\nPLAY RECAP *********************************************************************\nip-10-0-1-141.us-east-2.compute.internal : ok=28   changed=1    unreachable=0    failed=0\nip-10-0-1-60.us-east-2.compute.internal : ok=116  changed=5    unreachable=0    failed=1\nip-10-0-1-96.us-east-2.compute.internal : ok=28   changed=1    unreachable=0    failed=0\nlocalhost                  : ok=11   changed=0    unreachable=0    failed=0\n\n\nINSTALLER STATUS ***************************************************************\nInitialization             : Complete (0:00:30)\nHealth Check               : Complete (0:00:23)\netcd Install               : Complete (0:00:37)\nMaster Install             : In Progress (0:00:02)\n        This phase can be restarted by running: playbooks\/openshift-master\/config.yml\n\n\n\nFailure summary:\n\n\n  1. Hosts:    ip-10-0-1-60.us-east-2.compute.internal\n     Play:     Create OpenShift certificates for master hosts\n     Task:     Set Default scheduler predicates and priorities\n     Message:  An unhandled exception occurred while running the lookup plugin 'openshift_master_facts_default_predicates'. Error was a &lt;class 'ansible.errors.AnsibleError'&gt;, original message: Unknown short_version 3.11\nmake: *** [makefile:16: openshift] Error 2",
        "user": "UL0GK1LJD",
        "ts": "1567944716.189700",
        "team": "TKRNGDFFZ",
        "user_team": "TKRNGDFFZ",
        "source_team": "TKRNGDFFZ",
        "user_profile": {
            "avatar_hash": "g8455934aab6",
            "image_72": "https:\/\/secure.gravatar.com\/avatar\/8455934aab6b3c7afceec7d3255ecd8b.jpg?s=72&d=https%3A%2F%2Fa.slack-edge.com%2F80588%2Fimg%2Favatars%2Fava_0004-72.png",
            "first_name": "",
            "real_name": "Vijay S Deshmukh",
            "display_name": "Vijay S Deshmukh",
            "team": "TKRNGDFFZ",
            "name": "vj_deshmukh",
            "is_restricted": false,
            "is_ultra_restricted": false
        },
        "edited": {
            "user": "UL0GK1LJD",
            "ts": "1567944835.000000"
        }
    },
    {
        "client_msg_id": "AA043E21-AD17-40B1-AC81-AF7C98F800BF",
        "type": "message",
        "text": "Are you using master branch from openshift ansible?",
        "user": "UKR4GLQKF",
        "ts": "1567945949.190900",
        "team": "TKRNGDFFZ",
        "user_team": "TKRNGDFFZ",
        "source_team": "TKRNGDFFZ",
        "user_profile": {
            "avatar_hash": "gf6859e536fb",
            "image_72": "https:\/\/secure.gravatar.com\/avatar\/f6859e536fb63a6f9d862b2f3fb9684c.jpg?s=72&d=https%3A%2F%2Fa.slack-edge.com%2F80588%2Fimg%2Favatars%2Fava_0015-72.png",
            "first_name": "",
            "real_name": "Amit Yadav",
            "display_name": "",
            "team": "TKRNGDFFZ",
            "name": "amit",
            "is_restricted": false,
            "is_ultra_restricted": false
        }
    },
    {
        "client_msg_id": "B82011CD-D410-4615-9DEE-A905BEC7A4D3",
        "type": "message",
        "text": "Or 3.11 branch? There is also 3.9 branch",
        "user": "UKR4GLQKF",
        "ts": "1567945971.191600",
        "team": "TKRNGDFFZ",
        "user_team": "TKRNGDFFZ",
        "source_team": "TKRNGDFFZ",
        "user_profile": {
            "avatar_hash": "gf6859e536fb",
            "image_72": "https:\/\/secure.gravatar.com\/avatar\/f6859e536fb63a6f9d862b2f3fb9684c.jpg?s=72&d=https%3A%2F%2Fa.slack-edge.com%2F80588%2Fimg%2Favatars%2Fava_0015-72.png",
            "first_name": "",
            "real_name": "Amit Yadav",
            "display_name": "",
            "team": "TKRNGDFFZ",
            "name": "amit",
            "is_restricted": false,
            "is_ultra_restricted": false
        }
    },
    {
        "client_msg_id": "3bafdefd-43f6-4859-84c3-645e34ea43e2",
        "type": "message",
        "text": "<https:\/\/github.com\/SalientCRGT\/openshift-ansible>",
        "user": "UKZFHHJQ4",
        "ts": "1567954764.191800",
        "team": "TKRNGDFFZ",
        "user_team": "TKRNGDFFZ",
        "source_team": "TKRNGDFFZ",
        "user_profile": {
            "avatar_hash": "gb862c6892b8",
            "image_72": "https:\/\/secure.gravatar.com\/avatar\/b862c6892b81861fb8d8490e98b04fb5.jpg?s=72&d=https%3A%2F%2Fa.slack-edge.com%2F80588%2Fimg%2Favatars%2Fava_0012-72.png",
            "first_name": "",
            "real_name": "Shawn Lassiter",
            "display_name": "",
            "team": "TKRNGDFFZ",
            "name": "shawn",
            "is_restricted": false,
            "is_ultra_restricted": false
        }
    },
    {
        "client_msg_id": "e5b58bae-3c09-4b93-ba30-bcf576fed961",
        "type": "message",
        "text": "ok, try 2, openshift setup works also",
        "user": "UKZFHHJQ4",
        "ts": "1567958131.192100",
        "team": "TKRNGDFFZ",
        "user_team": "TKRNGDFFZ",
        "source_team": "TKRNGDFFZ",
        "user_profile": {
            "avatar_hash": "gb862c6892b8",
            "image_72": "https:\/\/secure.gravatar.com\/avatar\/b862c6892b81861fb8d8490e98b04fb5.jpg?s=72&d=https%3A%2F%2Fa.slack-edge.com%2F80588%2Fimg%2Favatars%2Fava_0012-72.png",
            "first_name": "",
            "real_name": "Shawn Lassiter",
            "display_name": "",
            "team": "TKRNGDFFZ",
            "name": "shawn",
            "is_restricted": false,
            "is_ultra_restricted": false
        }
    },
    {
        "client_msg_id": "cb020129-1391-43a1-87f9-2d290140aaf4",
        "type": "message",
        "text": "here’s the pull request:",
        "user": "UKZFHHJQ4",
        "ts": "1567958135.192300",
        "team": "TKRNGDFFZ",
        "user_team": "TKRNGDFFZ",
        "source_team": "TKRNGDFFZ",
        "user_profile": {
            "avatar_hash": "gb862c6892b8",
            "image_72": "https:\/\/secure.gravatar.com\/avatar\/b862c6892b81861fb8d8490e98b04fb5.jpg?s=72&d=https%3A%2F%2Fa.slack-edge.com%2F80588%2Fimg%2Favatars%2Fava_0012-72.png",
            "first_name": "",
            "real_name": "Shawn Lassiter",
            "display_name": "",
            "team": "TKRNGDFFZ",
            "name": "shawn",
            "is_restricted": false,
            "is_ultra_restricted": false
        }
    },
    {
        "client_msg_id": "453839ec-2eed-4dfe-8c96-5a069dd5e06d",
        "type": "message",
        "text": "<https:\/\/github.com\/SalientCRGT\/scrgt-bdso-cc-startup\/pull\/36>",
        "user": "UKZFHHJQ4",
        "ts": "1567958136.192500",
        "team": "TKRNGDFFZ",
        "user_team": "TKRNGDFFZ",
        "source_team": "TKRNGDFFZ",
        "user_profile": {
            "avatar_hash": "gb862c6892b8",
            "image_72": "https:\/\/secure.gravatar.com\/avatar\/b862c6892b81861fb8d8490e98b04fb5.jpg?s=72&d=https%3A%2F%2Fa.slack-edge.com%2F80588%2Fimg%2Favatars%2Fava_0012-72.png",
            "first_name": "",
            "real_name": "Shawn Lassiter",
            "display_name": "",
            "team": "TKRNGDFFZ",
            "name": "shawn",
            "is_restricted": false,
            "is_ultra_restricted": false
        }
    },
    {
        "client_msg_id": "a9fd1a7b-b52c-4d78-9a90-82e6da5a9526",
        "type": "message",
        "text": "<!here> can i get approval for merge?",
        "user": "UKZFHHJQ4",
        "ts": "1567959567.192900",
        "team": "TKRNGDFFZ",
        "user_team": "TKRNGDFFZ",
        "source_team": "TKRNGDFFZ",
        "user_profile": {
            "avatar_hash": "gb862c6892b8",
            "image_72": "https:\/\/secure.gravatar.com\/avatar\/b862c6892b81861fb8d8490e98b04fb5.jpg?s=72&d=https%3A%2F%2Fa.slack-edge.com%2F80588%2Fimg%2Favatars%2Fava_0012-72.png",
            "first_name": "",
            "real_name": "Shawn Lassiter",
            "display_name": "",
            "team": "TKRNGDFFZ",
            "name": "shawn",
            "is_restricted": false,
            "is_ultra_restricted": false
        }
    },
    {
        "client_msg_id": "46e464d2-e1f8-4c04-afd6-1ba16d6d8fc6",
        "type": "message",
        "text": "Approved.",
        "user": "UL0GK1LJD",
        "ts": "1567959963.193300",
        "team": "TKRNGDFFZ",
        "user_team": "TKRNGDFFZ",
        "source_team": "TKRNGDFFZ",
        "user_profile": {
            "avatar_hash": "g8455934aab6",
            "image_72": "https:\/\/secure.gravatar.com\/avatar\/8455934aab6b3c7afceec7d3255ecd8b.jpg?s=72&d=https%3A%2F%2Fa.slack-edge.com%2F80588%2Fimg%2Favatars%2Fava_0004-72.png",
            "first_name": "",
            "real_name": "Vijay S Deshmukh",
            "display_name": "Vijay S Deshmukh",
            "team": "TKRNGDFFZ",
            "name": "vj_deshmukh",
            "is_restricted": false,
            "is_ultra_restricted": false
        }
    },
    {
        "client_msg_id": "e6b43b2b-fe07-47b8-96e2-104c30fbeb1d",
        "type": "message",
        "text": "thanks",
        "user": "UKZFHHJQ4",
        "ts": "1567960879.193500",
        "team": "TKRNGDFFZ",
        "user_team": "TKRNGDFFZ",
        "source_team": "TKRNGDFFZ",
        "user_profile": {
            "avatar_hash": "gb862c6892b8",
            "image_72": "https:\/\/secure.gravatar.com\/avatar\/b862c6892b81861fb8d8490e98b04fb5.jpg?s=72&d=https%3A%2F%2Fa.slack-edge.com%2F80588%2Fimg%2Favatars%2Fava_0012-72.png",
            "first_name": "",
            "real_name": "Shawn Lassiter",
            "display_name": "",
            "team": "TKRNGDFFZ",
            "name": "shawn",
            "is_restricted": false,
            "is_ultra_restricted": false
        }
    },
    {
        "client_msg_id": "b2f5cd6d-91a6-4718-9fc9-2f0cf64690e4",
        "type": "message",
        "text": "<@UKZFHHJQ4> please review and merge PR - Automation testing trace #38",
        "user": "UL0GK1LJD",
        "ts": "1567961278.193900",
        "team": "TKRNGDFFZ",
        "user_team": "TKRNGDFFZ",
        "source_team": "TKRNGDFFZ",
        "user_profile": {
            "avatar_hash": "g8455934aab6",
            "image_72": "https:\/\/secure.gravatar.com\/avatar\/8455934aab6b3c7afceec7d3255ecd8b.jpg?s=72&d=https%3A%2F%2Fa.slack-edge.com%2F80588%2Fimg%2Favatars%2Fava_0004-72.png",
            "first_name": "",
            "real_name": "Vijay S Deshmukh",
            "display_name": "Vijay S Deshmukh",
            "team": "TKRNGDFFZ",
            "name": "vj_deshmukh",
            "is_restricted": false,
            "is_ultra_restricted": false
        }
    },
    {
        "client_msg_id": "72a73b58-50c8-4c86-8d28-8debbbaa6c7c",
        "type": "message",
        "text": "<https:\/\/github.com\/SalientCRGT\/scrgt-bdso-cc-startup\/pull\/40>",
        "user": "UKZFHHJQ4",
        "ts": "1567970324.194100",
        "team": "TKRNGDFFZ",
        "user_team": "TKRNGDFFZ",
        "source_team": "TKRNGDFFZ",
        "user_profile": {
            "avatar_hash": "gb862c6892b8",
            "image_72": "https:\/\/secure.gravatar.com\/avatar\/b862c6892b81861fb8d8490e98b04fb5.jpg?s=72&d=https%3A%2F%2Fa.slack-edge.com%2F80588%2Fimg%2Favatars%2Fava_0012-72.png",
            "first_name": "",
            "real_name": "Shawn Lassiter",
            "display_name": "",
            "team": "TKRNGDFFZ",
            "name": "shawn",
            "is_restricted": false,
            "is_ultra_restricted": false
        }
    },
    {
        "client_msg_id": "bde44d31-d316-4b9e-9d5a-cfbe7b7decd9",
        "type": "message",
        "text": "<!here> is pull request 1\/2 ^^^",
        "user": "UKZFHHJQ4",
        "ts": "1567970342.194500",
        "team": "TKRNGDFFZ",
        "user_team": "TKRNGDFFZ",
        "source_team": "TKRNGDFFZ",
        "user_profile": {
            "avatar_hash": "gb862c6892b8",
            "image_72": "https:\/\/secure.gravatar.com\/avatar\/b862c6892b81861fb8d8490e98b04fb5.jpg?s=72&d=https%3A%2F%2Fa.slack-edge.com%2F80588%2Fimg%2Favatars%2Fava_0012-72.png",
            "first_name": "",
            "real_name": "Shawn Lassiter",
            "display_name": "",
            "team": "TKRNGDFFZ",
            "name": "shawn",
            "is_restricted": false,
            "is_ultra_restricted": false
        }
    },
    {
        "client_msg_id": "c371f64e-93be-4e33-905d-e89dd0cd6d5e",
        "type": "message",
        "text": "<!channel> <https:\/\/github.com\/terraform-aws-modules\/terraform-aws-iam\/tree\/master\/examples\/iam-user> Sample terraform to get AWS keys for IAM user",
        "user": "UKR4GLQKF",
        "ts": "1567976557.195600",
        "team": "TKRNGDFFZ",
        "user_team": "TKRNGDFFZ",
        "source_team": "TKRNGDFFZ",
        "user_profile": {
            "avatar_hash": "gf6859e536fb",
            "image_72": "https:\/\/secure.gravatar.com\/avatar\/f6859e536fb63a6f9d862b2f3fb9684c.jpg?s=72&d=https%3A%2F%2Fa.slack-edge.com%2F80588%2Fimg%2Favatars%2Fava_0015-72.png",
            "first_name": "",
            "real_name": "Amit Yadav",
            "display_name": "",
            "team": "TKRNGDFFZ",
            "name": "amit",
            "is_restricted": false,
            "is_ultra_restricted": false
        },
        "attachments": [
            {
                "service_name": "GitHub",
                "title": "terraform-aws-modules\/terraform-aws-iam",
                "title_link": "https:\/\/github.com\/terraform-aws-modules\/terraform-aws-iam\/tree\/master\/examples\/iam-user",
                "text": "Terraform module which creates IAM resources on AWS - terraform-aws-modules\/terraform-aws-iam",
                "fallback": "GitHub: terraform-aws-modules\/terraform-aws-iam",
                "thumb_url": "https:\/\/avatars2.githubusercontent.com\/u\/31414033?s=400&v=4",
                "from_url": "https:\/\/github.com\/terraform-aws-modules\/terraform-aws-iam\/tree\/master\/examples\/iam-user",
                "thumb_width": 400,
                "thumb_height": 400,
                "service_icon": "https:\/\/a.slack-edge.com\/bfaba\/img\/unfurl_icons\/github.png",
                "id": 1,
                "original_url": "https:\/\/github.com\/terraform-aws-modules\/terraform-aws-iam\/tree\/master\/examples\/iam-user"
            }
        ]
    },
    {
        "client_msg_id": "f7860fea-60d1-4c1c-a8a3-a54907bf5cb4",
        "type": "message",
        "text": "That could work",
        "user": "UKZFHHJQ4",
        "ts": "1567976599.196100",
        "team": "TKRNGDFFZ",
        "user_team": "TKRNGDFFZ",
        "source_team": "TKRNGDFFZ",
        "user_profile": {
            "avatar_hash": "gb862c6892b8",
            "image_72": "https:\/\/secure.gravatar.com\/avatar\/b862c6892b81861fb8d8490e98b04fb5.jpg?s=72&d=https%3A%2F%2Fa.slack-edge.com%2F80588%2Fimg%2Favatars%2Fava_0012-72.png",
            "first_name": "",
            "real_name": "Shawn Lassiter",
            "display_name": "",
            "team": "TKRNGDFFZ",
            "name": "shawn",
            "is_restricted": false,
            "is_ultra_restricted": false
        }
    },
    {
        "client_msg_id": "13ba15b0-d00d-4a21-aebd-171843d4e742",
        "type": "message",
        "text": "Please copy <https:\/\/github.com\/SalientCRGT\/scrgt-bdso-cc-datascience\/tree\/master\/datapipeline\/data> into dev, test and prod S3 buckets during data science pipeline",
        "user": "UKR4GLQKF",
        "ts": "1567981148.197000",
        "team": "TKRNGDFFZ",
        "user_team": "TKRNGDFFZ",
        "source_team": "TKRNGDFFZ",
        "user_profile": {
            "avatar_hash": "gf6859e536fb",
            "image_72": "https:\/\/secure.gravatar.com\/avatar\/f6859e536fb63a6f9d862b2f3fb9684c.jpg?s=72&d=https%3A%2F%2Fa.slack-edge.com%2F80588%2Fimg%2Favatars%2Fava_0015-72.png",
            "first_name": "",
            "real_name": "Amit Yadav",
            "display_name": "",
            "team": "TKRNGDFFZ",
            "name": "amit",
            "is_restricted": false,
            "is_ultra_restricted": false
        }
    },
    {
        "client_msg_id": "6172d89c-078c-4966-a221-b5fcb30e774b",
        "type": "message",
        "text": "and then call <http:\/\/scrgt-bdso-celebrity-dev.ocp.bdso.salientcrgt-bdso.com\/api\/v1\/buckets> for dev",
        "user": "UKR4GLQKF",
        "ts": "1567981276.197400",
        "team": "TKRNGDFFZ",
        "user_team": "TKRNGDFFZ",
        "source_team": "TKRNGDFFZ",
        "user_profile": {
            "avatar_hash": "gf6859e536fb",
            "image_72": "https:\/\/secure.gravatar.com\/avatar\/f6859e536fb63a6f9d862b2f3fb9684c.jpg?s=72&d=https%3A%2F%2Fa.slack-edge.com%2F80588%2Fimg%2Favatars%2Fava_0015-72.png",
            "first_name": "",
            "real_name": "Amit Yadav",
            "display_name": "",
            "team": "TKRNGDFFZ",
            "name": "amit",
            "is_restricted": false,
            "is_ultra_restricted": false
        },
        "edited": {
            "user": "UKR4GLQKF",
            "ts": "1567981630.000000"
        }
    },
    {
        "client_msg_id": "9f9bf0ff-d1b5-425e-afdd-8b297d6caaef",
        "type": "message",
        "text": "<http:\/\/scrgt-bdso-celebrity-test.ocp.bdso.salientcrgt-bdso.com\/api\/v1\/buckets>",
        "user": "UKR4GLQKF",
        "ts": "1567981286.197600",
        "team": "TKRNGDFFZ",
        "user_team": "TKRNGDFFZ",
        "source_team": "TKRNGDFFZ",
        "user_profile": {
            "avatar_hash": "gf6859e536fb",
            "image_72": "https:\/\/secure.gravatar.com\/avatar\/f6859e536fb63a6f9d862b2f3fb9684c.jpg?s=72&d=https%3A%2F%2Fa.slack-edge.com%2F80588%2Fimg%2Favatars%2Fava_0015-72.png",
            "first_name": "",
            "real_name": "Amit Yadav",
            "display_name": "",
            "team": "TKRNGDFFZ",
            "name": "amit",
            "is_restricted": false,
            "is_ultra_restricted": false
        },
        "edited": {
            "user": "UKR4GLQKF",
            "ts": "1567981657.000000"
        }
    },
    {
        "client_msg_id": "a2ad9a7e-a608-4eed-b0a0-4cf4ed222468",
        "type": "message",
        "text": "<http:\/\/scrgt-bdso-celebrity-prod.ocp.bdso.salientcrgt-bdso.com\/api\/v1\/buckets>",
        "user": "UKR4GLQKF",
        "ts": "1567981293.197800",
        "team": "TKRNGDFFZ",
        "user_team": "TKRNGDFFZ",
        "source_team": "TKRNGDFFZ",
        "user_profile": {
            "avatar_hash": "gf6859e536fb",
            "image_72": "https:\/\/secure.gravatar.com\/avatar\/f6859e536fb63a6f9d862b2f3fb9684c.jpg?s=72&d=https%3A%2F%2Fa.slack-edge.com%2F80588%2Fimg%2Favatars%2Fava_0015-72.png",
            "first_name": "",
            "real_name": "Amit Yadav",
            "display_name": "",
            "team": "TKRNGDFFZ",
            "name": "amit",
            "is_restricted": false,
            "is_ultra_restricted": false
        },
        "edited": {
            "user": "UKR4GLQKF",
            "ts": "1567981668.000000"
        }
    },
    {
        "client_msg_id": "c95ea053-9e01-4e55-950e-9bfe0058f411",
        "type": "message",
        "text": "<@UL0GK1LJD> Reviewing <https:\/\/github.com\/SalientCRGT\/scrgt-bdso-cc-datascience\/blob\/develop\/facialRecognition\/Jenkinsfile>. This doesn't seem right place to S3 copy. You most probably need to create another Jenkinsfile S3 copy.",
        "user": "UKR4GLQKF",
        "ts": "1567997473.199300",
        "team": "TKRNGDFFZ",
        "user_team": "TKRNGDFFZ",
        "source_team": "TKRNGDFFZ",
        "user_profile": {
            "avatar_hash": "gf6859e536fb",
            "image_72": "https:\/\/secure.gravatar.com\/avatar\/f6859e536fb63a6f9d862b2f3fb9684c.jpg?s=72&d=https%3A%2F%2Fa.slack-edge.com%2F80588%2Fimg%2Favatars%2Fava_0015-72.png",
            "first_name": "",
            "real_name": "Amit Yadav",
            "display_name": "",
            "team": "TKRNGDFFZ",
            "name": "amit",
            "is_restricted": false,
            "is_ultra_restricted": false
        }
    },
    {
        "client_msg_id": "231e35ac-bb54-4192-b253-f945624c5d4a",
        "type": "message",
        "text": "We may simply copy as part of the build and not include in a Jenkinsfile. Would there be a need to ‘refresh’ after the initial build?  If not, then perhaps we don’t need as a jenkinsfile",
        "user": "UL284UA1J",
        "ts": "1568001154.200100",
        "team": "TKRNGDFFZ",
        "user_team": "TKRNGDFFZ",
        "source_team": "TKRNGDFFZ",
        "user_profile": {
            "avatar_hash": "g68abbeef961",
            "image_72": "https:\/\/secure.gravatar.com\/avatar\/68abbeef9611a51f2c362e3d99271b2e.jpg?s=72&d=https%3A%2F%2Fa.slack-edge.com%2F80588%2Fimg%2Favatars%2Fava_0015-72.png",
            "first_name": "",
            "real_name": "Gary Morris",
            "display_name": "Gary Morris",
            "team": "TKRNGDFFZ",
            "name": "gary.morris",
            "is_restricted": false,
            "is_ultra_restricted": false
        }
    },
    {
        "client_msg_id": "51AF9F6E-D387-428D-A7D6-3DDF8C358333",
        "type": "message",
        "text": "It will be one time thing ",
        "user": "UKR4GLQKF",
        "ts": "1568002105.200700",
        "team": "TKRNGDFFZ",
        "user_team": "TKRNGDFFZ",
        "source_team": "TKRNGDFFZ",
        "user_profile": {
            "avatar_hash": "gf6859e536fb",
            "image_72": "https:\/\/secure.gravatar.com\/avatar\/f6859e536fb63a6f9d862b2f3fb9684c.jpg?s=72&d=https%3A%2F%2Fa.slack-edge.com%2F80588%2Fimg%2Favatars%2Fava_0015-72.png",
            "first_name": "",
            "real_name": "Amit Yadav",
            "display_name": "",
            "team": "TKRNGDFFZ",
            "name": "amit",
            "is_restricted": false,
            "is_ultra_restricted": false
        }
    },
    {
        "client_msg_id": "E0D9ED3D-DDEB-422F-B87D-A251AA95C2C5",
        "type": "message",
        "text": "So, copy will be sufficient ",
        "user": "UKR4GLQKF",
        "ts": "1568002120.201200",
        "team": "TKRNGDFFZ",
        "user_team": "TKRNGDFFZ",
        "source_team": "TKRNGDFFZ",
        "user_profile": {
            "avatar_hash": "gf6859e536fb",
            "image_72": "https:\/\/secure.gravatar.com\/avatar\/f6859e536fb63a6f9d862b2f3fb9684c.jpg?s=72&d=https%3A%2F%2Fa.slack-edge.com%2F80588%2Fimg%2Favatars%2Fava_0015-72.png",
            "first_name": "",
            "real_name": "Amit Yadav",
            "display_name": "",
            "team": "TKRNGDFFZ",
            "name": "amit",
            "is_restricted": false,
            "is_ultra_restricted": false
        }
    }
]