[
    {
        "client_msg_id": "d4d29e05-ea30-4d62-b0d1-ee00500a5f64",
        "type": "message",
        "text": "yes, I was sleeping. I have insomnia and wake up around now most days. this is why I really can’t stay up much past 21:00, and if I do I’m not of much use anyway.",
        "user": "UKZFHHJQ4",
        "ts": "1566978389.001300",
        "team": "TKRNGDFFZ",
        "user_team": "TKRNGDFFZ",
        "source_team": "TKRNGDFFZ",
        "user_profile": {
            "avatar_hash": "gb862c6892b8",
            "image_72": "https:\/\/secure.gravatar.com\/avatar\/b862c6892b81861fb8d8490e98b04fb5.jpg?s=72&d=https%3A%2F%2Fa.slack-edge.com%2F80588%2Fimg%2Favatars%2Fava_0012-72.png",
            "first_name": "",
            "real_name": "Shawn Lassiter",
            "display_name": "",
            "team": "TKRNGDFFZ",
            "name": "shawn",
            "is_restricted": false,
            "is_ultra_restricted": false
        }
    },
    {
        "client_msg_id": "ee5a3d50-b151-4071-ac97-f039c43eb4d3",
        "type": "message",
        "text": "responding to the email chain.",
        "user": "UKZFHHJQ4",
        "ts": "1566978411.001800",
        "team": "TKRNGDFFZ",
        "user_team": "TKRNGDFFZ",
        "source_team": "TKRNGDFFZ",
        "user_profile": {
            "avatar_hash": "gb862c6892b8",
            "image_72": "https:\/\/secure.gravatar.com\/avatar\/b862c6892b81861fb8d8490e98b04fb5.jpg?s=72&d=https%3A%2F%2Fa.slack-edge.com%2F80588%2Fimg%2Favatars%2Fava_0012-72.png",
            "first_name": "",
            "real_name": "Shawn Lassiter",
            "display_name": "",
            "team": "TKRNGDFFZ",
            "name": "shawn",
            "is_restricted": false,
            "is_ultra_restricted": false
        }
    },
    {
        "client_msg_id": "340D9B77-D06E-42AA-A82C-2F0D5F55451C",
        "type": "message",
        "text": "<!channel> I am on the call ",
        "user": "UKR4GLQKF",
        "ts": "1566995827.002500",
        "team": "TKRNGDFFZ",
        "user_team": "TKRNGDFFZ",
        "source_team": "TKRNGDFFZ",
        "user_profile": {
            "avatar_hash": "gf6859e536fb",
            "image_72": "https:\/\/secure.gravatar.com\/avatar\/f6859e536fb63a6f9d862b2f3fb9684c.jpg?s=72&d=https%3A%2F%2Fa.slack-edge.com%2F80588%2Fimg%2Favatars%2Fava_0015-72.png",
            "first_name": "",
            "real_name": "Amit Yadav",
            "display_name": "",
            "team": "TKRNGDFFZ",
            "name": "amit",
            "is_restricted": false,
            "is_ultra_restricted": false
        }
    },
    {
        "client_msg_id": "BCD2F23E-A65F-4787-9C8A-7A939614FE30",
        "type": "message",
        "text": "I am only one there ",
        "user": "UKR4GLQKF",
        "ts": "1566995843.002900",
        "team": "TKRNGDFFZ",
        "user_team": "TKRNGDFFZ",
        "source_team": "TKRNGDFFZ",
        "user_profile": {
            "avatar_hash": "gf6859e536fb",
            "image_72": "https:\/\/secure.gravatar.com\/avatar\/f6859e536fb63a6f9d862b2f3fb9684c.jpg?s=72&d=https%3A%2F%2Fa.slack-edge.com%2F80588%2Fimg%2Favatars%2Fava_0015-72.png",
            "first_name": "",
            "real_name": "Amit Yadav",
            "display_name": "",
            "team": "TKRNGDFFZ",
            "name": "amit",
            "is_restricted": false,
            "is_ultra_restricted": false
        }
    },
    {
        "client_msg_id": "8dbe66d4-0ded-4155-ba55-238b66e7effa",
        "type": "message",
        "text": "Pramod started the call and we joined on his call",
        "user": "UL0GK1LJD",
        "ts": "1566995861.003300",
        "team": "TKRNGDFFZ",
        "user_team": "TKRNGDFFZ",
        "source_team": "TKRNGDFFZ",
        "user_profile": {
            "avatar_hash": "g8455934aab6",
            "image_72": "https:\/\/secure.gravatar.com\/avatar\/8455934aab6b3c7afceec7d3255ecd8b.jpg?s=72&d=https%3A%2F%2Fa.slack-edge.com%2F80588%2Fimg%2Favatars%2Fava_0004-72.png",
            "first_name": "",
            "real_name": "Vijay S Deshmukh",
            "display_name": "Vijay S Deshmukh",
            "team": "TKRNGDFFZ",
            "name": "vj_deshmukh",
            "is_restricted": false,
            "is_ultra_restricted": false
        }
    },
    {
        "client_msg_id": "cdab2378-7321-4923-9c83-e6673aecdd69",
        "type": "message",
        "text": "He will add you",
        "user": "UL0GK1LJD",
        "ts": "1566995878.003500",
        "team": "TKRNGDFFZ",
        "user_team": "TKRNGDFFZ",
        "source_team": "TKRNGDFFZ",
        "user_profile": {
            "avatar_hash": "g8455934aab6",
            "image_72": "https:\/\/secure.gravatar.com\/avatar\/8455934aab6b3c7afceec7d3255ecd8b.jpg?s=72&d=https%3A%2F%2Fa.slack-edge.com%2F80588%2Fimg%2Favatars%2Fava_0004-72.png",
            "first_name": "",
            "real_name": "Vijay S Deshmukh",
            "display_name": "Vijay S Deshmukh",
            "team": "TKRNGDFFZ",
            "name": "vj_deshmukh",
            "is_restricted": false,
            "is_ultra_restricted": false
        }
    },
    {
        "client_msg_id": "AE94E55A-08F8-41FC-B3EC-708080A7354B",
        "type": "message",
        "text": "What is the dial in info nothing is working",
        "user": "UL284UA1J",
        "ts": "1566995943.003900",
        "team": "TKRNGDFFZ",
        "user_team": "TKRNGDFFZ",
        "source_team": "TKRNGDFFZ",
        "user_profile": {
            "avatar_hash": "g68abbeef961",
            "image_72": "https:\/\/secure.gravatar.com\/avatar\/68abbeef9611a51f2c362e3d99271b2e.jpg?s=72&d=https%3A%2F%2Fa.slack-edge.com%2F80588%2Fimg%2Favatars%2Fava_0015-72.png",
            "first_name": "",
            "real_name": "Gary Morris",
            "display_name": "Gary Morris",
            "team": "TKRNGDFFZ",
            "name": "gary.morris",
            "is_restricted": false,
            "is_ultra_restricted": false
        }
    },
    {
        "client_msg_id": "1478D4B7-82B2-4E93-900B-4D147F630FD6",
        "type": "message",
        "text": "Pls have him add me",
        "user": "UL284UA1J",
        "ts": "1566996051.004200",
        "team": "TKRNGDFFZ",
        "user_team": "TKRNGDFFZ",
        "source_team": "TKRNGDFFZ",
        "user_profile": {
            "avatar_hash": "g68abbeef961",
            "image_72": "https:\/\/secure.gravatar.com\/avatar\/68abbeef9611a51f2c362e3d99271b2e.jpg?s=72&d=https%3A%2F%2Fa.slack-edge.com%2F80588%2Fimg%2Favatars%2Fava_0015-72.png",
            "first_name": "",
            "real_name": "Gary Morris",
            "display_name": "Gary Morris",
            "team": "TKRNGDFFZ",
            "name": "gary.morris",
            "is_restricted": false,
            "is_ultra_restricted": false
        }
    },
    {
        "client_msg_id": "91AD2747-19B8-4DBE-87EE-B77D8BE8A9F4",
        "type": "message",
        "text": "I am waiting on the call",
        "user": "UKR4GLQKF",
        "ts": "1566996071.004500",
        "team": "TKRNGDFFZ",
        "user_team": "TKRNGDFFZ",
        "source_team": "TKRNGDFFZ",
        "user_profile": {
            "avatar_hash": "gf6859e536fb",
            "image_72": "https:\/\/secure.gravatar.com\/avatar\/f6859e536fb63a6f9d862b2f3fb9684c.jpg?s=72&d=https%3A%2F%2Fa.slack-edge.com%2F80588%2Fimg%2Favatars%2Fava_0015-72.png",
            "first_name": "",
            "real_name": "Amit Yadav",
            "display_name": "",
            "team": "TKRNGDFFZ",
            "name": "amit",
            "is_restricted": false,
            "is_ultra_restricted": false
        }
    },
    {
        "client_msg_id": "CE0FA50F-BC2B-42CC-80EB-5D9EE17D097F",
        "type": "message",
        "text": "I hear music ",
        "user": "UKR4GLQKF",
        "ts": "1566996077.004800",
        "team": "TKRNGDFFZ",
        "user_team": "TKRNGDFFZ",
        "source_team": "TKRNGDFFZ",
        "user_profile": {
            "avatar_hash": "gf6859e536fb",
            "image_72": "https:\/\/secure.gravatar.com\/avatar\/f6859e536fb63a6f9d862b2f3fb9684c.jpg?s=72&d=https%3A%2F%2Fa.slack-edge.com%2F80588%2Fimg%2Favatars%2Fava_0015-72.png",
            "first_name": "",
            "real_name": "Amit Yadav",
            "display_name": "",
            "team": "TKRNGDFFZ",
            "name": "amit",
            "is_restricted": false,
            "is_ultra_restricted": false
        }
    },
    {
        "client_msg_id": "0992a1a4-7519-4459-ad88-fe2a9081c9fc",
        "type": "message",
        "text": "Dial-in number (US): <tel:(712)770-4035|(712) 770-4035>\nAccess code: 489284#\nInternational dial-in numbers: <https:\/\/fccdl.in\/i\/pmalhotra7>\nOnline meeting ID: pmalhotra7\nJoin the online meeting: <https:\/\/join.freeconferencecall.com\/pmalhotra7>\n\nFor 24\/7 Customer Care, call <tel:(844)844-1322|(844) 844-1322>",
        "user": "UKPCZJWQL",
        "ts": "1566997051.005000",
        "team": "TKRNGDFFZ",
        "user_team": "TKRNGDFFZ",
        "source_team": "TKRNGDFFZ",
        "user_profile": {
            "avatar_hash": "g36d88e4c93b",
            "image_72": "https:\/\/secure.gravatar.com\/avatar\/36d88e4c93b31bcf505cfdf1b76c86a9.jpg?s=72&d=https%3A%2F%2Fa.slack-edge.com%2F80588%2Fimg%2Favatars%2Fava_0020-72.png",
            "first_name": "Pramod",
            "real_name": "Pramod Malhotra",
            "display_name": "",
            "team": "TKRNGDFFZ",
            "name": "pramod.malhotra",
            "is_restricted": false,
            "is_ultra_restricted": false
        }
    },
    {
        "client_msg_id": "e2f61c8f-5f4d-4b7c-b950-bb0cc29cad77",
        "type": "message",
        "text": "<@UKR4GLQKF> my pin is 9636 for leader, if u want to us the voice conference",
        "user": "UKPCZJWQL",
        "ts": "1566997097.005700",
        "team": "TKRNGDFFZ",
        "user_team": "TKRNGDFFZ",
        "source_team": "TKRNGDFFZ",
        "user_profile": {
            "avatar_hash": "g36d88e4c93b",
            "image_72": "https:\/\/secure.gravatar.com\/avatar\/36d88e4c93b31bcf505cfdf1b76c86a9.jpg?s=72&d=https%3A%2F%2Fa.slack-edge.com%2F80588%2Fimg%2Favatars%2Fava_0020-72.png",
            "first_name": "Pramod",
            "real_name": "Pramod Malhotra",
            "display_name": "",
            "team": "TKRNGDFFZ",
            "name": "pramod.malhotra",
            "is_restricted": false,
            "is_ultra_restricted": false
        }
    },
    {
        "client_msg_id": "3414a696-a003-4af6-bb03-67b700eb0067",
        "type": "message",
        "text": "Thank you",
        "user": "UKR4GLQKF",
        "ts": "1566997105.005900",
        "team": "TKRNGDFFZ",
        "user_team": "TKRNGDFFZ",
        "source_team": "TKRNGDFFZ",
        "user_profile": {
            "avatar_hash": "gf6859e536fb",
            "image_72": "https:\/\/secure.gravatar.com\/avatar\/f6859e536fb63a6f9d862b2f3fb9684c.jpg?s=72&d=https%3A%2F%2Fa.slack-edge.com%2F80588%2Fimg%2Favatars%2Fava_0015-72.png",
            "first_name": "",
            "real_name": "Amit Yadav",
            "display_name": "",
            "team": "TKRNGDFFZ",
            "name": "amit",
            "is_restricted": false,
            "is_ultra_restricted": false
        }
    },
    {
        "client_msg_id": "64089CF5-4901-4379-8E6E-0C547E44DB5A",
        "type": "message",
        "text": "Music..",
        "user": "UL284UA1J",
        "ts": "1566997277.006100",
        "team": "TKRNGDFFZ",
        "user_team": "TKRNGDFFZ",
        "source_team": "TKRNGDFFZ",
        "user_profile": {
            "avatar_hash": "g68abbeef961",
            "image_72": "https:\/\/secure.gravatar.com\/avatar\/68abbeef9611a51f2c362e3d99271b2e.jpg?s=72&d=https%3A%2F%2Fa.slack-edge.com%2F80588%2Fimg%2Favatars%2Fava_0015-72.png",
            "first_name": "",
            "real_name": "Gary Morris",
            "display_name": "Gary Morris",
            "team": "TKRNGDFFZ",
            "name": "gary.morris",
            "is_restricted": false,
            "is_ultra_restricted": false
        }
    },
    {
        "client_msg_id": "85a1e299-13b9-4f44-9b54-c4bb15678ff3",
        "type": "message",
        "text": "Sorry about that. We just finished the call with Amit, Shawn and me.",
        "user": "UL0GK1LJD",
        "ts": "1566998539.006800",
        "team": "TKRNGDFFZ",
        "user_team": "TKRNGDFFZ",
        "source_team": "TKRNGDFFZ",
        "user_profile": {
            "avatar_hash": "g8455934aab6",
            "image_72": "https:\/\/secure.gravatar.com\/avatar\/8455934aab6b3c7afceec7d3255ecd8b.jpg?s=72&d=https%3A%2F%2Fa.slack-edge.com%2F80588%2Fimg%2Favatars%2Fava_0004-72.png",
            "first_name": "",
            "real_name": "Vijay S Deshmukh",
            "display_name": "Vijay S Deshmukh",
            "team": "TKRNGDFFZ",
            "name": "vj_deshmukh",
            "is_restricted": false,
            "is_ultra_restricted": false
        }
    },
    {
        "client_msg_id": "60614e22-5a3e-4a25-bb0f-f987e32480e5",
        "type": "message",
        "text": "It was on a diff line.",
        "user": "UL0GK1LJD",
        "ts": "1566998547.007000",
        "team": "TKRNGDFFZ",
        "user_team": "TKRNGDFFZ",
        "source_team": "TKRNGDFFZ",
        "user_profile": {
            "avatar_hash": "g8455934aab6",
            "image_72": "https:\/\/secure.gravatar.com\/avatar\/8455934aab6b3c7afceec7d3255ecd8b.jpg?s=72&d=https%3A%2F%2Fa.slack-edge.com%2F80588%2Fimg%2Favatars%2Fava_0004-72.png",
            "first_name": "",
            "real_name": "Vijay S Deshmukh",
            "display_name": "Vijay S Deshmukh",
            "team": "TKRNGDFFZ",
            "name": "vj_deshmukh",
            "is_restricted": false,
            "is_ultra_restricted": false
        }
    },
    {
        "client_msg_id": "30a52582-b092-4ec2-a37e-2fad11a59513",
        "type": "message",
        "text": "I reviewed the DevOps scripts.  I have a few comments\/suggestions....\n\n```1) In Ansible 'provision-jenkins task, launches an ec2 instance with keypair 'odso'. The subnet is hardcoded. The ami ishardcoded. Where is this ami?\n\n2) Why do you use a CentOS AMI? Why not an Amazon AMI?  Amazon AMI has most repos we need already enabled.  We need to be careful when specifying AMI IDs as they can be different depending on the region.  If we are writing something region-specific, we will need to specify that in the documentation, but I would caution against that\n\n3) Something else regarding CentOS AMI.  If it's a 'community' AMI, could it require an interactive acceptance of terms on first use?\n\n4) In some modules, such as network\/main.tf, region is hardcoded in the variables, with a different value than the variable in the calling <http:\/\/main.tf|main.tf> locals variable. Why not use what is in the locals?  Also, what if the customer executes from an AMI within a different region?  Should we consider passing in region from the makefile or metadata variable?\n\n5) RDS. I also noticed a hardcoded us-east-2 variable\n\n6) Naming convention. In some places you nicely name things in the format of ${project}-rds-dev. But in other cases it's hardcoded, bdso-rds-dev.  It may be good to maintain the variable naming convention. If there is an issue where we need to know a database identifier, then we can write that to SSM parameter store and things can retrieve the values from there\n\n7) In Jenkins Terraform I also see a hardcoded ami-4bf3d731. What is this?\n\n8) <http:\/\/Main.tf|Main.tf>, line 94, in provisioner \"local-exec\" comma after localhost in inventory.  I thought this was a typo, but it was necessary to work. Neat trick. I learned something. \n\n9) For jenkins FQDN, may want to name ${project}-jenkins…. And write value to SSM parameter store\n\n10) If we have to wait for ansible provisioning to run before terraform moves on, another idea instead of executing ansible playbooks within terraform and doing behind the scenes (so you don’t have to wait for provisioning to finish)\n\nTag each instance with a 'role'.  Then download its playbook from an S3 instance by passing in UserData that looks something like this:\n|\namazon-linux-extras install -y ansible2\nINSTANCE_ID=`curl -s <http:\/\/169.254.169.254\/latest\/meta-data\/instance-id>`\ntagValue=` aws ec2 describe-tags --filters \"Name=resource-id,Values=$INSTANCE_ID\" --filters \"Name=key,Values=Role\" --region ${region} --query 'Tags[*].Value' --output text`\n\naws s3 cp ${bucket_name}\/instance-playbooks\/$tagvalue\/playbook.yaml .\nansible-playbook -i &lt;inventory&gt; .\/playbook.yaml\n|\n```",
        "user": "UL284UA1J",
        "ts": "1567000542.018300",
        "team": "TKRNGDFFZ",
        "user_team": "TKRNGDFFZ",
        "source_team": "TKRNGDFFZ",
        "user_profile": {
            "avatar_hash": "g68abbeef961",
            "image_72": "https:\/\/secure.gravatar.com\/avatar\/68abbeef9611a51f2c362e3d99271b2e.jpg?s=72&d=https%3A%2F%2Fa.slack-edge.com%2F80588%2Fimg%2Favatars%2Fava_0015-72.png",
            "first_name": "",
            "real_name": "Gary Morris",
            "display_name": "Gary Morris",
            "team": "TKRNGDFFZ",
            "name": "gary.morris",
            "is_restricted": false,
            "is_ultra_restricted": false
        }
    },
    {
        "client_msg_id": "7836d726-e606-4507-b436-74e2ff603f20",
        "type": "message",
        "text": "<@UL284UA1J> Can we talk through some of this? We can agree upon what should be addresses and when. Would you be able to help us address some of these?",
        "user": "UKR4GLQKF",
        "ts": "1567004201.020100",
        "team": "TKRNGDFFZ",
        "user_team": "TKRNGDFFZ",
        "source_team": "TKRNGDFFZ",
        "user_profile": {
            "avatar_hash": "gf6859e536fb",
            "image_72": "https:\/\/secure.gravatar.com\/avatar\/f6859e536fb63a6f9d862b2f3fb9684c.jpg?s=72&d=https%3A%2F%2Fa.slack-edge.com%2F80588%2Fimg%2Favatars%2Fava_0015-72.png",
            "first_name": "",
            "real_name": "Amit Yadav",
            "display_name": "",
            "team": "TKRNGDFFZ",
            "name": "amit",
            "is_restricted": false,
            "is_ultra_restricted": false
        }
    },
    {
        "client_msg_id": "73811b43-f1df-48a3-96d0-d9673dfff52c",
        "type": "message",
        "text": "The DNS and cloudflare is setup.",
        "user": "UKR4GLQKF",
        "ts": "1567004218.020500",
        "team": "TKRNGDFFZ",
        "user_team": "TKRNGDFFZ",
        "source_team": "TKRNGDFFZ",
        "user_profile": {
            "avatar_hash": "gf6859e536fb",
            "image_72": "https:\/\/secure.gravatar.com\/avatar\/f6859e536fb63a6f9d862b2f3fb9684c.jpg?s=72&d=https%3A%2F%2Fa.slack-edge.com%2F80588%2Fimg%2Favatars%2Fava_0015-72.png",
            "first_name": "",
            "real_name": "Amit Yadav",
            "display_name": "",
            "team": "TKRNGDFFZ",
            "name": "amit",
            "is_restricted": false,
            "is_ultra_restricted": false
        }
    },
    {
        "client_msg_id": "1eaeadc9-7b4f-4b55-af4f-e6c79a01c5f7",
        "type": "message",
        "text": "<http:\/\/jenkins.salientcrgt-bdso.com:8080>",
        "user": "UKR4GLQKF",
        "ts": "1567004219.020700",
        "team": "TKRNGDFFZ",
        "user_team": "TKRNGDFFZ",
        "source_team": "TKRNGDFFZ",
        "user_profile": {
            "avatar_hash": "gf6859e536fb",
            "image_72": "https:\/\/secure.gravatar.com\/avatar\/f6859e536fb63a6f9d862b2f3fb9684c.jpg?s=72&d=https%3A%2F%2Fa.slack-edge.com%2F80588%2Fimg%2Favatars%2Fava_0015-72.png",
            "first_name": "",
            "real_name": "Amit Yadav",
            "display_name": "",
            "team": "TKRNGDFFZ",
            "name": "amit",
            "is_restricted": false,
            "is_ultra_restricted": false
        }
    },
    {
        "client_msg_id": "4939e41a-dcd5-49b5-8dce-220ec8e2ee0f",
        "type": "message",
        "text": "yes for sure",
        "user": "UL284UA1J",
        "ts": "1567004434.021000",
        "team": "TKRNGDFFZ",
        "user_team": "TKRNGDFFZ",
        "source_team": "TKRNGDFFZ",
        "user_profile": {
            "avatar_hash": "g68abbeef961",
            "image_72": "https:\/\/secure.gravatar.com\/avatar\/68abbeef9611a51f2c362e3d99271b2e.jpg?s=72&d=https%3A%2F%2Fa.slack-edge.com%2F80588%2Fimg%2Favatars%2Fava_0015-72.png",
            "first_name": "",
            "real_name": "Gary Morris",
            "display_name": "Gary Morris",
            "team": "TKRNGDFFZ",
            "name": "gary.morris",
            "is_restricted": false,
            "is_ultra_restricted": false
        }
    },
    {
        "client_msg_id": "360e954e-c71f-4d24-9007-1cb9a704b212",
        "type": "message",
        "text": "Awesome",
        "user": "UKR4GLQKF",
        "ts": "1567004446.021200",
        "team": "TKRNGDFFZ",
        "user_team": "TKRNGDFFZ",
        "source_team": "TKRNGDFFZ",
        "user_profile": {
            "avatar_hash": "gf6859e536fb",
            "image_72": "https:\/\/secure.gravatar.com\/avatar\/f6859e536fb63a6f9d862b2f3fb9684c.jpg?s=72&d=https%3A%2F%2Fa.slack-edge.com%2F80588%2Fimg%2Favatars%2Fava_0015-72.png",
            "first_name": "",
            "real_name": "Amit Yadav",
            "display_name": "",
            "team": "TKRNGDFFZ",
            "name": "amit",
            "is_restricted": false,
            "is_ultra_restricted": false
        }
    },
    {
        "client_msg_id": "c4cffb19-d78b-466b-b441-a28624243982",
        "type": "message",
        "text": "so.. i see the DNS registration and pointer to cloudflare. So I assume there is an API and apikey whereby our scripts will update an A record?  Default TTL is 5 mins",
        "user": "UL284UA1J",
        "ts": "1567010737.022200",
        "team": "TKRNGDFFZ",
        "user_team": "TKRNGDFFZ",
        "source_team": "TKRNGDFFZ",
        "user_profile": {
            "avatar_hash": "g68abbeef961",
            "image_72": "https:\/\/secure.gravatar.com\/avatar\/68abbeef9611a51f2c362e3d99271b2e.jpg?s=72&d=https%3A%2F%2Fa.slack-edge.com%2F80588%2Fimg%2Favatars%2Fava_0015-72.png",
            "first_name": "",
            "real_name": "Gary Morris",
            "display_name": "Gary Morris",
            "team": "TKRNGDFFZ",
            "name": "gary.morris",
            "is_restricted": false,
            "is_ultra_restricted": false
        }
    },
    {
        "client_msg_id": "4332B205-F9E1-4A1D-BA20-9328065D86B5",
        "type": "message",
        "text": "That is correct ",
        "user": "UKR4GLQKF",
        "ts": "1567011978.022700",
        "team": "TKRNGDFFZ",
        "user_team": "TKRNGDFFZ",
        "source_team": "TKRNGDFFZ",
        "user_profile": {
            "avatar_hash": "gf6859e536fb",
            "image_72": "https:\/\/secure.gravatar.com\/avatar\/f6859e536fb63a6f9d862b2f3fb9684c.jpg?s=72&d=https%3A%2F%2Fa.slack-edge.com%2F80588%2Fimg%2Favatars%2Fava_0015-72.png",
            "first_name": "",
            "real_name": "Amit Yadav",
            "display_name": "",
            "team": "TKRNGDFFZ",
            "name": "amit",
            "is_restricted": false,
            "is_ultra_restricted": false
        }
    }
]