[
    {
        "id": "CKCJ91PFC",
        "name": "devops-setup",
        "created": "1560957545",
        "creator": "UKPCZJWQL",
        "is_archived": false,
        "is_general": false,
        "members": [
            "UKCPDF2M8",
            "UKNH71890",
            "UKPCZJWQL",
            "UKQ0AMW48",
            "UKR4GLQKF",
            "UKZFHHJQ4",
            "UL0012996",
            "UL0GK1LJD",
            "UL1R0L9BR",
            "UL2480LK0",
            "UL284UA1J",
            "UL3RW3SJ2",
            "UMJSK9J9H",
            "UMM68BPPT",
            "UMVNX6570"
        ],
        "topic": {
            "value": "",
            "creator": "",
            "last_set": "0"
        },
        "purpose": {
            "value": "",
            "creator": "",
            "last_set": "0"
        }
    },
    {
        "id": "CKPT4LNSH",
        "name": "general",
        "created": "1560952572",
        "creator": "UKPCZJWQL",
        "is_archived": false,
        "is_general": true,
        "members": [
            "UKCPDF2M8",
            "UKNH70ZV0",
            "UKNH717DG",
            "UKNH71890",
            "UKPCZJWQL",
            "UKQ0AMW48",
            "UKR4GLQKF",
            "UKT8D1HDL",
            "UKZFHHJQ4",
            "UL0012996",
            "UL0012D6C",
            "UL009SD29",
            "UL0GK1LJD",
            "UL1DRU6R3",
            "UL1R0L9BR",
            "UL2480LK0",
            "UL284UA1J",
            "UL3RW3SJ2",
            "UL9B0CM2T",
            "ULA348S22",
            "ULX5BPN3C",
            "UMG4A3JBC",
            "UMHQX1H7B",
            "UMHRUP8SD",
            "UMJGM378T",
            "UMJSK9J9H",
            "UMM68BPPT",
            "UMRHJ2676",
            "UMRQXMCQ0",
            "UMS1ZQE5T",
            "UMTHHF56U",
            "UMTHHFK5W",
            "UMTHHFZ32",
            "UMU0XSL14",
            "UMVDJ4A6T",
            "UMVDJ6JKZ",
            "UMVNX6570",
            "UN143934Z",
            "UN7ARJX6Z",
            "UNA1U9EEL",
            "UNBHEADL4",
            "UNBP6KY00",
            "UNCBY6M0E"
        ],
        "pins": [
            {
                "id": "1561763009.002700",
                "type": "C",
                "created": 1561763020,
                "user": "UKR4GLQKF",
                "owner": "UKR4GLQKF"
            },
            {
                "id": "1561919183.000400",
                "type": "C",
                "created": 1561919194,
                "user": "UKR4GLQKF",
                "owner": "UKR4GLQKF"
            },
            {
                "id": "1562516232.147300",
                "type": "C",
                "created": 1562516245,
                "user": "UKR4GLQKF",
                "owner": "UKR4GLQKF"
            },
            {
                "id": "1567576275.306400",
                "type": "C",
                "created": 1567576325,
                "user": "UKPCZJWQL",
                "owner": "UKPCZJWQL"
            },
            {
                "id": "1567615028.374700",
                "type": "C",
                "created": 1567615041,
                "user": "UKCPDF2M8",
                "owner": "UKCPDF2M8"
            },
            {
                "id": "1568319146.081100",
                "type": "C",
                "created": 1568319178,
                "user": "UL2480LK0",
                "owner": "UKR4GLQKF"
            }
        ],
        "topic": {
            "value": "Company-wide announcements and work-based matters",
            "creator": "UKPCZJWQL",
            "last_set": "1560952572"
        },
        "purpose": {
            "value": "This channel is for workspace-wide communication and announcements. All members are in this channel.",
            "creator": "UKPCZJWQL",
            "last_set": "1560952572"
        }
    },
    {
        "id": "CKRNGE88P",
        "name": "random",
        "created": "1560952573",
        "creator": "UKPCZJWQL",
        "is_archived": false,
        "is_general": false,
        "members": [
            "UKCPDF2M8",
            "UKNH70ZV0",
            "UKNH717DG",
            "UKNH71890",
            "UKPCZJWQL",
            "UKQ0AMW48",
            "UKR4GLQKF",
            "UKT8D1HDL",
            "UKZFHHJQ4",
            "UL0012996",
            "UL0012D6C",
            "UL009SD29",
            "UL0GK1LJD",
            "UL1DRU6R3",
            "UL1R0L9BR",
            "UL2480LK0",
            "UL284UA1J",
            "UL3RW3SJ2",
            "UL9B0CM2T",
            "ULA348S22",
            "ULX5BPN3C",
            "UMG4A3JBC",
            "UMHQX1H7B",
            "UMHRUP8SD",
            "UMJGM378T",
            "UMJSK9J9H",
            "UMM68BPPT",
            "UMRHJ2676",
            "UMRQXMCQ0",
            "UMS1ZQE5T",
            "UMTHHF56U",
            "UMTHHFK5W",
            "UMTHHFZ32",
            "UMU0XSL14",
            "UMVDJ4A6T",
            "UMVDJ6JKZ",
            "UMVNX6570",
            "UN143934Z",
            "UN7ARJX6Z",
            "UNA1U9EEL",
            "UNBHEADL4",
            "UNBP6KY00",
            "UNCBY6M0E"
        ],
        "topic": {
            "value": "Non-work banter and water cooler conversation",
            "creator": "UKPCZJWQL",
            "last_set": "1560952573"
        },
        "purpose": {
            "value": "A place for non-work-related flimflam, faffing, hodge-podge or jibber-jabber you'd prefer to keep out of more focused work-related channels.",
            "creator": "UKPCZJWQL",
            "last_set": "1560952573"
        }
    },
    {
        "id": "CKRNGEGBZ",
        "name": "bdso-practice",
        "created": "1560952573",
        "creator": "UKPCZJWQL",
        "is_archived": false,
        "is_general": false,
        "members": [
            "UKCPDF2M8",
            "UKNH70ZV0",
            "UKNH717DG",
            "UKNH71890",
            "UKPCZJWQL",
            "UKQ0AMW48",
            "UKR4GLQKF",
            "UKT8D1HDL",
            "UKZFHHJQ4",
            "UL0012996",
            "UL0012D6C",
            "UL009SD29",
            "UL0GK1LJD",
            "UL1DRU6R3",
            "UL1R0L9BR",
            "UL2480LK0",
            "UL284UA1J",
            "UL3RW3SJ2",
            "UL9B0CM2T",
            "ULA348S22",
            "ULX5BPN3C",
            "UMG4A3JBC",
            "UMHQX1H7B",
            "UMHRUP8SD",
            "UMJGM378T",
            "UMJSK9J9H",
            "UMM68BPPT",
            "UMRHJ2676",
            "UMRQXMCQ0",
            "UMS1ZQE5T",
            "UMTHHF56U",
            "UMTHHFK5W",
            "UMTHHFZ32",
            "UMU0XSL14",
            "UMVDJ4A6T",
            "UMVDJ6JKZ",
            "UMVNX6570",
            "UN143934Z",
            "UN7ARJX6Z",
            "UNA1U9EEL",
            "UNBHEADL4",
            "UNBP6KY00",
            "UNCBY6M0E"
        ],
        "topic": {
            "value": "",
            "creator": "",
            "last_set": "0"
        },
        "purpose": {
            "value": "",
            "creator": "",
            "last_set": "0"
        }
    },
    {
        "id": "CKUJ6M1U3",
        "name": "microservices",
        "created": "1562339106",
        "creator": "UKR4GLQKF",
        "is_archived": false,
        "is_general": false,
        "members": [
            "UKNH717DG",
            "UKNH71890",
            "UKQ0AMW48",
            "UKR4GLQKF",
            "UKZFHHJQ4",
            "UL0012D6C",
            "UL009SD29",
            "UL0GK1LJD",
            "UL2480LK0",
            "UL3RW3SJ2",
            "ULX5BPN3C",
            "UMM68BPPT",
            "UMVNX6570"
        ],
        "topic": {
            "value": "",
            "creator": "",
            "last_set": "0"
        },
        "purpose": {
            "value": "",
            "creator": "",
            "last_set": "0"
        }
    },
    {
        "id": "CL0LXDQKX",
        "name": "front-end",
        "created": "1561926038",
        "creator": "UKNH71890",
        "is_archived": false,
        "is_general": false,
        "members": [
            "UKCPDF2M8",
            "UKNH70ZV0",
            "UKNH717DG",
            "UKNH71890",
            "UKPCZJWQL",
            "UKQ0AMW48",
            "UKR4GLQKF",
            "UL0012996",
            "UL1DRU6R3",
            "UL1R0L9BR",
            "UL2480LK0",
            "UL3RW3SJ2",
            "ULA348S22",
            "UMG4A3JBC",
            "UMHRUP8SD",
            "UMJSK9J9H",
            "UMM68BPPT",
            "UMRHJ2676",
            "UMTHHFZ32",
            "UMVDJ6JKZ",
            "UMVNX6570"
        ],
        "pins": [
            {
                "id": "1567190625.026700",
                "type": "C",
                "created": 1567190630,
                "user": "UL1DRU6R3",
                "owner": "UL1DRU6R3"
            }
        ],
        "topic": {
            "value": "",
            "creator": "",
            "last_set": "0"
        },
        "purpose": {
            "value": "",
            "creator": "",
            "last_set": "0"
        }
    },
    {
        "id": "CL12AFXRA",
        "name": "schedule",
        "created": "1561998340",
        "creator": "UKR4GLQKF",
        "is_archived": false,
        "is_general": false,
        "members": [
            "UKR4GLQKF",
            "UKZFHHJQ4",
            "UL1DRU6R3",
            "UL3RW3SJ2",
            "UMM68BPPT",
            "UMVNX6570"
        ],
        "topic": {
            "value": "",
            "creator": "",
            "last_set": "0"
        },
        "purpose": {
            "value": "",
            "creator": "",
            "last_set": "0"
        }
    },
    {
        "id": "CL3CJGUT1",
        "name": "openshift",
        "created": "1561999613",
        "creator": "UKPCZJWQL",
        "is_archived": false,
        "is_general": false,
        "members": [
            "UKNH717DG",
            "UKNH71890",
            "UKPCZJWQL",
            "UKR4GLQKF",
            "UKZFHHJQ4",
            "UL0012996",
            "UL1R0L9BR",
            "UL2480LK0",
            "UL3RW3SJ2",
            "UMM68BPPT",
            "UMVNX6570"
        ],
        "topic": {
            "value": "",
            "creator": "",
            "last_set": "0"
        },
        "purpose": {
            "value": "openshift discussion",
            "creator": "UKPCZJWQL",
            "last_set": "1561999614"
        }
    },
    {
        "id": "CMC7WU5CJ",
        "name": "documentation",
        "created": "1566772178",
        "creator": "UKPCZJWQL",
        "is_archived": false,
        "is_general": false,
        "members": [
            "UKCPDF2M8",
            "UKNH71890",
            "UKPCZJWQL",
            "UKQ0AMW48",
            "UKR4GLQKF",
            "UKZFHHJQ4",
            "UL0GK1LJD",
            "UL1DRU6R3",
            "UMHRUP8SD",
            "UMM68BPPT",
            "UMVNX6570"
        ],
        "topic": {
            "value": "",
            "creator": "",
            "last_set": "0"
        },
        "purpose": {
            "value": "",
            "creator": "",
            "last_set": "0"
        }
    },
    {
        "id": "CMC8AM7A7",
        "name": "scrgt-bdso-cc-jenkins",
        "created": "1566774087",
        "creator": "UKPCZJWQL",
        "is_archived": false,
        "is_general": false,
        "members": [
            "UKPCZJWQL",
            "UMVNX6570"
        ],
        "topic": {
            "value": "",
            "creator": "",
            "last_set": "0"
        },
        "purpose": {
            "value": "",
            "creator": "",
            "last_set": "0"
        }
    },
    {
        "id": "CMH2Q2PPU",
        "name": "leads",
        "created": "1567088757",
        "creator": "UKR4GLQKF",
        "is_archived": false,
        "is_general": false,
        "members": [
            "UKNH717DG",
            "UKNH71890",
            "UKPCZJWQL",
            "UKR4GLQKF",
            "UKZFHHJQ4",
            "UL0012996",
            "UL1DRU6R3",
            "UL2480LK0",
            "ULX5BPN3C",
            "UMJGM378T"
        ],
        "topic": {
            "value": "",
            "creator": "",
            "last_set": "0"
        },
        "purpose": {
            "value": "",
            "creator": "",
            "last_set": "0"
        }
    },
    {
        "id": "CMHA50EV7",
        "name": "scrgt-bdso-cc-git",
        "created": "1566773708",
        "creator": "UKPCZJWQL",
        "is_archived": false,
        "is_general": false,
        "members": [
            "UKCPDF2M8",
            "UKPCZJWQL",
            "UKQ0AMW48",
            "UMVNX6570",
            "UNA1U9EEL"
        ],
        "topic": {
            "value": "",
            "creator": "",
            "last_set": "0"
        },
        "purpose": {
            "value": "",
            "creator": "",
            "last_set": "0"
        }
    },
    {
        "id": "CMQDSTYKA",
        "name": "selenium-ra-testing",
        "created": "1566835260",
        "creator": "UKPCZJWQL",
        "is_archived": false,
        "is_general": false,
        "members": [
            "UKCPDF2M8",
            "UKPCZJWQL",
            "UKQ0AMW48",
            "UKR4GLQKF",
            "UL0012D6C",
            "UMHRUP8SD",
            "UMJGM378T",
            "UMJSK9J9H",
            "UMM68BPPT",
            "UMTHHFK5W",
            "UMTHHFZ32",
            "UMVDJ6JKZ",
            "UMVNX6570"
        ],
        "topic": {
            "value": "",
            "creator": "",
            "last_set": "0"
        },
        "purpose": {
            "value": "",
            "creator": "",
            "last_set": "0"
        }
    },
    {
        "id": "CMRS81CBX",
        "name": "datascience",
        "created": "1566924297",
        "creator": "UL3RW3SJ2",
        "is_archived": false,
        "is_general": false,
        "members": [
            "UKCPDF2M8",
            "UKPCZJWQL",
            "UKQ0AMW48",
            "UKR4GLQKF",
            "UKZFHHJQ4",
            "UL0GK1LJD",
            "UL1DRU6R3",
            "UL284UA1J",
            "UL3RW3SJ2",
            "ULX5BPN3C",
            "UMM68BPPT",
            "UMRQXMCQ0",
            "UMTHHFZ32",
            "UMU0XSL14",
            "UMVNX6570",
            "UN7ARJX6Z",
            "UNCBY6M0E"
        ],
        "pins": [
            {
                "id": "1567077376.017900",
                "type": "C",
                "created": 1567187422,
                "user": "UL1DRU6R3",
                "owner": "ULX5BPN3C"
            },
            {
                "id": "1567472520.033700",
                "type": "C",
                "created": 1567476981,
                "user": "UL1DRU6R3",
                "owner": "UL1DRU6R3"
            },
            {
                "id": "1568321302.003200",
                "type": "C",
                "created": 1568321329,
                "user": "UKCPDF2M8",
                "owner": "UKCPDF2M8"
            }
        ],
        "topic": {
            "value": "",
            "creator": "",
            "last_set": "0"
        },
        "purpose": {
            "value": "Discuss all Data Science related issues and concerns",
            "creator": "UL3RW3SJ2",
            "last_set": "1566924298"
        }
    },
    {
        "id": "CMXHT0YEM",
        "name": "frontend-testing",
        "created": "1567807144",
        "creator": "UKPCZJWQL",
        "is_archived": false,
        "is_general": false,
        "members": [
            "UKCPDF2M8",
            "UKNH70ZV0",
            "UKNH71890",
            "UKPCZJWQL",
            "UKR4GLQKF",
            "UL1DRU6R3",
            "UL2480LK0",
            "ULA348S22",
            "ULX5BPN3C",
            "UMG4A3JBC",
            "UMRHJ2676",
            "UMS1ZQE5T",
            "UMVNX6570"
        ],
        "topic": {
            "value": "",
            "creator": "",
            "last_set": "0"
        },
        "purpose": {
            "value": "",
            "creator": "",
            "last_set": "0"
        }
    }
]