[
    {
        "user_id": "UKPCZJWQL",
        "user_name": "pramod.malhotra",
        "date": "1566774120",
        "change_type": "added",
        "service_id": 737732998197,
        "service_type": "Jenkins CI",
        "scope": "incoming-webhook",
        "channel": "CMC8AM7A7"
    },
    {
        "user_id": "UKPCZJWQL",
        "user_name": "pramod.malhotra",
        "date": "1566773718",
        "change_type": "added",
        "service_id": 737724254800,
        "service_type": "GitHub Enterprise Server",
        "scope": "incoming-webhook",
        "channel": "CMHA50EV7"
    },
    {
        "user_id": "UKR4GLQKF",
        "user_name": "amit",
        "date": "1566700216",
        "change_type": "added",
        "app_type": "Cisco Webex Meetings",
        "app_id": "A5P5FDK33",
        "scope": "identify,commands,channels:read,groups:read,im:read,reminders:read,users:read,users:read.email,chat:write:bot,reminders:write,calls:write,calls:read"
    },
    {
        "user_id": "UKR4GLQKF",
        "user_name": "amit",
        "date": "1566700110",
        "change_type": "added",
        "app_type": "Trello",
        "app_id": "A074YH40Z",
        "scope": "identify,bot,commands,channels:history,groups:history,im:history,mpim:history,channels:read,emoji:read,groups:read,mpim:read,reminders:read,search:read,stars:read,team:read,users:read,users:read.email,chat:write:user,chat:write:bot,im:write,reminders:write"
    },
    {
        "user_id": "UKR4GLQKF",
        "user_name": "amit",
        "date": "1566693896",
        "change_type": "added",
        "app_type": "Simple Poll",
        "app_id": "A0HFW7MR6",
        "scope": "identify,commands,chat:write:bot,reactions:write"
    },
    {
        "user_id": "UL1DRU6R3",
        "user_name": "jacqueline.granger",
        "date": "1562085763",
        "change_type": "added",
        "app_type": "Outlook Calendar",
        "app_id": "AFV5ECLBZ",
        "scope": "identify,bot,commands,users.profile:write"
    },
    {
        "user_id": "UKR4GLQKF",
        "user_name": "amit",
        "date": "1561919221",
        "change_type": "added",
        "app_type": "Jira Cloud",
        "app_id": "A2RPP3NFR",
        "scope": "identify,bot,commands,channels:read,groups:read,im:read,mpim:read,channels:write,groups:write,links:read,links:write"
    }
]