[
    {
        "type": "message",
        "text": "<@UKPCZJWQL> We have one additional page -- the Search page. Attached is the Mock-up. This page appears when a search is executed. :slightly_smiling_face:\nNote the difference between this and main page is the additional cursory info that helps a user decide which celebrity to open the full profile when searching for specifics.",
        "files": [
            {
                "id": "FMMF0AZDY",
                "created": 1567598456,
                "timestamp": 1567598456,
                "name": "search.png",
                "title": "search.png",
                "mimetype": "image\/png",
                "filetype": "png",
                "pretty_type": "PNG",
                "user": "UL1DRU6R3",
                "editable": false,
                "size": 473960,
                "mode": "hosted",
                "is_external": false,
                "external_type": "",
                "is_public": true,
                "public_url_shared": false,
                "display_as_bot": false,
                "username": "",
                "url_private": "https:\/\/files.slack.com\/files-pri\/TKRNGDFFZ-FMMF0AZDY\/search.png?t=xoxe-671764457543-761495007360-748720106514-e22867dc4a96f2e14ff182795f11301c",
                "url_private_download": "https:\/\/files.slack.com\/files-pri\/TKRNGDFFZ-FMMF0AZDY\/download\/search.png?t=xoxe-671764457543-761495007360-748720106514-e22867dc4a96f2e14ff182795f11301c",
                "thumb_64": "https:\/\/files.slack.com\/files-tmb\/TKRNGDFFZ-FMMF0AZDY-558635384c\/search_64.png?t=xoxe-671764457543-761495007360-748720106514-e22867dc4a96f2e14ff182795f11301c",
                "thumb_80": "https:\/\/files.slack.com\/files-tmb\/TKRNGDFFZ-FMMF0AZDY-558635384c\/search_80.png?t=xoxe-671764457543-761495007360-748720106514-e22867dc4a96f2e14ff182795f11301c",
                "thumb_360": "https:\/\/files.slack.com\/files-tmb\/TKRNGDFFZ-FMMF0AZDY-558635384c\/search_360.png?t=xoxe-671764457543-761495007360-748720106514-e22867dc4a96f2e14ff182795f11301c",
                "thumb_360_w": 360,
                "thumb_360_h": 320,
                "thumb_480": "https:\/\/files.slack.com\/files-tmb\/TKRNGDFFZ-FMMF0AZDY-558635384c\/search_480.png?t=xoxe-671764457543-761495007360-748720106514-e22867dc4a96f2e14ff182795f11301c",
                "thumb_480_w": 480,
                "thumb_480_h": 426,
                "thumb_160": "https:\/\/files.slack.com\/files-tmb\/TKRNGDFFZ-FMMF0AZDY-558635384c\/search_160.png?t=xoxe-671764457543-761495007360-748720106514-e22867dc4a96f2e14ff182795f11301c",
                "thumb_720": "https:\/\/files.slack.com\/files-tmb\/TKRNGDFFZ-FMMF0AZDY-558635384c\/search_720.png?t=xoxe-671764457543-761495007360-748720106514-e22867dc4a96f2e14ff182795f11301c",
                "thumb_720_w": 720,
                "thumb_720_h": 639,
                "thumb_800": "https:\/\/files.slack.com\/files-tmb\/TKRNGDFFZ-FMMF0AZDY-558635384c\/search_800.png?t=xoxe-671764457543-761495007360-748720106514-e22867dc4a96f2e14ff182795f11301c",
                "thumb_800_w": 800,
                "thumb_800_h": 710,
                "thumb_960": "https:\/\/files.slack.com\/files-tmb\/TKRNGDFFZ-FMMF0AZDY-558635384c\/search_960.png?t=xoxe-671764457543-761495007360-748720106514-e22867dc4a96f2e14ff182795f11301c",
                "thumb_960_w": 960,
                "thumb_960_h": 852,
                "thumb_1024": "https:\/\/files.slack.com\/files-tmb\/TKRNGDFFZ-FMMF0AZDY-558635384c\/search_1024.png?t=xoxe-671764457543-761495007360-748720106514-e22867dc4a96f2e14ff182795f11301c",
                "thumb_1024_w": 1024,
                "thumb_1024_h": 909,
                "image_exif_rotation": 1,
                "original_w": 1200,
                "original_h": 1065,
                "permalink": "https:\/\/scrgt-bdso.slack.com\/files\/UL1DRU6R3\/FMMF0AZDY\/search.png",
                "permalink_public": "https:\/\/slack-files.com\/TKRNGDFFZ-FMMF0AZDY-f77e32fee7",
                "is_starred": false,
                "has_rich_preview": false
            }
        ],
        "upload": true,
        "user": "UL1DRU6R3",
        "display_as_bot": false,
        "ts": "1567598459.350700",
        "client_msg_id": "ef821dae-7baf-4841-8364-0538a77b83e5"
    },
    {
        "client_msg_id": "824fa330-1b16-4a6f-bf45-db71127dc3e9",
        "type": "message",
        "text": "Good",
        "user": "UKPCZJWQL",
        "ts": "1567598489.351100",
        "team": "TKRNGDFFZ",
        "user_team": "TKRNGDFFZ",
        "source_team": "TKRNGDFFZ",
        "user_profile": {
            "avatar_hash": "g36d88e4c93b",
            "image_72": "https:\/\/secure.gravatar.com\/avatar\/36d88e4c93b31bcf505cfdf1b76c86a9.jpg?s=72&d=https%3A%2F%2Fa.slack-edge.com%2F80588%2Fimg%2Favatars%2Fava_0020-72.png",
            "first_name": "Pramod",
            "real_name": "Pramod Malhotra",
            "display_name": "",
            "team": "TKRNGDFFZ",
            "name": "pramod.malhotra",
            "is_restricted": false,
            "is_ultra_restricted": false
        },
        "reactions": [
            {
                "name": "+1",
                "users": [
                    "UL1DRU6R3"
                ],
                "count": 1
            }
        ]
    },
    {
        "client_msg_id": "466c803e-d631-4dc5-bf1a-44763873623c",
        "type": "message",
        "text": "I will add it",
        "user": "UKPCZJWQL",
        "ts": "1567598495.351300",
        "team": "TKRNGDFFZ",
        "user_team": "TKRNGDFFZ",
        "source_team": "TKRNGDFFZ",
        "user_profile": {
            "avatar_hash": "g36d88e4c93b",
            "image_72": "https:\/\/secure.gravatar.com\/avatar\/36d88e4c93b31bcf505cfdf1b76c86a9.jpg?s=72&d=https%3A%2F%2Fa.slack-edge.com%2F80588%2Fimg%2Favatars%2Fava_0020-72.png",
            "first_name": "Pramod",
            "real_name": "Pramod Malhotra",
            "display_name": "",
            "team": "TKRNGDFFZ",
            "name": "pramod.malhotra",
            "is_restricted": false,
            "is_ultra_restricted": false
        }
    },
    {
        "client_msg_id": "82699752-b2d7-48ef-bec4-98e605cde446",
        "type": "message",
        "text": "<@UKPCZJWQL>, would you like me to email you all the final mock-ups?",
        "user": "UL1DRU6R3",
        "ts": "1567598531.352000",
        "team": "TKRNGDFFZ",
        "user_team": "TKRNGDFFZ",
        "source_team": "TKRNGDFFZ",
        "user_profile": {
            "avatar_hash": "gd89e47c2607",
            "image_72": "https:\/\/secure.gravatar.com\/avatar\/d89e47c2607ea5a7401c907933bcd907.jpg?s=72&d=https%3A%2F%2Fa.slack-edge.com%2F80588%2Fimg%2Favatars%2Fava_0002-72.png",
            "first_name": "",
            "real_name": "Jacquie",
            "display_name": "Jacquie",
            "team": "TKRNGDFFZ",
            "name": "jacqueline.granger",
            "is_restricted": false,
            "is_ultra_restricted": false
        }
    },
    {
        "client_msg_id": "9b35847d-4897-413c-a7fc-3d46d0a5533b",
        "type": "message",
        "text": "Sure",
        "user": "UKPCZJWQL",
        "ts": "1567598560.352200",
        "team": "TKRNGDFFZ",
        "user_team": "TKRNGDFFZ",
        "source_team": "TKRNGDFFZ",
        "user_profile": {
            "avatar_hash": "g36d88e4c93b",
            "image_72": "https:\/\/secure.gravatar.com\/avatar\/36d88e4c93b31bcf505cfdf1b76c86a9.jpg?s=72&d=https%3A%2F%2Fa.slack-edge.com%2F80588%2Fimg%2Favatars%2Fava_0020-72.png",
            "first_name": "Pramod",
            "real_name": "Pramod Malhotra",
            "display_name": "",
            "team": "TKRNGDFFZ",
            "name": "pramod.malhotra",
            "is_restricted": false,
            "is_ultra_restricted": false
        }
    },
    {
        "client_msg_id": "a01163b2-73dc-44e6-9bb0-4237a76d360f",
        "type": "message",
        "text": "<@UKPCZJWQL> Sent. Also CCed <@UKR4GLQKF> so he also has a copy.",
        "user": "UL1DRU6R3",
        "ts": "1567598658.352600",
        "team": "TKRNGDFFZ",
        "user_team": "TKRNGDFFZ",
        "source_team": "TKRNGDFFZ",
        "user_profile": {
            "avatar_hash": "gd89e47c2607",
            "image_72": "https:\/\/secure.gravatar.com\/avatar\/d89e47c2607ea5a7401c907933bcd907.jpg?s=72&d=https%3A%2F%2Fa.slack-edge.com%2F80588%2Fimg%2Favatars%2Fava_0002-72.png",
            "first_name": "",
            "real_name": "Jacquie",
            "display_name": "Jacquie",
            "team": "TKRNGDFFZ",
            "name": "jacqueline.granger",
            "is_restricted": false,
            "is_ultra_restricted": false
        },
        "reactions": [
            {
                "name": "+1",
                "users": [
                    "UKR4GLQKF"
                ],
                "count": 1
            }
        ]
    },
    {
        "client_msg_id": "389130A1-1076-43DC-B515-4A0E4A228BA3",
        "type": "message",
        "text": "Send to me too please",
        "user": "UKQ0AMW48",
        "ts": "1567598710.353100",
        "team": "TKRNGDFFZ",
        "user_team": "TKRNGDFFZ",
        "source_team": "TKRNGDFFZ",
        "user_profile": {
            "avatar_hash": "g706ef9d17e3",
            "image_72": "https:\/\/secure.gravatar.com\/avatar\/706ef9d17e3d82d2a8d5cfe003a17aca.jpg?s=72&d=https%3A%2F%2Fa.slack-edge.com%2F80588%2Fimg%2Favatars%2Fava_0024-72.png",
            "first_name": "",
            "real_name": "John Edgar",
            "display_name": "",
            "team": "TKRNGDFFZ",
            "name": "john.edgar",
            "is_restricted": false,
            "is_ultra_restricted": false
        },
        "reactions": [
            {
                "name": "heavy_check_mark",
                "users": [
                    "UL1DRU6R3"
                ],
                "count": 1
            }
        ]
    },
    {
        "client_msg_id": "ec518811-059d-4f9a-8bdb-4b7a66e311ba",
        "type": "message",
        "text": "<@UKQ0AMW48> Done.",
        "user": "UL1DRU6R3",
        "ts": "1567599281.353400",
        "team": "TKRNGDFFZ",
        "user_team": "TKRNGDFFZ",
        "source_team": "TKRNGDFFZ",
        "user_profile": {
            "avatar_hash": "gd89e47c2607",
            "image_72": "https:\/\/secure.gravatar.com\/avatar\/d89e47c2607ea5a7401c907933bcd907.jpg?s=72&d=https%3A%2F%2Fa.slack-edge.com%2F80588%2Fimg%2Favatars%2Fava_0002-72.png",
            "first_name": "",
            "real_name": "Jacquie",
            "display_name": "Jacquie",
            "team": "TKRNGDFFZ",
            "name": "jacqueline.granger",
            "is_restricted": false,
            "is_ultra_restricted": false
        }
    },
    {
        "client_msg_id": "C9E1F6B3-1624-4FAC-BED1-15C063D20CCA",
        "type": "message",
        "text": "Thx",
        "user": "UKQ0AMW48",
        "ts": "1567599303.353600",
        "team": "TKRNGDFFZ",
        "user_team": "TKRNGDFFZ",
        "source_team": "TKRNGDFFZ",
        "user_profile": {
            "avatar_hash": "g706ef9d17e3",
            "image_72": "https:\/\/secure.gravatar.com\/avatar\/706ef9d17e3d82d2a8d5cfe003a17aca.jpg?s=72&d=https%3A%2F%2Fa.slack-edge.com%2F80588%2Fimg%2Favatars%2Fava_0024-72.png",
            "first_name": "",
            "real_name": "John Edgar",
            "display_name": "",
            "team": "TKRNGDFFZ",
            "name": "john.edgar",
            "is_restricted": false,
            "is_ultra_restricted": false
        },
        "reactions": [
            {
                "name": "+1",
                "users": [
                    "UL1DRU6R3"
                ],
                "count": 1
            }
        ]
    },
    {
        "client_msg_id": "289a78d8-ad5b-4756-8b5f-b4d2b6c63df0",
        "type": "message",
        "text": "<@UKR4GLQKF> are we doing 6PM, 10PM again today?",
        "user": "UL1DRU6R3",
        "ts": "1567605020.354100",
        "team": "TKRNGDFFZ",
        "user_team": "TKRNGDFFZ",
        "source_team": "TKRNGDFFZ",
        "user_profile": {
            "avatar_hash": "gd89e47c2607",
            "image_72": "https:\/\/secure.gravatar.com\/avatar\/d89e47c2607ea5a7401c907933bcd907.jpg?s=72&d=https%3A%2F%2Fa.slack-edge.com%2F80588%2Fimg%2Favatars%2Fava_0002-72.png",
            "first_name": "",
            "real_name": "Jacquie",
            "display_name": "Jacquie",
            "team": "TKRNGDFFZ",
            "name": "jacqueline.granger",
            "is_restricted": false,
            "is_ultra_restricted": false
        }
    },
    {
        "client_msg_id": "c2c27fd9-8eb8-4199-8839-f9193733dc86",
        "type": "message",
        "text": "6PM is the plan",
        "user": "UKPCZJWQL",
        "ts": "1567605239.354300",
        "team": "TKRNGDFFZ",
        "user_team": "TKRNGDFFZ",
        "source_team": "TKRNGDFFZ",
        "user_profile": {
            "avatar_hash": "g36d88e4c93b",
            "image_72": "https:\/\/secure.gravatar.com\/avatar\/36d88e4c93b31bcf505cfdf1b76c86a9.jpg?s=72&d=https%3A%2F%2Fa.slack-edge.com%2F80588%2Fimg%2Favatars%2Fava_0020-72.png",
            "first_name": "Pramod",
            "real_name": "Pramod Malhotra",
            "display_name": "",
            "team": "TKRNGDFFZ",
            "name": "pramod.malhotra",
            "is_restricted": false,
            "is_ultra_restricted": false
        },
        "reactions": [
            {
                "name": "+1",
                "users": [
                    "UKR4GLQKF",
                    "UKQ0AMW48"
                ],
                "count": 2
            }
        ]
    },
    {
        "type": "message",
        "text": "<!channel> Last night we received updated code challenge instructions (attached, updates in red). They fixed user stories 6, 9, and 11 (removed #11) and clarified documentation requirements (ex. 5 steps max in notebook &amp; Readme, instead of 25 steps max).\nThis morning we received Q&amp;A (attached). Significant Q&amp;A include: 20 (script), 23 (notebook), 25 (repos), 56 (Section 508), 61 (script), 67 (notebook), 152 (script),",
        "files": [
            {
                "id": "FN0LR7U3S",
                "created": 1567615027,
                "timestamp": 1567615027,
                "name": "Attachment 8 - Coding Challenge_0002.pdf",
                "title": "Attachment 8 - Coding Challenge_0002.pdf",
                "mimetype": "application\/pdf",
                "filetype": "pdf",
                "pretty_type": "PDF",
                "user": "UKCPDF2M8",
                "editable": false,
                "size": 183159,
                "mode": "hosted",
                "is_external": false,
                "external_type": "",
                "is_public": true,
                "public_url_shared": false,
                "display_as_bot": false,
                "username": "",
                "url_private": "https:\/\/files.slack.com\/files-pri\/TKRNGDFFZ-FN0LR7U3S\/attachment_8_-_coding_challenge_0002.pdf?t=xoxe-671764457543-761495007360-748720106514-e22867dc4a96f2e14ff182795f11301c",
                "url_private_download": "https:\/\/files.slack.com\/files-pri\/TKRNGDFFZ-FN0LR7U3S\/download\/attachment_8_-_coding_challenge_0002.pdf?t=xoxe-671764457543-761495007360-748720106514-e22867dc4a96f2e14ff182795f11301c",
                "thumb_pdf": "https:\/\/files.slack.com\/files-tmb\/TKRNGDFFZ-FN0LR7U3S-e1432592d9\/attachment_8_-_coding_challenge_0002_thumb_pdf.png?t=xoxe-671764457543-761495007360-748720106514-e22867dc4a96f2e14ff182795f11301c",
                "thumb_pdf_w": 935,
                "thumb_pdf_h": 1210,
                "permalink": "https:\/\/scrgt-bdso.slack.com\/files\/UKCPDF2M8\/FN0LR7U3S\/attachment_8_-_coding_challenge_0002.pdf",
                "permalink_public": "https:\/\/slack-files.com\/TKRNGDFFZ-FN0LR7U3S-9625e39d3a",
                "is_starred": false,
                "has_rich_preview": false
            },
            {
                "id": "FN0LWT3CM",
                "created": 1567615027,
                "timestamp": 1567615027,
                "name": "70SBUR19Q00000150_QA1.pdf",
                "title": "70SBUR19Q00000150_QA1.pdf",
                "mimetype": "application\/pdf",
                "filetype": "pdf",
                "pretty_type": "PDF",
                "user": "UKCPDF2M8",
                "editable": false,
                "size": 220574,
                "mode": "hosted",
                "is_external": false,
                "external_type": "",
                "is_public": true,
                "public_url_shared": false,
                "display_as_bot": false,
                "username": "",
                "url_private": "https:\/\/files.slack.com\/files-pri\/TKRNGDFFZ-FN0LWT3CM\/70sbur19q00000150_qa1.pdf?t=xoxe-671764457543-761495007360-748720106514-e22867dc4a96f2e14ff182795f11301c",
                "url_private_download": "https:\/\/files.slack.com\/files-pri\/TKRNGDFFZ-FN0LWT3CM\/download\/70sbur19q00000150_qa1.pdf?t=xoxe-671764457543-761495007360-748720106514-e22867dc4a96f2e14ff182795f11301c",
                "thumb_pdf": "https:\/\/files.slack.com\/files-tmb\/TKRNGDFFZ-FN0LWT3CM-488132f560\/70sbur19q00000150_qa1_thumb_pdf.png?t=xoxe-671764457543-761495007360-748720106514-e22867dc4a96f2e14ff182795f11301c",
                "thumb_pdf_w": 935,
                "thumb_pdf_h": 1210,
                "permalink": "https:\/\/scrgt-bdso.slack.com\/files\/UKCPDF2M8\/FN0LWT3CM\/70sbur19q00000150_qa1.pdf",
                "permalink_public": "https:\/\/slack-files.com\/TKRNGDFFZ-FN0LWT3CM-222731bcaf",
                "is_starred": false,
                "has_rich_preview": false
            }
        ],
        "upload": true,
        "user": "UKCPDF2M8",
        "ts": "1567615028.374700",
        "client_msg_id": "6da97e4e-c78b-483e-8562-cdcae39e0980",
        "reactions": [
            {
                "name": "+1",
                "users": [
                    "UKNH71890"
                ],
                "count": 1
            }
        ]
    },
    {
        "client_msg_id": "cac98041-420d-4fa8-a56c-c73d11c25210",
        "type": "message",
        "text": "Thanks Alice!",
        "user": "UKZFHHJQ4",
        "ts": "1567615751.375500",
        "team": "TKRNGDFFZ",
        "user_team": "TKRNGDFFZ",
        "source_team": "TKRNGDFFZ",
        "user_profile": {
            "avatar_hash": "gb862c6892b8",
            "image_72": "https:\/\/secure.gravatar.com\/avatar\/b862c6892b81861fb8d8490e98b04fb5.jpg?s=72&d=https%3A%2F%2Fa.slack-edge.com%2F80588%2Fimg%2Favatars%2Fava_0012-72.png",
            "first_name": "",
            "real_name": "Shawn Lassiter",
            "display_name": "",
            "team": "TKRNGDFFZ",
            "name": "shawn",
            "is_restricted": false,
            "is_ultra_restricted": false
        },
        "reactions": [
            {
                "name": "+1",
                "users": [
                    "UKNH71890"
                ],
                "count": 1
            }
        ]
    },
    {
        "type": "message",
        "text": "<!channel> The following is the Final Design Approved by Product Owner along with Logo image for Log-in Screen.",
        "files": [
            {
                "id": "FN0SUSDRT",
                "created": 1567623128,
                "timestamp": 1567623128,
                "name": "cb_login.png",
                "title": "cb_login.png",
                "mimetype": "image\/png",
                "filetype": "png",
                "pretty_type": "PNG",
                "user": "UL1DRU6R3",
                "editable": false,
                "size": 51925,
                "mode": "hosted",
                "is_external": false,
                "external_type": "",
                "is_public": true,
                "public_url_shared": false,
                "display_as_bot": false,
                "username": "",
                "url_private": "https:\/\/files.slack.com\/files-pri\/TKRNGDFFZ-FN0SUSDRT\/cb_login.png?t=xoxe-671764457543-761495007360-748720106514-e22867dc4a96f2e14ff182795f11301c",
                "url_private_download": "https:\/\/files.slack.com\/files-pri\/TKRNGDFFZ-FN0SUSDRT\/download\/cb_login.png?t=xoxe-671764457543-761495007360-748720106514-e22867dc4a96f2e14ff182795f11301c",
                "thumb_64": "https:\/\/files.slack.com\/files-tmb\/TKRNGDFFZ-FN0SUSDRT-2e6e2af2de\/cb_login_64.png?t=xoxe-671764457543-761495007360-748720106514-e22867dc4a96f2e14ff182795f11301c",
                "thumb_80": "https:\/\/files.slack.com\/files-tmb\/TKRNGDFFZ-FN0SUSDRT-2e6e2af2de\/cb_login_80.png?t=xoxe-671764457543-761495007360-748720106514-e22867dc4a96f2e14ff182795f11301c",
                "thumb_360": "https:\/\/files.slack.com\/files-tmb\/TKRNGDFFZ-FN0SUSDRT-2e6e2af2de\/cb_login_360.png?t=xoxe-671764457543-761495007360-748720106514-e22867dc4a96f2e14ff182795f11301c",
                "thumb_360_w": 360,
                "thumb_360_h": 197,
                "thumb_480": "https:\/\/files.slack.com\/files-tmb\/TKRNGDFFZ-FN0SUSDRT-2e6e2af2de\/cb_login_480.png?t=xoxe-671764457543-761495007360-748720106514-e22867dc4a96f2e14ff182795f11301c",
                "thumb_480_w": 480,
                "thumb_480_h": 263,
                "thumb_160": "https:\/\/files.slack.com\/files-tmb\/TKRNGDFFZ-FN0SUSDRT-2e6e2af2de\/cb_login_160.png?t=xoxe-671764457543-761495007360-748720106514-e22867dc4a96f2e14ff182795f11301c",
                "thumb_720": "https:\/\/files.slack.com\/files-tmb\/TKRNGDFFZ-FN0SUSDRT-2e6e2af2de\/cb_login_720.png?t=xoxe-671764457543-761495007360-748720106514-e22867dc4a96f2e14ff182795f11301c",
                "thumb_720_w": 720,
                "thumb_720_h": 395,
                "thumb_800": "https:\/\/files.slack.com\/files-tmb\/TKRNGDFFZ-FN0SUSDRT-2e6e2af2de\/cb_login_800.png?t=xoxe-671764457543-761495007360-748720106514-e22867dc4a96f2e14ff182795f11301c",
                "thumb_800_w": 800,
                "thumb_800_h": 439,
                "thumb_960": "https:\/\/files.slack.com\/files-tmb\/TKRNGDFFZ-FN0SUSDRT-2e6e2af2de\/cb_login_960.png?t=xoxe-671764457543-761495007360-748720106514-e22867dc4a96f2e14ff182795f11301c",
                "thumb_960_w": 960,
                "thumb_960_h": 526,
                "thumb_1024": "https:\/\/files.slack.com\/files-tmb\/TKRNGDFFZ-FN0SUSDRT-2e6e2af2de\/cb_login_1024.png?t=xoxe-671764457543-761495007360-748720106514-e22867dc4a96f2e14ff182795f11301c",
                "thumb_1024_w": 1024,
                "thumb_1024_h": 561,
                "image_exif_rotation": 1,
                "original_w": 1200,
                "original_h": 658,
                "permalink": "https:\/\/scrgt-bdso.slack.com\/files\/UL1DRU6R3\/FN0SUSDRT\/cb_login.png",
                "permalink_public": "https:\/\/slack-files.com\/TKRNGDFFZ-FN0SUSDRT-77e5bd0c8d",
                "is_starred": false,
                "has_rich_preview": false
            },
            {
                "id": "FMUF6KG5P",
                "created": 1567623128,
                "timestamp": 1567623128,
                "name": "data_science_page.png",
                "title": "data_science_page.png",
                "mimetype": "image\/png",
                "filetype": "png",
                "pretty_type": "PNG",
                "user": "UL1DRU6R3",
                "editable": false,
                "size": 768882,
                "mode": "hosted",
                "is_external": false,
                "external_type": "",
                "is_public": true,
                "public_url_shared": false,
                "display_as_bot": false,
                "username": "",
                "url_private": "https:\/\/files.slack.com\/files-pri\/TKRNGDFFZ-FMUF6KG5P\/data_science_page.png?t=xoxe-671764457543-761495007360-748720106514-e22867dc4a96f2e14ff182795f11301c",
                "url_private_download": "https:\/\/files.slack.com\/files-pri\/TKRNGDFFZ-FMUF6KG5P\/download\/data_science_page.png?t=xoxe-671764457543-761495007360-748720106514-e22867dc4a96f2e14ff182795f11301c",
                "thumb_64": "https:\/\/files.slack.com\/files-tmb\/TKRNGDFFZ-FMUF6KG5P-b4b44b7294\/data_science_page_64.png?t=xoxe-671764457543-761495007360-748720106514-e22867dc4a96f2e14ff182795f11301c",
                "thumb_80": "https:\/\/files.slack.com\/files-tmb\/TKRNGDFFZ-FMUF6KG5P-b4b44b7294\/data_science_page_80.png?t=xoxe-671764457543-761495007360-748720106514-e22867dc4a96f2e14ff182795f11301c",
                "thumb_360": "https:\/\/files.slack.com\/files-tmb\/TKRNGDFFZ-FMUF6KG5P-b4b44b7294\/data_science_page_360.png?t=xoxe-671764457543-761495007360-748720106514-e22867dc4a96f2e14ff182795f11301c",
                "thumb_360_w": 107,
                "thumb_360_h": 360,
                "thumb_480": "https:\/\/files.slack.com\/files-tmb\/TKRNGDFFZ-FMUF6KG5P-b4b44b7294\/data_science_page_480.png?t=xoxe-671764457543-761495007360-748720106514-e22867dc4a96f2e14ff182795f11301c",
                "thumb_480_w": 142,
                "thumb_480_h": 480,
                "thumb_160": "https:\/\/files.slack.com\/files-tmb\/TKRNGDFFZ-FMUF6KG5P-b4b44b7294\/data_science_page_160.png?t=xoxe-671764457543-761495007360-748720106514-e22867dc4a96f2e14ff182795f11301c",
                "thumb_720": "https:\/\/files.slack.com\/files-tmb\/TKRNGDFFZ-FMUF6KG5P-b4b44b7294\/data_science_page_720.png?t=xoxe-671764457543-761495007360-748720106514-e22867dc4a96f2e14ff182795f11301c",
                "thumb_720_w": 213,
                "thumb_720_h": 720,
                "thumb_800": "https:\/\/files.slack.com\/files-tmb\/TKRNGDFFZ-FMUF6KG5P-b4b44b7294\/data_science_page_800.png?t=xoxe-671764457543-761495007360-748720106514-e22867dc4a96f2e14ff182795f11301c",
                "thumb_800_w": 800,
                "thumb_800_h": 2700,
                "thumb_960": "https:\/\/files.slack.com\/files-tmb\/TKRNGDFFZ-FMUF6KG5P-b4b44b7294\/data_science_page_960.png?t=xoxe-671764457543-761495007360-748720106514-e22867dc4a96f2e14ff182795f11301c",
                "thumb_960_w": 284,
                "thumb_960_h": 960,
                "thumb_1024": "https:\/\/files.slack.com\/files-tmb\/TKRNGDFFZ-FMUF6KG5P-b4b44b7294\/data_science_page_1024.png?t=xoxe-671764457543-761495007360-748720106514-e22867dc4a96f2e14ff182795f11301c",
                "thumb_1024_w": 303,
                "thumb_1024_h": 1024,
                "image_exif_rotation": 1,
                "original_w": 1200,
                "original_h": 4050,
                "permalink": "https:\/\/scrgt-bdso.slack.com\/files\/UL1DRU6R3\/FMUF6KG5P\/data_science_page.png",
                "permalink_public": "https:\/\/slack-files.com\/TKRNGDFFZ-FMUF6KG5P-8cae050c7d",
                "is_starred": false,
                "has_rich_preview": false
            },
            {
                "id": "FMN49GH4J",
                "created": 1567623128,
                "timestamp": 1567623128,
                "name": "search.png",
                "title": "search.png",
                "mimetype": "image\/png",
                "filetype": "png",
                "pretty_type": "PNG",
                "user": "UL1DRU6R3",
                "editable": false,
                "size": 477937,
                "mode": "hosted",
                "is_external": false,
                "external_type": "",
                "is_public": true,
                "public_url_shared": false,
                "display_as_bot": false,
                "username": "",
                "url_private": "https:\/\/files.slack.com\/files-pri\/TKRNGDFFZ-FMN49GH4J\/search.png?t=xoxe-671764457543-761495007360-748720106514-e22867dc4a96f2e14ff182795f11301c",
                "url_private_download": "https:\/\/files.slack.com\/files-pri\/TKRNGDFFZ-FMN49GH4J\/download\/search.png?t=xoxe-671764457543-761495007360-748720106514-e22867dc4a96f2e14ff182795f11301c",
                "thumb_64": "https:\/\/files.slack.com\/files-tmb\/TKRNGDFFZ-FMN49GH4J-22ba7e63a8\/search_64.png?t=xoxe-671764457543-761495007360-748720106514-e22867dc4a96f2e14ff182795f11301c",
                "thumb_80": "https:\/\/files.slack.com\/files-tmb\/TKRNGDFFZ-FMN49GH4J-22ba7e63a8\/search_80.png?t=xoxe-671764457543-761495007360-748720106514-e22867dc4a96f2e14ff182795f11301c",
                "thumb_360": "https:\/\/files.slack.com\/files-tmb\/TKRNGDFFZ-FMN49GH4J-22ba7e63a8\/search_360.png?t=xoxe-671764457543-761495007360-748720106514-e22867dc4a96f2e14ff182795f11301c",
                "thumb_360_w": 360,
                "thumb_360_h": 320,
                "thumb_480": "https:\/\/files.slack.com\/files-tmb\/TKRNGDFFZ-FMN49GH4J-22ba7e63a8\/search_480.png?t=xoxe-671764457543-761495007360-748720106514-e22867dc4a96f2e14ff182795f11301c",
                "thumb_480_w": 480,
                "thumb_480_h": 426,
                "thumb_160": "https:\/\/files.slack.com\/files-tmb\/TKRNGDFFZ-FMN49GH4J-22ba7e63a8\/search_160.png?t=xoxe-671764457543-761495007360-748720106514-e22867dc4a96f2e14ff182795f11301c",
                "thumb_720": "https:\/\/files.slack.com\/files-tmb\/TKRNGDFFZ-FMN49GH4J-22ba7e63a8\/search_720.png?t=xoxe-671764457543-761495007360-748720106514-e22867dc4a96f2e14ff182795f11301c",
                "thumb_720_w": 720,
                "thumb_720_h": 639,
                "thumb_800": "https:\/\/files.slack.com\/files-tmb\/TKRNGDFFZ-FMN49GH4J-22ba7e63a8\/search_800.png?t=xoxe-671764457543-761495007360-748720106514-e22867dc4a96f2e14ff182795f11301c",
                "thumb_800_w": 800,
                "thumb_800_h": 710,
                "thumb_960": "https:\/\/files.slack.com\/files-tmb\/TKRNGDFFZ-FMN49GH4J-22ba7e63a8\/search_960.png?t=xoxe-671764457543-761495007360-748720106514-e22867dc4a96f2e14ff182795f11301c",
                "thumb_960_w": 960,
                "thumb_960_h": 852,
                "thumb_1024": "https:\/\/files.slack.com\/files-tmb\/TKRNGDFFZ-FMN49GH4J-22ba7e63a8\/search_1024.png?t=xoxe-671764457543-761495007360-748720106514-e22867dc4a96f2e14ff182795f11301c",
                "thumb_1024_w": 1024,
                "thumb_1024_h": 909,
                "image_exif_rotation": 1,
                "original_w": 1200,
                "original_h": 1065,
                "permalink": "https:\/\/scrgt-bdso.slack.com\/files\/UL1DRU6R3\/FMN49GH4J\/search.png",
                "permalink_public": "https:\/\/slack-files.com\/TKRNGDFFZ-FMN49GH4J-72eccace0b",
                "is_starred": false,
                "has_rich_preview": false
            },
            {
                "id": "FN0SUSDV3",
                "created": 1567623128,
                "timestamp": 1567623128,
                "name": "celebrity_profile_alone_v8_-_edit_mode.png",
                "title": "celebrity_profile_alone_v8_-_edit_mode.png",
                "mimetype": "image\/png",
                "filetype": "png",
                "pretty_type": "PNG",
                "user": "UL1DRU6R3",
                "editable": false,
                "size": 515967,
                "mode": "hosted",
                "is_external": false,
                "external_type": "",
                "is_public": true,
                "public_url_shared": false,
                "display_as_bot": false,
                "username": "",
                "url_private": "https:\/\/files.slack.com\/files-pri\/TKRNGDFFZ-FN0SUSDV3\/celebrity_profile_alone_v8_-_edit_mode.png?t=xoxe-671764457543-761495007360-748720106514-e22867dc4a96f2e14ff182795f11301c",
                "url_private_download": "https:\/\/files.slack.com\/files-pri\/TKRNGDFFZ-FN0SUSDV3\/download\/celebrity_profile_alone_v8_-_edit_mode.png?t=xoxe-671764457543-761495007360-748720106514-e22867dc4a96f2e14ff182795f11301c",
                "thumb_64": "https:\/\/files.slack.com\/files-tmb\/TKRNGDFFZ-FN0SUSDV3-29ee58a554\/celebrity_profile_alone_v8_-_edit_mode_64.png?t=xoxe-671764457543-761495007360-748720106514-e22867dc4a96f2e14ff182795f11301c",
                "thumb_80": "https:\/\/files.slack.com\/files-tmb\/TKRNGDFFZ-FN0SUSDV3-29ee58a554\/celebrity_profile_alone_v8_-_edit_mode_80.png?t=xoxe-671764457543-761495007360-748720106514-e22867dc4a96f2e14ff182795f11301c",
                "thumb_360": "https:\/\/files.slack.com\/files-tmb\/TKRNGDFFZ-FN0SUSDV3-29ee58a554\/celebrity_profile_alone_v8_-_edit_mode_360.png?t=xoxe-671764457543-761495007360-748720106514-e22867dc4a96f2e14ff182795f11301c",
                "thumb_360_w": 205,
                "thumb_360_h": 360,
                "thumb_480": "https:\/\/files.slack.com\/files-tmb\/TKRNGDFFZ-FN0SUSDV3-29ee58a554\/celebrity_profile_alone_v8_-_edit_mode_480.png?t=xoxe-671764457543-761495007360-748720106514-e22867dc4a96f2e14ff182795f11301c",
                "thumb_480_w": 273,
                "thumb_480_h": 480,
                "thumb_160": "https:\/\/files.slack.com\/files-tmb\/TKRNGDFFZ-FN0SUSDV3-29ee58a554\/celebrity_profile_alone_v8_-_edit_mode_160.png?t=xoxe-671764457543-761495007360-748720106514-e22867dc4a96f2e14ff182795f11301c",
                "thumb_720": "https:\/\/files.slack.com\/files-tmb\/TKRNGDFFZ-FN0SUSDV3-29ee58a554\/celebrity_profile_alone_v8_-_edit_mode_720.png?t=xoxe-671764457543-761495007360-748720106514-e22867dc4a96f2e14ff182795f11301c",
                "thumb_720_w": 409,
                "thumb_720_h": 720,
                "thumb_800": "https:\/\/files.slack.com\/files-tmb\/TKRNGDFFZ-FN0SUSDV3-29ee58a554\/celebrity_profile_alone_v8_-_edit_mode_800.png?t=xoxe-671764457543-761495007360-748720106514-e22867dc4a96f2e14ff182795f11301c",
                "thumb_800_w": 800,
                "thumb_800_h": 1407,
                "thumb_960": "https:\/\/files.slack.com\/files-tmb\/TKRNGDFFZ-FN0SUSDV3-29ee58a554\/celebrity_profile_alone_v8_-_edit_mode_960.png?t=xoxe-671764457543-761495007360-748720106514-e22867dc4a96f2e14ff182795f11301c",
                "thumb_960_w": 546,
                "thumb_960_h": 960,
                "thumb_1024": "https:\/\/files.slack.com\/files-tmb\/TKRNGDFFZ-FN0SUSDV3-29ee58a554\/celebrity_profile_alone_v8_-_edit_mode_1024.png?t=xoxe-671764457543-761495007360-748720106514-e22867dc4a96f2e14ff182795f11301c",
                "thumb_1024_w": 582,
                "thumb_1024_h": 1024,
                "image_exif_rotation": 1,
                "original_w": 1200,
                "original_h": 2110,
                "permalink": "https:\/\/scrgt-bdso.slack.com\/files\/UL1DRU6R3\/FN0SUSDV3\/celebrity_profile_alone_v8_-_edit_mode.png",
                "permalink_public": "https:\/\/slack-files.com\/TKRNGDFFZ-FN0SUSDV3-3e0f32dc5f",
                "is_starred": false,
                "has_rich_preview": false
            },
            {
                "id": "FN2P1MUR5",
                "created": 1567623128,
                "timestamp": 1567623128,
                "name": "celebrity_profile_alone_v2.png",
                "title": "celebrity_profile_alone_v2.png",
                "mimetype": "image\/png",
                "filetype": "png",
                "pretty_type": "PNG",
                "user": "UL1DRU6R3",
                "editable": false,
                "size": 515435,
                "mode": "hosted",
                "is_external": false,
                "external_type": "",
                "is_public": true,
                "public_url_shared": false,
                "display_as_bot": false,
                "username": "",
                "url_private": "https:\/\/files.slack.com\/files-pri\/TKRNGDFFZ-FN2P1MUR5\/celebrity_profile_alone_v2.png?t=xoxe-671764457543-761495007360-748720106514-e22867dc4a96f2e14ff182795f11301c",
                "url_private_download": "https:\/\/files.slack.com\/files-pri\/TKRNGDFFZ-FN2P1MUR5\/download\/celebrity_profile_alone_v2.png?t=xoxe-671764457543-761495007360-748720106514-e22867dc4a96f2e14ff182795f11301c",
                "thumb_64": "https:\/\/files.slack.com\/files-tmb\/TKRNGDFFZ-FN2P1MUR5-caf363a5dd\/celebrity_profile_alone_v2_64.png?t=xoxe-671764457543-761495007360-748720106514-e22867dc4a96f2e14ff182795f11301c",
                "thumb_80": "https:\/\/files.slack.com\/files-tmb\/TKRNGDFFZ-FN2P1MUR5-caf363a5dd\/celebrity_profile_alone_v2_80.png?t=xoxe-671764457543-761495007360-748720106514-e22867dc4a96f2e14ff182795f11301c",
                "thumb_360": "https:\/\/files.slack.com\/files-tmb\/TKRNGDFFZ-FN2P1MUR5-caf363a5dd\/celebrity_profile_alone_v2_360.png?t=xoxe-671764457543-761495007360-748720106514-e22867dc4a96f2e14ff182795f11301c",
                "thumb_360_w": 225,
                "thumb_360_h": 360,
                "thumb_480": "https:\/\/files.slack.com\/files-tmb\/TKRNGDFFZ-FN2P1MUR5-caf363a5dd\/celebrity_profile_alone_v2_480.png?t=xoxe-671764457543-761495007360-748720106514-e22867dc4a96f2e14ff182795f11301c",
                "thumb_480_w": 300,
                "thumb_480_h": 480,
                "thumb_160": "https:\/\/files.slack.com\/files-tmb\/TKRNGDFFZ-FN2P1MUR5-caf363a5dd\/celebrity_profile_alone_v2_160.png?t=xoxe-671764457543-761495007360-748720106514-e22867dc4a96f2e14ff182795f11301c",
                "thumb_720": "https:\/\/files.slack.com\/files-tmb\/TKRNGDFFZ-FN2P1MUR5-caf363a5dd\/celebrity_profile_alone_v2_720.png?t=xoxe-671764457543-761495007360-748720106514-e22867dc4a96f2e14ff182795f11301c",
                "thumb_720_w": 450,
                "thumb_720_h": 720,
                "thumb_800": "https:\/\/files.slack.com\/files-tmb\/TKRNGDFFZ-FN2P1MUR5-caf363a5dd\/celebrity_profile_alone_v2_800.png?t=xoxe-671764457543-761495007360-748720106514-e22867dc4a96f2e14ff182795f11301c",
                "thumb_800_w": 800,
                "thumb_800_h": 1280,
                "thumb_960": "https:\/\/files.slack.com\/files-tmb\/TKRNGDFFZ-FN2P1MUR5-caf363a5dd\/celebrity_profile_alone_v2_960.png?t=xoxe-671764457543-761495007360-748720106514-e22867dc4a96f2e14ff182795f11301c",
                "thumb_960_w": 600,
                "thumb_960_h": 960,
                "thumb_1024": "https:\/\/files.slack.com\/files-tmb\/TKRNGDFFZ-FN2P1MUR5-caf363a5dd\/celebrity_profile_alone_v2_1024.png?t=xoxe-671764457543-761495007360-748720106514-e22867dc4a96f2e14ff182795f11301c",
                "thumb_1024_w": 640,
                "thumb_1024_h": 1024,
                "image_exif_rotation": 1,
                "original_w": 1200,
                "original_h": 1920,
                "permalink": "https:\/\/scrgt-bdso.slack.com\/files\/UL1DRU6R3\/FN2P1MUR5\/celebrity_profile_alone_v2.png",
                "permalink_public": "https:\/\/slack-files.com\/TKRNGDFFZ-FN2P1MUR5-89d0ea2fa3",
                "is_starred": false,
                "has_rich_preview": false
            },
            {
                "id": "FN0D63UPN",
                "created": 1567623128,
                "timestamp": 1567623128,
                "name": "business_user_page_layout_v2.png",
                "title": "business_user_page_layout_v2.png",
                "mimetype": "image\/png",
                "filetype": "png",
                "pretty_type": "PNG",
                "user": "UL1DRU6R3",
                "editable": false,
                "size": 1619042,
                "mode": "hosted",
                "is_external": false,
                "external_type": "",
                "is_public": true,
                "public_url_shared": false,
                "display_as_bot": false,
                "username": "",
                "url_private": "https:\/\/files.slack.com\/files-pri\/TKRNGDFFZ-FN0D63UPN\/business_user_page_layout_v2.png?t=xoxe-671764457543-761495007360-748720106514-e22867dc4a96f2e14ff182795f11301c",
                "url_private_download": "https:\/\/files.slack.com\/files-pri\/TKRNGDFFZ-FN0D63UPN\/download\/business_user_page_layout_v2.png?t=xoxe-671764457543-761495007360-748720106514-e22867dc4a96f2e14ff182795f11301c",
                "thumb_64": "https:\/\/files.slack.com\/files-tmb\/TKRNGDFFZ-FN0D63UPN-281e85f6c8\/business_user_page_layout_v2_64.png?t=xoxe-671764457543-761495007360-748720106514-e22867dc4a96f2e14ff182795f11301c",
                "thumb_80": "https:\/\/files.slack.com\/files-tmb\/TKRNGDFFZ-FN0D63UPN-281e85f6c8\/business_user_page_layout_v2_80.png?t=xoxe-671764457543-761495007360-748720106514-e22867dc4a96f2e14ff182795f11301c",
                "thumb_360": "https:\/\/files.slack.com\/files-tmb\/TKRNGDFFZ-FN0D63UPN-281e85f6c8\/business_user_page_layout_v2_360.png?t=xoxe-671764457543-761495007360-748720106514-e22867dc4a96f2e14ff182795f11301c",
                "thumb_360_w": 360,
                "thumb_360_h": 349,
                "thumb_480": "https:\/\/files.slack.com\/files-tmb\/TKRNGDFFZ-FN0D63UPN-281e85f6c8\/business_user_page_layout_v2_480.png?t=xoxe-671764457543-761495007360-748720106514-e22867dc4a96f2e14ff182795f11301c",
                "thumb_480_w": 480,
                "thumb_480_h": 465,
                "thumb_160": "https:\/\/files.slack.com\/files-tmb\/TKRNGDFFZ-FN0D63UPN-281e85f6c8\/business_user_page_layout_v2_160.png?t=xoxe-671764457543-761495007360-748720106514-e22867dc4a96f2e14ff182795f11301c",
                "thumb_720": "https:\/\/files.slack.com\/files-tmb\/TKRNGDFFZ-FN0D63UPN-281e85f6c8\/business_user_page_layout_v2_720.png?t=xoxe-671764457543-761495007360-748720106514-e22867dc4a96f2e14ff182795f11301c",
                "thumb_720_w": 720,
                "thumb_720_h": 697,
                "thumb_800": "https:\/\/files.slack.com\/files-tmb\/TKRNGDFFZ-FN0D63UPN-281e85f6c8\/business_user_page_layout_v2_800.png?t=xoxe-671764457543-761495007360-748720106514-e22867dc4a96f2e14ff182795f11301c",
                "thumb_800_w": 800,
                "thumb_800_h": 775,
                "thumb_960": "https:\/\/files.slack.com\/files-tmb\/TKRNGDFFZ-FN0D63UPN-281e85f6c8\/business_user_page_layout_v2_960.png?t=xoxe-671764457543-761495007360-748720106514-e22867dc4a96f2e14ff182795f11301c",
                "thumb_960_w": 960,
                "thumb_960_h": 930,
                "thumb_1024": "https:\/\/files.slack.com\/files-tmb\/TKRNGDFFZ-FN0D63UPN-281e85f6c8\/business_user_page_layout_v2_1024.png?t=xoxe-671764457543-761495007360-748720106514-e22867dc4a96f2e14ff182795f11301c",
                "thumb_1024_w": 1024,
                "thumb_1024_h": 992,
                "image_exif_rotation": 1,
                "original_w": 1200,
                "original_h": 1162,
                "permalink": "https:\/\/scrgt-bdso.slack.com\/files\/UL1DRU6R3\/FN0D63UPN\/business_user_page_layout_v2.png",
                "permalink_public": "https:\/\/slack-files.com\/TKRNGDFFZ-FN0D63UPN-0885b6e41f",
                "is_starred": false,
                "has_rich_preview": false
            },
            {
                "id": "FN0D63UTW",
                "created": 1567623128,
                "timestamp": 1567623128,
                "name": "business_supervisor_celebrity_page_layout_v2.png",
                "title": "business_supervisor_celebrity_page_layout_v2.png",
                "mimetype": "image\/png",
                "filetype": "png",
                "pretty_type": "PNG",
                "user": "UL1DRU6R3",
                "editable": false,
                "size": 1619382,
                "mode": "hosted",
                "is_external": false,
                "external_type": "",
                "is_public": true,
                "public_url_shared": false,
                "display_as_bot": false,
                "username": "",
                "url_private": "https:\/\/files.slack.com\/files-pri\/TKRNGDFFZ-FN0D63UTW\/business_supervisor_celebrity_page_layout_v2.png?t=xoxe-671764457543-761495007360-748720106514-e22867dc4a96f2e14ff182795f11301c",
                "url_private_download": "https:\/\/files.slack.com\/files-pri\/TKRNGDFFZ-FN0D63UTW\/download\/business_supervisor_celebrity_page_layout_v2.png?t=xoxe-671764457543-761495007360-748720106514-e22867dc4a96f2e14ff182795f11301c",
                "thumb_64": "https:\/\/files.slack.com\/files-tmb\/TKRNGDFFZ-FN0D63UTW-29b00f3ec4\/business_supervisor_celebrity_page_layout_v2_64.png?t=xoxe-671764457543-761495007360-748720106514-e22867dc4a96f2e14ff182795f11301c",
                "thumb_80": "https:\/\/files.slack.com\/files-tmb\/TKRNGDFFZ-FN0D63UTW-29b00f3ec4\/business_supervisor_celebrity_page_layout_v2_80.png?t=xoxe-671764457543-761495007360-748720106514-e22867dc4a96f2e14ff182795f11301c",
                "thumb_360": "https:\/\/files.slack.com\/files-tmb\/TKRNGDFFZ-FN0D63UTW-29b00f3ec4\/business_supervisor_celebrity_page_layout_v2_360.png?t=xoxe-671764457543-761495007360-748720106514-e22867dc4a96f2e14ff182795f11301c",
                "thumb_360_w": 360,
                "thumb_360_h": 346,
                "thumb_480": "https:\/\/files.slack.com\/files-tmb\/TKRNGDFFZ-FN0D63UTW-29b00f3ec4\/business_supervisor_celebrity_page_layout_v2_480.png?t=xoxe-671764457543-761495007360-748720106514-e22867dc4a96f2e14ff182795f11301c",
                "thumb_480_w": 480,
                "thumb_480_h": 461,
                "thumb_160": "https:\/\/files.slack.com\/files-tmb\/TKRNGDFFZ-FN0D63UTW-29b00f3ec4\/business_supervisor_celebrity_page_layout_v2_160.png?t=xoxe-671764457543-761495007360-748720106514-e22867dc4a96f2e14ff182795f11301c",
                "thumb_720": "https:\/\/files.slack.com\/files-tmb\/TKRNGDFFZ-FN0D63UTW-29b00f3ec4\/business_supervisor_celebrity_page_layout_v2_720.png?t=xoxe-671764457543-761495007360-748720106514-e22867dc4a96f2e14ff182795f11301c",
                "thumb_720_w": 720,
                "thumb_720_h": 691,
                "thumb_800": "https:\/\/files.slack.com\/files-tmb\/TKRNGDFFZ-FN0D63UTW-29b00f3ec4\/business_supervisor_celebrity_page_layout_v2_800.png?t=xoxe-671764457543-761495007360-748720106514-e22867dc4a96f2e14ff182795f11301c",
                "thumb_800_w": 800,
                "thumb_800_h": 768,
                "thumb_960": "https:\/\/files.slack.com\/files-tmb\/TKRNGDFFZ-FN0D63UTW-29b00f3ec4\/business_supervisor_celebrity_page_layout_v2_960.png?t=xoxe-671764457543-761495007360-748720106514-e22867dc4a96f2e14ff182795f11301c",
                "thumb_960_w": 960,
                "thumb_960_h": 922,
                "thumb_1024": "https:\/\/files.slack.com\/files-tmb\/TKRNGDFFZ-FN0D63UTW-29b00f3ec4\/business_supervisor_celebrity_page_layout_v2_1024.png?t=xoxe-671764457543-761495007360-748720106514-e22867dc4a96f2e14ff182795f11301c",
                "thumb_1024_w": 1024,
                "thumb_1024_h": 983,
                "image_exif_rotation": 1,
                "original_w": 1200,
                "original_h": 1152,
                "permalink": "https:\/\/scrgt-bdso.slack.com\/files\/UL1DRU6R3\/FN0D63UTW\/business_supervisor_celebrity_page_layout_v2.png",
                "permalink_public": "https:\/\/slack-files.com\/TKRNGDFFZ-FN0D63UTW-bad70bea5f",
                "is_starred": false,
                "has_rich_preview": false
            },
            {
                "id": "FN0SUSEPP",
                "created": 1567623128,
                "timestamp": 1567623128,
                "name": "bioceleb_entityCorporationLOGOV2.png",
                "title": "bioceleb_entityCorporationLOGOV2.png",
                "mimetype": "image\/png",
                "filetype": "png",
                "pretty_type": "PNG",
                "user": "UL1DRU6R3",
                "editable": false,
                "size": 5964,
                "mode": "hosted",
                "is_external": false,
                "external_type": "",
                "is_public": true,
                "public_url_shared": false,
                "display_as_bot": false,
                "username": "",
                "url_private": "https:\/\/files.slack.com\/files-pri\/TKRNGDFFZ-FN0SUSEPP\/bioceleb_entitycorporationlogov2.png?t=xoxe-671764457543-761495007360-748720106514-e22867dc4a96f2e14ff182795f11301c",
                "url_private_download": "https:\/\/files.slack.com\/files-pri\/TKRNGDFFZ-FN0SUSEPP\/download\/bioceleb_entitycorporationlogov2.png?t=xoxe-671764457543-761495007360-748720106514-e22867dc4a96f2e14ff182795f11301c",
                "thumb_64": "https:\/\/files.slack.com\/files-tmb\/TKRNGDFFZ-FN0SUSEPP-611dacb552\/bioceleb_entitycorporationlogov2_64.png?t=xoxe-671764457543-761495007360-748720106514-e22867dc4a96f2e14ff182795f11301c",
                "thumb_80": "https:\/\/files.slack.com\/files-tmb\/TKRNGDFFZ-FN0SUSEPP-611dacb552\/bioceleb_entitycorporationlogov2_80.png?t=xoxe-671764457543-761495007360-748720106514-e22867dc4a96f2e14ff182795f11301c",
                "thumb_360": "https:\/\/files.slack.com\/files-tmb\/TKRNGDFFZ-FN0SUSEPP-611dacb552\/bioceleb_entitycorporationlogov2_360.png?t=xoxe-671764457543-761495007360-748720106514-e22867dc4a96f2e14ff182795f11301c",
                "thumb_360_w": 360,
                "thumb_360_h": 116,
                "thumb_480": "https:\/\/files.slack.com\/files-tmb\/TKRNGDFFZ-FN0SUSEPP-611dacb552\/bioceleb_entitycorporationlogov2_480.png?t=xoxe-671764457543-761495007360-748720106514-e22867dc4a96f2e14ff182795f11301c",
                "thumb_480_w": 480,
                "thumb_480_h": 155,
                "thumb_160": "https:\/\/files.slack.com\/files-tmb\/TKRNGDFFZ-FN0SUSEPP-611dacb552\/bioceleb_entitycorporationlogov2_160.png?t=xoxe-671764457543-761495007360-748720106514-e22867dc4a96f2e14ff182795f11301c",
                "image_exif_rotation": 1,
                "original_w": 620,
                "original_h": 200,
                "permalink": "https:\/\/scrgt-bdso.slack.com\/files\/UL1DRU6R3\/FN0SUSEPP\/bioceleb_entitycorporationlogov2.png",
                "permalink_public": "https:\/\/slack-files.com\/TKRNGDFFZ-FN0SUSEPP-cb4fd351b9",
                "is_starred": false,
                "has_rich_preview": false
            }
        ],
        "upload": true,
        "user": "UL1DRU6R3",
        "ts": "1567623133.377200",
        "client_msg_id": "b3b15e92-6fac-43cf-8685-78142daf0517"
    },
    {
        "client_msg_id": "EB029FD4-8172-433A-9377-F3225A0D4A27",
        "type": "message",
        "text": "<@UKQ0AMW48> Is DataScience discussion scheduled for 9pm?",
        "user": "UKR4GLQKF",
        "ts": "1567640019.391000",
        "team": "TKRNGDFFZ",
        "user_team": "TKRNGDFFZ",
        "source_team": "TKRNGDFFZ",
        "user_profile": {
            "avatar_hash": "gf6859e536fb",
            "image_72": "https:\/\/secure.gravatar.com\/avatar\/f6859e536fb63a6f9d862b2f3fb9684c.jpg?s=72&d=https%3A%2F%2Fa.slack-edge.com%2F80588%2Fimg%2Favatars%2Fava_0015-72.png",
            "first_name": "",
            "real_name": "Amit Yadav",
            "display_name": "",
            "team": "TKRNGDFFZ",
            "name": "amit",
            "is_restricted": false,
            "is_ultra_restricted": false
        }
    },
    {
        "client_msg_id": "5E38F896-E16C-465D-9C80-A5096DAEEFC3",
        "type": "message",
        "text": "Yes, that is the plan",
        "user": "UKQ0AMW48",
        "ts": "1567640101.391300",
        "team": "TKRNGDFFZ",
        "user_team": "TKRNGDFFZ",
        "source_team": "TKRNGDFFZ",
        "user_profile": {
            "avatar_hash": "g706ef9d17e3",
            "image_72": "https:\/\/secure.gravatar.com\/avatar\/706ef9d17e3d82d2a8d5cfe003a17aca.jpg?s=72&d=https%3A%2F%2Fa.slack-edge.com%2F80588%2Fimg%2Favatars%2Fava_0024-72.png",
            "first_name": "",
            "real_name": "John Edgar",
            "display_name": "",
            "team": "TKRNGDFFZ",
            "name": "john.edgar",
            "is_restricted": false,
            "is_ultra_restricted": false
        }
    },
    {
        "client_msg_id": "50129626-6004-471F-BB62-8F7CA020F35B",
        "type": "message",
        "text": "Please forward invite when you get chance ",
        "user": "UKR4GLQKF",
        "ts": "1567640124.391800",
        "team": "TKRNGDFFZ",
        "user_team": "TKRNGDFFZ",
        "source_team": "TKRNGDFFZ",
        "user_profile": {
            "avatar_hash": "gf6859e536fb",
            "image_72": "https:\/\/secure.gravatar.com\/avatar\/f6859e536fb63a6f9d862b2f3fb9684c.jpg?s=72&d=https%3A%2F%2Fa.slack-edge.com%2F80588%2Fimg%2Favatars%2Fava_0015-72.png",
            "first_name": "",
            "real_name": "Amit Yadav",
            "display_name": "",
            "team": "TKRNGDFFZ",
            "name": "amit",
            "is_restricted": false,
            "is_ultra_restricted": false
        }
    },
    {
        "client_msg_id": "70EE0AFA-6198-4BD6-9B38-AEC755FB2CB5",
        "type": "message",
        "text": "I will ",
        "user": "UKQ0AMW48",
        "ts": "1567640133.392100",
        "team": "TKRNGDFFZ",
        "user_team": "TKRNGDFFZ",
        "source_team": "TKRNGDFFZ",
        "user_profile": {
            "avatar_hash": "g706ef9d17e3",
            "image_72": "https:\/\/secure.gravatar.com\/avatar\/706ef9d17e3d82d2a8d5cfe003a17aca.jpg?s=72&d=https%3A%2F%2Fa.slack-edge.com%2F80588%2Fimg%2Favatars%2Fava_0024-72.png",
            "first_name": "",
            "real_name": "John Edgar",
            "display_name": "",
            "team": "TKRNGDFFZ",
            "name": "john.edgar",
            "is_restricted": false,
            "is_ultra_restricted": false
        }
    }
]