[
    {
        "client_msg_id": "11E348AC-B680-4774-A366-29BB24F0F060",
        "type": "message",
        "text": "@here GM! Is anyone at the Chantilly office? Could someone let me in?",
        "user": "UL0012996",
        "ts": "1567253183.081700",
        "team": "TKRNGDFFZ",
        "user_team": "TKRNGDFFZ",
        "source_team": "TKRNGDFFZ",
        "user_profile": {
            "avatar_hash": "d12e961cf42d",
            "image_72": "https:\/\/avatars.slack-edge.com\/2019-07-10\/690936875216_d12e961cf42d5d7703e6_72.png",
            "first_name": "Padmaja",
            "real_name": "Padmaja",
            "display_name": "",
            "team": "TKRNGDFFZ",
            "name": "padmajaprabhala",
            "is_restricted": false,
            "is_ultra_restricted": false
        },
        "edited": {
            "user": "UL0012996",
            "ts": "1567253213.000000"
        }
    },
    {
        "client_msg_id": "458c7f5a-bc2f-4526-8c81-647d000d9feb",
        "type": "message",
        "text": "<!channel> Many folks are running behind. We will start at 8:30.",
        "user": "UKR4GLQKF",
        "ts": "1567253446.082600",
        "team": "TKRNGDFFZ",
        "user_team": "TKRNGDFFZ",
        "source_team": "TKRNGDFFZ",
        "user_profile": {
            "avatar_hash": "gf6859e536fb",
            "image_72": "https:\/\/secure.gravatar.com\/avatar\/f6859e536fb63a6f9d862b2f3fb9684c.jpg?s=72&d=https%3A%2F%2Fa.slack-edge.com%2F80588%2Fimg%2Favatars%2Fava_0015-72.png",
            "first_name": "",
            "real_name": "Amit Yadav",
            "display_name": "",
            "team": "TKRNGDFFZ",
            "name": "amit",
            "is_restricted": false,
            "is_ultra_restricted": false
        },
        "reactions": [
            {
                "name": "+1",
                "users": [
                    "UKZFHHJQ4"
                ],
                "count": 1
            }
        ]
    },
    {
        "client_msg_id": "8f7f3e6d-2fe6-41e1-8b29-ce1839937bfc",
        "type": "message",
        "text": "Cool",
        "user": "UL2480LK0",
        "ts": "1567253459.082800",
        "team": "TKRNGDFFZ",
        "user_team": "TKRNGDFFZ",
        "source_team": "TKRNGDFFZ",
        "user_profile": {
            "avatar_hash": "62ae36e8a132",
            "image_72": "https:\/\/avatars.slack-edge.com\/2019-06-29\/679787214084_62ae36e8a132791cd71b_72.png",
            "first_name": "Ranga",
            "real_name": "Ranga Lakshminarayanan",
            "display_name": "Ranga",
            "team": "TKRNGDFFZ",
            "name": "rangabalaji",
            "is_restricted": false,
            "is_ultra_restricted": false
        }
    },
    {
        "client_msg_id": "59db1310-c2ac-40f0-837a-0de7482979f4",
        "type": "message",
        "text": "<@UMRQXMCQ0> Reese Witherspoon would be categorized as Seasoned Actor\nDwayne Johnson is up and coming,\nBradley Cooper is Seasoned Actor,\nOrlando Bloom is Seasoned Actor,\nRyan Reynolds is a Seasoned Actor",
        "user": "UL1DRU6R3",
        "ts": "1567254786.083300",
        "team": "TKRNGDFFZ",
        "user_team": "TKRNGDFFZ",
        "source_team": "TKRNGDFFZ",
        "user_profile": {
            "avatar_hash": "gd89e47c2607",
            "image_72": "https:\/\/secure.gravatar.com\/avatar\/d89e47c2607ea5a7401c907933bcd907.jpg?s=72&d=https%3A%2F%2Fa.slack-edge.com%2F80588%2Fimg%2Favatars%2Fava_0002-72.png",
            "first_name": "",
            "real_name": "Jacquie",
            "display_name": "Jacquie",
            "team": "TKRNGDFFZ",
            "name": "jacqueline.granger",
            "is_restricted": false,
            "is_ultra_restricted": false
        },
        "edited": {
            "user": "UL1DRU6R3",
            "ts": "1567254901.000000"
        },
        "thread_ts": "1567254786.083300",
        "reply_count": 5,
        "reply_users_count": 2,
        "latest_reply": "1567276784.092800",
        "reply_users": [
            "UMRQXMCQ0",
            "UL1DRU6R3"
        ],
        "replies": [
            {
                "user": "UMRQXMCQ0",
                "ts": "1567267101.091700"
            },
            {
                "user": "UL1DRU6R3",
                "ts": "1567272370.092100"
            },
            {
                "user": "UL1DRU6R3",
                "ts": "1567272413.092400"
            },
            {
                "user": "UMRQXMCQ0",
                "ts": "1567273892.092600"
            },
            {
                "user": "UL1DRU6R3",
                "ts": "1567276784.092800"
            }
        ],
        "subscribed": false
    },
    {
        "client_msg_id": "f5dc13c1-db0a-4ebf-abcf-aa2e1970d15e",
        "type": "message",
        "text": "<@UMRQXMCQ0> Sebastian Stan would be considered Up and Coming\nKevin Hart - Up and Coming",
        "user": "UL1DRU6R3",
        "ts": "1567255371.084700",
        "team": "TKRNGDFFZ",
        "user_team": "TKRNGDFFZ",
        "source_team": "TKRNGDFFZ",
        "user_profile": {
            "avatar_hash": "gd89e47c2607",
            "image_72": "https:\/\/secure.gravatar.com\/avatar\/d89e47c2607ea5a7401c907933bcd907.jpg?s=72&d=https%3A%2F%2Fa.slack-edge.com%2F80588%2Fimg%2Favatars%2Fava_0002-72.png",
            "first_name": "",
            "real_name": "Jacquie",
            "display_name": "Jacquie",
            "team": "TKRNGDFFZ",
            "name": "jacqueline.granger",
            "is_restricted": false,
            "is_ultra_restricted": false
        }
    },
    {
        "client_msg_id": "86d8b9ce-1b48-4d3e-bd89-565198759256",
        "type": "message",
        "text": "Tom Hiddleston is up and coming",
        "user": "UL1DRU6R3",
        "ts": "1567255429.084900",
        "team": "TKRNGDFFZ",
        "user_team": "TKRNGDFFZ",
        "source_team": "TKRNGDFFZ",
        "user_profile": {
            "avatar_hash": "gd89e47c2607",
            "image_72": "https:\/\/secure.gravatar.com\/avatar\/d89e47c2607ea5a7401c907933bcd907.jpg?s=72&d=https%3A%2F%2Fa.slack-edge.com%2F80588%2Fimg%2Favatars%2Fava_0002-72.png",
            "first_name": "",
            "real_name": "Jacquie",
            "display_name": "Jacquie",
            "team": "TKRNGDFFZ",
            "name": "jacqueline.granger",
            "is_restricted": false,
            "is_ultra_restricted": false
        }
    },
    {
        "client_msg_id": "5a1c0753-ec7f-48b7-8ff3-7682d22901cf",
        "type": "message",
        "text": "Christian Bale is considered Seasoned Actor",
        "user": "UL1DRU6R3",
        "ts": "1567255454.085200",
        "team": "TKRNGDFFZ",
        "user_team": "TKRNGDFFZ",
        "source_team": "TKRNGDFFZ",
        "user_profile": {
            "avatar_hash": "gd89e47c2607",
            "image_72": "https:\/\/secure.gravatar.com\/avatar\/d89e47c2607ea5a7401c907933bcd907.jpg?s=72&d=https%3A%2F%2Fa.slack-edge.com%2F80588%2Fimg%2Favatars%2Fava_0002-72.png",
            "first_name": "",
            "real_name": "Jacquie",
            "display_name": "Jacquie",
            "team": "TKRNGDFFZ",
            "name": "jacqueline.granger",
            "is_restricted": false,
            "is_ultra_restricted": false
        }
    },
    {
        "client_msg_id": "04ce3d0f-7ed6-427b-8339-8e2c3982bfe7",
        "type": "message",
        "text": "GM - Stopped by the Chantilly office - unable to get in.  I am around the corner and available to assist with testing anyhow needed.",
        "user": "UMJGM378T",
        "ts": "1567264281.088000",
        "team": "TKRNGDFFZ",
        "user_team": "TKRNGDFFZ",
        "source_team": "TKRNGDFFZ",
        "user_profile": {
            "avatar_hash": "ga8ebe70865d",
            "image_72": "https:\/\/secure.gravatar.com\/avatar\/a8ebe70865d78ca3b2328999ddf000ee.jpg?s=72&d=https%3A%2F%2Fa.slack-edge.com%2F80588%2Fimg%2Favatars%2Fava_0003-72.png",
            "first_name": "",
            "real_name": "Gertrude Offoha",
            "display_name": "Gertrude Offoha",
            "team": "TKRNGDFFZ",
            "name": "geoffoha",
            "is_restricted": false,
            "is_ultra_restricted": false
        }
    },
    {
        "client_msg_id": "28ba3719-a0a6-426a-9949-0fb7c1f489e9",
        "type": "message",
        "text": "Keycloak is up at <https:\/\/release-name-keycloa-http-dev.3.13.253.153.xip.io>",
        "user": "UKR4GLQKF",
        "ts": "1567265608.089400",
        "team": "TKRNGDFFZ",
        "user_team": "TKRNGDFFZ",
        "source_team": "TKRNGDFFZ",
        "user_profile": {
            "avatar_hash": "gf6859e536fb",
            "image_72": "https:\/\/secure.gravatar.com\/avatar\/f6859e536fb63a6f9d862b2f3fb9684c.jpg?s=72&d=https%3A%2F%2Fa.slack-edge.com%2F80588%2Fimg%2Favatars%2Fava_0015-72.png",
            "first_name": "",
            "real_name": "Amit Yadav",
            "display_name": "",
            "team": "TKRNGDFFZ",
            "name": "amit",
            "is_restricted": false,
            "is_ultra_restricted": false
        }
    },
    {
        "client_msg_id": "480824d3-ff38-4c66-a19b-9b1dd50f7ad9",
        "type": "message",
        "text": "user is admin, password is qsopjk9cL6",
        "user": "UKR4GLQKF",
        "ts": "1567265791.089900",
        "team": "TKRNGDFFZ",
        "user_team": "TKRNGDFFZ",
        "source_team": "TKRNGDFFZ",
        "user_profile": {
            "avatar_hash": "gf6859e536fb",
            "image_72": "https:\/\/secure.gravatar.com\/avatar\/f6859e536fb63a6f9d862b2f3fb9684c.jpg?s=72&d=https%3A%2F%2Fa.slack-edge.com%2F80588%2Fimg%2Favatars%2Fava_0015-72.png",
            "first_name": "",
            "real_name": "Amit Yadav",
            "display_name": "",
            "team": "TKRNGDFFZ",
            "name": "amit",
            "is_restricted": false,
            "is_ultra_restricted": false
        }
    },
    {
        "client_msg_id": "acf103ff-2d55-4b11-885d-9eff01405e12",
        "type": "message",
        "text": "I created a new realm at <https:\/\/release-name-keycloa-http-dev.3.13.253.153.xip.io\/auth\/realms\/bdso\/account\/>",
        "user": "UKR4GLQKF",
        "ts": "1567265951.090300",
        "team": "TKRNGDFFZ",
        "user_team": "TKRNGDFFZ",
        "source_team": "TKRNGDFFZ",
        "user_profile": {
            "avatar_hash": "gf6859e536fb",
            "image_72": "https:\/\/secure.gravatar.com\/avatar\/f6859e536fb63a6f9d862b2f3fb9684c.jpg?s=72&d=https%3A%2F%2Fa.slack-edge.com%2F80588%2Fimg%2Favatars%2Fava_0015-72.png",
            "first_name": "",
            "real_name": "Amit Yadav",
            "display_name": "",
            "team": "TKRNGDFFZ",
            "name": "amit",
            "is_restricted": false,
            "is_ultra_restricted": false
        }
    },
    {
        "client_msg_id": "18f83fd4-e5b1-4df5-9e1c-d95b35930aff",
        "type": "message",
        "text": "Login with bdso-test\/bdsotest",
        "user": "UKR4GLQKF",
        "ts": "1567265959.090600",
        "team": "TKRNGDFFZ",
        "user_team": "TKRNGDFFZ",
        "source_team": "TKRNGDFFZ",
        "user_profile": {
            "avatar_hash": "gf6859e536fb",
            "image_72": "https:\/\/secure.gravatar.com\/avatar\/f6859e536fb63a6f9d862b2f3fb9684c.jpg?s=72&d=https%3A%2F%2Fa.slack-edge.com%2F80588%2Fimg%2Favatars%2Fava_0015-72.png",
            "first_name": "",
            "real_name": "Amit Yadav",
            "display_name": "",
            "team": "TKRNGDFFZ",
            "name": "amit",
            "is_restricted": false,
            "is_ultra_restricted": false
        }
    },
    {
        "client_msg_id": "5c1cd6a5-25f5-4ea1-affd-aa6ee2628aa4",
        "type": "message",
        "text": "checked in facial recognition prototype: <https:\/\/github.com\/SalientCRGT\/scrgt-bdso-cc-datascience\/tree\/master\/facialRecognition> <#CMRS81CBX|datascience>",
        "user": "ULX5BPN3C",
        "ts": "1567266589.091500",
        "team": "TKRNGDFFZ",
        "user_team": "TKRNGDFFZ",
        "source_team": "TKRNGDFFZ",
        "user_profile": {
            "avatar_hash": "g6a2d3222d03",
            "image_72": "https:\/\/secure.gravatar.com\/avatar\/6a2d3222d03e600836a3b667ac22c2f6.jpg?s=72&d=https%3A%2F%2Fa.slack-edge.com%2F80588%2Fimg%2Favatars%2Fava_0025-72.png",
            "first_name": "",
            "real_name": "Ray Duong",
            "display_name": "",
            "team": "TKRNGDFFZ",
            "name": "ray.duong",
            "is_restricted": false,
            "is_ultra_restricted": false
        }
    },
    {
        "client_msg_id": "E536D2B2-733E-4122-988C-C48900CD6884",
        "type": "message",
        "text": "Can someone let the people outside in at the salient office",
        "user": "ULX5BPN3C",
        "ts": "1567266871.091600",
        "team": "TKRNGDFFZ",
        "user_team": "TKRNGDFFZ",
        "source_team": "TKRNGDFFZ",
        "user_profile": {
            "avatar_hash": "g6a2d3222d03",
            "image_72": "https:\/\/secure.gravatar.com\/avatar\/6a2d3222d03e600836a3b667ac22c2f6.jpg?s=72&d=https%3A%2F%2Fa.slack-edge.com%2F80588%2Fimg%2Favatars%2Fava_0025-72.png",
            "first_name": "",
            "real_name": "Ray Duong",
            "display_name": "",
            "team": "TKRNGDFFZ",
            "name": "ray.duong",
            "is_restricted": false,
            "is_ultra_restricted": false
        }
    },
    {
        "client_msg_id": "9fdd4ba2-32fd-4a7c-be68-3ea169cf9edc",
        "type": "message",
        "text": "thanks <@UL1DRU6R3>!",
        "user": "UMRQXMCQ0",
        "ts": "1567267101.091700",
        "team": "TKRNGDFFZ",
        "user_team": "TKRNGDFFZ",
        "source_team": "TKRNGDFFZ",
        "user_profile": {
            "avatar_hash": "g66c85885606",
            "image_72": "https:\/\/secure.gravatar.com\/avatar\/66c858856069e43814f4c2a3581cb97c.jpg?s=72&d=https%3A%2F%2Fa.slack-edge.com%2F80588%2Fimg%2Favatars%2Fava_0003-72.png",
            "first_name": "",
            "real_name": "Jason Boada",
            "display_name": "Jason Boada",
            "team": "TKRNGDFFZ",
            "name": "jboada",
            "is_restricted": false,
            "is_ultra_restricted": false
        },
        "thread_ts": "1567254786.083300",
        "parent_user_id": "UL1DRU6R3"
    },
    {
        "client_msg_id": "36f8a30f-901e-4df2-b9c2-0ab40eef31db",
        "type": "message",
        "text": "<@UMRQXMCQ0> I am still going through the list",
        "user": "UL1DRU6R3",
        "ts": "1567272370.092100",
        "team": "TKRNGDFFZ",
        "user_team": "TKRNGDFFZ",
        "source_team": "TKRNGDFFZ",
        "user_profile": {
            "avatar_hash": "gd89e47c2607",
            "image_72": "https:\/\/secure.gravatar.com\/avatar\/d89e47c2607ea5a7401c907933bcd907.jpg?s=72&d=https%3A%2F%2Fa.slack-edge.com%2F80588%2Fimg%2Favatars%2Fava_0002-72.png",
            "first_name": "",
            "real_name": "Jacquie",
            "display_name": "Jacquie",
            "team": "TKRNGDFFZ",
            "name": "jacqueline.granger",
            "is_restricted": false,
            "is_ultra_restricted": false
        },
        "edited": {
            "user": "UL1DRU6R3",
            "ts": "1567272385.000000"
        },
        "thread_ts": "1567254786.083300",
        "parent_user_id": "UL1DRU6R3"
    },
    {
        "client_msg_id": "11b844bc-2301-4394-ab3b-8fe317449e2f",
        "type": "message",
        "text": "<@UMRQXMCQ0> ALl the ones you have labeled are good. Just the ones with missing information....",
        "user": "UL1DRU6R3",
        "ts": "1567272413.092400",
        "team": "TKRNGDFFZ",
        "user_team": "TKRNGDFFZ",
        "source_team": "TKRNGDFFZ",
        "user_profile": {
            "avatar_hash": "gd89e47c2607",
            "image_72": "https:\/\/secure.gravatar.com\/avatar\/d89e47c2607ea5a7401c907933bcd907.jpg?s=72&d=https%3A%2F%2Fa.slack-edge.com%2F80588%2Fimg%2Favatars%2Fava_0002-72.png",
            "first_name": "",
            "real_name": "Jacquie",
            "display_name": "Jacquie",
            "team": "TKRNGDFFZ",
            "name": "jacqueline.granger",
            "is_restricted": false,
            "is_ultra_restricted": false
        },
        "thread_ts": "1567254786.083300",
        "parent_user_id": "UL1DRU6R3"
    },
    {
        "client_msg_id": "da71ac62-ba64-4061-9ca8-e4a948e2f566",
        "type": "message",
        "text": "<@UL1DRU6R3> thanks for the feedback! I’ll circle back and update the models",
        "user": "UMRQXMCQ0",
        "ts": "1567273892.092600",
        "team": "TKRNGDFFZ",
        "user_team": "TKRNGDFFZ",
        "source_team": "TKRNGDFFZ",
        "user_profile": {
            "avatar_hash": "g66c85885606",
            "image_72": "https:\/\/secure.gravatar.com\/avatar\/66c858856069e43814f4c2a3581cb97c.jpg?s=72&d=https%3A%2F%2Fa.slack-edge.com%2F80588%2Fimg%2Favatars%2Fava_0003-72.png",
            "first_name": "",
            "real_name": "Jason Boada",
            "display_name": "Jason Boada",
            "team": "TKRNGDFFZ",
            "name": "jboada",
            "is_restricted": false,
            "is_ultra_restricted": false
        },
        "thread_ts": "1567254786.083300",
        "parent_user_id": "UL1DRU6R3"
    },
    {
        "type": "message",
        "text": "<@UMRQXMCQ0> I edited your script here in Word. I did divide them up but all the actors have a classification now. Cheers....",
        "files": [
            {
                "id": "FMWBZEQUC",
                "created": 1567276782,
                "timestamp": 1567276782,
                "name": "actor_Classifications.docx",
                "title": "actor_Classifications.docx",
                "mimetype": "application\/vnd.openxmlformats-officedocument.wordprocessingml.document",
                "filetype": "docx",
                "pretty_type": "Word Document",
                "user": "UL1DRU6R3",
                "editable": false,
                "size": 19738,
                "mode": "hosted",
                "is_external": false,
                "external_type": "",
                "is_public": true,
                "public_url_shared": false,
                "display_as_bot": false,
                "username": "",
                "url_private": "https:\/\/files.slack.com\/files-pri\/TKRNGDFFZ-FMWBZEQUC\/actor_classifications.docx?t=xoxe-671764457543-761495007360-748720106514-e22867dc4a96f2e14ff182795f11301c",
                "url_private_download": "https:\/\/files.slack.com\/files-pri\/TKRNGDFFZ-FMWBZEQUC\/download\/actor_classifications.docx?t=xoxe-671764457543-761495007360-748720106514-e22867dc4a96f2e14ff182795f11301c",
                "converted_pdf": "https:\/\/files.slack.com\/files-tmb\/TKRNGDFFZ-FMWBZEQUC-e031cd7a0c\/actor_classifications_converted.pdf?t=xoxe-671764457543-761495007360-748720106514-e22867dc4a96f2e14ff182795f11301c",
                "thumb_pdf": "https:\/\/files.slack.com\/files-tmb\/TKRNGDFFZ-FMWBZEQUC-e031cd7a0c\/actor_classifications_thumb_pdf.png?t=xoxe-671764457543-761495007360-748720106514-e22867dc4a96f2e14ff182795f11301c",
                "thumb_pdf_w": 935,
                "thumb_pdf_h": 1210,
                "permalink": "https:\/\/scrgt-bdso.slack.com\/files\/UL1DRU6R3\/FMWBZEQUC\/actor_classifications.docx",
                "permalink_public": "https:\/\/slack-files.com\/TKRNGDFFZ-FMWBZEQUC-948216d7d8",
                "is_starred": false,
                "has_rich_preview": false
            }
        ],
        "upload": true,
        "user": "UL1DRU6R3",
        "display_as_bot": false,
        "ts": "1567276784.092800",
        "client_msg_id": "167b1148-6510-49b0-9ee3-9cd5e6af74af",
        "thread_ts": "1567254786.083300",
        "parent_user_id": "UL1DRU6R3"
    },
    {
        "type": "message",
        "text": "",
        "files": [
            {
                "id": "FMWT4NVC0",
                "created": 1567286158,
                "timestamp": 1567286158,
                "name": "IMG_20190831_171758.jpg",
                "title": "IMG_20190831_171758.jpg",
                "mimetype": "image\/jpeg",
                "filetype": "jpg",
                "pretty_type": "JPEG",
                "user": "UKPCZJWQL",
                "editable": false,
                "size": 154432,
                "mode": "hosted",
                "is_external": false,
                "external_type": "",
                "is_public": true,
                "public_url_shared": false,
                "display_as_bot": false,
                "username": "",
                "url_private": "https:\/\/files.slack.com\/files-pri\/TKRNGDFFZ-FMWT4NVC0\/img_20190831_171758.jpg?t=xoxe-671764457543-761495007360-748720106514-e22867dc4a96f2e14ff182795f11301c",
                "url_private_download": "https:\/\/files.slack.com\/files-pri\/TKRNGDFFZ-FMWT4NVC0\/download\/img_20190831_171758.jpg?t=xoxe-671764457543-761495007360-748720106514-e22867dc4a96f2e14ff182795f11301c",
                "thumb_64": "https:\/\/files.slack.com\/files-tmb\/TKRNGDFFZ-FMWT4NVC0-e7afe784ed\/img_20190831_171758_64.jpg?t=xoxe-671764457543-761495007360-748720106514-e22867dc4a96f2e14ff182795f11301c",
                "thumb_80": "https:\/\/files.slack.com\/files-tmb\/TKRNGDFFZ-FMWT4NVC0-e7afe784ed\/img_20190831_171758_80.jpg?t=xoxe-671764457543-761495007360-748720106514-e22867dc4a96f2e14ff182795f11301c",
                "thumb_360": "https:\/\/files.slack.com\/files-tmb\/TKRNGDFFZ-FMWT4NVC0-e7afe784ed\/img_20190831_171758_360.jpg?t=xoxe-671764457543-761495007360-748720106514-e22867dc4a96f2e14ff182795f11301c",
                "thumb_360_w": 360,
                "thumb_360_h": 360,
                "thumb_480": "https:\/\/files.slack.com\/files-tmb\/TKRNGDFFZ-FMWT4NVC0-e7afe784ed\/img_20190831_171758_480.jpg?t=xoxe-671764457543-761495007360-748720106514-e22867dc4a96f2e14ff182795f11301c",
                "thumb_480_w": 480,
                "thumb_480_h": 480,
                "thumb_160": "https:\/\/files.slack.com\/files-tmb\/TKRNGDFFZ-FMWT4NVC0-e7afe784ed\/img_20190831_171758_160.jpg?t=xoxe-671764457543-761495007360-748720106514-e22867dc4a96f2e14ff182795f11301c",
                "thumb_720": "https:\/\/files.slack.com\/files-tmb\/TKRNGDFFZ-FMWT4NVC0-e7afe784ed\/img_20190831_171758_720.jpg?t=xoxe-671764457543-761495007360-748720106514-e22867dc4a96f2e14ff182795f11301c",
                "thumb_720_w": 720,
                "thumb_720_h": 720,
                "thumb_800": "https:\/\/files.slack.com\/files-tmb\/TKRNGDFFZ-FMWT4NVC0-e7afe784ed\/img_20190831_171758_800.jpg?t=xoxe-671764457543-761495007360-748720106514-e22867dc4a96f2e14ff182795f11301c",
                "thumb_800_w": 800,
                "thumb_800_h": 800,
                "thumb_960": "https:\/\/files.slack.com\/files-tmb\/TKRNGDFFZ-FMWT4NVC0-e7afe784ed\/img_20190831_171758_960.jpg?t=xoxe-671764457543-761495007360-748720106514-e22867dc4a96f2e14ff182795f11301c",
                "thumb_960_w": 960,
                "thumb_960_h": 960,
                "thumb_1024": "https:\/\/files.slack.com\/files-tmb\/TKRNGDFFZ-FMWT4NVC0-e7afe784ed\/img_20190831_171758_1024.jpg?t=xoxe-671764457543-761495007360-748720106514-e22867dc4a96f2e14ff182795f11301c",
                "thumb_1024_w": 1024,
                "thumb_1024_h": 1024,
                "image_exif_rotation": 6,
                "original_w": 2160,
                "original_h": 2160,
                "permalink": "https:\/\/scrgt-bdso.slack.com\/files\/UKPCZJWQL\/FMWT4NVC0\/img_20190831_171758.jpg",
                "permalink_public": "https:\/\/slack-files.com\/TKRNGDFFZ-FMWT4NVC0-56daa394cc",
                "is_starred": false,
                "has_rich_preview": false
            }
        ],
        "upload": true,
        "user": "UKPCZJWQL",
        "display_as_bot": false,
        "ts": "1567286162.093200",
        "client_msg_id": "6cbef2cb-c0e1-4368-85ed-9f925af79e8f"
    },
    {
        "type": "message",
        "text": "",
        "files": [
            {
                "id": "FMWT91C3F",
                "created": 1567286204,
                "timestamp": 1567286204,
                "name": "IMG_20190831_171828.jpg",
                "title": "IMG_20190831_171828.jpg",
                "mimetype": "image\/jpeg",
                "filetype": "jpg",
                "pretty_type": "JPEG",
                "user": "UKPCZJWQL",
                "editable": false,
                "size": 207197,
                "mode": "hosted",
                "is_external": false,
                "external_type": "",
                "is_public": true,
                "public_url_shared": false,
                "display_as_bot": false,
                "username": "",
                "url_private": "https:\/\/files.slack.com\/files-pri\/TKRNGDFFZ-FMWT91C3F\/img_20190831_171828.jpg?t=xoxe-671764457543-761495007360-748720106514-e22867dc4a96f2e14ff182795f11301c",
                "url_private_download": "https:\/\/files.slack.com\/files-pri\/TKRNGDFFZ-FMWT91C3F\/download\/img_20190831_171828.jpg?t=xoxe-671764457543-761495007360-748720106514-e22867dc4a96f2e14ff182795f11301c",
                "thumb_64": "https:\/\/files.slack.com\/files-tmb\/TKRNGDFFZ-FMWT91C3F-9882600ba4\/img_20190831_171828_64.jpg?t=xoxe-671764457543-761495007360-748720106514-e22867dc4a96f2e14ff182795f11301c",
                "thumb_80": "https:\/\/files.slack.com\/files-tmb\/TKRNGDFFZ-FMWT91C3F-9882600ba4\/img_20190831_171828_80.jpg?t=xoxe-671764457543-761495007360-748720106514-e22867dc4a96f2e14ff182795f11301c",
                "thumb_360": "https:\/\/files.slack.com\/files-tmb\/TKRNGDFFZ-FMWT91C3F-9882600ba4\/img_20190831_171828_360.jpg?t=xoxe-671764457543-761495007360-748720106514-e22867dc4a96f2e14ff182795f11301c",
                "thumb_360_w": 360,
                "thumb_360_h": 360,
                "thumb_480": "https:\/\/files.slack.com\/files-tmb\/TKRNGDFFZ-FMWT91C3F-9882600ba4\/img_20190831_171828_480.jpg?t=xoxe-671764457543-761495007360-748720106514-e22867dc4a96f2e14ff182795f11301c",
                "thumb_480_w": 480,
                "thumb_480_h": 480,
                "thumb_160": "https:\/\/files.slack.com\/files-tmb\/TKRNGDFFZ-FMWT91C3F-9882600ba4\/img_20190831_171828_160.jpg?t=xoxe-671764457543-761495007360-748720106514-e22867dc4a96f2e14ff182795f11301c",
                "thumb_720": "https:\/\/files.slack.com\/files-tmb\/TKRNGDFFZ-FMWT91C3F-9882600ba4\/img_20190831_171828_720.jpg?t=xoxe-671764457543-761495007360-748720106514-e22867dc4a96f2e14ff182795f11301c",
                "thumb_720_w": 720,
                "thumb_720_h": 720,
                "thumb_800": "https:\/\/files.slack.com\/files-tmb\/TKRNGDFFZ-FMWT91C3F-9882600ba4\/img_20190831_171828_800.jpg?t=xoxe-671764457543-761495007360-748720106514-e22867dc4a96f2e14ff182795f11301c",
                "thumb_800_w": 800,
                "thumb_800_h": 800,
                "thumb_960": "https:\/\/files.slack.com\/files-tmb\/TKRNGDFFZ-FMWT91C3F-9882600ba4\/img_20190831_171828_960.jpg?t=xoxe-671764457543-761495007360-748720106514-e22867dc4a96f2e14ff182795f11301c",
                "thumb_960_w": 960,
                "thumb_960_h": 960,
                "thumb_1024": "https:\/\/files.slack.com\/files-tmb\/TKRNGDFFZ-FMWT91C3F-9882600ba4\/img_20190831_171828_1024.jpg?t=xoxe-671764457543-761495007360-748720106514-e22867dc4a96f2e14ff182795f11301c",
                "thumb_1024_w": 1024,
                "thumb_1024_h": 1024,
                "image_exif_rotation": 6,
                "original_w": 2160,
                "original_h": 2160,
                "permalink": "https:\/\/scrgt-bdso.slack.com\/files\/UKPCZJWQL\/FMWT91C3F\/img_20190831_171828.jpg",
                "permalink_public": "https:\/\/slack-files.com\/TKRNGDFFZ-FMWT91C3F-aae2006fd8",
                "is_starred": false,
                "has_rich_preview": false
            }
        ],
        "upload": true,
        "user": "UKPCZJWQL",
        "display_as_bot": false,
        "ts": "1567286208.093500",
        "client_msg_id": "8996d4ce-41af-4c8f-bbc3-8d31ea37cad5"
    },
    {
        "type": "message",
        "text": "",
        "files": [
            {
                "id": "FMWT94AG5",
                "created": 1567286221,
                "timestamp": 1567286221,
                "name": "IMG_20190831_171902.jpg",
                "title": "IMG_20190831_171902.jpg",
                "mimetype": "image\/jpeg",
                "filetype": "jpg",
                "pretty_type": "JPEG",
                "user": "UKPCZJWQL",
                "editable": false,
                "size": 165789,
                "mode": "hosted",
                "is_external": false,
                "external_type": "",
                "is_public": true,
                "public_url_shared": false,
                "display_as_bot": false,
                "username": "",
                "url_private": "https:\/\/files.slack.com\/files-pri\/TKRNGDFFZ-FMWT94AG5\/img_20190831_171902.jpg?t=xoxe-671764457543-761495007360-748720106514-e22867dc4a96f2e14ff182795f11301c",
                "url_private_download": "https:\/\/files.slack.com\/files-pri\/TKRNGDFFZ-FMWT94AG5\/download\/img_20190831_171902.jpg?t=xoxe-671764457543-761495007360-748720106514-e22867dc4a96f2e14ff182795f11301c",
                "thumb_64": "https:\/\/files.slack.com\/files-tmb\/TKRNGDFFZ-FMWT94AG5-52007081ca\/img_20190831_171902_64.jpg?t=xoxe-671764457543-761495007360-748720106514-e22867dc4a96f2e14ff182795f11301c",
                "thumb_80": "https:\/\/files.slack.com\/files-tmb\/TKRNGDFFZ-FMWT94AG5-52007081ca\/img_20190831_171902_80.jpg?t=xoxe-671764457543-761495007360-748720106514-e22867dc4a96f2e14ff182795f11301c",
                "thumb_360": "https:\/\/files.slack.com\/files-tmb\/TKRNGDFFZ-FMWT94AG5-52007081ca\/img_20190831_171902_360.jpg?t=xoxe-671764457543-761495007360-748720106514-e22867dc4a96f2e14ff182795f11301c",
                "thumb_360_w": 360,
                "thumb_360_h": 360,
                "thumb_480": "https:\/\/files.slack.com\/files-tmb\/TKRNGDFFZ-FMWT94AG5-52007081ca\/img_20190831_171902_480.jpg?t=xoxe-671764457543-761495007360-748720106514-e22867dc4a96f2e14ff182795f11301c",
                "thumb_480_w": 480,
                "thumb_480_h": 480,
                "thumb_160": "https:\/\/files.slack.com\/files-tmb\/TKRNGDFFZ-FMWT94AG5-52007081ca\/img_20190831_171902_160.jpg?t=xoxe-671764457543-761495007360-748720106514-e22867dc4a96f2e14ff182795f11301c",
                "thumb_720": "https:\/\/files.slack.com\/files-tmb\/TKRNGDFFZ-FMWT94AG5-52007081ca\/img_20190831_171902_720.jpg?t=xoxe-671764457543-761495007360-748720106514-e22867dc4a96f2e14ff182795f11301c",
                "thumb_720_w": 720,
                "thumb_720_h": 720,
                "thumb_800": "https:\/\/files.slack.com\/files-tmb\/TKRNGDFFZ-FMWT94AG5-52007081ca\/img_20190831_171902_800.jpg?t=xoxe-671764457543-761495007360-748720106514-e22867dc4a96f2e14ff182795f11301c",
                "thumb_800_w": 800,
                "thumb_800_h": 800,
                "thumb_960": "https:\/\/files.slack.com\/files-tmb\/TKRNGDFFZ-FMWT94AG5-52007081ca\/img_20190831_171902_960.jpg?t=xoxe-671764457543-761495007360-748720106514-e22867dc4a96f2e14ff182795f11301c",
                "thumb_960_w": 960,
                "thumb_960_h": 960,
                "thumb_1024": "https:\/\/files.slack.com\/files-tmb\/TKRNGDFFZ-FMWT94AG5-52007081ca\/img_20190831_171902_1024.jpg?t=xoxe-671764457543-761495007360-748720106514-e22867dc4a96f2e14ff182795f11301c",
                "thumb_1024_w": 1024,
                "thumb_1024_h": 1024,
                "image_exif_rotation": 6,
                "original_w": 2160,
                "original_h": 2160,
                "permalink": "https:\/\/scrgt-bdso.slack.com\/files\/UKPCZJWQL\/FMWT94AG5\/img_20190831_171902.jpg",
                "permalink_public": "https:\/\/slack-files.com\/TKRNGDFFZ-FMWT94AG5-8e1f6ca248",
                "is_starred": false,
                "has_rich_preview": false
            }
        ],
        "upload": true,
        "user": "UKPCZJWQL",
        "display_as_bot": false,
        "ts": "1567286225.093800",
        "client_msg_id": "b22bd4fa-607a-4270-9270-980163f52fb4"
    },
    {
        "client_msg_id": "8a5593cf-a5e4-4d6e-b800-c3115ebc962c",
        "type": "message",
        "text": "do we have the 6pm call today?",
        "user": "UMM68BPPT",
        "ts": "1567289066.094300",
        "team": "TKRNGDFFZ",
        "user_team": "TKRNGDFFZ",
        "source_team": "TKRNGDFFZ",
        "user_profile": {
            "avatar_hash": "g9c0ac3fd64b",
            "image_72": "https:\/\/secure.gravatar.com\/avatar\/9c0ac3fd64bb3a10db9de32fd3d15239.jpg?s=72&d=https%3A%2F%2Fa.slack-edge.com%2F80588%2Fimg%2Favatars%2Fava_0018-72.png",
            "first_name": "",
            "real_name": "Vidya Dasaradi",
            "display_name": "Vidya Dasaradi",
            "team": "TKRNGDFFZ",
            "name": "vidya.dasaradi",
            "is_restricted": false,
            "is_ultra_restricted": false
        }
    },
    {
        "client_msg_id": "5c009b51-9a2e-4466-a1c3-f40b3b9acaf7",
        "type": "message",
        "text": "Nope",
        "user": "UKPCZJWQL",
        "ts": "1567289085.094500",
        "team": "TKRNGDFFZ",
        "user_team": "TKRNGDFFZ",
        "source_team": "TKRNGDFFZ",
        "user_profile": {
            "avatar_hash": "g36d88e4c93b",
            "image_72": "https:\/\/secure.gravatar.com\/avatar\/36d88e4c93b31bcf505cfdf1b76c86a9.jpg?s=72&d=https%3A%2F%2Fa.slack-edge.com%2F80588%2Fimg%2Favatars%2Fava_0020-72.png",
            "first_name": "Pramod",
            "real_name": "Pramod Malhotra",
            "display_name": "",
            "team": "TKRNGDFFZ",
            "name": "pramod.malhotra",
            "is_restricted": false,
            "is_ultra_restricted": false
        }
    },
    {
        "client_msg_id": "f0e1ed0b-29cd-4acd-a736-582c13eff1a9",
        "type": "message",
        "text": "thank you",
        "user": "UMM68BPPT",
        "ts": "1567289102.094800",
        "team": "TKRNGDFFZ",
        "user_team": "TKRNGDFFZ",
        "source_team": "TKRNGDFFZ",
        "user_profile": {
            "avatar_hash": "g9c0ac3fd64b",
            "image_72": "https:\/\/secure.gravatar.com\/avatar\/9c0ac3fd64bb3a10db9de32fd3d15239.jpg?s=72&d=https%3A%2F%2Fa.slack-edge.com%2F80588%2Fimg%2Favatars%2Fava_0018-72.png",
            "first_name": "",
            "real_name": "Vidya Dasaradi",
            "display_name": "Vidya Dasaradi",
            "team": "TKRNGDFFZ",
            "name": "vidya.dasaradi",
            "is_restricted": false,
            "is_ultra_restricted": false
        }
    },
    {
        "client_msg_id": "3ed5b687-f31f-42b3-8da9-05ee5db8fd30",
        "type": "message",
        "text": "Tomorrow gayatri will send meeting time",
        "user": "UKPCZJWQL",
        "ts": "1567289133.095700",
        "team": "TKRNGDFFZ",
        "user_team": "TKRNGDFFZ",
        "source_team": "TKRNGDFFZ",
        "user_profile": {
            "avatar_hash": "g36d88e4c93b",
            "image_72": "https:\/\/secure.gravatar.com\/avatar\/36d88e4c93b31bcf505cfdf1b76c86a9.jpg?s=72&d=https%3A%2F%2Fa.slack-edge.com%2F80588%2Fimg%2Favatars%2Fava_0020-72.png",
            "first_name": "Pramod",
            "real_name": "Pramod Malhotra",
            "display_name": "",
            "team": "TKRNGDFFZ",
            "name": "pramod.malhotra",
            "is_restricted": false,
            "is_ultra_restricted": false
        }
    },
    {
        "client_msg_id": "23cb9c6a-4e47-4391-ae52-e1212ff8d5f0",
        "type": "message",
        "text": "ok",
        "user": "UMM68BPPT",
        "ts": "1567289156.096100",
        "team": "TKRNGDFFZ",
        "user_team": "TKRNGDFFZ",
        "source_team": "TKRNGDFFZ",
        "user_profile": {
            "avatar_hash": "g9c0ac3fd64b",
            "image_72": "https:\/\/secure.gravatar.com\/avatar\/9c0ac3fd64bb3a10db9de32fd3d15239.jpg?s=72&d=https%3A%2F%2Fa.slack-edge.com%2F80588%2Fimg%2Favatars%2Fava_0018-72.png",
            "first_name": "",
            "real_name": "Vidya Dasaradi",
            "display_name": "Vidya Dasaradi",
            "team": "TKRNGDFFZ",
            "name": "vidya.dasaradi",
            "is_restricted": false,
            "is_ultra_restricted": false
        }
    }
]