[
    {
        "type": "message",
        "text": "Updated DS recommendation app with new endpoints, please merge the DS development branch to develop.",
        "files": [
            {
                "id": "FMW8F122F",
                "created": 1568153378,
                "timestamp": 1568153378,
                "name": "recommendation_api_swagger.png",
                "title": "recommendation_api_swagger.png",
                "mimetype": "image\/png",
                "filetype": "png",
                "pretty_type": "PNG",
                "user": "ULX5BPN3C",
                "editable": false,
                "size": 181321,
                "mode": "hosted",
                "is_external": false,
                "external_type": "",
                "is_public": true,
                "public_url_shared": false,
                "display_as_bot": false,
                "username": "",
                "url_private": "https:\/\/files.slack.com\/files-pri\/TKRNGDFFZ-FMW8F122F\/recommendation_api_swagger.png?t=xoxe-671764457543-761495007360-748720106514-e22867dc4a96f2e14ff182795f11301c",
                "url_private_download": "https:\/\/files.slack.com\/files-pri\/TKRNGDFFZ-FMW8F122F\/download\/recommendation_api_swagger.png?t=xoxe-671764457543-761495007360-748720106514-e22867dc4a96f2e14ff182795f11301c",
                "thumb_64": "https:\/\/files.slack.com\/files-tmb\/TKRNGDFFZ-FMW8F122F-525e837506\/recommendation_api_swagger_64.png?t=xoxe-671764457543-761495007360-748720106514-e22867dc4a96f2e14ff182795f11301c",
                "thumb_80": "https:\/\/files.slack.com\/files-tmb\/TKRNGDFFZ-FMW8F122F-525e837506\/recommendation_api_swagger_80.png?t=xoxe-671764457543-761495007360-748720106514-e22867dc4a96f2e14ff182795f11301c",
                "thumb_360": "https:\/\/files.slack.com\/files-tmb\/TKRNGDFFZ-FMW8F122F-525e837506\/recommendation_api_swagger_360.png?t=xoxe-671764457543-761495007360-748720106514-e22867dc4a96f2e14ff182795f11301c",
                "thumb_360_w": 360,
                "thumb_360_h": 290,
                "thumb_480": "https:\/\/files.slack.com\/files-tmb\/TKRNGDFFZ-FMW8F122F-525e837506\/recommendation_api_swagger_480.png?t=xoxe-671764457543-761495007360-748720106514-e22867dc4a96f2e14ff182795f11301c",
                "thumb_480_w": 480,
                "thumb_480_h": 386,
                "thumb_160": "https:\/\/files.slack.com\/files-tmb\/TKRNGDFFZ-FMW8F122F-525e837506\/recommendation_api_swagger_160.png?t=xoxe-671764457543-761495007360-748720106514-e22867dc4a96f2e14ff182795f11301c",
                "thumb_720": "https:\/\/files.slack.com\/files-tmb\/TKRNGDFFZ-FMW8F122F-525e837506\/recommendation_api_swagger_720.png?t=xoxe-671764457543-761495007360-748720106514-e22867dc4a96f2e14ff182795f11301c",
                "thumb_720_w": 720,
                "thumb_720_h": 579,
                "thumb_800": "https:\/\/files.slack.com\/files-tmb\/TKRNGDFFZ-FMW8F122F-525e837506\/recommendation_api_swagger_800.png?t=xoxe-671764457543-761495007360-748720106514-e22867dc4a96f2e14ff182795f11301c",
                "thumb_800_w": 800,
                "thumb_800_h": 643,
                "thumb_960": "https:\/\/files.slack.com\/files-tmb\/TKRNGDFFZ-FMW8F122F-525e837506\/recommendation_api_swagger_960.png?t=xoxe-671764457543-761495007360-748720106514-e22867dc4a96f2e14ff182795f11301c",
                "thumb_960_w": 960,
                "thumb_960_h": 772,
                "thumb_1024": "https:\/\/files.slack.com\/files-tmb\/TKRNGDFFZ-FMW8F122F-525e837506\/recommendation_api_swagger_1024.png?t=xoxe-671764457543-761495007360-748720106514-e22867dc4a96f2e14ff182795f11301c",
                "thumb_1024_w": 1024,
                "thumb_1024_h": 823,
                "image_exif_rotation": 1,
                "original_w": 1098,
                "original_h": 883,
                "permalink": "https:\/\/scrgt-bdso.slack.com\/files\/ULX5BPN3C\/FMW8F122F\/recommendation_api_swagger.png",
                "permalink_public": "https:\/\/slack-files.com\/TKRNGDFFZ-FMW8F122F-9c335c3e92",
                "is_starred": false,
                "has_rich_preview": false
            }
        ],
        "upload": true,
        "user": "ULX5BPN3C",
        "display_as_bot": false,
        "ts": "1568153381.069000",
        "client_msg_id": "29f1cb73-8a4e-47dc-b6f1-5c8078eed24f"
    }
]