[
    {
        "client_msg_id": "e69daecb-0565-4258-af77-1f823546b088",
        "type": "message",
        "text": "while I’m in <!here> does anyone need environment variables other than the new standard ones?",
        "user": "UKZFHHJQ4",
        "ts": "1568230863.069900",
        "team": "TKRNGDFFZ",
        "user_team": "TKRNGDFFZ",
        "source_team": "TKRNGDFFZ",
        "user_profile": {
            "avatar_hash": "gb862c6892b8",
            "image_72": "https:\/\/secure.gravatar.com\/avatar\/b862c6892b81861fb8d8490e98b04fb5.jpg?s=72&d=https%3A%2F%2Fa.slack-edge.com%2F80588%2Fimg%2Favatars%2Fava_0012-72.png",
            "first_name": "",
            "real_name": "Shawn Lassiter",
            "display_name": "",
            "team": "TKRNGDFFZ",
            "name": "shawn",
            "is_restricted": false,
            "is_ultra_restricted": false
        }
    },
    {
        "client_msg_id": "15c75aa4-3604-460b-8ab5-c706fe7f42e1",
        "type": "message",
        "text": "AWS_S3_BUCKET\nAWS_ACCESS_KEY_ID\nAWS_SECRET_ACCESS_KEY\nAWS_REGION\nDB_HOST\nDB_PORT\nDB_PASSWORD\nDB_USERNAME\nDB_NAME\nES_68_CLUSTER\nES_68_HOST\nES_68_PORT\nES_73_CLUSTER\nES_73_HOST\nES_73_PORT\nKECLOAK_URL\nSECURITY_ENABLED",
        "user": "UKZFHHJQ4",
        "ts": "1568230885.070300",
        "team": "TKRNGDFFZ",
        "user_team": "TKRNGDFFZ",
        "source_team": "TKRNGDFFZ",
        "user_profile": {
            "avatar_hash": "gb862c6892b8",
            "image_72": "https:\/\/secure.gravatar.com\/avatar\/b862c6892b81861fb8d8490e98b04fb5.jpg?s=72&d=https%3A%2F%2Fa.slack-edge.com%2F80588%2Fimg%2Favatars%2Fava_0012-72.png",
            "first_name": "",
            "real_name": "Shawn Lassiter",
            "display_name": "",
            "team": "TKRNGDFFZ",
            "name": "shawn",
            "is_restricted": false,
            "is_ultra_restricted": false
        }
    },
    {
        "client_msg_id": "8eed954c-1109-4f39-9a01-91cec8248ef8",
        "type": "message",
        "text": "also, if you use elasticsearch, please specify a version in your code.",
        "user": "UKZFHHJQ4",
        "ts": "1568231098.070800",
        "team": "TKRNGDFFZ",
        "user_team": "TKRNGDFFZ",
        "source_team": "TKRNGDFFZ",
        "user_profile": {
            "avatar_hash": "gb862c6892b8",
            "image_72": "https:\/\/secure.gravatar.com\/avatar\/b862c6892b81861fb8d8490e98b04fb5.jpg?s=72&d=https%3A%2F%2Fa.slack-edge.com%2F80588%2Fimg%2Favatars%2Fava_0012-72.png",
            "first_name": "",
            "real_name": "Shawn Lassiter",
            "display_name": "",
            "team": "TKRNGDFFZ",
            "name": "shawn",
            "is_restricted": false,
            "is_ultra_restricted": false
        }
    },
    {
        "type": "message",
        "text": "are the new env variables setup on the jupyter notebook?  <http:\/\/ec2-13-59-31-116.us-east-2.compute.amazonaws.com:9443|ec2-13-59-31-116.us-east-2.compute.amazonaws.com:9443>",
        "files": [
            {
                "id": "FN97MERUY",
                "created": 1568241496,
                "timestamp": 1568241496,
                "name": "Screen Shot 2019-09-11 at 6.36.47 PM.png",
                "title": "Screen Shot 2019-09-11 at 6.36.47 PM.png",
                "mimetype": "image\/png",
                "filetype": "png",
                "pretty_type": "PNG",
                "user": "ULX5BPN3C",
                "editable": false,
                "size": 110494,
                "mode": "hosted",
                "is_external": false,
                "external_type": "",
                "is_public": true,
                "public_url_shared": false,
                "display_as_bot": false,
                "username": "",
                "url_private": "https:\/\/files.slack.com\/files-pri\/TKRNGDFFZ-FN97MERUY\/screen_shot_2019-09-11_at_6.36.47_pm.png?t=xoxe-671764457543-761495007360-748720106514-e22867dc4a96f2e14ff182795f11301c",
                "url_private_download": "https:\/\/files.slack.com\/files-pri\/TKRNGDFFZ-FN97MERUY\/download\/screen_shot_2019-09-11_at_6.36.47_pm.png?t=xoxe-671764457543-761495007360-748720106514-e22867dc4a96f2e14ff182795f11301c",
                "thumb_64": "https:\/\/files.slack.com\/files-tmb\/TKRNGDFFZ-FN97MERUY-4c57703275\/screen_shot_2019-09-11_at_6.36.47_pm_64.png?t=xoxe-671764457543-761495007360-748720106514-e22867dc4a96f2e14ff182795f11301c",
                "thumb_80": "https:\/\/files.slack.com\/files-tmb\/TKRNGDFFZ-FN97MERUY-4c57703275\/screen_shot_2019-09-11_at_6.36.47_pm_80.png?t=xoxe-671764457543-761495007360-748720106514-e22867dc4a96f2e14ff182795f11301c",
                "thumb_360": "https:\/\/files.slack.com\/files-tmb\/TKRNGDFFZ-FN97MERUY-4c57703275\/screen_shot_2019-09-11_at_6.36.47_pm_360.png?t=xoxe-671764457543-761495007360-748720106514-e22867dc4a96f2e14ff182795f11301c",
                "thumb_360_w": 360,
                "thumb_360_h": 270,
                "thumb_480": "https:\/\/files.slack.com\/files-tmb\/TKRNGDFFZ-FN97MERUY-4c57703275\/screen_shot_2019-09-11_at_6.36.47_pm_480.png?t=xoxe-671764457543-761495007360-748720106514-e22867dc4a96f2e14ff182795f11301c",
                "thumb_480_w": 480,
                "thumb_480_h": 360,
                "thumb_160": "https:\/\/files.slack.com\/files-tmb\/TKRNGDFFZ-FN97MERUY-4c57703275\/screen_shot_2019-09-11_at_6.36.47_pm_160.png?t=xoxe-671764457543-761495007360-748720106514-e22867dc4a96f2e14ff182795f11301c",
                "thumb_720": "https:\/\/files.slack.com\/files-tmb\/TKRNGDFFZ-FN97MERUY-4c57703275\/screen_shot_2019-09-11_at_6.36.47_pm_720.png?t=xoxe-671764457543-761495007360-748720106514-e22867dc4a96f2e14ff182795f11301c",
                "thumb_720_w": 720,
                "thumb_720_h": 540,
                "thumb_800": "https:\/\/files.slack.com\/files-tmb\/TKRNGDFFZ-FN97MERUY-4c57703275\/screen_shot_2019-09-11_at_6.36.47_pm_800.png?t=xoxe-671764457543-761495007360-748720106514-e22867dc4a96f2e14ff182795f11301c",
                "thumb_800_w": 800,
                "thumb_800_h": 600,
                "image_exif_rotation": 1,
                "original_w": 879,
                "original_h": 659,
                "permalink": "https:\/\/scrgt-bdso.slack.com\/files\/ULX5BPN3C\/FN97MERUY\/screen_shot_2019-09-11_at_6.36.47_pm.png",
                "permalink_public": "https:\/\/slack-files.com\/TKRNGDFFZ-FN97MERUY-119271a228",
                "is_starred": false,
                "has_rich_preview": false
            }
        ],
        "upload": true,
        "user": "ULX5BPN3C",
        "display_as_bot": false,
        "ts": "1568241499.071500",
        "client_msg_id": "14a7a3fd-1e84-426d-8fb5-7c5d5d88a267"
    },
    {
        "client_msg_id": "9524EA41-CC16-48C4-AEF6-307960F56CC2",
        "type": "message",
        "text": "If this is EMR I can bootstrap whatever you want. Was <@UKZFHHJQ4> already working on this task?",
        "user": "UL284UA1J",
        "ts": "1568243369.072900",
        "team": "TKRNGDFFZ",
        "user_team": "TKRNGDFFZ",
        "source_team": "TKRNGDFFZ",
        "user_profile": {
            "avatar_hash": "g68abbeef961",
            "image_72": "https:\/\/secure.gravatar.com\/avatar\/68abbeef9611a51f2c362e3d99271b2e.jpg?s=72&d=https%3A%2F%2Fa.slack-edge.com%2F80588%2Fimg%2Favatars%2Fava_0015-72.png",
            "first_name": "",
            "real_name": "Gary Morris",
            "display_name": "Gary Morris",
            "team": "TKRNGDFFZ",
            "name": "gary.morris",
            "is_restricted": false,
            "is_ultra_restricted": false
        }
    },
    {
        "client_msg_id": "02a40ae2-ea46-4482-9673-b2065d3a839e",
        "type": "message",
        "text": "i do not believe so.",
        "user": "UL0GK1LJD",
        "ts": "1568243698.073100",
        "team": "TKRNGDFFZ",
        "user_team": "TKRNGDFFZ",
        "source_team": "TKRNGDFFZ",
        "user_profile": {
            "avatar_hash": "g8455934aab6",
            "image_72": "https:\/\/secure.gravatar.com\/avatar\/8455934aab6b3c7afceec7d3255ecd8b.jpg?s=72&d=https%3A%2F%2Fa.slack-edge.com%2F80588%2Fimg%2Favatars%2Fava_0004-72.png",
            "first_name": "",
            "real_name": "Vijay S Deshmukh",
            "display_name": "Vijay S Deshmukh",
            "team": "TKRNGDFFZ",
            "name": "vj_deshmukh",
            "is_restricted": false,
            "is_ultra_restricted": false
        },
        "edited": {
            "user": "UL0GK1LJD",
            "ts": "1568246401.000000"
        }
    },
    {
        "type": "message",
        "text": "",
        "files": [
            {
                "id": "FMXSGCGAX",
                "created": 1568250677,
                "timestamp": 1568250677,
                "name": "IMG_20190911_211320.jpg",
                "title": "IMG_20190911_211320.jpg",
                "mimetype": "image\/jpeg",
                "filetype": "jpg",
                "pretty_type": "JPEG",
                "user": "UKPCZJWQL",
                "editable": false,
                "size": 151681,
                "mode": "hosted",
                "is_external": false,
                "external_type": "",
                "is_public": true,
                "public_url_shared": false,
                "display_as_bot": false,
                "username": "",
                "url_private": "https:\/\/files.slack.com\/files-pri\/TKRNGDFFZ-FMXSGCGAX\/img_20190911_211320.jpg?t=xoxe-671764457543-761495007360-748720106514-e22867dc4a96f2e14ff182795f11301c",
                "url_private_download": "https:\/\/files.slack.com\/files-pri\/TKRNGDFFZ-FMXSGCGAX\/download\/img_20190911_211320.jpg?t=xoxe-671764457543-761495007360-748720106514-e22867dc4a96f2e14ff182795f11301c",
                "thumb_64": "https:\/\/files.slack.com\/files-tmb\/TKRNGDFFZ-FMXSGCGAX-61a546e456\/img_20190911_211320_64.jpg?t=xoxe-671764457543-761495007360-748720106514-e22867dc4a96f2e14ff182795f11301c",
                "thumb_80": "https:\/\/files.slack.com\/files-tmb\/TKRNGDFFZ-FMXSGCGAX-61a546e456\/img_20190911_211320_80.jpg?t=xoxe-671764457543-761495007360-748720106514-e22867dc4a96f2e14ff182795f11301c",
                "thumb_360": "https:\/\/files.slack.com\/files-tmb\/TKRNGDFFZ-FMXSGCGAX-61a546e456\/img_20190911_211320_360.jpg?t=xoxe-671764457543-761495007360-748720106514-e22867dc4a96f2e14ff182795f11301c",
                "thumb_360_w": 360,
                "thumb_360_h": 360,
                "thumb_480": "https:\/\/files.slack.com\/files-tmb\/TKRNGDFFZ-FMXSGCGAX-61a546e456\/img_20190911_211320_480.jpg?t=xoxe-671764457543-761495007360-748720106514-e22867dc4a96f2e14ff182795f11301c",
                "thumb_480_w": 480,
                "thumb_480_h": 480,
                "thumb_160": "https:\/\/files.slack.com\/files-tmb\/TKRNGDFFZ-FMXSGCGAX-61a546e456\/img_20190911_211320_160.jpg?t=xoxe-671764457543-761495007360-748720106514-e22867dc4a96f2e14ff182795f11301c",
                "thumb_720": "https:\/\/files.slack.com\/files-tmb\/TKRNGDFFZ-FMXSGCGAX-61a546e456\/img_20190911_211320_720.jpg?t=xoxe-671764457543-761495007360-748720106514-e22867dc4a96f2e14ff182795f11301c",
                "thumb_720_w": 720,
                "thumb_720_h": 720,
                "thumb_800": "https:\/\/files.slack.com\/files-tmb\/TKRNGDFFZ-FMXSGCGAX-61a546e456\/img_20190911_211320_800.jpg?t=xoxe-671764457543-761495007360-748720106514-e22867dc4a96f2e14ff182795f11301c",
                "thumb_800_w": 800,
                "thumb_800_h": 800,
                "thumb_960": "https:\/\/files.slack.com\/files-tmb\/TKRNGDFFZ-FMXSGCGAX-61a546e456\/img_20190911_211320_960.jpg?t=xoxe-671764457543-761495007360-748720106514-e22867dc4a96f2e14ff182795f11301c",
                "thumb_960_w": 960,
                "thumb_960_h": 960,
                "thumb_1024": "https:\/\/files.slack.com\/files-tmb\/TKRNGDFFZ-FMXSGCGAX-61a546e456\/img_20190911_211320_1024.jpg?t=xoxe-671764457543-761495007360-748720106514-e22867dc4a96f2e14ff182795f11301c",
                "thumb_1024_w": 1024,
                "thumb_1024_h": 1024,
                "image_exif_rotation": 6,
                "original_w": 2160,
                "original_h": 2160,
                "permalink": "https:\/\/scrgt-bdso.slack.com\/files\/UKPCZJWQL\/FMXSGCGAX\/img_20190911_211320.jpg",
                "permalink_public": "https:\/\/slack-files.com\/TKRNGDFFZ-FMXSGCGAX-a1a1bb26a4",
                "is_starred": false,
                "has_rich_preview": false
            }
        ],
        "upload": true,
        "user": "UKPCZJWQL",
        "display_as_bot": false,
        "ts": "1568250678.073500",
        "client_msg_id": "554c425e-a5b1-4ba8-b7f1-09c8d8f2a5b3"
    },
    {
        "type": "message",
        "text": "",
        "files": [
            {
                "id": "FNBH2E4TY",
                "created": 1568250740,
                "timestamp": 1568250740,
                "name": "IMG_20190911_211418.jpg",
                "title": "IMG_20190911_211418.jpg",
                "mimetype": "image\/jpeg",
                "filetype": "jpg",
                "pretty_type": "JPEG",
                "user": "UKPCZJWQL",
                "editable": false,
                "size": 178513,
                "mode": "hosted",
                "is_external": false,
                "external_type": "",
                "is_public": true,
                "public_url_shared": false,
                "display_as_bot": false,
                "username": "",
                "url_private": "https:\/\/files.slack.com\/files-pri\/TKRNGDFFZ-FNBH2E4TY\/img_20190911_211418.jpg?t=xoxe-671764457543-761495007360-748720106514-e22867dc4a96f2e14ff182795f11301c",
                "url_private_download": "https:\/\/files.slack.com\/files-pri\/TKRNGDFFZ-FNBH2E4TY\/download\/img_20190911_211418.jpg?t=xoxe-671764457543-761495007360-748720106514-e22867dc4a96f2e14ff182795f11301c",
                "thumb_64": "https:\/\/files.slack.com\/files-tmb\/TKRNGDFFZ-FNBH2E4TY-53e27ad36b\/img_20190911_211418_64.jpg?t=xoxe-671764457543-761495007360-748720106514-e22867dc4a96f2e14ff182795f11301c",
                "thumb_80": "https:\/\/files.slack.com\/files-tmb\/TKRNGDFFZ-FNBH2E4TY-53e27ad36b\/img_20190911_211418_80.jpg?t=xoxe-671764457543-761495007360-748720106514-e22867dc4a96f2e14ff182795f11301c",
                "thumb_360": "https:\/\/files.slack.com\/files-tmb\/TKRNGDFFZ-FNBH2E4TY-53e27ad36b\/img_20190911_211418_360.jpg?t=xoxe-671764457543-761495007360-748720106514-e22867dc4a96f2e14ff182795f11301c",
                "thumb_360_w": 360,
                "thumb_360_h": 360,
                "thumb_480": "https:\/\/files.slack.com\/files-tmb\/TKRNGDFFZ-FNBH2E4TY-53e27ad36b\/img_20190911_211418_480.jpg?t=xoxe-671764457543-761495007360-748720106514-e22867dc4a96f2e14ff182795f11301c",
                "thumb_480_w": 480,
                "thumb_480_h": 480,
                "thumb_160": "https:\/\/files.slack.com\/files-tmb\/TKRNGDFFZ-FNBH2E4TY-53e27ad36b\/img_20190911_211418_160.jpg?t=xoxe-671764457543-761495007360-748720106514-e22867dc4a96f2e14ff182795f11301c",
                "thumb_720": "https:\/\/files.slack.com\/files-tmb\/TKRNGDFFZ-FNBH2E4TY-53e27ad36b\/img_20190911_211418_720.jpg?t=xoxe-671764457543-761495007360-748720106514-e22867dc4a96f2e14ff182795f11301c",
                "thumb_720_w": 720,
                "thumb_720_h": 720,
                "thumb_800": "https:\/\/files.slack.com\/files-tmb\/TKRNGDFFZ-FNBH2E4TY-53e27ad36b\/img_20190911_211418_800.jpg?t=xoxe-671764457543-761495007360-748720106514-e22867dc4a96f2e14ff182795f11301c",
                "thumb_800_w": 800,
                "thumb_800_h": 800,
                "thumb_960": "https:\/\/files.slack.com\/files-tmb\/TKRNGDFFZ-FNBH2E4TY-53e27ad36b\/img_20190911_211418_960.jpg?t=xoxe-671764457543-761495007360-748720106514-e22867dc4a96f2e14ff182795f11301c",
                "thumb_960_w": 960,
                "thumb_960_h": 960,
                "thumb_1024": "https:\/\/files.slack.com\/files-tmb\/TKRNGDFFZ-FNBH2E4TY-53e27ad36b\/img_20190911_211418_1024.jpg?t=xoxe-671764457543-761495007360-748720106514-e22867dc4a96f2e14ff182795f11301c",
                "thumb_1024_w": 1024,
                "thumb_1024_h": 1024,
                "image_exif_rotation": 6,
                "original_w": 2160,
                "original_h": 2160,
                "permalink": "https:\/\/scrgt-bdso.slack.com\/files\/UKPCZJWQL\/FNBH2E4TY\/img_20190911_211418.jpg",
                "permalink_public": "https:\/\/slack-files.com\/TKRNGDFFZ-FNBH2E4TY-8321bf7160",
                "is_starred": false,
                "has_rich_preview": false
            }
        ],
        "upload": true,
        "user": "UKPCZJWQL",
        "display_as_bot": false,
        "ts": "1568250743.073800",
        "client_msg_id": "5d7f98c2-8f79-4b97-acb5-bf70783d974c"
    },
    {
        "client_msg_id": "e7c8a7e7-f10c-44e7-bec5-a7ef534cd871",
        "type": "message",
        "text": "running frontend_ms, jenkins fails in deploying to dev",
        "user": "UL284UA1J",
        "ts": "1568259369.074500",
        "team": "TKRNGDFFZ",
        "user_team": "TKRNGDFFZ",
        "source_team": "TKRNGDFFZ",
        "user_profile": {
            "avatar_hash": "g68abbeef961",
            "image_72": "https:\/\/secure.gravatar.com\/avatar\/68abbeef9611a51f2c362e3d99271b2e.jpg?s=72&d=https%3A%2F%2Fa.slack-edge.com%2F80588%2Fimg%2Favatars%2Fava_0015-72.png",
            "first_name": "",
            "real_name": "Gary Morris",
            "display_name": "Gary Morris",
            "team": "TKRNGDFFZ",
            "name": "gary.morris",
            "is_restricted": false,
            "is_ultra_restricted": false
        }
    },
    {
        "type": "message",
        "text": "",
        "files": [
            {
                "id": "FMWKQKHB4",
                "created": 1568259371,
                "timestamp": 1568259371,
                "name": "image.png",
                "title": "image.png",
                "mimetype": "image\/png",
                "filetype": "png",
                "pretty_type": "PNG",
                "user": "UL284UA1J",
                "editable": false,
                "size": 25431,
                "mode": "hosted",
                "is_external": false,
                "external_type": "",
                "is_public": true,
                "public_url_shared": false,
                "display_as_bot": false,
                "username": "",
                "url_private": "https:\/\/files.slack.com\/files-pri\/TKRNGDFFZ-FMWKQKHB4\/image.png?t=xoxe-671764457543-761495007360-748720106514-e22867dc4a96f2e14ff182795f11301c",
                "url_private_download": "https:\/\/files.slack.com\/files-pri\/TKRNGDFFZ-FMWKQKHB4\/download\/image.png?t=xoxe-671764457543-761495007360-748720106514-e22867dc4a96f2e14ff182795f11301c",
                "thumb_64": "https:\/\/files.slack.com\/files-tmb\/TKRNGDFFZ-FMWKQKHB4-ecf42cda7d\/image_64.png?t=xoxe-671764457543-761495007360-748720106514-e22867dc4a96f2e14ff182795f11301c",
                "thumb_80": "https:\/\/files.slack.com\/files-tmb\/TKRNGDFFZ-FMWKQKHB4-ecf42cda7d\/image_80.png?t=xoxe-671764457543-761495007360-748720106514-e22867dc4a96f2e14ff182795f11301c",
                "thumb_360": "https:\/\/files.slack.com\/files-tmb\/TKRNGDFFZ-FMWKQKHB4-ecf42cda7d\/image_360.png?t=xoxe-671764457543-761495007360-748720106514-e22867dc4a96f2e14ff182795f11301c",
                "thumb_360_w": 360,
                "thumb_360_h": 33,
                "thumb_480": "https:\/\/files.slack.com\/files-tmb\/TKRNGDFFZ-FMWKQKHB4-ecf42cda7d\/image_480.png?t=xoxe-671764457543-761495007360-748720106514-e22867dc4a96f2e14ff182795f11301c",
                "thumb_480_w": 480,
                "thumb_480_h": 45,
                "thumb_160": "https:\/\/files.slack.com\/files-tmb\/TKRNGDFFZ-FMWKQKHB4-ecf42cda7d\/image_160.png?t=xoxe-671764457543-761495007360-748720106514-e22867dc4a96f2e14ff182795f11301c",
                "thumb_720": "https:\/\/files.slack.com\/files-tmb\/TKRNGDFFZ-FMWKQKHB4-ecf42cda7d\/image_720.png?t=xoxe-671764457543-761495007360-748720106514-e22867dc4a96f2e14ff182795f11301c",
                "thumb_720_w": 720,
                "thumb_720_h": 67,
                "thumb_800": "https:\/\/files.slack.com\/files-tmb\/TKRNGDFFZ-FMWKQKHB4-ecf42cda7d\/image_800.png?t=xoxe-671764457543-761495007360-748720106514-e22867dc4a96f2e14ff182795f11301c",
                "thumb_800_w": 800,
                "thumb_800_h": 74,
                "thumb_960": "https:\/\/files.slack.com\/files-tmb\/TKRNGDFFZ-FMWKQKHB4-ecf42cda7d\/image_960.png?t=xoxe-671764457543-761495007360-748720106514-e22867dc4a96f2e14ff182795f11301c",
                "thumb_960_w": 960,
                "thumb_960_h": 89,
                "image_exif_rotation": 1,
                "original_w": 981,
                "original_h": 91,
                "permalink": "https:\/\/scrgt-bdso.slack.com\/files\/UL284UA1J\/FMWKQKHB4\/image.png",
                "permalink_public": "https:\/\/slack-files.com\/TKRNGDFFZ-FMWKQKHB4-bfb4957a66",
                "is_starred": false,
                "has_rich_preview": false
            }
        ],
        "upload": true,
        "user": "UL284UA1J",
        "display_as_bot": false,
        "ts": "1568259373.074600",
        "client_msg_id": "a3c88b1a-5a04-4d35-b580-a242d88c25fc"
    }
]