[
    {
        "client_msg_id": "c6b0cd5c-ab38-4edc-895b-8616f7d092cb",
        "type": "message",
        "text": "Latest data pull for actors\/movies\/casts in <https:\/\/github.com\/SalientCRGT\/scrgt-bdso-cc-datascience\/tree\/master\/datapipeline>. Please use the jsons files in the data folder to load into Elasticsearch and GraphDB",
        "user": "ULX5BPN3C",
        "ts": "1566992149.001700",
        "team": "TKRNGDFFZ",
        "user_team": "TKRNGDFFZ",
        "source_team": "TKRNGDFFZ",
        "user_profile": {
            "avatar_hash": "g6a2d3222d03",
            "image_72": "https:\/\/secure.gravatar.com\/avatar\/6a2d3222d03e600836a3b667ac22c2f6.jpg?s=72&d=https%3A%2F%2Fa.slack-edge.com%2F80588%2Fimg%2Favatars%2Fava_0025-72.png",
            "first_name": "",
            "real_name": "Ray Duong",
            "display_name": "",
            "team": "TKRNGDFFZ",
            "name": "ray.duong",
            "is_restricted": false,
            "is_ultra_restricted": false
        }
    },
    {
        "client_msg_id": "42add205-8fdd-4423-bad2-098496423085",
        "type": "message",
        "text": "<@UL0GK1LJD> instructions for pipeline setup:",
        "user": "UKZFHHJQ4",
        "ts": "1566996080.002000",
        "team": "TKRNGDFFZ",
        "user_team": "TKRNGDFFZ",
        "source_team": "TKRNGDFFZ",
        "user_profile": {
            "avatar_hash": "gb862c6892b8",
            "image_72": "https:\/\/secure.gravatar.com\/avatar\/b862c6892b81861fb8d8490e98b04fb5.jpg?s=72&d=https%3A%2F%2Fa.slack-edge.com%2F80588%2Fimg%2Favatars%2Fava_0012-72.png",
            "first_name": "",
            "real_name": "Shawn Lassiter",
            "display_name": "",
            "team": "TKRNGDFFZ",
            "name": "shawn",
            "is_restricted": false,
            "is_ultra_restricted": false
        }
    },
    {
        "client_msg_id": "347b7c02-7845-4af7-926a-b95ecaa47e65",
        "type": "message",
        "text": "Jenkins, sonar, nexus, anchore setup.\n\ncd terraform\nterraform apply -var pass=\nenter ‘yes’ when prompted",
        "user": "UKZFHHJQ4",
        "ts": "1566996081.002200",
        "team": "TKRNGDFFZ",
        "user_team": "TKRNGDFFZ",
        "source_team": "TKRNGDFFZ",
        "user_profile": {
            "avatar_hash": "gb862c6892b8",
            "image_72": "https:\/\/secure.gravatar.com\/avatar\/b862c6892b81861fb8d8490e98b04fb5.jpg?s=72&d=https%3A%2F%2Fa.slack-edge.com%2F80588%2Fimg%2Favatars%2Fava_0012-72.png",
            "first_name": "",
            "real_name": "Shawn Lassiter",
            "display_name": "",
            "team": "TKRNGDFFZ",
            "name": "shawn",
            "is_restricted": false,
            "is_ultra_restricted": false
        }
    },
    {
        "client_msg_id": "63950e47-644a-4562-9801-c33aadd85a50",
        "type": "message",
        "text": "<!channel> We might need work in person to integrate all the work products. Let's plan on working this weekend in person at Salient's office to integrate our work. I understand this is long weekend but we will need to make the push this weekend to be better placed for next week.",
        "user": "UKR4GLQKF",
        "ts": "1567004011.004700",
        "team": "TKRNGDFFZ",
        "user_team": "TKRNGDFFZ",
        "source_team": "TKRNGDFFZ",
        "user_profile": {
            "avatar_hash": "gf6859e536fb",
            "image_72": "https:\/\/secure.gravatar.com\/avatar\/f6859e536fb63a6f9d862b2f3fb9684c.jpg?s=72&d=https%3A%2F%2Fa.slack-edge.com%2F80588%2Fimg%2Favatars%2Fava_0015-72.png",
            "first_name": "",
            "real_name": "Amit Yadav",
            "display_name": "",
            "team": "TKRNGDFFZ",
            "name": "amit",
            "is_restricted": false,
            "is_ultra_restricted": false
        },
        "edited": {
            "user": "UKR4GLQKF",
            "ts": "1567004476.000000"
        },
        "reactions": [
            {
                "name": "+1",
                "users": [
                    "UL1DRU6R3"
                ],
                "count": 1
            }
        ]
    },
    {
        "client_msg_id": "9db9bc97-c115-4727-b326-81037157e41c",
        "type": "message",
        "text": "ok",
        "user": "UKZFHHJQ4",
        "ts": "1567004031.004900",
        "team": "TKRNGDFFZ",
        "user_team": "TKRNGDFFZ",
        "source_team": "TKRNGDFFZ",
        "user_profile": {
            "avatar_hash": "gb862c6892b8",
            "image_72": "https:\/\/secure.gravatar.com\/avatar\/b862c6892b81861fb8d8490e98b04fb5.jpg?s=72&d=https%3A%2F%2Fa.slack-edge.com%2F80588%2Fimg%2Favatars%2Fava_0012-72.png",
            "first_name": "",
            "real_name": "Shawn Lassiter",
            "display_name": "",
            "team": "TKRNGDFFZ",
            "name": "shawn",
            "is_restricted": false,
            "is_ultra_restricted": false
        }
    },
    {
        "client_msg_id": "5F51E2CE-F335-4699-8573-DE12152BA09F",
        "type": "message",
        "text": "Ok",
        "user": "UL0012996",
        "ts": "1567004368.005000",
        "team": "TKRNGDFFZ",
        "user_team": "TKRNGDFFZ",
        "source_team": "TKRNGDFFZ",
        "user_profile": {
            "avatar_hash": "d12e961cf42d",
            "image_72": "https:\/\/avatars.slack-edge.com\/2019-07-10\/690936875216_d12e961cf42d5d7703e6_72.png",
            "first_name": "Padmaja",
            "real_name": "Padmaja",
            "display_name": "",
            "team": "TKRNGDFFZ",
            "name": "padmajaprabhala",
            "is_restricted": false,
            "is_ultra_restricted": false
        }
    },
    {
        "type": "message",
        "text": "<@UKR4GLQKF> Attached are the initial acceptance criteria for each user story. There are several placeholders in this where the Data Science team will have to determine what they are doing before we can update the acceptance criteria. These are based on the wireframes created by <@UL1DRU6R3>",
        "files": [
            {
                "id": "FMLV1EW4R",
                "created": 1567012749,
                "timestamp": 1567012749,
                "name": "BDSO User Story Acceptance Criteria.xlsx",
                "title": "BDSO User Story Acceptance Criteria.xlsx",
                "mimetype": "application\/vnd.openxmlformats-officedocument.spreadsheetml.sheet",
                "filetype": "xlsx",
                "pretty_type": "Excel Spreadsheet",
                "user": "UL3RW3SJ2",
                "editable": false,
                "size": 11823,
                "mode": "hosted",
                "is_external": false,
                "external_type": "",
                "is_public": true,
                "public_url_shared": false,
                "display_as_bot": false,
                "username": "",
                "url_private": "https:\/\/files.slack.com\/files-pri\/TKRNGDFFZ-FMLV1EW4R\/bdso_user_story_acceptance_criteria.xlsx?t=xoxe-671764457543-761495007360-748720106514-e22867dc4a96f2e14ff182795f11301c",
                "url_private_download": "https:\/\/files.slack.com\/files-pri\/TKRNGDFFZ-FMLV1EW4R\/download\/bdso_user_story_acceptance_criteria.xlsx?t=xoxe-671764457543-761495007360-748720106514-e22867dc4a96f2e14ff182795f11301c",
                "converted_pdf": "https:\/\/files.slack.com\/files-tmb\/TKRNGDFFZ-FMLV1EW4R-c94046f007\/bdso_user_story_acceptance_criteria_converted.pdf?t=xoxe-671764457543-761495007360-748720106514-e22867dc4a96f2e14ff182795f11301c",
                "thumb_pdf": "https:\/\/files.slack.com\/files-tmb\/TKRNGDFFZ-FMLV1EW4R-c94046f007\/bdso_user_story_acceptance_criteria_thumb_pdf.png?t=xoxe-671764457543-761495007360-748720106514-e22867dc4a96f2e14ff182795f11301c",
                "thumb_pdf_w": 935,
                "thumb_pdf_h": 1210,
                "permalink": "https:\/\/scrgt-bdso.slack.com\/files\/UL3RW3SJ2\/FMLV1EW4R\/bdso_user_story_acceptance_criteria.xlsx",
                "permalink_public": "https:\/\/slack-files.com\/TKRNGDFFZ-FMLV1EW4R-4cca26b1b6",
                "is_starred": false,
                "has_rich_preview": false
            }
        ],
        "upload": true,
        "user": "UL3RW3SJ2",
        "display_as_bot": false,
        "ts": "1567012751.005400",
        "client_msg_id": "c7376158-52ed-4903-9d3b-e1a625ed993b",
        "reactions": [
            {
                "name": "+1",
                "users": [
                    "UL1DRU6R3"
                ],
                "count": 1
            }
        ]
    },
    {
        "client_msg_id": "58dab66b-5ffb-4ff0-ad24-e7d8245920a5",
        "type": "message",
        "text": "<@UL3RW3SJ2> How can complete missing acceptance criteria for user stories 5,6, 8, 9 and 11",
        "user": "UKR4GLQKF",
        "ts": "1567017791.007000",
        "team": "TKRNGDFFZ",
        "user_team": "TKRNGDFFZ",
        "source_team": "TKRNGDFFZ",
        "user_profile": {
            "avatar_hash": "gf6859e536fb",
            "image_72": "https:\/\/secure.gravatar.com\/avatar\/f6859e536fb63a6f9d862b2f3fb9684c.jpg?s=72&d=https%3A%2F%2Fa.slack-edge.com%2F80588%2Fimg%2Favatars%2Fava_0015-72.png",
            "first_name": "",
            "real_name": "Amit Yadav",
            "display_name": "",
            "team": "TKRNGDFFZ",
            "name": "amit",
            "is_restricted": false,
            "is_ultra_restricted": false
        }
    },
    {
        "client_msg_id": "babc81d7-937b-40f7-9469-63613d02b38e",
        "type": "message",
        "text": "?",
        "user": "UKR4GLQKF",
        "ts": "1567017793.007200",
        "team": "TKRNGDFFZ",
        "user_team": "TKRNGDFFZ",
        "source_team": "TKRNGDFFZ",
        "user_profile": {
            "avatar_hash": "gf6859e536fb",
            "image_72": "https:\/\/secure.gravatar.com\/avatar\/f6859e536fb63a6f9d862b2f3fb9684c.jpg?s=72&d=https%3A%2F%2Fa.slack-edge.com%2F80588%2Fimg%2Favatars%2Fava_0015-72.png",
            "first_name": "",
            "real_name": "Amit Yadav",
            "display_name": "",
            "team": "TKRNGDFFZ",
            "name": "amit",
            "is_restricted": false,
            "is_ultra_restricted": false
        }
    },
    {
        "client_msg_id": "961786c5-355f-4122-8a58-1346a8499d4d",
        "type": "message",
        "text": "were going to need one of the DevOps guys or Pramod to fill in the missing pieces for the DevSecOps Stories",
        "user": "UL3RW3SJ2",
        "ts": "1567017863.008100",
        "team": "TKRNGDFFZ",
        "user_team": "TKRNGDFFZ",
        "source_team": "TKRNGDFFZ",
        "user_profile": {
            "avatar_hash": "gc7420234450",
            "image_72": "https:\/\/secure.gravatar.com\/avatar\/c74202344503e95fe55fcedc445838cc.jpg?s=72&d=https%3A%2F%2Fa.slack-edge.com%2F80588%2Fimg%2Favatars%2Fava_0013-72.png",
            "first_name": "",
            "real_name": "Sam Kataria",
            "display_name": "Sam Kataria",
            "team": "TKRNGDFFZ",
            "name": "sehej.kataria",
            "is_restricted": false,
            "is_ultra_restricted": false
        }
    },
    {
        "client_msg_id": "9b1c5679-2605-43d1-9998-ea835eaf5875",
        "type": "message",
        "text": "Yes",
        "user": "UKR4GLQKF",
        "ts": "1567017877.008700",
        "team": "TKRNGDFFZ",
        "user_team": "TKRNGDFFZ",
        "source_team": "TKRNGDFFZ",
        "user_profile": {
            "avatar_hash": "gf6859e536fb",
            "image_72": "https:\/\/secure.gravatar.com\/avatar\/f6859e536fb63a6f9d862b2f3fb9684c.jpg?s=72&d=https%3A%2F%2Fa.slack-edge.com%2F80588%2Fimg%2Favatars%2Fava_0015-72.png",
            "first_name": "",
            "real_name": "Amit Yadav",
            "display_name": "",
            "team": "TKRNGDFFZ",
            "name": "amit",
            "is_restricted": false,
            "is_ultra_restricted": false
        }
    },
    {
        "client_msg_id": "63a600e4-8080-4c50-82bd-23d5a2e51e2c",
        "type": "message",
        "text": "as for story 11, i thought we were going to put that on the back burner for now",
        "user": "UL3RW3SJ2",
        "ts": "1567017879.008800",
        "team": "TKRNGDFFZ",
        "user_team": "TKRNGDFFZ",
        "source_team": "TKRNGDFFZ",
        "user_profile": {
            "avatar_hash": "gc7420234450",
            "image_72": "https:\/\/secure.gravatar.com\/avatar\/c74202344503e95fe55fcedc445838cc.jpg?s=72&d=https%3A%2F%2Fa.slack-edge.com%2F80588%2Fimg%2Favatars%2Fava_0013-72.png",
            "first_name": "",
            "real_name": "Sam Kataria",
            "display_name": "Sam Kataria",
            "team": "TKRNGDFFZ",
            "name": "sehej.kataria",
            "is_restricted": false,
            "is_ultra_restricted": false
        }
    },
    {
        "client_msg_id": "31b439c3-19c9-418d-b2e1-c16d3535ffee",
        "type": "message",
        "text": "Let's elaborate based on our assumption so far",
        "user": "UKR4GLQKF",
        "ts": "1567017898.009400",
        "team": "TKRNGDFFZ",
        "user_team": "TKRNGDFFZ",
        "source_team": "TKRNGDFFZ",
        "user_profile": {
            "avatar_hash": "gf6859e536fb",
            "image_72": "https:\/\/secure.gravatar.com\/avatar\/f6859e536fb63a6f9d862b2f3fb9684c.jpg?s=72&d=https%3A%2F%2Fa.slack-edge.com%2F80588%2Fimg%2Favatars%2Fava_0015-72.png",
            "first_name": "",
            "real_name": "Amit Yadav",
            "display_name": "",
            "team": "TKRNGDFFZ",
            "name": "amit",
            "is_restricted": false,
            "is_ultra_restricted": false
        }
    },
    {
        "client_msg_id": "27494b0f-93b0-41dc-b048-102ac0edaaa2",
        "type": "message",
        "text": "Also, we might need to detail out follow \"Infographic on top of page with statistics (specific statistics to be determined by Data Science Team)\nSeveral charts with information broken down by year (specific statistics to be determined by Data Science Team)\" for user story 10",
        "user": "UKR4GLQKF",
        "ts": "1567017930.009900",
        "team": "TKRNGDFFZ",
        "user_team": "TKRNGDFFZ",
        "source_team": "TKRNGDFFZ",
        "user_profile": {
            "avatar_hash": "gf6859e536fb",
            "image_72": "https:\/\/secure.gravatar.com\/avatar\/f6859e536fb63a6f9d862b2f3fb9684c.jpg?s=72&d=https%3A%2F%2Fa.slack-edge.com%2F80588%2Fimg%2Favatars%2Fava_0015-72.png",
            "first_name": "",
            "real_name": "Amit Yadav",
            "display_name": "",
            "team": "TKRNGDFFZ",
            "name": "amit",
            "is_restricted": false,
            "is_ultra_restricted": false
        }
    },
    {
        "client_msg_id": "8c8d04a1-3a71-4b2e-8eed-41ac3d596883",
        "type": "message",
        "text": "For user story 3 acceptance criteria \"Recommendation Graph showing other actors\", what is recommendation based on?",
        "user": "UKR4GLQKF",
        "ts": "1567018010.010700",
        "team": "TKRNGDFFZ",
        "user_team": "TKRNGDFFZ",
        "source_team": "TKRNGDFFZ",
        "user_profile": {
            "avatar_hash": "gf6859e536fb",
            "image_72": "https:\/\/secure.gravatar.com\/avatar\/f6859e536fb63a6f9d862b2f3fb9684c.jpg?s=72&d=https%3A%2F%2Fa.slack-edge.com%2F80588%2Fimg%2Favatars%2Fava_0015-72.png",
            "first_name": "",
            "real_name": "Amit Yadav",
            "display_name": "",
            "team": "TKRNGDFFZ",
            "name": "amit",
            "is_restricted": false,
            "is_ultra_restricted": false
        }
    },
    {
        "client_msg_id": "87d5b85b-28f6-4c2e-96e3-57970d9b22e4",
        "type": "message",
        "text": "thats another component the data science team needs to figure out as they have a better understanding of the data",
        "user": "UL3RW3SJ2",
        "ts": "1567018080.011100",
        "team": "TKRNGDFFZ",
        "user_team": "TKRNGDFFZ",
        "source_team": "TKRNGDFFZ",
        "user_profile": {
            "avatar_hash": "gc7420234450",
            "image_72": "https:\/\/secure.gravatar.com\/avatar\/c74202344503e95fe55fcedc445838cc.jpg?s=72&d=https%3A%2F%2Fa.slack-edge.com%2F80588%2Fimg%2Favatars%2Fava_0013-72.png",
            "first_name": "",
            "real_name": "Sam Kataria",
            "display_name": "Sam Kataria",
            "team": "TKRNGDFFZ",
            "name": "sehej.kataria",
            "is_restricted": false,
            "is_ultra_restricted": false
        }
    },
    {
        "client_msg_id": "b4af4b81-022b-4060-bad3-3b73ffe75370",
        "type": "message",
        "text": "and what recommendations they can provide us",
        "user": "UL3RW3SJ2",
        "ts": "1567018091.011400",
        "team": "TKRNGDFFZ",
        "user_team": "TKRNGDFFZ",
        "source_team": "TKRNGDFFZ",
        "user_profile": {
            "avatar_hash": "gc7420234450",
            "image_72": "https:\/\/secure.gravatar.com\/avatar\/c74202344503e95fe55fcedc445838cc.jpg?s=72&d=https%3A%2F%2Fa.slack-edge.com%2F80588%2Fimg%2Favatars%2Fava_0013-72.png",
            "first_name": "",
            "real_name": "Sam Kataria",
            "display_name": "Sam Kataria",
            "team": "TKRNGDFFZ",
            "name": "sehej.kataria",
            "is_restricted": false,
            "is_ultra_restricted": false
        }
    },
    {
        "client_msg_id": "c9b0f415-1a8a-4081-bc0d-1120f1f318c9",
        "type": "message",
        "text": "Got it.",
        "user": "UKR4GLQKF",
        "ts": "1567027802.012400",
        "team": "TKRNGDFFZ",
        "user_team": "TKRNGDFFZ",
        "source_team": "TKRNGDFFZ",
        "user_profile": {
            "avatar_hash": "gf6859e536fb",
            "image_72": "https:\/\/secure.gravatar.com\/avatar\/f6859e536fb63a6f9d862b2f3fb9684c.jpg?s=72&d=https%3A%2F%2Fa.slack-edge.com%2F80588%2Fimg%2Favatars%2Fava_0015-72.png",
            "first_name": "",
            "real_name": "Amit Yadav",
            "display_name": "",
            "team": "TKRNGDFFZ",
            "name": "amit",
            "is_restricted": false,
            "is_ultra_restricted": false
        }
    },
    {
        "client_msg_id": "8d7370fd-5789-4c0f-823b-014402ebe605",
        "type": "message",
        "text": "<!channel> Some of high level targets across the team\nTomorrow\n\t1. Kubeflow installed\n\t2. Keycloak installed\n\t3. Infra available\n\t4. Pipeline for celebrity API\n\t5. User Admin deployed\n\t6. Celebrity API deployed\n\t7. Define DS model inputs and outputs\n\t6. Initial draft of CelebrityAPI\n\t\nFriday\n\t1. UI MVP complete\n\t2. Integration with Keycloak\n\t3. Build fuzzy matching\n\t4. Recommendation engine design \/ selection\n\t5. Parse and cleanse IMDB data\n\t6. Complete UI mockups\n\nSunday\n\t1. Complete Search MVP\n\t2. Complete Neptune ingestion and API\n\t3. Complete Elastic search ingestion and API",
        "user": "UKR4GLQKF",
        "ts": "1567027898.013700",
        "team": "TKRNGDFFZ",
        "user_team": "TKRNGDFFZ",
        "source_team": "TKRNGDFFZ",
        "user_profile": {
            "avatar_hash": "gf6859e536fb",
            "image_72": "https:\/\/secure.gravatar.com\/avatar\/f6859e536fb63a6f9d862b2f3fb9684c.jpg?s=72&d=https%3A%2F%2Fa.slack-edge.com%2F80588%2Fimg%2Favatars%2Fava_0015-72.png",
            "first_name": "",
            "real_name": "Amit Yadav",
            "display_name": "",
            "team": "TKRNGDFFZ",
            "name": "amit",
            "is_restricted": false,
            "is_ultra_restricted": false
        }
    },
    {
        "client_msg_id": "ed31fcfa-a402-483a-a2e3-6e54068ac1ee",
        "type": "message",
        "text": "Latest schema from all the different data sources can be found here: <https:\/\/github.com\/SalientCRGT\/scrgt-bdso-cc-datascience\/blob\/master\/datapipeline\/datainput_schema_ref.xlsx>.  You can review the raw data under the data folder.",
        "user": "ULX5BPN3C",
        "ts": "1567029910.015200",
        "team": "TKRNGDFFZ",
        "user_team": "TKRNGDFFZ",
        "source_team": "TKRNGDFFZ",
        "user_profile": {
            "avatar_hash": "g6a2d3222d03",
            "image_72": "https:\/\/secure.gravatar.com\/avatar\/6a2d3222d03e600836a3b667ac22c2f6.jpg?s=72&d=https%3A%2F%2Fa.slack-edge.com%2F80588%2Fimg%2Favatars%2Fava_0025-72.png",
            "first_name": "",
            "real_name": "Ray Duong",
            "display_name": "",
            "team": "TKRNGDFFZ",
            "name": "ray.duong",
            "is_restricted": false,
            "is_ultra_restricted": false
        },
        "thread_ts": "1567029910.015200",
        "reply_count": 1,
        "reply_users_count": 1,
        "latest_reply": "1567032074.015500",
        "reply_users": [
            "UL1DRU6R3"
        ],
        "replies": [
            {
                "user": "UL1DRU6R3",
                "ts": "1567032074.015500"
            }
        ],
        "subscribed": false,
        "reactions": [
            {
                "name": "+1",
                "users": [
                    "UMU0XSL14",
                    "UL1DRU6R3"
                ],
                "count": 2
            }
        ]
    },
    {
        "client_msg_id": "3487f446-2265-49c1-801a-0d9f01fc709b",
        "type": "message",
        "text": "Thank YOU!!!!!!",
        "user": "UL1DRU6R3",
        "ts": "1567032074.015500",
        "team": "TKRNGDFFZ",
        "user_team": "TKRNGDFFZ",
        "source_team": "TKRNGDFFZ",
        "user_profile": {
            "avatar_hash": "gd89e47c2607",
            "image_72": "https:\/\/secure.gravatar.com\/avatar\/d89e47c2607ea5a7401c907933bcd907.jpg?s=72&d=https%3A%2F%2Fa.slack-edge.com%2F80588%2Fimg%2Favatars%2Fava_0002-72.png",
            "first_name": "",
            "real_name": "Jacquie",
            "display_name": "Jacquie",
            "team": "TKRNGDFFZ",
            "name": "jacqueline.granger",
            "is_restricted": false,
            "is_ultra_restricted": false
        },
        "thread_ts": "1567029910.015200",
        "parent_user_id": "ULX5BPN3C"
    },
    {
        "client_msg_id": "c8c80067-7e4a-45fe-b1e0-df16c27155bd",
        "type": "message",
        "text": "<!channel> The deployment arch is available at <https:\/\/raw.githubusercontent.com\/SalientCRGT\/scrgt-bdso-cc-startup\/ft-deploymentarch\/out\/docs\/arch\/deploymentarch\/DeploymentView.png?token=ALCRTY5QJDNA5FS6Z7ZNYZS5OA7L6>",
        "user": "UKR4GLQKF",
        "ts": "1567032365.016100",
        "team": "TKRNGDFFZ",
        "user_team": "TKRNGDFFZ",
        "source_team": "TKRNGDFFZ",
        "user_profile": {
            "avatar_hash": "gf6859e536fb",
            "image_72": "https:\/\/secure.gravatar.com\/avatar\/f6859e536fb63a6f9d862b2f3fb9684c.jpg?s=72&d=https%3A%2F%2Fa.slack-edge.com%2F80588%2Fimg%2Favatars%2Fava_0015-72.png",
            "first_name": "",
            "real_name": "Amit Yadav",
            "display_name": "",
            "team": "TKRNGDFFZ",
            "name": "amit",
            "is_restricted": false,
            "is_ultra_restricted": false
        },
        "edited": {
            "user": "UKR4GLQKF",
            "ts": "1567032392.000000"
        }
    },
    {
        "client_msg_id": "D236D0B6-64EC-465C-A6B1-76A2ADC839AB",
        "type": "message",
        "text": "<!channel> What days this weekend will the team be working in the Salient CRGT Chantilly office? We need to request air conditioning ahead of time (by Thursday morning).",
        "user": "UKCPDF2M8",
        "ts": "1567039668.019200",
        "team": "TKRNGDFFZ",
        "user_team": "TKRNGDFFZ",
        "source_team": "TKRNGDFFZ",
        "user_profile": {
            "avatar_hash": "ga49c381db72",
            "image_72": "https:\/\/secure.gravatar.com\/avatar\/a49c381db722ce1000f9de8d781c0417.jpg?s=72&d=https%3A%2F%2Fa.slack-edge.com%2F80588%2Fimg%2Favatars%2Fava_0019-72.png",
            "first_name": "",
            "real_name": "Alice Blackburn",
            "display_name": "",
            "team": "TKRNGDFFZ",
            "name": "alice.blackburn",
            "is_restricted": false,
            "is_ultra_restricted": false
        }
    },
    {
        "client_msg_id": "d3ce18a4-5a8c-4b1d-84fc-865a0b79e191",
        "type": "message",
        "text": ":heavy_check_mark: DevSecOps Tools (Jenkins, Sonar, Anchore, Nexus)\n:heavy_check_mark:OpenShift Cluster (Dev, Test, Prod) (not fully integrated, but running. Thanks Vijay!)\n:heavy_check_mark: Nepture GraphDB (Dev, Test, Prod)\nKubeflow Jupyter Notebook (Dev, Test, Prod)\nElasticSearch (Dev, Test, Prod)\n<http:\/\/Keycloak.org|Keycloak.org> (Dev, Test, Prod)\n:heavy_check_mark: RDS (PostgresSQL) (Dev, Test, Prod)",
        "user": "UKZFHHJQ4",
        "ts": "1567044948.021400",
        "team": "TKRNGDFFZ",
        "user_team": "TKRNGDFFZ",
        "source_team": "TKRNGDFFZ",
        "user_profile": {
            "avatar_hash": "gb862c6892b8",
            "image_72": "https:\/\/secure.gravatar.com\/avatar\/b862c6892b81861fb8d8490e98b04fb5.jpg?s=72&d=https%3A%2F%2Fa.slack-edge.com%2F80588%2Fimg%2Favatars%2Fava_0012-72.png",
            "first_name": "",
            "real_name": "Shawn Lassiter",
            "display_name": "",
            "team": "TKRNGDFFZ",
            "name": "shawn",
            "is_restricted": false,
            "is_ultra_restricted": false
        },
        "reactions": [
            {
                "name": "+1",
                "users": [
                    "UL0GK1LJD"
                ],
                "count": 1
            }
        ]
    },
    {
        "client_msg_id": "9aedd934-c466-4f65-996d-d3e497cf0562",
        "type": "message",
        "text": "I’ll be integrating openshift into the terraform, or barring that, writing a bash script that will launch it from our bastion",
        "user": "UKZFHHJQ4",
        "ts": "1567045046.022000",
        "team": "TKRNGDFFZ",
        "user_team": "TKRNGDFFZ",
        "source_team": "TKRNGDFFZ",
        "user_profile": {
            "avatar_hash": "gb862c6892b8",
            "image_72": "https:\/\/secure.gravatar.com\/avatar\/b862c6892b81861fb8d8490e98b04fb5.jpg?s=72&d=https%3A%2F%2Fa.slack-edge.com%2F80588%2Fimg%2Favatars%2Fava_0012-72.png",
            "first_name": "",
            "real_name": "Shawn Lassiter",
            "display_name": "",
            "team": "TKRNGDFFZ",
            "name": "shawn",
            "is_restricted": false,
            "is_ultra_restricted": false
        }
    },
    {
        "client_msg_id": "463c2c7e-38ec-4173-8ce7-8ce20012ed1c",
        "type": "message",
        "text": "<@UL284UA1J> is building a CloudFormation setup for the bastion, to minimize the assumptions about the evaluation environment.",
        "user": "UKZFHHJQ4",
        "ts": "1567045106.023200",
        "team": "TKRNGDFFZ",
        "user_team": "TKRNGDFFZ",
        "source_team": "TKRNGDFFZ",
        "user_profile": {
            "avatar_hash": "gb862c6892b8",
            "image_72": "https:\/\/secure.gravatar.com\/avatar\/b862c6892b81861fb8d8490e98b04fb5.jpg?s=72&d=https%3A%2F%2Fa.slack-edge.com%2F80588%2Fimg%2Favatars%2Fava_0012-72.png",
            "first_name": "",
            "real_name": "Shawn Lassiter",
            "display_name": "",
            "team": "TKRNGDFFZ",
            "name": "shawn",
            "is_restricted": false,
            "is_ultra_restricted": false
        }
    },
    {
        "client_msg_id": "f3f40a0d-a04f-43f5-992d-2a472bc16d1b",
        "type": "message",
        "text": "I think that’s it for me. see you in the morning",
        "user": "UKZFHHJQ4",
        "ts": "1567045118.023500",
        "team": "TKRNGDFFZ",
        "user_team": "TKRNGDFFZ",
        "source_team": "TKRNGDFFZ",
        "user_profile": {
            "avatar_hash": "gb862c6892b8",
            "image_72": "https:\/\/secure.gravatar.com\/avatar\/b862c6892b81861fb8d8490e98b04fb5.jpg?s=72&d=https%3A%2F%2Fa.slack-edge.com%2F80588%2Fimg%2Favatars%2Fava_0012-72.png",
            "first_name": "",
            "real_name": "Shawn Lassiter",
            "display_name": "",
            "team": "TKRNGDFFZ",
            "name": "shawn",
            "is_restricted": false,
            "is_ultra_restricted": false
        }
    }
]