[
    {
        "type": "message",
        "text": "New Repositories created for bdso project",
        "files": [
            {
                "id": "FMH62M19P",
                "created": 1566743669,
                "timestamp": 1566761511,
                "name": "SCRGT-BDSO_Repositories_for_CC",
                "title": "SCRGT-BDSO Repositories for CC",
                "mimetype": "application\/vnd.slack-docs",
                "filetype": "docs",
                "pretty_type": "Arugula",
                "user": "UKPCZJWQL",
                "editable": true,
                "size": 3180,
                "mode": "docs",
                "is_external": false,
                "external_type": "",
                "is_public": true,
                "public_url_shared": false,
                "display_as_bot": false,
                "username": "",
                "url_private": "https:\/\/files.slack.com\/files-pri\/TKRNGDFFZ-FMH62M19P\/SCRGT-BDSO_Repositories_for_CC?t=xoxe-671764457543-761495007360-748720106514-e22867dc4a96f2e14ff182795f11301c",
                "url_private_download": "https:\/\/files.slack.com\/files-pri\/TKRNGDFFZ-FMH62M19P\/download\/SCRGT-BDSO_Repositories_for_CC?t=xoxe-671764457543-761495007360-748720106514-e22867dc4a96f2e14ff182795f11301c",
                "permalink": "https:\/\/scrgt-bdso.slack.com\/files\/TKRNGDFFZ\/FMH62M19P",
                "permalink_public": "https:\/\/slack-files.com\/TKRNGDFFZ-FMH62M19P-8c9a487184",
                "preview": "<p>This will contain all devsecops and documentation needed for the project<\/p><ul><li data-checked=\"false\"><strong>scrgt-bdso-cc-startup<\/strong><em> <\/em><a href=\"https:\/\/github.com\/SalientCRGT\/scrgt-bdso-startup.git\" target=\"_blank\">h<\/a><em>ttps:&#x2F;&#x2F;github.com&#x2F;SalientCRGT&#x2F;scrgt-bdso-startup.git <\/em><\/li><\/ul><p><br\/><\/p><ul><li data-checked=\"false\">Structure of this repository will be<\/li><\/ul><ol><li>devsecops&#x2F;                                                        # All devsecops scripts for automation<\/li><li>models&#x2F;                                                             # Data Science Model document<\/li><li>docs&#x2F;                                                                 # Solutions.pdf UserStories.pdf<\/li><li>img&#x2F;                                                                   # All graphics<\/li><li>testing&#x2F;                                                             # all test results<\/li><li>ReadME.md                                                      # the most important file (Shawn&#x2F;Amit)<\/li><li>Approach.pdf<\/li><li>scans.pdf<\/li><\/ol><p><br\/><br\/>This will contain web application (angular) code<\/p><ul><li data-checked=\"false\"><strong>scgt-bdso-cc-fronted<\/strong><em>   <\/em><a href=\"https:\/\/github.com\/SalientCRGT\/scrgt-bdso-cc-frontend.git\" target=\"_blank\">https:&#x2F;&#x2F;github.com&#x2F;SalientCRGT&#x2F;scrgt-bdso-cc-frontend.git<\/a><\/li><\/ul><p><br\/>This will contain data science models and python code<\/p><ul><li data-checked=\"false\"><strong>scgt-bdso-cc-datascience  <\/strong><a href=\"https:\/\/github.com\/SalientCRGT\/scrgt-bdso-cc-datascience.git\" target=\"_blank\">https:&#x2F;&#x2F;github.com&#x2F;SalientCRGT&#x2F;scrgt-bdso-cc-datascience.git<\/a><\/li><\/ul><p><br\/>The below repositories will get created as the names get decided.<\/p><ul><li data-checked=\"false\">OC microservices1 : <a href=\"https:\/\/github.com\/SalientCRGT\/scrgt-bdso-cc-ms-useradmin\" target=\"_blank\">https:&#x2F;&#x2F;github.com&#x2F;SalientCRGT&#x2F;scrgt-bdso-cc-ms-useradmin<\/a> <\/li><li data-checked=\"false\">OC microservices2: <\/li><li data-checked=\"false\">Lambda service1:<\/li><li data-checked=\"false\">Lambda service2:<\/li><\/ul><p><br\/><strong>The existing practice repositories are available and are called:<\/strong><\/p><ol><li><a href=\"https:\/\/github.com\/SalientCRGT\/scrgt-bdso-practice-ng\" target=\"_blank\">https:&#x2F;&#x2F;github.com&#x2F;SalientCRGT&#x2F;scrgt-bdso-practice-ng<\/a><\/li><li><a href=\"https:\/\/github.com\/SalientCRGT\/scrgt-bdso-practice-devops\" target=\"_blank\">https:&#x2F;&#x2F;github.com&#x2F;SalientCRGT&#x2F;scrgt-bdso-practice-devops<\/a><\/li><li><a href=\"https:\/\/github.com\/SalientCRGT\/scrgt-bdso-practice-lambda\" target=\"_blank\">https:&#x2F;&#x2F;github.com&#x2F;SalientCRGT&#x2F;scrgt-bdso-practice-lambda<\/a><\/li><li><a href=\"https:\/\/github.com\/SalientCRGT\/scrgt-bdso-practice-oc-useradmin\" target=\"_blank\">https:&#x2F;&#x2F;github.com&#x2F;SalientCRGT&#x2F;scrgt-bdso-practice-oc-useradmin<\/a><\/li><li><a href=\"https:\/\/github.com\/SalientCRGT\/scrgt-bdso-practice-oc-ms\" target=\"_blank\">https:&#x2F;&#x2F;github.com&#x2F;SalientCRGT&#x2F;scrgt-bdso-practice-oc-ms<\/a><\/li><\/ol>",
                "editor": null,
                "last_editor": "UKPCZJWQL",
                "non_owner_editable": false,
                "updated": 1566761511,
                "is_starred": false,
                "has_rich_preview": false
            }
        ],
        "upload": false,
        "user": "UKPCZJWQL",
        "display_as_bot": false,
        "ts": "1566745353.017400"
    },
    {
        "client_msg_id": "73fe1289-8b97-4d91-9ee6-e7fe13ef73fc",
        "type": "message",
        "text": "<@UKZFHHJQ4> <@UL0GK1LJD> Can we move required devops code from <https:\/\/github.com\/SalientCRGT\/scrgt-bdso-practice-devops> to <https:\/\/github.com\/SalientCRGT\/scrgt-bdso-startup.git>",
        "user": "UKR4GLQKF",
        "ts": "1566748508.018300",
        "team": "TKRNGDFFZ",
        "user_team": "TKRNGDFFZ",
        "source_team": "TKRNGDFFZ",
        "user_profile": {
            "avatar_hash": "gf6859e536fb",
            "image_72": "https:\/\/secure.gravatar.com\/avatar\/f6859e536fb63a6f9d862b2f3fb9684c.jpg?s=72&d=https%3A%2F%2Fa.slack-edge.com%2F80588%2Fimg%2Favatars%2Fava_0015-72.png",
            "first_name": "",
            "real_name": "Amit Yadav",
            "display_name": "",
            "team": "TKRNGDFFZ",
            "name": "amit",
            "is_restricted": false,
            "is_ultra_restricted": false
        }
    },
    {
        "client_msg_id": "f6c0d88a-24d4-4cb4-9a27-f6fb05abaaaa",
        "type": "message",
        "text": "Please consider parameterizing user names, passwords, authors, emails etc so that we don't have it git in plain text and spread over different repos.",
        "user": "UKR4GLQKF",
        "ts": "1566748590.019700",
        "team": "TKRNGDFFZ",
        "user_team": "TKRNGDFFZ",
        "source_team": "TKRNGDFFZ",
        "user_profile": {
            "avatar_hash": "gf6859e536fb",
            "image_72": "https:\/\/secure.gravatar.com\/avatar\/f6859e536fb63a6f9d862b2f3fb9684c.jpg?s=72&d=https%3A%2F%2Fa.slack-edge.com%2F80588%2Fimg%2Favatars%2Fava_0015-72.png",
            "first_name": "",
            "real_name": "Amit Yadav",
            "display_name": "",
            "team": "TKRNGDFFZ",
            "name": "amit",
            "is_restricted": false,
            "is_ultra_restricted": false
        }
    },
    {
        "client_msg_id": "cd703766-925c-43b4-bf59-12420408d522",
        "type": "message",
        "text": "<@UKNH71890> Can you please get scgt-bdso-cc-fronted started?",
        "user": "UKR4GLQKF",
        "ts": "1566748652.020300",
        "team": "TKRNGDFFZ",
        "user_team": "TKRNGDFFZ",
        "source_team": "TKRNGDFFZ",
        "user_profile": {
            "avatar_hash": "gf6859e536fb",
            "image_72": "https:\/\/secure.gravatar.com\/avatar\/f6859e536fb63a6f9d862b2f3fb9684c.jpg?s=72&d=https%3A%2F%2Fa.slack-edge.com%2F80588%2Fimg%2Favatars%2Fava_0015-72.png",
            "first_name": "",
            "real_name": "Amit Yadav",
            "display_name": "",
            "team": "TKRNGDFFZ",
            "name": "amit",
            "is_restricted": false,
            "is_ultra_restricted": false
        }
    },
    {
        "client_msg_id": "07b02fc6-feb9-4b86-b381-92ed5ee094e0",
        "type": "message",
        "text": "Ok",
        "user": "UKNH71890",
        "ts": "1566748678.020500",
        "team": "TKRNGDFFZ",
        "user_team": "TKRNGDFFZ",
        "source_team": "TKRNGDFFZ",
        "user_profile": {
            "avatar_hash": "g686d3a8c638",
            "image_72": "https:\/\/secure.gravatar.com\/avatar\/686d3a8c638c97ef6a64296305f42f24.jpg?s=72&d=https%3A%2F%2Fa.slack-edge.com%2F80588%2Fimg%2Favatars%2Fava_0024-72.png",
            "first_name": "",
            "real_name": "Eyuel",
            "display_name": "",
            "team": "TKRNGDFFZ",
            "name": "eyuel.abebe",
            "is_restricted": false,
            "is_ultra_restricted": false
        }
    },
    {
        "client_msg_id": "74bb0dee-a37f-4207-bb48-598cdaf12f48",
        "type": "message",
        "text": "No prob",
        "user": "UKZFHHJQ4",
        "ts": "1566748878.020900",
        "team": "TKRNGDFFZ",
        "user_team": "TKRNGDFFZ",
        "source_team": "TKRNGDFFZ",
        "user_profile": {
            "avatar_hash": "gb862c6892b8",
            "image_72": "https:\/\/secure.gravatar.com\/avatar\/b862c6892b81861fb8d8490e98b04fb5.jpg?s=72&d=https%3A%2F%2Fa.slack-edge.com%2F80588%2Fimg%2Favatars%2Fava_0012-72.png",
            "first_name": "",
            "real_name": "Shawn Lassiter",
            "display_name": "",
            "team": "TKRNGDFFZ",
            "name": "shawn",
            "is_restricted": false,
            "is_ultra_restricted": false
        }
    },
    {
        "client_msg_id": "f605648c-0729-4b8e-b70a-bcfd9243d77f",
        "type": "message",
        "text": "<!channel> I’m going to take down the practice infrastructure(jenkins,sonar,nexus, anchore) to start setting up challenge infrastructure.  any objections?",
        "user": "UKZFHHJQ4",
        "ts": "1566760726.022500",
        "team": "TKRNGDFFZ",
        "user_team": "TKRNGDFFZ",
        "source_team": "TKRNGDFFZ",
        "user_profile": {
            "avatar_hash": "gb862c6892b8",
            "image_72": "https:\/\/secure.gravatar.com\/avatar\/b862c6892b81861fb8d8490e98b04fb5.jpg?s=72&d=https%3A%2F%2Fa.slack-edge.com%2F80588%2Fimg%2Favatars%2Fava_0012-72.png",
            "first_name": "",
            "real_name": "Shawn Lassiter",
            "display_name": "",
            "team": "TKRNGDFFZ",
            "name": "shawn",
            "is_restricted": false,
            "is_ultra_restricted": false
        }
    },
    {
        "client_msg_id": "56158fe1-8048-44d5-a5d5-23b9a3c70a8b",
        "type": "message",
        "text": "<@UKZFHHJQ4> No objections",
        "user": "UKR4GLQKF",
        "ts": "1566760740.022800",
        "team": "TKRNGDFFZ",
        "user_team": "TKRNGDFFZ",
        "source_team": "TKRNGDFFZ",
        "user_profile": {
            "avatar_hash": "gf6859e536fb",
            "image_72": "https:\/\/secure.gravatar.com\/avatar\/f6859e536fb63a6f9d862b2f3fb9684c.jpg?s=72&d=https%3A%2F%2Fa.slack-edge.com%2F80588%2Fimg%2Favatars%2Fava_0015-72.png",
            "first_name": "",
            "real_name": "Amit Yadav",
            "display_name": "",
            "team": "TKRNGDFFZ",
            "name": "amit",
            "is_restricted": false,
            "is_ultra_restricted": false
        }
    },
    {
        "client_msg_id": "cbb11542-8d7d-4c0b-b02c-582f8595d7a6",
        "type": "message",
        "text": "go for it",
        "user": "UL2480LK0",
        "ts": "1566760742.022900",
        "team": "TKRNGDFFZ",
        "user_team": "TKRNGDFFZ",
        "source_team": "TKRNGDFFZ",
        "user_profile": {
            "avatar_hash": "62ae36e8a132",
            "image_72": "https:\/\/avatars.slack-edge.com\/2019-06-29\/679787214084_62ae36e8a132791cd71b_72.png",
            "first_name": "Ranga",
            "real_name": "Ranga Lakshminarayanan",
            "display_name": "Ranga",
            "team": "TKRNGDFFZ",
            "name": "rangabalaji",
            "is_restricted": false,
            "is_ultra_restricted": false
        }
    },
    {
        "client_msg_id": "e9837cf4-0207-4168-82a9-94242779d338",
        "type": "message",
        "text": "Can I just rename the useradmin repo to remove the word practice ?",
        "user": "UL2480LK0",
        "ts": "1566760802.023500",
        "team": "TKRNGDFFZ",
        "user_team": "TKRNGDFFZ",
        "source_team": "TKRNGDFFZ",
        "user_profile": {
            "avatar_hash": "62ae36e8a132",
            "image_72": "https:\/\/avatars.slack-edge.com\/2019-06-29\/679787214084_62ae36e8a132791cd71b_72.png",
            "first_name": "Ranga",
            "real_name": "Ranga Lakshminarayanan",
            "display_name": "Ranga",
            "team": "TKRNGDFFZ",
            "name": "rangabalaji",
            "is_restricted": false,
            "is_ultra_restricted": false
        }
    },
    {
        "client_msg_id": "16f1db07-ef24-4c4d-a799-07c052614596",
        "type": "message",
        "text": "Yes u can",
        "user": "UKPCZJWQL",
        "ts": "1566760831.024300",
        "team": "TKRNGDFFZ",
        "user_team": "TKRNGDFFZ",
        "source_team": "TKRNGDFFZ",
        "user_profile": {
            "avatar_hash": "g36d88e4c93b",
            "image_72": "https:\/\/secure.gravatar.com\/avatar\/36d88e4c93b31bcf505cfdf1b76c86a9.jpg?s=72&d=https%3A%2F%2Fa.slack-edge.com%2F80588%2Fimg%2Favatars%2Fava_0020-72.png",
            "first_name": "Pramod",
            "real_name": "Pramod Malhotra",
            "display_name": "",
            "team": "TKRNGDFFZ",
            "name": "pramod.malhotra",
            "is_restricted": false,
            "is_ultra_restricted": false
        }
    },
    {
        "client_msg_id": "a8b3c536-76d7-4416-a96f-abcfd5891df5",
        "type": "message",
        "text": "Makes sense...unless we want to remove any old version history",
        "user": "UKR4GLQKF",
        "ts": "1566760835.024600",
        "team": "TKRNGDFFZ",
        "user_team": "TKRNGDFFZ",
        "source_team": "TKRNGDFFZ",
        "user_profile": {
            "avatar_hash": "gf6859e536fb",
            "image_72": "https:\/\/secure.gravatar.com\/avatar\/f6859e536fb63a6f9d862b2f3fb9684c.jpg?s=72&d=https%3A%2F%2Fa.slack-edge.com%2F80588%2Fimg%2Favatars%2Fava_0015-72.png",
            "first_name": "",
            "real_name": "Amit Yadav",
            "display_name": "",
            "team": "TKRNGDFFZ",
            "name": "amit",
            "is_restricted": false,
            "is_ultra_restricted": false
        }
    },
    {
        "client_msg_id": "5a09a87f-0023-4fc7-82a6-9fe114cb9910",
        "type": "message",
        "text": "follow the convention scrgt-bdso-cc-WHATEVER NAME",
        "user": "UKPCZJWQL",
        "ts": "1566760849.025200",
        "team": "TKRNGDFFZ",
        "user_team": "TKRNGDFFZ",
        "source_team": "TKRNGDFFZ",
        "user_profile": {
            "avatar_hash": "g36d88e4c93b",
            "image_72": "https:\/\/secure.gravatar.com\/avatar\/36d88e4c93b31bcf505cfdf1b76c86a9.jpg?s=72&d=https%3A%2F%2Fa.slack-edge.com%2F80588%2Fimg%2Favatars%2Fava_0020-72.png",
            "first_name": "Pramod",
            "real_name": "Pramod Malhotra",
            "display_name": "",
            "team": "TKRNGDFFZ",
            "name": "pramod.malhotra",
            "is_restricted": false,
            "is_ultra_restricted": false
        }
    },
    {
        "client_msg_id": "daca8243-0cf5-43ca-94fe-d01fca45f4de",
        "type": "message",
        "text": "what is the consensus?",
        "user": "UL2480LK0",
        "ts": "1566760854.025400",
        "team": "TKRNGDFFZ",
        "user_team": "TKRNGDFFZ",
        "source_team": "TKRNGDFFZ",
        "user_profile": {
            "avatar_hash": "62ae36e8a132",
            "image_72": "https:\/\/avatars.slack-edge.com\/2019-06-29\/679787214084_62ae36e8a132791cd71b_72.png",
            "first_name": "Ranga",
            "real_name": "Ranga Lakshminarayanan",
            "display_name": "Ranga",
            "team": "TKRNGDFFZ",
            "name": "rangabalaji",
            "is_restricted": false,
            "is_ultra_restricted": false
        }
    },
    {
        "client_msg_id": "bd1996cf-55ba-46e6-b00c-2fbf482ad698",
        "type": "message",
        "text": "remove the old repo and create it with the conventional name ?",
        "user": "UL2480LK0",
        "ts": "1566760878.025900",
        "team": "TKRNGDFFZ",
        "user_team": "TKRNGDFFZ",
        "source_team": "TKRNGDFFZ",
        "user_profile": {
            "avatar_hash": "62ae36e8a132",
            "image_72": "https:\/\/avatars.slack-edge.com\/2019-06-29\/679787214084_62ae36e8a132791cd71b_72.png",
            "first_name": "Ranga",
            "real_name": "Ranga Lakshminarayanan",
            "display_name": "Ranga",
            "team": "TKRNGDFFZ",
            "name": "rangabalaji",
            "is_restricted": false,
            "is_ultra_restricted": false
        },
        "edited": {
            "user": "UL2480LK0",
            "ts": "1566760885.000000"
        }
    },
    {
        "client_msg_id": "0ca2b40d-3e19-4d55-8b7a-373599d961a3",
        "type": "message",
        "text": "I can rename it ...tell me what u want to be called",
        "user": "UKPCZJWQL",
        "ts": "1566760963.027100",
        "team": "TKRNGDFFZ",
        "user_team": "TKRNGDFFZ",
        "source_team": "TKRNGDFFZ",
        "user_profile": {
            "avatar_hash": "g36d88e4c93b",
            "image_72": "https:\/\/secure.gravatar.com\/avatar\/36d88e4c93b31bcf505cfdf1b76c86a9.jpg?s=72&d=https%3A%2F%2Fa.slack-edge.com%2F80588%2Fimg%2Favatars%2Fava_0020-72.png",
            "first_name": "Pramod",
            "real_name": "Pramod Malhotra",
            "display_name": "",
            "team": "TKRNGDFFZ",
            "name": "pramod.malhotra",
            "is_restricted": false,
            "is_ultra_restricted": false
        }
    },
    {
        "client_msg_id": "cfbe065b-2bbc-4596-b0b6-dfcbb1fdf6cd",
        "type": "message",
        "text": "`scrgt-bdso-cc-useradmin`",
        "user": "UL2480LK0",
        "ts": "1566761008.027700",
        "team": "TKRNGDFFZ",
        "user_team": "TKRNGDFFZ",
        "source_team": "TKRNGDFFZ",
        "user_profile": {
            "avatar_hash": "62ae36e8a132",
            "image_72": "https:\/\/avatars.slack-edge.com\/2019-06-29\/679787214084_62ae36e8a132791cd71b_72.png",
            "first_name": "Ranga",
            "real_name": "Ranga Lakshminarayanan",
            "display_name": "Ranga",
            "team": "TKRNGDFFZ",
            "name": "rangabalaji",
            "is_restricted": false,
            "is_ultra_restricted": false
        }
    },
    {
        "client_msg_id": "135924fa-f1ad-48a4-8bfe-06d6558872a1",
        "type": "message",
        "text": "hold on",
        "user": "UL2480LK0",
        "ts": "1566761015.027900",
        "team": "TKRNGDFFZ",
        "user_team": "TKRNGDFFZ",
        "source_team": "TKRNGDFFZ",
        "user_profile": {
            "avatar_hash": "62ae36e8a132",
            "image_72": "https:\/\/avatars.slack-edge.com\/2019-06-29\/679787214084_62ae36e8a132791cd71b_72.png",
            "first_name": "Ranga",
            "real_name": "Ranga Lakshminarayanan",
            "display_name": "Ranga",
            "team": "TKRNGDFFZ",
            "name": "rangabalaji",
            "is_restricted": false,
            "is_ultra_restricted": false
        }
    },
    {
        "client_msg_id": "0dafb36e-4504-4d79-974d-39126d5bd584",
        "type": "message",
        "text": "cc --&gt; code challenge?",
        "user": "UL2480LK0",
        "ts": "1566761028.028400",
        "team": "TKRNGDFFZ",
        "user_team": "TKRNGDFFZ",
        "source_team": "TKRNGDFFZ",
        "user_profile": {
            "avatar_hash": "62ae36e8a132",
            "image_72": "https:\/\/avatars.slack-edge.com\/2019-06-29\/679787214084_62ae36e8a132791cd71b_72.png",
            "first_name": "Ranga",
            "real_name": "Ranga Lakshminarayanan",
            "display_name": "Ranga",
            "team": "TKRNGDFFZ",
            "name": "rangabalaji",
            "is_restricted": false,
            "is_ultra_restricted": false
        }
    },
    {
        "client_msg_id": "55dff516-a7bb-4969-a30f-8db1dd883c4e",
        "type": "message",
        "text": "cc stands for code challenge",
        "user": "UKPCZJWQL",
        "ts": "1566761038.028800",
        "team": "TKRNGDFFZ",
        "user_team": "TKRNGDFFZ",
        "source_team": "TKRNGDFFZ",
        "user_profile": {
            "avatar_hash": "g36d88e4c93b",
            "image_72": "https:\/\/secure.gravatar.com\/avatar\/36d88e4c93b31bcf505cfdf1b76c86a9.jpg?s=72&d=https%3A%2F%2Fa.slack-edge.com%2F80588%2Fimg%2Favatars%2Fava_0020-72.png",
            "first_name": "Pramod",
            "real_name": "Pramod Malhotra",
            "display_name": "",
            "team": "TKRNGDFFZ",
            "name": "pramod.malhotra",
            "is_restricted": false,
            "is_ultra_restricted": false
        }
    },
    {
        "client_msg_id": "69d6f4ba-b571-498d-b864-961af487b734",
        "type": "message",
        "text": "ok cool. then lets name it to `scrgt-bdso-cc-useradmin`",
        "user": "UL2480LK0",
        "ts": "1566761054.029200",
        "team": "TKRNGDFFZ",
        "user_team": "TKRNGDFFZ",
        "source_team": "TKRNGDFFZ",
        "user_profile": {
            "avatar_hash": "62ae36e8a132",
            "image_72": "https:\/\/avatars.slack-edge.com\/2019-06-29\/679787214084_62ae36e8a132791cd71b_72.png",
            "first_name": "Ranga",
            "real_name": "Ranga Lakshminarayanan",
            "display_name": "Ranga",
            "team": "TKRNGDFFZ",
            "name": "rangabalaji",
            "is_restricted": false,
            "is_ultra_restricted": false
        }
    },
    {
        "client_msg_id": "6f537c7a-2434-4a36-badb-716e79c6195b",
        "type": "message",
        "text": "rename it to <https:\/\/github.com\/SalientCRGT\/scrgt-bdso-cc-ms-useradmin>",
        "user": "UKPCZJWQL",
        "ts": "1566761154.029400",
        "team": "TKRNGDFFZ",
        "user_team": "TKRNGDFFZ",
        "source_team": "TKRNGDFFZ",
        "user_profile": {
            "avatar_hash": "g36d88e4c93b",
            "image_72": "https:\/\/secure.gravatar.com\/avatar\/36d88e4c93b31bcf505cfdf1b76c86a9.jpg?s=72&d=https%3A%2F%2Fa.slack-edge.com%2F80588%2Fimg%2Favatars%2Fava_0020-72.png",
            "first_name": "Pramod",
            "real_name": "Pramod Malhotra",
            "display_name": "",
            "team": "TKRNGDFFZ",
            "name": "pramod.malhotra",
            "is_restricted": false,
            "is_ultra_restricted": false
        }
    },
    {
        "client_msg_id": "d39f3025-9d70-4d40-9542-fce52eb7f33e",
        "type": "message",
        "text": "all microservices will use this format scrgt-bdso-cc-ms-useradmin",
        "user": "UKPCZJWQL",
        "ts": "1566761174.029800",
        "team": "TKRNGDFFZ",
        "user_team": "TKRNGDFFZ",
        "source_team": "TKRNGDFFZ",
        "user_profile": {
            "avatar_hash": "g36d88e4c93b",
            "image_72": "https:\/\/secure.gravatar.com\/avatar\/36d88e4c93b31bcf505cfdf1b76c86a9.jpg?s=72&d=https%3A%2F%2Fa.slack-edge.com%2F80588%2Fimg%2Favatars%2Fava_0020-72.png",
            "first_name": "Pramod",
            "real_name": "Pramod Malhotra",
            "display_name": "",
            "team": "TKRNGDFFZ",
            "name": "pramod.malhotra",
            "is_restricted": false,
            "is_ultra_restricted": false
        }
    },
    {
        "client_msg_id": "8a1faf96-f809-4c60-b7f2-2746b3a0ece2",
        "type": "message",
        "text": "cool thanks",
        "user": "UL2480LK0",
        "ts": "1566761235.030000",
        "team": "TKRNGDFFZ",
        "user_team": "TKRNGDFFZ",
        "source_team": "TKRNGDFFZ",
        "user_profile": {
            "avatar_hash": "62ae36e8a132",
            "image_72": "https:\/\/avatars.slack-edge.com\/2019-06-29\/679787214084_62ae36e8a132791cd71b_72.png",
            "first_name": "Ranga",
            "real_name": "Ranga Lakshminarayanan",
            "display_name": "Ranga",
            "team": "TKRNGDFFZ",
            "name": "rangabalaji",
            "is_restricted": false,
            "is_ultra_restricted": false
        }
    },
    {
        "client_msg_id": "d0c850d7-33b0-4831-8f30-1095a5b9dd45",
        "type": "message",
        "text": "I think we should create a new repo with no history.",
        "user": "UKNH717DG",
        "ts": "1566763567.033400",
        "team": "TKRNGDFFZ",
        "user_team": "TKRNGDFFZ",
        "source_team": "TKRNGDFFZ",
        "user_profile": {
            "avatar_hash": "ec31ddf685bb",
            "image_72": "https:\/\/avatars.slack-edge.com\/2019-06-30\/682845206070_ec31ddf685bb0693b21a_72.jpg",
            "first_name": "",
            "real_name": "Uche",
            "display_name": "",
            "team": "TKRNGDFFZ",
            "name": "uoffurum",
            "is_restricted": false,
            "is_ultra_restricted": false
        }
    },
    {
        "client_msg_id": "fad6c76e-8811-458c-9c89-6021bb8c3dc1",
        "type": "message",
        "text": "bdso-practice-useradmin is history work, and created new scrgt-bdso-cc-ms-useradmin",
        "user": "UKPCZJWQL",
        "ts": "1566764647.034400",
        "team": "TKRNGDFFZ",
        "user_team": "TKRNGDFFZ",
        "source_team": "TKRNGDFFZ",
        "user_profile": {
            "avatar_hash": "g36d88e4c93b",
            "image_72": "https:\/\/secure.gravatar.com\/avatar\/36d88e4c93b31bcf505cfdf1b76c86a9.jpg?s=72&d=https%3A%2F%2Fa.slack-edge.com%2F80588%2Fimg%2Favatars%2Fava_0020-72.png",
            "first_name": "Pramod",
            "real_name": "Pramod Malhotra",
            "display_name": "",
            "team": "TKRNGDFFZ",
            "name": "pramod.malhotra",
            "is_restricted": false,
            "is_ultra_restricted": false
        }
    },
    {
        "client_msg_id": "93a498bb-2415-42dd-88ef-6b80dda8d944",
        "type": "message",
        "text": "ok",
        "user": "UL2480LK0",
        "ts": "1566764749.034700",
        "team": "TKRNGDFFZ",
        "user_team": "TKRNGDFFZ",
        "source_team": "TKRNGDFFZ",
        "user_profile": {
            "avatar_hash": "62ae36e8a132",
            "image_72": "https:\/\/avatars.slack-edge.com\/2019-06-29\/679787214084_62ae36e8a132791cd71b_72.png",
            "first_name": "Ranga",
            "real_name": "Ranga Lakshminarayanan",
            "display_name": "Ranga",
            "team": "TKRNGDFFZ",
            "name": "rangabalaji",
            "is_restricted": false,
            "is_ultra_restricted": false
        }
    },
    {
        "client_msg_id": "89648c71-4f25-4c14-b23d-d57334a920d7",
        "type": "message",
        "text": "<!channel> Initial arch diagram at <https:\/\/github.com\/SalientCRGT\/scrgt-bdso-cc-startup\/raw\/master\/out\/docs\/arch\/arch\/TechnicalView.png>",
        "user": "UKR4GLQKF",
        "ts": "1566765919.035300",
        "team": "TKRNGDFFZ",
        "user_team": "TKRNGDFFZ",
        "source_team": "TKRNGDFFZ",
        "user_profile": {
            "avatar_hash": "gf6859e536fb",
            "image_72": "https:\/\/secure.gravatar.com\/avatar\/f6859e536fb63a6f9d862b2f3fb9684c.jpg?s=72&d=https%3A%2F%2Fa.slack-edge.com%2F80588%2Fimg%2Favatars%2Fava_0015-72.png",
            "first_name": "",
            "real_name": "Amit Yadav",
            "display_name": "",
            "team": "TKRNGDFFZ",
            "name": "amit",
            "is_restricted": false,
            "is_ultra_restricted": false
        }
    },
    {
        "client_msg_id": "0a0b7ffb-19fd-47a4-a799-09577b6ff6e4",
        "type": "message",
        "text": "Let me know your thoughts",
        "user": "UKR4GLQKF",
        "ts": "1566765948.036300",
        "team": "TKRNGDFFZ",
        "user_team": "TKRNGDFFZ",
        "source_team": "TKRNGDFFZ",
        "user_profile": {
            "avatar_hash": "gf6859e536fb",
            "image_72": "https:\/\/secure.gravatar.com\/avatar\/f6859e536fb63a6f9d862b2f3fb9684c.jpg?s=72&d=https%3A%2F%2Fa.slack-edge.com%2F80588%2Fimg%2Favatars%2Fava_0015-72.png",
            "first_name": "",
            "real_name": "Amit Yadav",
            "display_name": "",
            "team": "TKRNGDFFZ",
            "name": "amit",
            "is_restricted": false,
            "is_ultra_restricted": false
        }
    },
    {
        "client_msg_id": "2b4f42fe-a748-4c88-b7e0-d76d0df24904",
        "type": "message",
        "text": "Readme at <https:\/\/github.com\/SalientCRGT\/scrgt-bdso-cc-startup\/edit\/master\/docs\/README.md>",
        "user": "UKR4GLQKF",
        "ts": "1566768048.037200",
        "team": "TKRNGDFFZ",
        "user_team": "TKRNGDFFZ",
        "source_team": "TKRNGDFFZ",
        "user_profile": {
            "avatar_hash": "gf6859e536fb",
            "image_72": "https:\/\/secure.gravatar.com\/avatar\/f6859e536fb63a6f9d862b2f3fb9684c.jpg?s=72&d=https%3A%2F%2Fa.slack-edge.com%2F80588%2Fimg%2Favatars%2Fava_0015-72.png",
            "first_name": "",
            "real_name": "Amit Yadav",
            "display_name": "",
            "team": "TKRNGDFFZ",
            "name": "amit",
            "is_restricted": false,
            "is_ultra_restricted": false
        }
    },
    {
        "client_msg_id": "865502a3-cb62-48b3-88b7-a18a95f23c4d",
        "type": "message",
        "text": "It is initial draft. will continue to elaborate",
        "user": "UKR4GLQKF",
        "ts": "1566768069.037700",
        "team": "TKRNGDFFZ",
        "user_team": "TKRNGDFFZ",
        "source_team": "TKRNGDFFZ",
        "user_profile": {
            "avatar_hash": "gf6859e536fb",
            "image_72": "https:\/\/secure.gravatar.com\/avatar\/f6859e536fb63a6f9d862b2f3fb9684c.jpg?s=72&d=https%3A%2F%2Fa.slack-edge.com%2F80588%2Fimg%2Favatars%2Fava_0015-72.png",
            "first_name": "",
            "real_name": "Amit Yadav",
            "display_name": "",
            "team": "TKRNGDFFZ",
            "name": "amit",
            "is_restricted": false,
            "is_ultra_restricted": false
        }
    },
    {
        "client_msg_id": "01ffc8a1-7d63-49f4-973e-6da2c5bffc4d",
        "type": "message",
        "text": "looks good <@UKR4GLQKF> made some minor typo fixes to the readme, but otherwise ok.",
        "user": "UKZFHHJQ4",
        "ts": "1566769623.038400",
        "team": "TKRNGDFFZ",
        "user_team": "TKRNGDFFZ",
        "source_team": "TKRNGDFFZ",
        "user_profile": {
            "avatar_hash": "gb862c6892b8",
            "image_72": "https:\/\/secure.gravatar.com\/avatar\/b862c6892b81861fb8d8490e98b04fb5.jpg?s=72&d=https%3A%2F%2Fa.slack-edge.com%2F80588%2Fimg%2Favatars%2Fava_0012-72.png",
            "first_name": "",
            "real_name": "Shawn Lassiter",
            "display_name": "",
            "team": "TKRNGDFFZ",
            "name": "shawn",
            "is_restricted": false,
            "is_ultra_restricted": false
        }
    },
    {
        "client_msg_id": "F29E678B-EA94-44C9-9769-96C3E71EA598",
        "type": "message",
        "text": "Thank you ",
        "user": "UKR4GLQKF",
        "ts": "1566769640.039000",
        "team": "TKRNGDFFZ",
        "user_team": "TKRNGDFFZ",
        "source_team": "TKRNGDFFZ",
        "user_profile": {
            "avatar_hash": "gf6859e536fb",
            "image_72": "https:\/\/secure.gravatar.com\/avatar\/f6859e536fb63a6f9d862b2f3fb9684c.jpg?s=72&d=https%3A%2F%2Fa.slack-edge.com%2F80588%2Fimg%2Favatars%2Fava_0015-72.png",
            "first_name": "",
            "real_name": "Amit Yadav",
            "display_name": "",
            "team": "TKRNGDFFZ",
            "name": "amit",
            "is_restricted": false,
            "is_ultra_restricted": false
        }
    },
    {
        "client_msg_id": "3735e283-7b12-47eb-ac03-7bf09cf5322c",
        "type": "message",
        "text": "I think Neptune is a good choice, though the gremlin query language is very complex. do we have anyone other than me that’s worked on it before?",
        "user": "UKZFHHJQ4",
        "ts": "1566769652.039300",
        "team": "TKRNGDFFZ",
        "user_team": "TKRNGDFFZ",
        "source_team": "TKRNGDFFZ",
        "user_profile": {
            "avatar_hash": "gb862c6892b8",
            "image_72": "https:\/\/secure.gravatar.com\/avatar\/b862c6892b81861fb8d8490e98b04fb5.jpg?s=72&d=https%3A%2F%2Fa.slack-edge.com%2F80588%2Fimg%2Favatars%2Fava_0012-72.png",
            "first_name": "",
            "real_name": "Shawn Lassiter",
            "display_name": "",
            "team": "TKRNGDFFZ",
            "name": "shawn",
            "is_restricted": false,
            "is_ultra_restricted": false
        }
    },
    {
        "client_msg_id": "32D674EA-ADEF-4F08-96CD-DF5825524A5A",
        "type": "message",
        "text": "I don’t think so...",
        "user": "UKR4GLQKF",
        "ts": "1566769671.039700",
        "team": "TKRNGDFFZ",
        "user_team": "TKRNGDFFZ",
        "source_team": "TKRNGDFFZ",
        "user_profile": {
            "avatar_hash": "gf6859e536fb",
            "image_72": "https:\/\/secure.gravatar.com\/avatar\/f6859e536fb63a6f9d862b2f3fb9684c.jpg?s=72&d=https%3A%2F%2Fa.slack-edge.com%2F80588%2Fimg%2Favatars%2Fava_0015-72.png",
            "first_name": "",
            "real_name": "Amit Yadav",
            "display_name": "",
            "team": "TKRNGDFFZ",
            "name": "amit",
            "is_restricted": false,
            "is_ultra_restricted": false
        }
    },
    {
        "client_msg_id": "B9D1472D-29F7-4F55-A686-CE6DC2E244E4",
        "type": "message",
        "text": "I have some knowledge ",
        "user": "UKR4GLQKF",
        "ts": "1566769681.040200",
        "team": "TKRNGDFFZ",
        "user_team": "TKRNGDFFZ",
        "source_team": "TKRNGDFFZ",
        "user_profile": {
            "avatar_hash": "gf6859e536fb",
            "image_72": "https:\/\/secure.gravatar.com\/avatar\/f6859e536fb63a6f9d862b2f3fb9684c.jpg?s=72&d=https%3A%2F%2Fa.slack-edge.com%2F80588%2Fimg%2Favatars%2Fava_0015-72.png",
            "first_name": "",
            "real_name": "Amit Yadav",
            "display_name": "",
            "team": "TKRNGDFFZ",
            "name": "amit",
            "is_restricted": false,
            "is_ultra_restricted": false
        }
    },
    {
        "client_msg_id": "23da6183-c9a6-4535-886c-2c3cab3a2790",
        "type": "message",
        "text": "neo4j is easier, but comes with zero security unless you pay $200k for a license",
        "user": "UKZFHHJQ4",
        "ts": "1566769695.040600",
        "team": "TKRNGDFFZ",
        "user_team": "TKRNGDFFZ",
        "source_team": "TKRNGDFFZ",
        "user_profile": {
            "avatar_hash": "gb862c6892b8",
            "image_72": "https:\/\/secure.gravatar.com\/avatar\/b862c6892b81861fb8d8490e98b04fb5.jpg?s=72&d=https%3A%2F%2Fa.slack-edge.com%2F80588%2Fimg%2Favatars%2Fava_0012-72.png",
            "first_name": "",
            "real_name": "Shawn Lassiter",
            "display_name": "",
            "team": "TKRNGDFFZ",
            "name": "shawn",
            "is_restricted": false,
            "is_ultra_restricted": false
        },
        "reactions": [
            {
                "name": "flushed",
                "users": [
                    "UL1DRU6R3"
                ],
                "count": 1
            }
        ]
    },
    {
        "client_msg_id": "50b839ad-2826-4ff4-aa35-15568e062a4d",
        "type": "message",
        "text": "we can probably develop queries for gremlin though",
        "user": "UKZFHHJQ4",
        "ts": "1566769724.041500",
        "team": "TKRNGDFFZ",
        "user_team": "TKRNGDFFZ",
        "source_team": "TKRNGDFFZ",
        "user_profile": {
            "avatar_hash": "gb862c6892b8",
            "image_72": "https:\/\/secure.gravatar.com\/avatar\/b862c6892b81861fb8d8490e98b04fb5.jpg?s=72&d=https%3A%2F%2Fa.slack-edge.com%2F80588%2Fimg%2Favatars%2Fava_0012-72.png",
            "first_name": "",
            "real_name": "Shawn Lassiter",
            "display_name": "",
            "team": "TKRNGDFFZ",
            "name": "shawn",
            "is_restricted": false,
            "is_ultra_restricted": false
        }
    },
    {
        "client_msg_id": "E391F8E9-B985-4A92-A3E3-A731EBEAFDCE",
        "type": "message",
        "text": "Benefits of Neptune is easy lambda integration ",
        "user": "UKR4GLQKF",
        "ts": "1566769746.042400",
        "team": "TKRNGDFFZ",
        "user_team": "TKRNGDFFZ",
        "source_team": "TKRNGDFFZ",
        "user_profile": {
            "avatar_hash": "gf6859e536fb",
            "image_72": "https:\/\/secure.gravatar.com\/avatar\/f6859e536fb63a6f9d862b2f3fb9684c.jpg?s=72&d=https%3A%2F%2Fa.slack-edge.com%2F80588%2Fimg%2Favatars%2Fava_0015-72.png",
            "first_name": "",
            "real_name": "Amit Yadav",
            "display_name": "",
            "team": "TKRNGDFFZ",
            "name": "amit",
            "is_restricted": false,
            "is_ultra_restricted": false
        }
    },
    {
        "client_msg_id": "b28912bf-12fd-4d05-b466-5c79958080f6",
        "type": "message",
        "text": "I have the infrastructure deploying again, via terraform 0.12",
        "user": "UKZFHHJQ4",
        "ts": "1566769752.042600",
        "team": "TKRNGDFFZ",
        "user_team": "TKRNGDFFZ",
        "source_team": "TKRNGDFFZ",
        "user_profile": {
            "avatar_hash": "gb862c6892b8",
            "image_72": "https:\/\/secure.gravatar.com\/avatar\/b862c6892b81861fb8d8490e98b04fb5.jpg?s=72&d=https%3A%2F%2Fa.slack-edge.com%2F80588%2Fimg%2Favatars%2Fava_0012-72.png",
            "first_name": "",
            "real_name": "Shawn Lassiter",
            "display_name": "",
            "team": "TKRNGDFFZ",
            "name": "shawn",
            "is_restricted": false,
            "is_ultra_restricted": false
        }
    },
    {
        "client_msg_id": "1D378883-C98E-4652-8132-793B03CA5C58",
        "type": "message",
        "text": ":+1:",
        "user": "UKR4GLQKF",
        "ts": "1566769758.042900",
        "team": "TKRNGDFFZ",
        "user_team": "TKRNGDFFZ",
        "source_team": "TKRNGDFFZ",
        "user_profile": {
            "avatar_hash": "gf6859e536fb",
            "image_72": "https:\/\/secure.gravatar.com\/avatar\/f6859e536fb63a6f9d862b2f3fb9684c.jpg?s=72&d=https%3A%2F%2Fa.slack-edge.com%2F80588%2Fimg%2Favatars%2Fava_0015-72.png",
            "first_name": "",
            "real_name": "Amit Yadav",
            "display_name": "",
            "team": "TKRNGDFFZ",
            "name": "amit",
            "is_restricted": false,
            "is_ultra_restricted": false
        }
    },
    {
        "client_msg_id": "7acaa97f-3696-4b69-84d6-efa8bcf3a83b",
        "type": "message",
        "text": "if lambda integration is easier, it’s probably worth the extra work.",
        "user": "UKZFHHJQ4",
        "ts": "1566769768.043200",
        "team": "TKRNGDFFZ",
        "user_team": "TKRNGDFFZ",
        "source_team": "TKRNGDFFZ",
        "user_profile": {
            "avatar_hash": "gb862c6892b8",
            "image_72": "https:\/\/secure.gravatar.com\/avatar\/b862c6892b81861fb8d8490e98b04fb5.jpg?s=72&d=https%3A%2F%2Fa.slack-edge.com%2F80588%2Fimg%2Favatars%2Fava_0012-72.png",
            "first_name": "",
            "real_name": "Shawn Lassiter",
            "display_name": "",
            "team": "TKRNGDFFZ",
            "name": "shawn",
            "is_restricted": false,
            "is_ultra_restricted": false
        }
    },
    {
        "client_msg_id": "90cea675-0b5d-49f3-88ee-caca4e005b70",
        "type": "message",
        "text": "hi <@UL0GK1LJD>, haven’t heard from you today. can you contact me so we can talk about openshift DNS?",
        "user": "UKZFHHJQ4",
        "ts": "1566769819.044600",
        "team": "TKRNGDFFZ",
        "user_team": "TKRNGDFFZ",
        "source_team": "TKRNGDFFZ",
        "user_profile": {
            "avatar_hash": "gb862c6892b8",
            "image_72": "https:\/\/secure.gravatar.com\/avatar\/b862c6892b81861fb8d8490e98b04fb5.jpg?s=72&d=https%3A%2F%2Fa.slack-edge.com%2F80588%2Fimg%2Favatars%2Fava_0012-72.png",
            "first_name": "",
            "real_name": "Shawn Lassiter",
            "display_name": "",
            "team": "TKRNGDFFZ",
            "name": "shawn",
            "is_restricted": false,
            "is_ultra_restricted": false
        }
    },
    {
        "client_msg_id": "661AD948-7FE6-4DF9-96B9-A14614F53FB8",
        "type": "message",
        "text": "I will recommend getting a new domain, using Cloudflare for DNS and then use terraform to register * domain there ",
        "user": "UKR4GLQKF",
        "ts": "1566769971.046800",
        "team": "TKRNGDFFZ",
        "user_team": "TKRNGDFFZ",
        "source_team": "TKRNGDFFZ",
        "user_profile": {
            "avatar_hash": "gf6859e536fb",
            "image_72": "https:\/\/secure.gravatar.com\/avatar\/f6859e536fb63a6f9d862b2f3fb9684c.jpg?s=72&d=https%3A%2F%2Fa.slack-edge.com%2F80588%2Fimg%2Favatars%2Fava_0015-72.png",
            "first_name": "",
            "real_name": "Amit Yadav",
            "display_name": "",
            "team": "TKRNGDFFZ",
            "name": "amit",
            "is_restricted": false,
            "is_ultra_restricted": false
        }
    },
    {
        "client_msg_id": "d74fb93d-304f-40d8-9e45-d7957bf3fe45",
        "type": "message",
        "text": "simple enough from my end, but we need openshift to pick up the dns once the * domain is pointed at it.",
        "user": "UKZFHHJQ4",
        "ts": "1566770022.048600",
        "team": "TKRNGDFFZ",
        "user_team": "TKRNGDFFZ",
        "source_team": "TKRNGDFFZ",
        "user_profile": {
            "avatar_hash": "gb862c6892b8",
            "image_72": "https:\/\/secure.gravatar.com\/avatar\/b862c6892b81861fb8d8490e98b04fb5.jpg?s=72&d=https%3A%2F%2Fa.slack-edge.com%2F80588%2Fimg%2Favatars%2Fava_0012-72.png",
            "first_name": "",
            "real_name": "Shawn Lassiter",
            "display_name": "",
            "team": "TKRNGDFFZ",
            "name": "shawn",
            "is_restricted": false,
            "is_ultra_restricted": false
        }
    },
    {
        "client_msg_id": "25189AF2-46EB-4FB0-9170-FA33ED1A2498",
        "type": "message",
        "text": "It will be 53 + Cloudflare to make it work with gov’s requirement for single click deployment ",
        "user": "UKR4GLQKF",
        "ts": "1566770038.049200",
        "team": "TKRNGDFFZ",
        "user_team": "TKRNGDFFZ",
        "source_team": "TKRNGDFFZ",
        "user_profile": {
            "avatar_hash": "gf6859e536fb",
            "image_72": "https:\/\/secure.gravatar.com\/avatar\/f6859e536fb63a6f9d862b2f3fb9684c.jpg?s=72&d=https%3A%2F%2Fa.slack-edge.com%2F80588%2Fimg%2Favatars%2Fava_0015-72.png",
            "first_name": "",
            "real_name": "Amit Yadav",
            "display_name": "",
            "team": "TKRNGDFFZ",
            "name": "amit",
            "is_restricted": false,
            "is_ultra_restricted": false
        }
    },
    {
        "client_msg_id": "fd62aaee-a6af-44cc-a7d9-13fd864c412a",
        "type": "message",
        "text": "also, do we have a ssl cert to use for that, or are we just going to have warning messages?",
        "user": "UKZFHHJQ4",
        "ts": "1566770055.049600",
        "team": "TKRNGDFFZ",
        "user_team": "TKRNGDFFZ",
        "source_team": "TKRNGDFFZ",
        "user_profile": {
            "avatar_hash": "gb862c6892b8",
            "image_72": "https:\/\/secure.gravatar.com\/avatar\/b862c6892b81861fb8d8490e98b04fb5.jpg?s=72&d=https%3A%2F%2Fa.slack-edge.com%2F80588%2Fimg%2Favatars%2Fava_0012-72.png",
            "first_name": "",
            "real_name": "Shawn Lassiter",
            "display_name": "",
            "team": "TKRNGDFFZ",
            "name": "shawn",
            "is_restricted": false,
            "is_ultra_restricted": false
        }
    },
    {
        "client_msg_id": "996F259A-9F8E-47EE-B958-3F6C81F49833",
        "type": "message",
        "text": "We would need a wild card cert as well ",
        "user": "UKR4GLQKF",
        "ts": "1566770103.050400",
        "team": "TKRNGDFFZ",
        "user_team": "TKRNGDFFZ",
        "source_team": "TKRNGDFFZ",
        "user_profile": {
            "avatar_hash": "gf6859e536fb",
            "image_72": "https:\/\/secure.gravatar.com\/avatar\/f6859e536fb63a6f9d862b2f3fb9684c.jpg?s=72&d=https%3A%2F%2Fa.slack-edge.com%2F80588%2Fimg%2Favatars%2Fava_0015-72.png",
            "first_name": "",
            "real_name": "Amit Yadav",
            "display_name": "",
            "team": "TKRNGDFFZ",
            "name": "amit",
            "is_restricted": false,
            "is_ultra_restricted": false
        }
    },
    {
        "client_msg_id": "a91f7c9a-5ee2-44c9-b588-c0c82be5ed49",
        "type": "message",
        "text": "ok. i can plug in whatever domain we pick, and have terraform to point the domain at it via route53",
        "user": "UKZFHHJQ4",
        "ts": "1566770176.051100",
        "team": "TKRNGDFFZ",
        "user_team": "TKRNGDFFZ",
        "source_team": "TKRNGDFFZ",
        "user_profile": {
            "avatar_hash": "gb862c6892b8",
            "image_72": "https:\/\/secure.gravatar.com\/avatar\/b862c6892b81861fb8d8490e98b04fb5.jpg?s=72&d=https%3A%2F%2Fa.slack-edge.com%2F80588%2Fimg%2Favatars%2Fava_0012-72.png",
            "first_name": "",
            "real_name": "Shawn Lassiter",
            "display_name": "",
            "team": "TKRNGDFFZ",
            "name": "shawn",
            "is_restricted": false,
            "is_ultra_restricted": false
        }
    },
    {
        "client_msg_id": "d84105a2-b163-42af-a26a-a98a4cd7918f",
        "type": "message",
        "text": "will have to see about uploading the cert, but it should just be a file somewhere once we have it.",
        "user": "UKZFHHJQ4",
        "ts": "1566770198.052000",
        "team": "TKRNGDFFZ",
        "user_team": "TKRNGDFFZ",
        "source_team": "TKRNGDFFZ",
        "user_profile": {
            "avatar_hash": "gb862c6892b8",
            "image_72": "https:\/\/secure.gravatar.com\/avatar\/b862c6892b81861fb8d8490e98b04fb5.jpg?s=72&d=https%3A%2F%2Fa.slack-edge.com%2F80588%2Fimg%2Favatars%2Fava_0012-72.png",
            "first_name": "",
            "real_name": "Shawn Lassiter",
            "display_name": "",
            "team": "TKRNGDFFZ",
            "name": "shawn",
            "is_restricted": false,
            "is_ultra_restricted": false
        }
    },
    {
        "client_msg_id": "6DD37BAE-5974-4F75-AFAD-86BB56975B51",
        "type": "message",
        "text": "Yeah. Just 53 may not be enough...",
        "user": "UKR4GLQKF",
        "ts": "1566770303.052800",
        "team": "TKRNGDFFZ",
        "user_team": "TKRNGDFFZ",
        "source_team": "TKRNGDFFZ",
        "user_profile": {
            "avatar_hash": "gf6859e536fb",
            "image_72": "https:\/\/secure.gravatar.com\/avatar\/f6859e536fb63a6f9d862b2f3fb9684c.jpg?s=72&d=https%3A%2F%2Fa.slack-edge.com%2F80588%2Fimg%2Favatars%2Fava_0015-72.png",
            "first_name": "",
            "real_name": "Amit Yadav",
            "display_name": "",
            "team": "TKRNGDFFZ",
            "name": "amit",
            "is_restricted": false,
            "is_ultra_restricted": false
        }
    },
    {
        "client_msg_id": "edce9e7f-9bcc-46c1-9dea-6c6ca7c468b2",
        "type": "message",
        "text": "53 + cert added to openshift (provided it will handle its own dns from there) should be good. we may have to hand them a zip file with certs and passwords though.",
        "user": "UKZFHHJQ4",
        "ts": "1566770343.054300",
        "team": "TKRNGDFFZ",
        "user_team": "TKRNGDFFZ",
        "source_team": "TKRNGDFFZ",
        "user_profile": {
            "avatar_hash": "gb862c6892b8",
            "image_72": "https:\/\/secure.gravatar.com\/avatar\/b862c6892b81861fb8d8490e98b04fb5.jpg?s=72&d=https%3A%2F%2Fa.slack-edge.com%2F80588%2Fimg%2Favatars%2Fava_0012-72.png",
            "first_name": "",
            "real_name": "Shawn Lassiter",
            "display_name": "",
            "team": "TKRNGDFFZ",
            "name": "shawn",
            "is_restricted": false,
            "is_ultra_restricted": false
        }
    },
    {
        "client_msg_id": "8F5AED85-E9AE-40F5-853C-56C8DAC8D0CE",
        "type": "message",
        "text": "Let’s talk through",
        "user": "UKR4GLQKF",
        "ts": "1566770368.055200",
        "team": "TKRNGDFFZ",
        "user_team": "TKRNGDFFZ",
        "source_team": "TKRNGDFFZ",
        "user_profile": {
            "avatar_hash": "gf6859e536fb",
            "image_72": "https:\/\/secure.gravatar.com\/avatar\/f6859e536fb63a6f9d862b2f3fb9684c.jpg?s=72&d=https%3A%2F%2Fa.slack-edge.com%2F80588%2Fimg%2Favatars%2Fava_0015-72.png",
            "first_name": "",
            "real_name": "Amit Yadav",
            "display_name": "",
            "team": "TKRNGDFFZ",
            "name": "amit",
            "is_restricted": false,
            "is_ultra_restricted": false
        }
    },
    {
        "client_msg_id": "f50f090d-5f97-41ef-8833-579664aecade",
        "type": "message",
        "text": "speaking of, I’m going to audit the infrastructure code for those before checking it into the new repo. there are some connections that need to be made.",
        "user": "UKZFHHJQ4",
        "ts": "1566770381.055500",
        "team": "TKRNGDFFZ",
        "user_team": "TKRNGDFFZ",
        "source_team": "TKRNGDFFZ",
        "user_profile": {
            "avatar_hash": "gb862c6892b8",
            "image_72": "https:\/\/secure.gravatar.com\/avatar\/b862c6892b81861fb8d8490e98b04fb5.jpg?s=72&d=https%3A%2F%2Fa.slack-edge.com%2F80588%2Fimg%2Favatars%2Fava_0012-72.png",
            "first_name": "",
            "real_name": "Shawn Lassiter",
            "display_name": "",
            "team": "TKRNGDFFZ",
            "name": "shawn",
            "is_restricted": false,
            "is_ultra_restricted": false
        }
    },
    {
        "client_msg_id": "415c46c1-02f4-4af0-a5e3-e5abb608a015",
        "type": "message",
        "text": "ok",
        "user": "UKZFHHJQ4",
        "ts": "1566770388.055700",
        "team": "TKRNGDFFZ",
        "user_team": "TKRNGDFFZ",
        "source_team": "TKRNGDFFZ",
        "user_profile": {
            "avatar_hash": "gb862c6892b8",
            "image_72": "https:\/\/secure.gravatar.com\/avatar\/b862c6892b81861fb8d8490e98b04fb5.jpg?s=72&d=https%3A%2F%2Fa.slack-edge.com%2F80588%2Fimg%2Favatars%2Fava_0012-72.png",
            "first_name": "",
            "real_name": "Shawn Lassiter",
            "display_name": "",
            "team": "TKRNGDFFZ",
            "name": "shawn",
            "is_restricted": false,
            "is_ultra_restricted": false
        }
    },
    {
        "client_msg_id": "98850b3f-e043-4b73-bc0c-5c33c5003cad",
        "type": "message",
        "text": "going to get some dinner. will be back in a little while",
        "user": "UKZFHHJQ4",
        "ts": "1566771063.056100",
        "team": "TKRNGDFFZ",
        "user_team": "TKRNGDFFZ",
        "source_team": "TKRNGDFFZ",
        "user_profile": {
            "avatar_hash": "gb862c6892b8",
            "image_72": "https:\/\/secure.gravatar.com\/avatar\/b862c6892b81861fb8d8490e98b04fb5.jpg?s=72&d=https%3A%2F%2Fa.slack-edge.com%2F80588%2Fimg%2Favatars%2Fava_0012-72.png",
            "first_name": "",
            "real_name": "Shawn Lassiter",
            "display_name": "",
            "team": "TKRNGDFFZ",
            "name": "shawn",
            "is_restricted": false,
            "is_ultra_restricted": false
        }
    }
]