[
    {
        "client_msg_id": "D1FF4218-93E4-4CF5-BF19-C06550646DCD",
        "type": "message",
        "text": "<!channel> BDSO just dropped! We need your attention now. It is due on September 9. It looks very similar to RDSO. Can we get on a call tonight\/tomorrow morning latest?",
        "user": "UKR4GLQKF",
        "ts": "1566672936.002600",
        "team": "TKRNGDFFZ",
        "user_team": "TKRNGDFFZ",
        "source_team": "TKRNGDFFZ",
        "user_profile": {
            "avatar_hash": "gf6859e536fb",
            "image_72": "https:\/\/secure.gravatar.com\/avatar\/f6859e536fb63a6f9d862b2f3fb9684c.jpg?s=72&d=https%3A%2F%2Fa.slack-edge.com%2F80588%2Fimg%2Favatars%2Fava_0015-72.png",
            "first_name": "",
            "real_name": "Amit Yadav",
            "display_name": "",
            "team": "TKRNGDFFZ",
            "name": "amit",
            "is_restricted": false,
            "is_ultra_restricted": false
        },
        "reactions": [
            {
                "name": "+1",
                "users": [
                    "UL1DRU6R3"
                ],
                "count": 1
            }
        ]
    },
    {
        "client_msg_id": "e5b46fc1-79aa-4a4e-bef2-9db76ec5a2be",
        "type": "message",
        "text": "Sure, I'm available",
        "user": "UKZFHHJQ4",
        "ts": "1566673193.002900",
        "team": "TKRNGDFFZ",
        "user_team": "TKRNGDFFZ",
        "source_team": "TKRNGDFFZ",
        "user_profile": {
            "avatar_hash": "gb862c6892b8",
            "image_72": "https:\/\/secure.gravatar.com\/avatar\/b862c6892b81861fb8d8490e98b04fb5.jpg?s=72&d=https%3A%2F%2Fa.slack-edge.com%2F80588%2Fimg%2Favatars%2Fava_0012-72.png",
            "first_name": "",
            "real_name": "Shawn Lassiter",
            "display_name": "",
            "team": "TKRNGDFFZ",
            "name": "shawn",
            "is_restricted": false,
            "is_ultra_restricted": false
        }
    },
    {
        "client_msg_id": "BA8109DE-9A2D-4600-9584-656D61FE0DFD",
        "type": "message",
        "text": "<!channel> Is 7pm too late? ",
        "user": "UKR4GLQKF",
        "ts": "1566673223.003800",
        "team": "TKRNGDFFZ",
        "user_team": "TKRNGDFFZ",
        "source_team": "TKRNGDFFZ",
        "user_profile": {
            "avatar_hash": "gf6859e536fb",
            "image_72": "https:\/\/secure.gravatar.com\/avatar\/f6859e536fb63a6f9d862b2f3fb9684c.jpg?s=72&d=https%3A%2F%2Fa.slack-edge.com%2F80588%2Fimg%2Favatars%2Fava_0015-72.png",
            "first_name": "",
            "real_name": "Amit Yadav",
            "display_name": "",
            "team": "TKRNGDFFZ",
            "name": "amit",
            "is_restricted": false,
            "is_ultra_restricted": false
        },
        "reactions": [
            {
                "name": "+1",
                "users": [
                    "UKZFHHJQ4",
                    "UL284UA1J",
                    "UKCPDF2M8",
                    "UKNH71890",
                    "UKNH717DG",
                    "UL1DRU6R3"
                ],
                "count": 6
            }
        ]
    },
    {
        "client_msg_id": "9C79D74F-F29E-424F-BF29-47E41A228F58",
        "type": "message",
        "text": "I will setup call at 7pm",
        "user": "UKR4GLQKF",
        "ts": "1566673345.004700",
        "team": "TKRNGDFFZ",
        "user_team": "TKRNGDFFZ",
        "source_team": "TKRNGDFFZ",
        "user_profile": {
            "avatar_hash": "gf6859e536fb",
            "image_72": "https:\/\/secure.gravatar.com\/avatar\/f6859e536fb63a6f9d862b2f3fb9684c.jpg?s=72&d=https%3A%2F%2Fa.slack-edge.com%2F80588%2Fimg%2Favatars%2Fava_0015-72.png",
            "first_name": "",
            "real_name": "Amit Yadav",
            "display_name": "",
            "team": "TKRNGDFFZ",
            "name": "amit",
            "is_restricted": false,
            "is_ultra_restricted": false
        }
    },
    {
        "client_msg_id": "21eddc1f-f7a2-4e5a-ba19-fcd97996ec82",
        "type": "message",
        "text": "I sent the meeting invite.",
        "user": "UKR4GLQKF",
        "ts": "1566676069.005700",
        "team": "TKRNGDFFZ",
        "user_team": "TKRNGDFFZ",
        "source_team": "TKRNGDFFZ",
        "user_profile": {
            "avatar_hash": "gf6859e536fb",
            "image_72": "https:\/\/secure.gravatar.com\/avatar\/f6859e536fb63a6f9d862b2f3fb9684c.jpg?s=72&d=https%3A%2F%2Fa.slack-edge.com%2F80588%2Fimg%2Favatars%2Fava_0015-72.png",
            "first_name": "",
            "real_name": "Amit Yadav",
            "display_name": "",
            "team": "TKRNGDFFZ",
            "name": "amit",
            "is_restricted": false,
            "is_ultra_restricted": false
        }
    },
    {
        "client_msg_id": "1f089fa5-beb3-4df2-9fba-73e6c0678c17",
        "type": "message",
        "text": "Let me know if you don't see the invite.",
        "user": "UKR4GLQKF",
        "ts": "1566676081.006000",
        "team": "TKRNGDFFZ",
        "user_team": "TKRNGDFFZ",
        "source_team": "TKRNGDFFZ",
        "user_profile": {
            "avatar_hash": "gf6859e536fb",
            "image_72": "https:\/\/secure.gravatar.com\/avatar\/f6859e536fb63a6f9d862b2f3fb9684c.jpg?s=72&d=https%3A%2F%2Fa.slack-edge.com%2F80588%2Fimg%2Favatars%2Fava_0015-72.png",
            "first_name": "",
            "real_name": "Amit Yadav",
            "display_name": "",
            "team": "TKRNGDFFZ",
            "name": "amit",
            "is_restricted": false,
            "is_ultra_restricted": false
        }
    },
    {
        "client_msg_id": "41206340-3B82-46A2-BB2E-32A2F2699E36",
        "type": "message",
        "text": "<!channel> The challenge details are in meeting invite ",
        "user": "UKR4GLQKF",
        "ts": "1566676336.006600",
        "team": "TKRNGDFFZ",
        "user_team": "TKRNGDFFZ",
        "source_team": "TKRNGDFFZ",
        "user_profile": {
            "avatar_hash": "gf6859e536fb",
            "image_72": "https:\/\/secure.gravatar.com\/avatar\/f6859e536fb63a6f9d862b2f3fb9684c.jpg?s=72&d=https%3A%2F%2Fa.slack-edge.com%2F80588%2Fimg%2Favatars%2Fava_0015-72.png",
            "first_name": "",
            "real_name": "Amit Yadav",
            "display_name": "",
            "team": "TKRNGDFFZ",
            "name": "amit",
            "is_restricted": false,
            "is_ultra_restricted": false
        }
    },
    {
        "client_msg_id": "6E3F3B7D-1A05-469B-B379-08EE14EFD64E",
        "type": "message",
        "text": "<!channel> I am in a kids a performance that is getting delayed. 7pm is cutting too close. I will not be able to exit this place by 7pm. I will push the meeting by 30 minutes to 7:30pm. I am sorry for scheduling and, then changing, on a Saturday. I want to make sure that we start this on right note and do not lose any time. ",
        "user": "UKR4GLQKF",
        "ts": "1566686045.010400",
        "team": "TKRNGDFFZ",
        "user_team": "TKRNGDFFZ",
        "source_team": "TKRNGDFFZ",
        "user_profile": {
            "avatar_hash": "gf6859e536fb",
            "image_72": "https:\/\/secure.gravatar.com\/avatar\/f6859e536fb63a6f9d862b2f3fb9684c.jpg?s=72&d=https%3A%2F%2Fa.slack-edge.com%2F80588%2Fimg%2Favatars%2Fava_0015-72.png",
            "first_name": "",
            "real_name": "Amit Yadav",
            "display_name": "",
            "team": "TKRNGDFFZ",
            "name": "amit",
            "is_restricted": false,
            "is_ultra_restricted": false
        },
        "reactions": [
            {
                "name": "+1",
                "users": [
                    "UL1DRU6R3"
                ],
                "count": 1
            }
        ]
    },
    {
        "client_msg_id": "659b98b3-ba9a-4cbf-b536-f3aa08da805c",
        "type": "message",
        "text": "Ok. Talk to you then",
        "user": "UKZFHHJQ4",
        "ts": "1566686348.011600",
        "team": "TKRNGDFFZ",
        "user_team": "TKRNGDFFZ",
        "source_team": "TKRNGDFFZ",
        "user_profile": {
            "avatar_hash": "gb862c6892b8",
            "image_72": "https:\/\/secure.gravatar.com\/avatar\/b862c6892b81861fb8d8490e98b04fb5.jpg?s=72&d=https%3A%2F%2Fa.slack-edge.com%2F80588%2Fimg%2Favatars%2Fava_0012-72.png",
            "first_name": "",
            "real_name": "Shawn Lassiter",
            "display_name": "",
            "team": "TKRNGDFFZ",
            "name": "shawn",
            "is_restricted": false,
            "is_ultra_restricted": false
        }
    },
    {
        "client_msg_id": "92970f62-8b4d-46ab-9b76-dc6dec6771d3",
        "type": "message",
        "text": "<!channel> We are on the call.",
        "user": "UKR4GLQKF",
        "ts": "1566689644.013800",
        "team": "TKRNGDFFZ",
        "user_team": "TKRNGDFFZ",
        "source_team": "TKRNGDFFZ",
        "user_profile": {
            "avatar_hash": "gf6859e536fb",
            "image_72": "https:\/\/secure.gravatar.com\/avatar\/f6859e536fb63a6f9d862b2f3fb9684c.jpg?s=72&d=https%3A%2F%2Fa.slack-edge.com%2F80588%2Fimg%2Favatars%2Fava_0015-72.png",
            "first_name": "",
            "real_name": "Amit Yadav",
            "display_name": "",
            "team": "TKRNGDFFZ",
            "name": "amit",
            "is_restricted": false,
            "is_ultra_restricted": false
        }
    },
    {
        "client_msg_id": "e15141e0-78b6-41a9-9512-6b4b25b7be71",
        "type": "message",
        "text": "<https:\/\/trello.com\/b\/Yi4Os4SX\/challenge-tasks>",
        "user": "UKR4GLQKF",
        "ts": "1566690859.014000",
        "team": "TKRNGDFFZ",
        "user_team": "TKRNGDFFZ",
        "source_team": "TKRNGDFFZ",
        "user_profile": {
            "avatar_hash": "gf6859e536fb",
            "image_72": "https:\/\/secure.gravatar.com\/avatar\/f6859e536fb63a6f9d862b2f3fb9684c.jpg?s=72&d=https%3A%2F%2Fa.slack-edge.com%2F80588%2Fimg%2Favatars%2Fava_0015-72.png",
            "first_name": "",
            "real_name": "Amit Yadav",
            "display_name": "",
            "team": "TKRNGDFFZ",
            "name": "amit",
            "is_restricted": false,
            "is_ultra_restricted": false
        }
    },
    {
        "type": "message",
        "text": "\/poll \"What's good time for daily standup?\" \"8:30 am\" \"12:00 pm\" \"6:00 pm\" \"8:00pm\"",
        "user": "UKR4GLQKF",
        "ts": "1566694044.014200",
        "team": "TKRNGDFFZ",
        "user_team": "TKRNGDFFZ",
        "source_team": "TKRNGDFFZ",
        "user_profile": {
            "avatar_hash": "gf6859e536fb",
            "image_72": "https:\/\/secure.gravatar.com\/avatar\/f6859e536fb63a6f9d862b2f3fb9684c.jpg?s=72&d=https%3A%2F%2Fa.slack-edge.com%2F80588%2Fimg%2Favatars%2Fava_0015-72.png",
            "first_name": "",
            "real_name": "Amit Yadav",
            "display_name": "",
            "team": "TKRNGDFFZ",
            "name": "amit",
            "is_restricted": false,
            "is_ultra_restricted": false
        }
    },
    {
        "type": "message",
        "subtype": "bot_message",
        "text": "",
        "ts": "1566694044.014300",
        "bot_id": "BMPAWHJ6R",
        "attachments": [
            {
                "fallback": "Open Slack to cast your vote in this Simple Poll",
                "title": "What's good time for daily standup?",
                "id": 1,
                "color": "6ecadc",
                "fields": [
                    {
                        "title": "",
                        "value": ":one: 8:30 am    `2`\n<@UKZFHHJQ4>, <@UL0GK1LJD>\n\n",
                        "short": false
                    },
                    {
                        "title": "",
                        "value": ":two: 12:00 pm\n\n\n",
                        "short": false
                    },
                    {
                        "title": "",
                        "value": ":three: 6:00 pm    `4`\n<@UKNH717DG>, <@UKZFHHJQ4>, <@UL1DRU6R3>, <@UKNH71890>\n\n",
                        "short": false
                    },
                    {
                        "title": "",
                        "value": ":four: 8:00pm    `1`\n<@UKNH71890>\n\n",
                        "short": false
                    }
                ],
                "mrkdwn_in": [
                    "fields"
                ]
            },
            {
                "callback_id": "ff9fe0ba-8e6c-4f65-b1ff-d81ed1021429",
                "fallback": "Open Slack to cast your vote in this Simple Poll",
                "id": 2,
                "color": "6ecadc",
                "actions": [
                    {
                        "id": "1",
                        "name": "vote",
                        "text": ":one:",
                        "type": "button",
                        "value": "1",
                        "style": ""
                    },
                    {
                        "id": "2",
                        "name": "vote",
                        "text": ":two:",
                        "type": "button",
                        "value": "2",
                        "style": ""
                    },
                    {
                        "id": "3",
                        "name": "vote",
                        "text": ":three:",
                        "type": "button",
                        "value": "3",
                        "style": ""
                    },
                    {
                        "id": "4",
                        "name": "vote",
                        "text": ":four:",
                        "type": "button",
                        "value": "4",
                        "style": ""
                    },
                    {
                        "id": "5",
                        "name": "delete-v2",
                        "text": "Delete Poll",
                        "type": "button",
                        "value": "",
                        "style": "danger",
                        "confirm": {
                            "text": "Are you sure you want to delete the Poll?",
                            "title": "Delete Poll?",
                            "ok_text": "Yes",
                            "dismiss_text": "No"
                        }
                    }
                ]
            },
            {
                "callback_id": "ff9fe0ba-8e6c-4f65-b1ff-d81ed1021429",
                "fallback": "Open Slack to cast your vote in this Simple Poll",
                "footer": "Simple Poll        <https:\/\/simplepoll.rocks\/dashboard\/scrgt-bdso\/settings\/|Edit Settings>",
                "id": 3,
                "footer_icon": "https:\/\/simplepoll.rocks\/static\/main\/favicon.png",
                "color": "6ecadc"
            }
        ]
    },
    {
        "client_msg_id": "e4039a87-62c4-4a0a-8a36-defa20b32b2f",
        "type": "message",
        "text": "Recording from discussion earlier today. <https:\/\/techsur.my.webex.com\/recordingservice\/sites\/techsur.my\/recording\/playback\/1489f16ced2b461a92c1ac66ef98d5d1>",
        "user": "UKR4GLQKF",
        "ts": "1566700059.016000",
        "team": "TKRNGDFFZ",
        "user_team": "TKRNGDFFZ",
        "source_team": "TKRNGDFFZ",
        "user_profile": {
            "avatar_hash": "gf6859e536fb",
            "image_72": "https:\/\/secure.gravatar.com\/avatar\/f6859e536fb63a6f9d862b2f3fb9684c.jpg?s=72&d=https%3A%2F%2Fa.slack-edge.com%2F80588%2Fimg%2Favatars%2Fava_0015-72.png",
            "first_name": "",
            "real_name": "Amit Yadav",
            "display_name": "",
            "team": "TKRNGDFFZ",
            "name": "amit",
            "is_restricted": false,
            "is_ultra_restricted": false
        },
        "attachments": [
            {
                "service_name": "Cisco Webex Site",
                "title": "Cisco Webex Meetings",
                "title_link": "https:\/\/techsur.my.webex.com\/recordingservice\/sites\/techsur.my\/recording\/playback\/1489f16ced2b461a92c1ac66ef98d5d1",
                "text": "Simple, modern video meetings for the global workforce. Join from anywhere, including your desktop, browser, mobile device, or video room device.",
                "fallback": "Cisco Webex Site: Cisco Webex Meetings",
                "from_url": "https:\/\/techsur.my.webex.com\/recordingservice\/sites\/techsur.my\/recording\/playback\/1489f16ced2b461a92c1ac66ef98d5d1",
                "service_icon": "https:\/\/techsur.my.webex.com\/favicont29.ico",
                "id": 1,
                "original_url": "https:\/\/techsur.my.webex.com\/recordingservice\/sites\/techsur.my\/recording\/playback\/1489f16ced2b461a92c1ac66ef98d5d1"
            }
        ]
    },
    {
        "client_msg_id": "801f6698-933e-424c-8a5f-d2f247ce4273",
        "type": "message",
        "text": "<@UKR4GLQKF>: it is asking for a password for listening to the recording",
        "user": "UL2480LK0",
        "ts": "1566702804.016700",
        "team": "TKRNGDFFZ",
        "user_team": "TKRNGDFFZ",
        "source_team": "TKRNGDFFZ",
        "user_profile": {
            "avatar_hash": "62ae36e8a132",
            "image_72": "https:\/\/avatars.slack-edge.com\/2019-06-29\/679787214084_62ae36e8a132791cd71b_72.png",
            "first_name": "Ranga",
            "real_name": "Ranga Lakshminarayanan",
            "display_name": "Ranga",
            "team": "TKRNGDFFZ",
            "name": "rangabalaji",
            "is_restricted": false,
            "is_ultra_restricted": false
        }
    },
    {
        "client_msg_id": "615ce590-4e47-4d3b-a2bc-f72f6aebeeef",
        "type": "message",
        "text": "<@UL2480LK0> Vu2Y2eq3",
        "user": "UKR4GLQKF",
        "ts": "1566704455.016900",
        "team": "TKRNGDFFZ",
        "user_team": "TKRNGDFFZ",
        "source_team": "TKRNGDFFZ",
        "user_profile": {
            "avatar_hash": "gf6859e536fb",
            "image_72": "https:\/\/secure.gravatar.com\/avatar\/f6859e536fb63a6f9d862b2f3fb9684c.jpg?s=72&d=https%3A%2F%2Fa.slack-edge.com%2F80588%2Fimg%2Favatars%2Fava_0015-72.png",
            "first_name": "",
            "real_name": "Amit Yadav",
            "display_name": "",
            "team": "TKRNGDFFZ",
            "name": "amit",
            "is_restricted": false,
            "is_ultra_restricted": false
        }
    },
    {
        "client_msg_id": "cbfcb2ff-ca92-4d51-af0f-011404949ec6",
        "type": "message",
        "text": "thank you",
        "user": "UL2480LK0",
        "ts": "1566704590.017100",
        "team": "TKRNGDFFZ",
        "user_team": "TKRNGDFFZ",
        "source_team": "TKRNGDFFZ",
        "user_profile": {
            "avatar_hash": "62ae36e8a132",
            "image_72": "https:\/\/avatars.slack-edge.com\/2019-06-29\/679787214084_62ae36e8a132791cd71b_72.png",
            "first_name": "Ranga",
            "real_name": "Ranga Lakshminarayanan",
            "display_name": "Ranga",
            "team": "TKRNGDFFZ",
            "name": "rangabalaji",
            "is_restricted": false,
            "is_ultra_restricted": false
        },
        "reactions": [
            {
                "name": "+1",
                "users": [
                    "UKR4GLQKF"
                ],
                "count": 1
            }
        ]
    }
]