[
    {
        "client_msg_id": "7775b85f-00d2-49cd-9eb1-3bb83ba6d7f7",
        "type": "message",
        "text": "Both look responsive now. probably because nothing is running on them. Was the problem resolved, or is it just lack of load? We could increase the machine specs in the spin up script if the latter.",
        "user": "UKZFHHJQ4",
        "ts": "1568444596.003400",
        "team": "TKRNGDFFZ",
        "user_team": "TKRNGDFFZ",
        "source_team": "TKRNGDFFZ",
        "user_profile": {
            "avatar_hash": "gb862c6892b8",
            "image_72": "https:\/\/secure.gravatar.com\/avatar\/b862c6892b81861fb8d8490e98b04fb5.jpg?s=72&d=https%3A%2F%2Fa.slack-edge.com%2F80588%2Fimg%2Favatars%2Fava_0012-72.png",
            "first_name": "",
            "real_name": "Shawn Lassiter",
            "display_name": "",
            "team": "TKRNGDFFZ",
            "name": "shawn",
            "is_restricted": false,
            "is_ultra_restricted": false
        }
    },
    {
        "client_msg_id": "bc5ebe1e-d818-4cc1-b51d-dc0f36575bf8",
        "type": "message",
        "text": "<!channel> is anyone coming to Chantilly office now?",
        "user": "UKPCZJWQL",
        "ts": "1568476074.004200",
        "team": "TKRNGDFFZ",
        "user_team": "TKRNGDFFZ",
        "source_team": "TKRNGDFFZ",
        "user_profile": {
            "avatar_hash": "g36d88e4c93b",
            "image_72": "https:\/\/secure.gravatar.com\/avatar\/36d88e4c93b31bcf505cfdf1b76c86a9.jpg?s=72&d=https%3A%2F%2Fa.slack-edge.com%2F80588%2Fimg%2Favatars%2Fava_0020-72.png",
            "first_name": "Pramod",
            "real_name": "Pramod Malhotra",
            "display_name": "",
            "team": "TKRNGDFFZ",
            "name": "pramod.malhotra",
            "is_restricted": false,
            "is_ultra_restricted": false
        }
    },
    {
        "client_msg_id": "e21e7b4d-464c-439b-9e67-725b5fb10114",
        "type": "message",
        "text": "<!channel> I was going to order CAVA now, let me know if you want lunch?",
        "user": "UKPCZJWQL",
        "ts": "1568476102.004900",
        "team": "TKRNGDFFZ",
        "user_team": "TKRNGDFFZ",
        "source_team": "TKRNGDFFZ",
        "user_profile": {
            "avatar_hash": "g36d88e4c93b",
            "image_72": "https:\/\/secure.gravatar.com\/avatar\/36d88e4c93b31bcf505cfdf1b76c86a9.jpg?s=72&d=https%3A%2F%2Fa.slack-edge.com%2F80588%2Fimg%2Favatars%2Fava_0020-72.png",
            "first_name": "Pramod",
            "real_name": "Pramod Malhotra",
            "display_name": "",
            "team": "TKRNGDFFZ",
            "name": "pramod.malhotra",
            "is_restricted": false,
            "is_ultra_restricted": false
        }
    },
    {
        "client_msg_id": "0bfb0800-a955-488a-ab12-627a3d8b9cf6",
        "type": "message",
        "text": "I'm working from home, answer is nope",
        "user": "UL0012996",
        "ts": "1568476121.005300",
        "team": "TKRNGDFFZ",
        "user_team": "TKRNGDFFZ",
        "source_team": "TKRNGDFFZ",
        "user_profile": {
            "avatar_hash": "d12e961cf42d",
            "image_72": "https:\/\/avatars.slack-edge.com\/2019-07-10\/690936875216_d12e961cf42d5d7703e6_72.png",
            "first_name": "Padmaja",
            "real_name": "Padmaja",
            "display_name": "",
            "team": "TKRNGDFFZ",
            "name": "padmajaprabhala",
            "is_restricted": false,
            "is_ultra_restricted": false
        }
    },
    {
        "client_msg_id": "8653d00a-205e-45ba-8a3c-0df99fe0ed5b",
        "type": "message",
        "text": "not for me",
        "user": "UL0GK1LJD",
        "ts": "1568476728.005700",
        "team": "TKRNGDFFZ",
        "user_team": "TKRNGDFFZ",
        "source_team": "TKRNGDFFZ",
        "user_profile": {
            "avatar_hash": "g8455934aab6",
            "image_72": "https:\/\/secure.gravatar.com\/avatar\/8455934aab6b3c7afceec7d3255ecd8b.jpg?s=72&d=https%3A%2F%2Fa.slack-edge.com%2F80588%2Fimg%2Favatars%2Fava_0004-72.png",
            "first_name": "",
            "real_name": "Vijay S Deshmukh",
            "display_name": "Vijay S Deshmukh",
            "team": "TKRNGDFFZ",
            "name": "vj_deshmukh",
            "is_restricted": false,
            "is_ultra_restricted": false
        }
    },
    {
        "client_msg_id": "c06d16dd-8861-4cc8-a6ff-f83fbb30083a",
        "type": "message",
        "text": "will be coming in a bit late, around 1.  working on the builds...",
        "user": "UL0GK1LJD",
        "ts": "1568476751.006200",
        "team": "TKRNGDFFZ",
        "user_team": "TKRNGDFFZ",
        "source_team": "TKRNGDFFZ",
        "user_profile": {
            "avatar_hash": "g8455934aab6",
            "image_72": "https:\/\/secure.gravatar.com\/avatar\/8455934aab6b3c7afceec7d3255ecd8b.jpg?s=72&d=https%3A%2F%2Fa.slack-edge.com%2F80588%2Fimg%2Favatars%2Fava_0004-72.png",
            "first_name": "",
            "real_name": "Vijay S Deshmukh",
            "display_name": "Vijay S Deshmukh",
            "team": "TKRNGDFFZ",
            "name": "vj_deshmukh",
            "is_restricted": false,
            "is_ultra_restricted": false
        }
    },
    {
        "client_msg_id": "5fa5d2bd-52ab-4cd5-a32d-074f3d2a88c8",
        "type": "message",
        "text": "I will be in after lunch. So nothing for me",
        "user": "UL2480LK0",
        "ts": "1568477358.006800",
        "team": "TKRNGDFFZ",
        "user_team": "TKRNGDFFZ",
        "source_team": "TKRNGDFFZ",
        "user_profile": {
            "avatar_hash": "62ae36e8a132",
            "image_72": "https:\/\/avatars.slack-edge.com\/2019-06-29\/679787214084_62ae36e8a132791cd71b_72.png",
            "first_name": "Ranga",
            "real_name": "Ranga Lakshminarayanan",
            "display_name": "Ranga",
            "team": "TKRNGDFFZ",
            "name": "rangabalaji",
            "is_restricted": false,
            "is_ultra_restricted": false
        }
    },
    {
        "client_msg_id": "4ba48b0e-f5cd-4d11-95fc-3339c94bae38",
        "type": "message",
        "text": "<!here>: does anyone know if we are using NewRelic ?",
        "user": "UL2480LK0",
        "ts": "1568489940.007700",
        "team": "TKRNGDFFZ",
        "user_team": "TKRNGDFFZ",
        "source_team": "TKRNGDFFZ",
        "user_profile": {
            "avatar_hash": "62ae36e8a132",
            "image_72": "https:\/\/avatars.slack-edge.com\/2019-06-29\/679787214084_62ae36e8a132791cd71b_72.png",
            "first_name": "Ranga",
            "real_name": "Ranga Lakshminarayanan",
            "display_name": "Ranga",
            "team": "TKRNGDFFZ",
            "name": "rangabalaji",
            "is_restricted": false,
            "is_ultra_restricted": false
        }
    },
    {
        "client_msg_id": "8d36ac33-c830-4483-8138-67d5277f2ce2",
        "type": "message",
        "text": "we are not using new relic",
        "user": "UL0GK1LJD",
        "ts": "1568490736.008200",
        "team": "TKRNGDFFZ",
        "user_team": "TKRNGDFFZ",
        "source_team": "TKRNGDFFZ",
        "user_profile": {
            "avatar_hash": "g8455934aab6",
            "image_72": "https:\/\/secure.gravatar.com\/avatar\/8455934aab6b3c7afceec7d3255ecd8b.jpg?s=72&d=https%3A%2F%2Fa.slack-edge.com%2F80588%2Fimg%2Favatars%2Fava_0004-72.png",
            "first_name": "",
            "real_name": "Vijay S Deshmukh",
            "display_name": "Vijay S Deshmukh",
            "team": "TKRNGDFFZ",
            "name": "vj_deshmukh",
            "is_restricted": false,
            "is_ultra_restricted": false
        }
    },
    {
        "client_msg_id": "dbf02f13-2f92-470f-8865-6c710c4686df",
        "type": "message",
        "text": "ok. let me remove the gradle dependency, that will remove a lot of vulnerabilities reported by anchore",
        "user": "UL2480LK0",
        "ts": "1568490872.008800",
        "team": "TKRNGDFFZ",
        "user_team": "TKRNGDFFZ",
        "source_team": "TKRNGDFFZ",
        "user_profile": {
            "avatar_hash": "62ae36e8a132",
            "image_72": "https:\/\/avatars.slack-edge.com\/2019-06-29\/679787214084_62ae36e8a132791cd71b_72.png",
            "first_name": "Ranga",
            "real_name": "Ranga Lakshminarayanan",
            "display_name": "Ranga",
            "team": "TKRNGDFFZ",
            "name": "rangabalaji",
            "is_restricted": false,
            "is_ultra_restricted": false
        }
    },
    {
        "type": "message",
        "text": "",
        "files": [
            {
                "id": "FMZNPHC66",
                "created": 1568497371,
                "timestamp": 1568498018,
                "name": "Where_are_we_now_",
                "title": "Where are we now!",
                "mimetype": "application\/vnd.slack-docs",
                "filetype": "docs",
                "pretty_type": "Arugula",
                "user": "UKPCZJWQL",
                "editable": true,
                "size": 1547,
                "mode": "docs",
                "is_external": false,
                "external_type": "",
                "is_public": true,
                "public_url_shared": false,
                "display_as_bot": false,
                "username": "",
                "url_private": "https:\/\/files.slack.com\/files-pri\/TKRNGDFFZ-FMZNPHC66\/Where_are_we_now_?t=xoxe-671764457543-761495007360-748720106514-e22867dc4a96f2e14ff182795f11301c",
                "url_private_download": "https:\/\/files.slack.com\/files-pri\/TKRNGDFFZ-FMZNPHC66\/download\/Where_are_we_now_?t=xoxe-671764457543-761495007360-748720106514-e22867dc4a96f2e14ff182795f11301c",
                "permalink": "https:\/\/scrgt-bdso.slack.com\/files\/TKRNGDFFZ\/FMZNPHC66",
                "permalink_public": "https:\/\/slack-files.com\/TKRNGDFFZ-FMZNPHC66-37b643df1a",
                "preview": "<p><br\/><\/p><h1>Front End Fixes:<\/h1><p>Here is the list that I and Eyuel just reviewed and felt who could do it:<\/p><ol><li>Title RHS (Laura)<\/li><li>Welcome USER (Eyuel)<\/li><li>Search Bar (Laura)<\/li><li>Remove Frame (laura)<\/li><li>Center Celebrity (laura)<\/li><li>Sources (Missing) (Equel – Tim)<\/li><li>Edit&#x2F;Save Button (laura)<\/li><li>SEARCH (Equel – Tim)<\/li><li>Data Science Page (Alex)<ol><li>Confirm Graphs showing after implementing fixed query by Ranga<\/li><li>Remove 3rd screen since we have no financial data <\/li><li>Y-Axis Title on Graph “Top 100 Celebrities: Male &amp; Female Celebrities Salaries June 2009 to June 2019” is messed up, u may want to add spacing and move it some more left.<\/li><li>Add Data Source for data for Year 2009-2019<\/li><\/ol><\/li><\/ol><p>                          Below data from ImDB: and then show data<br\/>                          Then Title” Below Data from “MovieDB” and then show 10 year <br\/><\/p><h1>DevOps<\/h1><ol><li>Jenkins broken, trying to fix the plugins and hopefully resolved in 1 hours<\/li><\/ol><p><br\/><\/p><h1>Data Science<\/h1><ol><li>Testing and fixing of Notebooks is under process<\/li><\/ol><p><br\/><\/p><h1>Next Steps:<\/h1><ol><li>Will reach out individually after tonight for help<ol><li>Front end (Eyuel, Tim, Amy, Alex, Laura)<\/li><li>Backend (Ranga, Ucche, Amit)<\/li><li>DevOps (Shawn, Padmaja, Gary, Vijay, Amit)<\/li><\/ol><\/li><li>Will try to do code freeze once front-end changed completed.<\/li><li>Keep working on Documentation and testing tomorrow.<\/li><\/ol><p><br\/><\/p>",
                "editor": null,
                "last_editor": "UKCPDF2M8",
                "non_owner_editable": true,
                "updated": 1568498018,
                "is_starred": false,
                "has_rich_preview": false
            }
        ],
        "upload": false,
        "user": "UKPCZJWQL",
        "display_as_bot": false,
        "ts": "1568497476.008900"
    },
    {
        "client_msg_id": "f035a807-3025-497d-828c-e940d82786f9",
        "type": "message",
        "text": "<!channel> We will not have 6pm meeting. I posted \"Where we are now!\" post, this will tell everyone where we are.",
        "user": "UKPCZJWQL",
        "ts": "1568497543.010000",
        "team": "TKRNGDFFZ",
        "user_team": "TKRNGDFFZ",
        "source_team": "TKRNGDFFZ",
        "user_profile": {
            "avatar_hash": "g36d88e4c93b",
            "image_72": "https:\/\/secure.gravatar.com\/avatar\/36d88e4c93b31bcf505cfdf1b76c86a9.jpg?s=72&d=https%3A%2F%2Fa.slack-edge.com%2F80588%2Fimg%2Favatars%2Fava_0020-72.png",
            "first_name": "Pramod",
            "real_name": "Pramod Malhotra",
            "display_name": "",
            "team": "TKRNGDFFZ",
            "name": "pramod.malhotra",
            "is_restricted": false,
            "is_ultra_restricted": false
        },
        "reactions": [
            {
                "name": "heavy_check_mark",
                "users": [
                    "UKZFHHJQ4",
                    "UL0GK1LJD"
                ],
                "count": 2
            }
        ]
    },
    {
        "type": "message",
        "text": "",
        "files": [
            {
                "id": "FMZNPHC66",
                "created": 1568497371,
                "timestamp": 1568498018,
                "name": "Where_are_we_now_",
                "title": "Where are we now!",
                "mimetype": "application\/vnd.slack-docs",
                "filetype": "docs",
                "pretty_type": "Arugula",
                "user": "UKPCZJWQL",
                "editable": true,
                "size": 1547,
                "mode": "docs",
                "is_external": false,
                "external_type": "",
                "is_public": true,
                "public_url_shared": false,
                "display_as_bot": false,
                "username": "",
                "url_private": "https:\/\/files.slack.com\/files-pri\/TKRNGDFFZ-FMZNPHC66\/Where_are_we_now_?t=xoxe-671764457543-761495007360-748720106514-e22867dc4a96f2e14ff182795f11301c",
                "url_private_download": "https:\/\/files.slack.com\/files-pri\/TKRNGDFFZ-FMZNPHC66\/download\/Where_are_we_now_?t=xoxe-671764457543-761495007360-748720106514-e22867dc4a96f2e14ff182795f11301c",
                "permalink": "https:\/\/scrgt-bdso.slack.com\/files\/TKRNGDFFZ\/FMZNPHC66",
                "permalink_public": "https:\/\/slack-files.com\/TKRNGDFFZ-FMZNPHC66-37b643df1a",
                "preview": "<p><br\/><\/p><h1>Front End Fixes:<\/h1><p>Here is the list that I and Eyuel just reviewed and felt who could do it:<\/p><ol><li>Title RHS (Laura)<\/li><li>Welcome USER (Eyuel)<\/li><li>Search Bar (Laura)<\/li><li>Remove Frame (laura)<\/li><li>Center Celebrity (laura)<\/li><li>Sources (Missing) (Equel – Tim)<\/li><li>Edit&#x2F;Save Button (laura)<\/li><li>SEARCH (Equel – Tim)<\/li><li>Data Science Page (Alex)<ol><li>Confirm Graphs showing after implementing fixed query by Ranga<\/li><li>Remove 3rd screen since we have no financial data <\/li><li>Y-Axis Title on Graph “Top 100 Celebrities: Male &amp; Female Celebrities Salaries June 2009 to June 2019” is messed up, u may want to add spacing and move it some more left.<\/li><li>Add Data Source for data for Year 2009-2019<\/li><\/ol><\/li><\/ol><p>                          Below data from ImDB: and then show data<br\/>                          Then Title” Below Data from “MovieDB” and then show 10 year <br\/><\/p><h1>DevOps<\/h1><ol><li>Jenkins broken, trying to fix the plugins and hopefully resolved in 1 hours<\/li><\/ol><p><br\/><\/p><h1>Data Science<\/h1><ol><li>Testing and fixing of Notebooks is under process<\/li><\/ol><p><br\/><\/p><h1>Next Steps:<\/h1><ol><li>Will reach out individually after tonight for help<ol><li>Front end (Eyuel, Tim, Amy, Alex, Laura)<\/li><li>Backend (Ranga, Ucche, Amit)<\/li><li>DevOps (Shawn, Padmaja, Gary, Vijay, Amit)<\/li><\/ol><\/li><li>Will try to do code freeze once front-end changed completed.<\/li><li>Keep working on Documentation and testing tomorrow.<\/li><\/ol><p><br\/><\/p>",
                "editor": null,
                "last_editor": "UKCPDF2M8",
                "non_owner_editable": true,
                "updated": 1568498018,
                "is_starred": false,
                "has_rich_preview": false
            }
        ],
        "upload": false,
        "user": "UKPCZJWQL",
        "display_as_bot": false,
        "ts": "1568497620.012400"
    },
    {
        "type": "message",
        "text": "",
        "files": [
            {
                "id": "FMZNPHC66",
                "created": 1568497371,
                "timestamp": 1568498018,
                "name": "Where_are_we_now_",
                "title": "Where are we now!",
                "mimetype": "application\/vnd.slack-docs",
                "filetype": "docs",
                "pretty_type": "Arugula",
                "user": "UKPCZJWQL",
                "editable": true,
                "size": 1547,
                "mode": "docs",
                "is_external": false,
                "external_type": "",
                "is_public": true,
                "public_url_shared": false,
                "display_as_bot": false,
                "username": "",
                "url_private": "https:\/\/files.slack.com\/files-pri\/TKRNGDFFZ-FMZNPHC66\/Where_are_we_now_?t=xoxe-671764457543-761495007360-748720106514-e22867dc4a96f2e14ff182795f11301c",
                "url_private_download": "https:\/\/files.slack.com\/files-pri\/TKRNGDFFZ-FMZNPHC66\/download\/Where_are_we_now_?t=xoxe-671764457543-761495007360-748720106514-e22867dc4a96f2e14ff182795f11301c",
                "permalink": "https:\/\/scrgt-bdso.slack.com\/files\/TKRNGDFFZ\/FMZNPHC66",
                "permalink_public": "https:\/\/slack-files.com\/TKRNGDFFZ-FMZNPHC66-37b643df1a",
                "preview": "<p><br\/><\/p><h1>Front End Fixes:<\/h1><p>Here is the list that I and Eyuel just reviewed and felt who could do it:<\/p><ol><li>Title RHS (Laura)<\/li><li>Welcome USER (Eyuel)<\/li><li>Search Bar (Laura)<\/li><li>Remove Frame (laura)<\/li><li>Center Celebrity (laura)<\/li><li>Sources (Missing) (Equel – Tim)<\/li><li>Edit&#x2F;Save Button (laura)<\/li><li>SEARCH (Equel – Tim)<\/li><li>Data Science Page (Alex)<ol><li>Confirm Graphs showing after implementing fixed query by Ranga<\/li><li>Remove 3rd screen since we have no financial data <\/li><li>Y-Axis Title on Graph “Top 100 Celebrities: Male &amp; Female Celebrities Salaries June 2009 to June 2019” is messed up, u may want to add spacing and move it some more left.<\/li><li>Add Data Source for data for Year 2009-2019<\/li><\/ol><\/li><\/ol><p>                          Below data from ImDB: and then show data<br\/>                          Then Title” Below Data from “MovieDB” and then show 10 year <br\/><\/p><h1>DevOps<\/h1><ol><li>Jenkins broken, trying to fix the plugins and hopefully resolved in 1 hours<\/li><\/ol><p><br\/><\/p><h1>Data Science<\/h1><ol><li>Testing and fixing of Notebooks is under process<\/li><\/ol><p><br\/><\/p><h1>Next Steps:<\/h1><ol><li>Will reach out individually after tonight for help<ol><li>Front end (Eyuel, Tim, Amy, Alex, Laura)<\/li><li>Backend (Ranga, Ucche, Amit)<\/li><li>DevOps (Shawn, Padmaja, Gary, Vijay, Amit)<\/li><\/ol><\/li><li>Will try to do code freeze once front-end changed completed.<\/li><li>Keep working on Documentation and testing tomorrow.<\/li><\/ol><p><br\/><\/p>",
                "editor": null,
                "last_editor": "UKCPDF2M8",
                "non_owner_editable": true,
                "updated": 1568498018,
                "is_starred": false,
                "has_rich_preview": false
            }
        ],
        "upload": false,
        "user": "UKPCZJWQL",
        "display_as_bot": false,
        "ts": "1568498047.016800",
        "thread_ts": "1568498047.016800",
        "reply_count": 2,
        "reply_users_count": 2,
        "latest_reply": "1568504957.017500",
        "reply_users": [
            "UKCPDF2M8",
            "UKPCZJWQL"
        ],
        "replies": [
            {
                "user": "UKCPDF2M8",
                "ts": "1568498494.017000"
            },
            {
                "user": "UKPCZJWQL",
                "ts": "1568504957.017500"
            }
        ],
        "subscribed": true,
        "last_read": "1568504957.017500"
    },
    {
        "type": "message",
        "subtype": "thread_broadcast",
        "text": "<@UKPCZJWQL>, for the team chart, what's Laura's last name? (I don't have a Laura on the list yet.)",
        "user": "UKCPDF2M8",
        "ts": "1568498494.017000",
        "thread_ts": "1568498047.016800",
        "root": {
            "type": "message",
            "text": "",
            "files": [
                {
                    "id": "FMZNPHC66",
                    "created": 1568497371,
                    "timestamp": 1568498018,
                    "name": "Where_are_we_now_",
                    "title": "Where are we now!",
                    "mimetype": "application\/vnd.slack-docs",
                    "filetype": "docs",
                    "pretty_type": "Arugula",
                    "user": "UKPCZJWQL",
                    "editable": true,
                    "size": 1547,
                    "mode": "docs",
                    "is_external": false,
                    "external_type": "",
                    "is_public": true,
                    "public_url_shared": false,
                    "display_as_bot": false,
                    "username": "",
                    "url_private": "https:\/\/files.slack.com\/files-pri\/TKRNGDFFZ-FMZNPHC66\/Where_are_we_now_?t=xoxe-671764457543-761495007360-748720106514-e22867dc4a96f2e14ff182795f11301c",
                    "url_private_download": "https:\/\/files.slack.com\/files-pri\/TKRNGDFFZ-FMZNPHC66\/download\/Where_are_we_now_?t=xoxe-671764457543-761495007360-748720106514-e22867dc4a96f2e14ff182795f11301c",
                    "permalink": "https:\/\/scrgt-bdso.slack.com\/files\/TKRNGDFFZ\/FMZNPHC66",
                    "permalink_public": "https:\/\/slack-files.com\/TKRNGDFFZ-FMZNPHC66-37b643df1a",
                    "preview": "<p><br\/><\/p><h1>Front End Fixes:<\/h1><p>Here is the list that I and Eyuel just reviewed and felt who could do it:<\/p><ol><li>Title RHS (Laura)<\/li><li>Welcome USER (Eyuel)<\/li><li>Search Bar (Laura)<\/li><li>Remove Frame (laura)<\/li><li>Center Celebrity (laura)<\/li><li>Sources (Missing) (Equel – Tim)<\/li><li>Edit&#x2F;Save Button (laura)<\/li><li>SEARCH (Equel – Tim)<\/li><li>Data Science Page (Alex)<ol><li>Confirm Graphs showing after implementing fixed query by Ranga<\/li><li>Remove 3rd screen since we have no financial data <\/li><li>Y-Axis Title on Graph “Top 100 Celebrities: Male &amp; Female Celebrities Salaries June 2009 to June 2019” is messed up, u may want to add spacing and move it some more left.<\/li><li>Add Data Source for data for Year 2009-2019<\/li><\/ol><\/li><\/ol><p>                          Below data from ImDB: and then show data<br\/>                          Then Title” Below Data from “MovieDB” and then show 10 year <br\/><\/p><h1>DevOps<\/h1><ol><li>Jenkins broken, trying to fix the plugins and hopefully resolved in 1 hours<\/li><\/ol><p><br\/><\/p><h1>Data Science<\/h1><ol><li>Testing and fixing of Notebooks is under process<\/li><\/ol><p><br\/><\/p><h1>Next Steps:<\/h1><ol><li>Will reach out individually after tonight for help<ol><li>Front end (Eyuel, Tim, Amy, Alex, Laura)<\/li><li>Backend (Ranga, Ucche, Amit)<\/li><li>DevOps (Shawn, Padmaja, Gary, Vijay, Amit)<\/li><\/ol><\/li><li>Will try to do code freeze once front-end changed completed.<\/li><li>Keep working on Documentation and testing tomorrow.<\/li><\/ol><p><br\/><\/p>",
                    "editor": null,
                    "last_editor": "UKCPDF2M8",
                    "non_owner_editable": true,
                    "updated": 1568498018,
                    "is_starred": false,
                    "has_rich_preview": false
                }
            ],
            "upload": false,
            "user": "UKPCZJWQL",
            "display_as_bot": false,
            "ts": "1568498047.016800",
            "thread_ts": "1568498047.016800",
            "reply_count": 2,
            "reply_users_count": 2,
            "latest_reply": "1568504957.017500",
            "reply_users": [
                "UKCPDF2M8",
                "UKPCZJWQL"
            ],
            "replies": [
                {
                    "user": "UKCPDF2M8",
                    "ts": "1568498494.017000"
                },
                {
                    "user": "UKPCZJWQL",
                    "ts": "1568504957.017500"
                }
            ],
            "subscribed": true,
            "last_read": "1568504957.017500"
        },
        "client_msg_id": "843299d0-e6df-4350-8e83-79a96095640b"
    },
    {
        "client_msg_id": "b2954e67-3b21-4f85-8f56-7b70c74dfbc5",
        "type": "message",
        "text": "Laura Peters",
        "user": "UKPCZJWQL",
        "ts": "1568504957.017500",
        "team": "TKRNGDFFZ",
        "user_team": "TKRNGDFFZ",
        "source_team": "TKRNGDFFZ",
        "user_profile": {
            "avatar_hash": "g36d88e4c93b",
            "image_72": "https:\/\/secure.gravatar.com\/avatar\/36d88e4c93b31bcf505cfdf1b76c86a9.jpg?s=72&d=https%3A%2F%2Fa.slack-edge.com%2F80588%2Fimg%2Favatars%2Fava_0020-72.png",
            "first_name": "Pramod",
            "real_name": "Pramod Malhotra",
            "display_name": "",
            "team": "TKRNGDFFZ",
            "name": "pramod.malhotra",
            "is_restricted": false,
            "is_ultra_restricted": false
        },
        "thread_ts": "1568498047.016800",
        "parent_user_id": "UKPCZJWQL"
    }
]