[
    {
        "client_msg_id": "de87ed2a-d6bb-4eb9-ba60-7a543ef77f5c",
        "type": "message",
        "text": "<@UKZFHHJQ4>, do you have any documents on how to access these systems and the security\/access keys to the dev env?",
        "user": "ULX5BPN3C",
        "ts": "1567076258.024600",
        "team": "TKRNGDFFZ",
        "user_team": "TKRNGDFFZ",
        "source_team": "TKRNGDFFZ",
        "user_profile": {
            "avatar_hash": "g6a2d3222d03",
            "image_72": "https:\/\/secure.gravatar.com\/avatar\/6a2d3222d03e600836a3b667ac22c2f6.jpg?s=72&d=https%3A%2F%2Fa.slack-edge.com%2F80588%2Fimg%2Favatars%2Fava_0025-72.png",
            "first_name": "",
            "real_name": "Ray Duong",
            "display_name": "",
            "team": "TKRNGDFFZ",
            "name": "ray.duong",
            "is_restricted": false,
            "is_ultra_restricted": false
        }
    },
    {
        "client_msg_id": "4b9a01d8-4b8f-4de8-9746-51db67f66259",
        "type": "message",
        "text": "I’ll add them to the md file. the file keys\/BDSO.pem will be generated by the setup scripts, the urls should now be printed at the end",
        "user": "UKZFHHJQ4",
        "ts": "1567076347.025800",
        "team": "TKRNGDFFZ",
        "user_team": "TKRNGDFFZ",
        "source_team": "TKRNGDFFZ",
        "user_profile": {
            "avatar_hash": "gb862c6892b8",
            "image_72": "https:\/\/secure.gravatar.com\/avatar\/b862c6892b81861fb8d8490e98b04fb5.jpg?s=72&d=https%3A%2F%2Fa.slack-edge.com%2F80588%2Fimg%2Favatars%2Fava_0012-72.png",
            "first_name": "",
            "real_name": "Shawn Lassiter",
            "display_name": "",
            "team": "TKRNGDFFZ",
            "name": "shawn",
            "is_restricted": false,
            "is_ultra_restricted": false
        },
        "reactions": [
            {
                "name": "+1",
                "users": [
                    "ULX5BPN3C"
                ],
                "count": 1
            }
        ]
    },
    {
        "client_msg_id": "9246f5c1-cb30-4fd0-b0a9-4bebd3a61dc0",
        "type": "message",
        "text": "Also, I think someone else has run the script and we are having collsions from separate states in the same aws account",
        "user": "UKZFHHJQ4",
        "ts": "1567077132.027000",
        "team": "TKRNGDFFZ",
        "user_team": "TKRNGDFFZ",
        "source_team": "TKRNGDFFZ",
        "user_profile": {
            "avatar_hash": "gb862c6892b8",
            "image_72": "https:\/\/secure.gravatar.com\/avatar\/b862c6892b81861fb8d8490e98b04fb5.jpg?s=72&d=https%3A%2F%2Fa.slack-edge.com%2F80588%2Fimg%2Favatars%2Fava_0012-72.png",
            "first_name": "",
            "real_name": "Shawn Lassiter",
            "display_name": "",
            "team": "TKRNGDFFZ",
            "name": "shawn",
            "is_restricted": false,
            "is_ultra_restricted": false
        }
    },
    {
        "client_msg_id": "c2b39e1c-e25d-4e9f-9b99-f1674273255d",
        "type": "message",
        "text": "modifying the scripts to partition our setups.",
        "user": "UKZFHHJQ4",
        "ts": "1567077911.027400",
        "team": "TKRNGDFFZ",
        "user_team": "TKRNGDFFZ",
        "source_team": "TKRNGDFFZ",
        "user_profile": {
            "avatar_hash": "gb862c6892b8",
            "image_72": "https:\/\/secure.gravatar.com\/avatar\/b862c6892b81861fb8d8490e98b04fb5.jpg?s=72&d=https%3A%2F%2Fa.slack-edge.com%2F80588%2Fimg%2Favatars%2Fava_0012-72.png",
            "first_name": "",
            "real_name": "Shawn Lassiter",
            "display_name": "",
            "team": "TKRNGDFFZ",
            "name": "shawn",
            "is_restricted": false,
            "is_ultra_restricted": false
        }
    },
    {
        "client_msg_id": "098fe6e3-7624-43cd-aef9-d81f6e9cdd00",
        "type": "message",
        "text": "I found a bug, looks like it might be related to how long it takes to spin up and down neptune instances. I’m going to take them offline until it’s resolved",
        "user": "UKZFHHJQ4",
        "ts": "1567080254.028500",
        "team": "TKRNGDFFZ",
        "user_team": "TKRNGDFFZ",
        "source_team": "TKRNGDFFZ",
        "user_profile": {
            "avatar_hash": "gb862c6892b8",
            "image_72": "https:\/\/secure.gravatar.com\/avatar\/b862c6892b81861fb8d8490e98b04fb5.jpg?s=72&d=https%3A%2F%2Fa.slack-edge.com%2F80588%2Fimg%2Favatars%2Fava_0012-72.png",
            "first_name": "",
            "real_name": "Shawn Lassiter",
            "display_name": "",
            "team": "TKRNGDFFZ",
            "name": "shawn",
            "is_restricted": false,
            "is_ultra_restricted": false
        }
    },
    {
        "client_msg_id": "de283965-ada6-4cfc-8c14-6fa221235e4a",
        "type": "message",
        "text": "<!channel>: i’m going to clean up the bdso cluster. I think it may have been created and abandoned due to a network hiccup",
        "user": "UKZFHHJQ4",
        "ts": "1567082245.029400",
        "team": "TKRNGDFFZ",
        "user_team": "TKRNGDFFZ",
        "source_team": "TKRNGDFFZ",
        "user_profile": {
            "avatar_hash": "gb862c6892b8",
            "image_72": "https:\/\/secure.gravatar.com\/avatar\/b862c6892b81861fb8d8490e98b04fb5.jpg?s=72&d=https%3A%2F%2Fa.slack-edge.com%2F80588%2Fimg%2Favatars%2Fava_0012-72.png",
            "first_name": "",
            "real_name": "Shawn Lassiter",
            "display_name": "",
            "team": "TKRNGDFFZ",
            "name": "shawn",
            "is_restricted": false,
            "is_ultra_restricted": false
        }
    },
    {
        "client_msg_id": "603b7db5-0395-447f-b094-af8e942e92ee",
        "type": "message",
        "text": "if anyone is actually using it and we had a collision, now is the time to speak up",
        "user": "UKZFHHJQ4",
        "ts": "1567082260.029800",
        "team": "TKRNGDFFZ",
        "user_team": "TKRNGDFFZ",
        "source_team": "TKRNGDFFZ",
        "user_profile": {
            "avatar_hash": "gb862c6892b8",
            "image_72": "https:\/\/secure.gravatar.com\/avatar\/b862c6892b81861fb8d8490e98b04fb5.jpg?s=72&d=https%3A%2F%2Fa.slack-edge.com%2F80588%2Fimg%2Favatars%2Fava_0012-72.png",
            "first_name": "",
            "real_name": "Shawn Lassiter",
            "display_name": "",
            "team": "TKRNGDFFZ",
            "name": "shawn",
            "is_restricted": false,
            "is_ultra_restricted": false
        }
    },
    {
        "client_msg_id": "9efb8e97-55f2-4209-8c9b-16a4e6ecbade",
        "type": "message",
        "text": "<!channel> I have put notes on this page and wish for FE and DS people to eyeball it for feedback as soon as possible. <https:\/\/mqodi3.axshare.com\/#id=5jnt12&amp;p=data_science_page&amp;sc=1&amp;g=14>\n\nThanks.",
        "user": "UL1DRU6R3",
        "ts": "1567090325.030700",
        "team": "TKRNGDFFZ",
        "user_team": "TKRNGDFFZ",
        "source_team": "TKRNGDFFZ",
        "user_profile": {
            "avatar_hash": "gd89e47c2607",
            "image_72": "https:\/\/secure.gravatar.com\/avatar\/d89e47c2607ea5a7401c907933bcd907.jpg?s=72&d=https%3A%2F%2Fa.slack-edge.com%2F80588%2Fimg%2Favatars%2Fava_0002-72.png",
            "first_name": "",
            "real_name": "Jacquie",
            "display_name": "Jacquie",
            "team": "TKRNGDFFZ",
            "name": "jacqueline.granger",
            "is_restricted": false,
            "is_ultra_restricted": false
        },
        "thread_ts": "1567090325.030700",
        "reply_count": 1,
        "reply_users_count": 1,
        "latest_reply": "1567103804.032000",
        "reply_users": [
            "UL3RW3SJ2"
        ],
        "replies": [
            {
                "user": "UL3RW3SJ2",
                "ts": "1567103804.032000"
            }
        ],
        "subscribed": false
    },
    {
        "client_msg_id": "d7d73e40-f60f-467b-97e2-6f4ba935e438",
        "type": "message",
        "text": "<@UKCPDF2M8> We plan to meet at least on Saturday and Monday",
        "user": "UKR4GLQKF",
        "ts": "1567099549.031500",
        "team": "TKRNGDFFZ",
        "user_team": "TKRNGDFFZ",
        "source_team": "TKRNGDFFZ",
        "user_profile": {
            "avatar_hash": "gf6859e536fb",
            "image_72": "https:\/\/secure.gravatar.com\/avatar\/f6859e536fb63a6f9d862b2f3fb9684c.jpg?s=72&d=https%3A%2F%2Fa.slack-edge.com%2F80588%2Fimg%2Favatars%2Fava_0015-72.png",
            "first_name": "",
            "real_name": "Amit Yadav",
            "display_name": "",
            "team": "TKRNGDFFZ",
            "name": "amit",
            "is_restricted": false,
            "is_ultra_restricted": false
        },
        "edited": {
            "user": "UKR4GLQKF",
            "ts": "1567099612.000000"
        },
        "thread_ts": "1567099549.031500",
        "reply_count": 1,
        "reply_users_count": 1,
        "latest_reply": "1567100356.031700",
        "reply_users": [
            "UKCPDF2M8"
        ],
        "replies": [
            {
                "user": "UKCPDF2M8",
                "ts": "1567100356.031700"
            }
        ],
        "subscribed": false
    },
    {
        "type": "message",
        "subtype": "thread_broadcast",
        "text": "Thanks, <@UKR4GLQKF>. AC is set up for all three days, from 9am-6pm. There are also two large floor fans in the tech lab.",
        "user": "UKCPDF2M8",
        "ts": "1567100356.031700",
        "thread_ts": "1567099549.031500",
        "root": {
            "client_msg_id": "d7d73e40-f60f-467b-97e2-6f4ba935e438",
            "type": "message",
            "text": "<@UKCPDF2M8> We plan to meet at least on Saturday and Monday",
            "user": "UKR4GLQKF",
            "ts": "1567099549.031500",
            "team": "TKRNGDFFZ",
            "edited": {
                "user": "UKR4GLQKF",
                "ts": "1567099612.000000"
            },
            "thread_ts": "1567099549.031500",
            "reply_count": 1,
            "reply_users_count": 1,
            "latest_reply": "1567100356.031700",
            "reply_users": [
                "UKCPDF2M8"
            ],
            "replies": [
                {
                    "user": "UKCPDF2M8",
                    "ts": "1567100356.031700"
                }
            ],
            "subscribed": false
        },
        "client_msg_id": "a42d97e4-c502-42f0-a327-446840d3fa8b",
        "reactions": [
            {
                "name": "+1",
                "users": [
                    "UKR4GLQKF"
                ],
                "count": 1
            }
        ]
    },
    {
        "type": "message",
        "subtype": "thread_broadcast",
        "text": "<@UL1DRU6R3> we need to add source data and timestamp to the celebrity profile",
        "user": "UL3RW3SJ2",
        "ts": "1567103804.032000",
        "thread_ts": "1567090325.030700",
        "root": {
            "client_msg_id": "9efb8e97-55f2-4209-8c9b-16a4e6ecbade",
            "type": "message",
            "text": "<!channel> I have put notes on this page and wish for FE and DS people to eyeball it for feedback as soon as possible. <https:\/\/mqodi3.axshare.com\/#id=5jnt12&amp;p=data_science_page&amp;sc=1&amp;g=14>\n\nThanks.",
            "user": "UL1DRU6R3",
            "ts": "1567090325.030700",
            "team": "TKRNGDFFZ",
            "thread_ts": "1567090325.030700",
            "reply_count": 1,
            "reply_users_count": 1,
            "latest_reply": "1567103804.032000",
            "reply_users": [
                "UL3RW3SJ2"
            ],
            "replies": [
                {
                    "user": "UL3RW3SJ2",
                    "ts": "1567103804.032000"
                }
            ],
            "subscribed": false
        },
        "client_msg_id": "853e03bf-e2e0-443e-a2bb-dff6818e4a84",
        "reactions": [
            {
                "name": "+1",
                "users": [
                    "UL1DRU6R3"
                ],
                "count": 1
            },
            {
                "name": "heavy_check_mark",
                "users": [
                    "UL1DRU6R3"
                ],
                "count": 1
            }
        ]
    },
    {
        "client_msg_id": "90c1bce5-bf89-44a4-82da-bfcaa9d098e1",
        "type": "message",
        "text": "Will do. Was waiting to get feedback from everyone, <@UL3RW3SJ2>",
        "user": "UL1DRU6R3",
        "ts": "1567104186.032700",
        "team": "TKRNGDFFZ",
        "user_team": "TKRNGDFFZ",
        "source_team": "TKRNGDFFZ",
        "user_profile": {
            "avatar_hash": "gd89e47c2607",
            "image_72": "https:\/\/secure.gravatar.com\/avatar\/d89e47c2607ea5a7401c907933bcd907.jpg?s=72&d=https%3A%2F%2Fa.slack-edge.com%2F80588%2Fimg%2Favatars%2Fava_0002-72.png",
            "first_name": "",
            "real_name": "Jacquie",
            "display_name": "Jacquie",
            "team": "TKRNGDFFZ",
            "name": "jacqueline.granger",
            "is_restricted": false,
            "is_ultra_restricted": false
        }
    },
    {
        "client_msg_id": "365e7121-c126-4fae-b9cb-9cc1d66d120f",
        "type": "message",
        "text": "<@UKR4GLQKF> <@UL3RW3SJ2> Hi Team, Can you please add IBM to the standups at 6 PM?",
        "user": "UMHQX1H7B",
        "ts": "1567106859.033400",
        "team": "TKRNGDFFZ",
        "user_team": "TKRNGDFFZ",
        "source_team": "TKRNGDFFZ",
        "user_profile": {
            "avatar_hash": "gd45ee0cc02c",
            "image_72": "https:\/\/secure.gravatar.com\/avatar\/d45ee0cc02cba28a7195bfe2fe1faa37.jpg?s=72&d=https%3A%2F%2Fa.slack-edge.com%2F80588%2Fimg%2Favatars%2Fava_0003-72.png",
            "first_name": "",
            "real_name": "Michelle Berk",
            "display_name": "Michelle Berk",
            "team": "TKRNGDFFZ",
            "name": "michelle.berk",
            "is_restricted": false,
            "is_ultra_restricted": false
        }
    },
    {
        "client_msg_id": "4E537B46-1D8D-461C-9493-2F7BAD8CC423",
        "type": "message",
        "text": "<@UL3RW3SJ2> Please forward invite.",
        "user": "UKR4GLQKF",
        "ts": "1567109054.034000",
        "team": "TKRNGDFFZ",
        "user_team": "TKRNGDFFZ",
        "source_team": "TKRNGDFFZ",
        "user_profile": {
            "avatar_hash": "gf6859e536fb",
            "image_72": "https:\/\/secure.gravatar.com\/avatar\/f6859e536fb63a6f9d862b2f3fb9684c.jpg?s=72&d=https%3A%2F%2Fa.slack-edge.com%2F80588%2Fimg%2Favatars%2Fava_0015-72.png",
            "first_name": "",
            "real_name": "Amit Yadav",
            "display_name": "",
            "team": "TKRNGDFFZ",
            "name": "amit",
            "is_restricted": false,
            "is_ultra_restricted": false
        }
    },
    {
        "client_msg_id": "8ea40cfa-6cff-4518-a9af-6e0d48ff3c88",
        "type": "message",
        "text": "<@UL3RW3SJ2> I would like to be a part of the Data Science meeting as well.",
        "user": "UL1DRU6R3",
        "ts": "1567110052.034400",
        "team": "TKRNGDFFZ",
        "user_team": "TKRNGDFFZ",
        "source_team": "TKRNGDFFZ",
        "user_profile": {
            "avatar_hash": "gd89e47c2607",
            "image_72": "https:\/\/secure.gravatar.com\/avatar\/d89e47c2607ea5a7401c907933bcd907.jpg?s=72&d=https%3A%2F%2Fa.slack-edge.com%2F80588%2Fimg%2Favatars%2Fava_0002-72.png",
            "first_name": "",
            "real_name": "Jacquie",
            "display_name": "Jacquie",
            "team": "TKRNGDFFZ",
            "name": "jacqueline.granger",
            "is_restricted": false,
            "is_ultra_restricted": false
        }
    },
    {
        "client_msg_id": "8c51d5a1-1603-481c-8c7e-942effc5c535",
        "type": "message",
        "text": "<@UKR4GLQKF> the invites have been forwarded.",
        "user": "UL3RW3SJ2",
        "ts": "1567110406.034800",
        "team": "TKRNGDFFZ",
        "user_team": "TKRNGDFFZ",
        "source_team": "TKRNGDFFZ",
        "user_profile": {
            "avatar_hash": "gc7420234450",
            "image_72": "https:\/\/secure.gravatar.com\/avatar\/c74202344503e95fe55fcedc445838cc.jpg?s=72&d=https%3A%2F%2Fa.slack-edge.com%2F80588%2Fimg%2Favatars%2Fava_0013-72.png",
            "first_name": "",
            "real_name": "Sam Kataria",
            "display_name": "Sam Kataria",
            "team": "TKRNGDFFZ",
            "name": "sehej.kataria",
            "is_restricted": false,
            "is_ultra_restricted": false
        }
    },
    {
        "client_msg_id": "d90cddf7-5111-4de0-9c80-d1272fef86b7",
        "type": "message",
        "text": "<@UL3RW3SJ2> I haven't received one yet.",
        "user": "UL1DRU6R3",
        "ts": "1567111232.035200",
        "team": "TKRNGDFFZ",
        "user_team": "TKRNGDFFZ",
        "source_team": "TKRNGDFFZ",
        "user_profile": {
            "avatar_hash": "gd89e47c2607",
            "image_72": "https:\/\/secure.gravatar.com\/avatar\/d89e47c2607ea5a7401c907933bcd907.jpg?s=72&d=https%3A%2F%2Fa.slack-edge.com%2F80588%2Fimg%2Favatars%2Fava_0002-72.png",
            "first_name": "",
            "real_name": "Jacquie",
            "display_name": "Jacquie",
            "team": "TKRNGDFFZ",
            "name": "jacqueline.granger",
            "is_restricted": false,
            "is_ultra_restricted": false
        },
        "thread_ts": "1567111232.035200",
        "reply_count": 1,
        "reply_users_count": 1,
        "latest_reply": "1567114902.035400",
        "reply_users": [
            "UMU0XSL14"
        ],
        "replies": [
            {
                "user": "UMU0XSL14",
                "ts": "1567114902.035400"
            }
        ],
        "subscribed": false
    },
    {
        "client_msg_id": "8cd41d99-3f05-4dbc-bfde-42fb7117dac8",
        "type": "message",
        "text": "<@UL3RW3SJ2> have not either",
        "user": "UMU0XSL14",
        "ts": "1567114902.035400",
        "team": "TKRNGDFFZ",
        "user_team": "TKRNGDFFZ",
        "source_team": "TKRNGDFFZ",
        "user_profile": {
            "avatar_hash": "g9eacb4cc546",
            "image_72": "https:\/\/secure.gravatar.com\/avatar\/9eacb4cc546a7ff092634ad5d8fc8240.jpg?s=72&d=https%3A%2F%2Fa.slack-edge.com%2F80588%2Fimg%2Favatars%2Fava_0024-72.png",
            "first_name": "",
            "real_name": "Rachel Cohen",
            "display_name": "Rachel Cohen",
            "team": "TKRNGDFFZ",
            "name": "rlcohen",
            "is_restricted": false,
            "is_ultra_restricted": false
        },
        "thread_ts": "1567111232.035200",
        "parent_user_id": "UL1DRU6R3"
    },
    {
        "client_msg_id": "52f434a5-4603-4d97-9d36-27eee77c8620",
        "type": "message",
        "text": "Stuck on road. My status for todays standup. Finished up the first round of repo and service classes. Checked them in branch FT-service  Will complete the tests tonight.",
        "user": "UL2480LK0",
        "ts": "1567116963.037400",
        "team": "TKRNGDFFZ",
        "user_team": "TKRNGDFFZ",
        "source_team": "TKRNGDFFZ",
        "user_profile": {
            "avatar_hash": "62ae36e8a132",
            "image_72": "https:\/\/avatars.slack-edge.com\/2019-06-29\/679787214084_62ae36e8a132791cd71b_72.png",
            "first_name": "Ranga",
            "real_name": "Ranga Lakshminarayanan",
            "display_name": "Ranga",
            "team": "TKRNGDFFZ",
            "name": "rangabalaji",
            "is_restricted": false,
            "is_ultra_restricted": false
        }
    },
    {
        "client_msg_id": "83616ecb-f5a0-435d-b50a-d6be8ecac986",
        "type": "message",
        "text": "<!channel> Wireframe uploaded with new Celebrity Profile throughout. <https:\/\/mqodi3.axshare.com>",
        "user": "UL1DRU6R3",
        "ts": "1567117801.037800",
        "team": "TKRNGDFFZ",
        "user_team": "TKRNGDFFZ",
        "source_team": "TKRNGDFFZ",
        "user_profile": {
            "avatar_hash": "gd89e47c2607",
            "image_72": "https:\/\/secure.gravatar.com\/avatar\/d89e47c2607ea5a7401c907933bcd907.jpg?s=72&d=https%3A%2F%2Fa.slack-edge.com%2F80588%2Fimg%2Favatars%2Fava_0002-72.png",
            "first_name": "",
            "real_name": "Jacquie",
            "display_name": "Jacquie",
            "team": "TKRNGDFFZ",
            "name": "jacqueline.granger",
            "is_restricted": false,
            "is_ultra_restricted": false
        },
        "edited": {
            "user": "UL1DRU6R3",
            "ts": "1567118079.000000"
        },
        "reactions": [
            {
                "name": "+1",
                "users": [
                    "UKZFHHJQ4"
                ],
                "count": 1
            }
        ]
    },
    {
        "client_msg_id": "68c3c8a7-1420-4273-8da1-bb7ca1462ac4",
        "type": "message",
        "text": "<!channel>:",
        "user": "UKZFHHJQ4",
        "ts": "1567118057.038100",
        "team": "TKRNGDFFZ",
        "user_team": "TKRNGDFFZ",
        "source_team": "TKRNGDFFZ",
        "user_profile": {
            "avatar_hash": "gb862c6892b8",
            "image_72": "https:\/\/secure.gravatar.com\/avatar\/b862c6892b81861fb8d8490e98b04fb5.jpg?s=72&d=https%3A%2F%2Fa.slack-edge.com%2F80588%2Fimg%2Favatars%2Fava_0012-72.png",
            "first_name": "",
            "real_name": "Shawn Lassiter",
            "display_name": "",
            "team": "TKRNGDFFZ",
            "name": "shawn",
            "is_restricted": false,
            "is_ultra_restricted": false
        }
    },
    {
        "client_msg_id": "e1ec480d-244d-48e2-b131-f802fe0c0236",
        "type": "message",
        "text": "Apply complete! Resources: 24 added, 0 changed, 0 destroyed.\n\nOutputs:\n\nanchore = <http:\/\/anchore.bdso.salientcrgt-bdso.com|anchore.bdso.salientcrgt-bdso.com>\njenkins = <http:\/\/jenkins.bdso.salientcrgt-bdso.com:8080\/>\nmaster_password = DevOps001\nnexus = <https:\/\/nexus.bdso.salientcrgt-bdso.com>\nsonar = <http:\/\/sonar.bdso.salientcrgt-bdso.com:9000\/>",
        "user": "UKZFHHJQ4",
        "ts": "1567118060.038300",
        "team": "TKRNGDFFZ",
        "user_team": "TKRNGDFFZ",
        "source_team": "TKRNGDFFZ",
        "user_profile": {
            "avatar_hash": "gb862c6892b8",
            "image_72": "https:\/\/secure.gravatar.com\/avatar\/b862c6892b81861fb8d8490e98b04fb5.jpg?s=72&d=https%3A%2F%2Fa.slack-edge.com%2F80588%2Fimg%2Favatars%2Fava_0012-72.png",
            "first_name": "",
            "real_name": "Shawn Lassiter",
            "display_name": "",
            "team": "TKRNGDFFZ",
            "name": "shawn",
            "is_restricted": false,
            "is_ultra_restricted": false
        }
    },
    {
        "client_msg_id": "67d3429f-a54d-4812-a365-841ca2188741",
        "type": "message",
        "text": "I’ll be spinning up the openshift dev environment shortly. will let you know when it’s done",
        "user": "UKZFHHJQ4",
        "ts": "1567118085.038900",
        "team": "TKRNGDFFZ",
        "user_team": "TKRNGDFFZ",
        "source_team": "TKRNGDFFZ",
        "user_profile": {
            "avatar_hash": "gb862c6892b8",
            "image_72": "https:\/\/secure.gravatar.com\/avatar\/b862c6892b81861fb8d8490e98b04fb5.jpg?s=72&d=https%3A%2F%2Fa.slack-edge.com%2F80588%2Fimg%2Favatars%2Fava_0012-72.png",
            "first_name": "",
            "real_name": "Shawn Lassiter",
            "display_name": "",
            "team": "TKRNGDFFZ",
            "name": "shawn",
            "is_restricted": false,
            "is_ultra_restricted": false
        }
    },
    {
        "client_msg_id": "fcdeb6cb-4257-48a4-b26a-a1616461fe7f",
        "type": "message",
        "text": "(also fixing nexus)",
        "user": "UKZFHHJQ4",
        "ts": "1567118229.039400",
        "team": "TKRNGDFFZ",
        "user_team": "TKRNGDFFZ",
        "source_team": "TKRNGDFFZ",
        "user_profile": {
            "avatar_hash": "gb862c6892b8",
            "image_72": "https:\/\/secure.gravatar.com\/avatar\/b862c6892b81861fb8d8490e98b04fb5.jpg?s=72&d=https%3A%2F%2Fa.slack-edge.com%2F80588%2Fimg%2Favatars%2Fava_0012-72.png",
            "first_name": "",
            "real_name": "Shawn Lassiter",
            "display_name": "",
            "team": "TKRNGDFFZ",
            "name": "shawn",
            "is_restricted": false,
            "is_ultra_restricted": false
        }
    },
    {
        "client_msg_id": "c14151e6-bdbd-4805-9552-7b5bd7ed6fb1",
        "type": "message",
        "text": "openshift console: <https:\/\/ocp.salientcrgt-bdso.com:8443\/>",
        "user": "UKZFHHJQ4",
        "ts": "1567124321.039900",
        "team": "TKRNGDFFZ",
        "user_team": "TKRNGDFFZ",
        "source_team": "TKRNGDFFZ",
        "user_profile": {
            "avatar_hash": "gb862c6892b8",
            "image_72": "https:\/\/secure.gravatar.com\/avatar\/b862c6892b81861fb8d8490e98b04fb5.jpg?s=72&d=https%3A%2F%2Fa.slack-edge.com%2F80588%2Fimg%2Favatars%2Fava_0012-72.png",
            "first_name": "",
            "real_name": "Shawn Lassiter",
            "display_name": "",
            "team": "TKRNGDFFZ",
            "name": "shawn",
            "is_restricted": false,
            "is_ultra_restricted": false
        },
        "reactions": [
            {
                "name": "+1",
                "users": [
                    "UKR4GLQKF"
                ],
                "count": 1
            }
        ]
    },
    {
        "client_msg_id": "ffc4d805-6498-4067-9abb-dfb77bb5e04a",
        "type": "message",
        "text": "The script to install the SonarQube, Jenkins, Anchore and Nexus is tested.  Few changes are being made and a finalized version will be available AM tomorrow",
        "user": "UL0GK1LJD",
        "ts": "1567130476.042000",
        "team": "TKRNGDFFZ",
        "user_team": "TKRNGDFFZ",
        "source_team": "TKRNGDFFZ",
        "user_profile": {
            "avatar_hash": "g8455934aab6",
            "image_72": "https:\/\/secure.gravatar.com\/avatar\/8455934aab6b3c7afceec7d3255ecd8b.jpg?s=72&d=https%3A%2F%2Fa.slack-edge.com%2F80588%2Fimg%2Favatars%2Fava_0004-72.png",
            "first_name": "",
            "real_name": "Vijay S Deshmukh",
            "display_name": "Vijay S Deshmukh",
            "team": "TKRNGDFFZ",
            "name": "vj_deshmukh",
            "is_restricted": false,
            "is_ultra_restricted": false
        },
        "reactions": [
            {
                "name": "+1",
                "users": [
                    "UKR4GLQKF",
                    "UKPCZJWQL"
                ],
                "count": 2
            }
        ]
    }
]