[
    {
        "client_msg_id": "307a4fb6-768e-4db4-988a-3112290d24f0",
        "type": "message",
        "text": "<@UL2480LK0> <@UL0012D6C> <@UKNH717DG> <@UKR4GLQKF> have you looked at the requirements to load the data in the DS folder into the Elasticsearh and GraphDB?",
        "user": "ULX5BPN3C",
        "ts": "1567177933.044800",
        "team": "TKRNGDFFZ",
        "user_team": "TKRNGDFFZ",
        "source_team": "TKRNGDFFZ",
        "user_profile": {
            "avatar_hash": "g6a2d3222d03",
            "image_72": "https:\/\/secure.gravatar.com\/avatar\/6a2d3222d03e600836a3b667ac22c2f6.jpg?s=72&d=https%3A%2F%2Fa.slack-edge.com%2F80588%2Fimg%2Favatars%2Fava_0025-72.png",
            "first_name": "",
            "real_name": "Ray Duong",
            "display_name": "",
            "team": "TKRNGDFFZ",
            "name": "ray.duong",
            "is_restricted": false,
            "is_ultra_restricted": false
        }
    },
    {
        "client_msg_id": "199bf259-4eac-488b-9a66-477c0e6369c2",
        "type": "message",
        "text": "Good morning all! My name is Kashif Gbajabiamila and I have been assigned as an Automated Tester for this coding challenge. I am fairly new to this and I am bit confused as to where to begin. If someone could direct me on the right path, (point of contact, where the user stories are, what testing module we are using {Selenium, protractor}) I would really appreciate it",
        "user": "UMTHHFK5W",
        "ts": "1567178120.046900",
        "team": "TKRNGDFFZ",
        "user_team": "TKRNGDFFZ",
        "source_team": "TKRNGDFFZ",
        "user_profile": {
            "avatar_hash": "ga6f56b8a46b",
            "image_72": "https:\/\/secure.gravatar.com\/avatar\/a6f56b8a46bea3cd757499c0c2714e05.jpg?s=72&d=https%3A%2F%2Fa.slack-edge.com%2F80588%2Fimg%2Favatars%2Fava_0025-72.png",
            "first_name": "",
            "real_name": "Kashif Gbajabiamila",
            "display_name": "Kashif Gbajabiamila",
            "team": "TKRNGDFFZ",
            "name": "k.gbaja",
            "is_restricted": false,
            "is_ultra_restricted": false
        }
    },
    {
        "client_msg_id": "47b31a2a-a7ec-4ed6-992e-ab3b261a9b52",
        "type": "message",
        "text": "<@UMTHHFK5W> I'll send you the RFP in a minute",
        "user": "UL3RW3SJ2",
        "ts": "1567178366.047400",
        "team": "TKRNGDFFZ",
        "user_team": "TKRNGDFFZ",
        "source_team": "TKRNGDFFZ",
        "user_profile": {
            "avatar_hash": "gc7420234450",
            "image_72": "https:\/\/secure.gravatar.com\/avatar\/c74202344503e95fe55fcedc445838cc.jpg?s=72&d=https%3A%2F%2Fa.slack-edge.com%2F80588%2Fimg%2Favatars%2Fava_0013-72.png",
            "first_name": "",
            "real_name": "Sam Kataria",
            "display_name": "Sam Kataria",
            "team": "TKRNGDFFZ",
            "name": "sehej.kataria",
            "is_restricted": false,
            "is_ultra_restricted": false
        }
    },
    {
        "client_msg_id": "a52741f9-4bf9-4256-8201-84c739975de6",
        "type": "message",
        "text": "<@UL3RW3SJ2> please add Gertrude Offoha to the channel (<mailto:geoffoha@us.ibm.com|geoffoha@us.ibm.com>). Additionally, can you forward the 6pm standup invitation to the following individuals: Alex Chiang - <mailto:alexander.chiang@ibm.com|alexander.chiang@ibm.com>, Amy Brennan - <mailto:ambrenna@us.ibm.com|ambrenna@us.ibm.com>, Chase Kirby- <mailto:cakirby@us.ibm.com|cakirby@us.ibm.com>, Emily K Fontaine - <mailto:emilyfontaine@us.ibm.com|emilyfontaine@us.ibm.com>, Gertrude E Offoha - <mailto:geoffoha@us.ibm.com|geoffoha@us.ibm.com>, Jason Boada - <mailto:jboada@us.ibm.com|jboada@us.ibm.com>, Kashif Gbajabiamila - <mailto:k.gbaja@ibm.com|k.gbaja@ibm.com>, Rachel L Cohen - <mailto:rlcohen@us.ibm.com|rlcohen@us.ibm.com>. Please get them involved so they can start helping out with user stories.",
        "user": "UMTHHF56U",
        "ts": "1567179266.049500",
        "team": "TKRNGDFFZ",
        "user_team": "TKRNGDFFZ",
        "source_team": "TKRNGDFFZ",
        "user_profile": {
            "avatar_hash": "g1c640f1590c",
            "image_72": "https:\/\/secure.gravatar.com\/avatar\/1c640f1590c5e449afff4936f5b85158.jpg?s=72&d=https%3A%2F%2Fa.slack-edge.com%2F80588%2Fimg%2Favatars%2Fava_0018-72.png",
            "first_name": "",
            "real_name": "Emily Solan",
            "display_name": "Emily Solan",
            "team": "TKRNGDFFZ",
            "name": "esolan",
            "is_restricted": false,
            "is_ultra_restricted": false
        }
    },
    {
        "client_msg_id": "5962053b-452f-4858-9c0a-721256debc30",
        "type": "message",
        "text": "will do",
        "user": "UL3RW3SJ2",
        "ts": "1567179300.049700",
        "team": "TKRNGDFFZ",
        "user_team": "TKRNGDFFZ",
        "source_team": "TKRNGDFFZ",
        "user_profile": {
            "avatar_hash": "gc7420234450",
            "image_72": "https:\/\/secure.gravatar.com\/avatar\/c74202344503e95fe55fcedc445838cc.jpg?s=72&d=https%3A%2F%2Fa.slack-edge.com%2F80588%2Fimg%2Favatars%2Fava_0013-72.png",
            "first_name": "",
            "real_name": "Sam Kataria",
            "display_name": "Sam Kataria",
            "team": "TKRNGDFFZ",
            "name": "sehej.kataria",
            "is_restricted": false,
            "is_ultra_restricted": false
        },
        "reactions": [
            {
                "name": "100",
                "users": [
                    "UMTHHF56U"
                ],
                "count": 1
            }
        ]
    },
    {
        "type": "message",
        "text": "<!channel> data science functionality skeleton — please take a look and leave feedback: 1) functionalities met\/missing, 2) inputs and outputs",
        "files": [
            {
                "id": "FMY8F9V7Y",
                "created": 1567183498,
                "timestamp": 1567183498,
                "name": "models.py",
                "title": "models.py",
                "mimetype": "text\/plain",
                "filetype": "python",
                "pretty_type": "Python",
                "user": "UMRQXMCQ0",
                "editable": true,
                "size": 1202,
                "mode": "snippet",
                "is_external": false,
                "external_type": "",
                "is_public": true,
                "public_url_shared": false,
                "display_as_bot": false,
                "username": "",
                "url_private": "https:\/\/files.slack.com\/files-pri\/TKRNGDFFZ-FMY8F9V7Y\/models.py?t=xoxe-671764457543-761495007360-748720106514-e22867dc4a96f2e14ff182795f11301c",
                "url_private_download": "https:\/\/files.slack.com\/files-pri\/TKRNGDFFZ-FMY8F9V7Y\/download\/models.py?t=xoxe-671764457543-761495007360-748720106514-e22867dc4a96f2e14ff182795f11301c",
                "permalink": "https:\/\/scrgt-bdso.slack.com\/files\/UMRQXMCQ0\/FMY8F9V7Y\/models.py",
                "permalink_public": "https:\/\/slack-files.com\/TKRNGDFFZ-FMY8F9V7Y-bcdd2d8024",
                "edit_link": "https:\/\/scrgt-bdso.slack.com\/files\/UMRQXMCQ0\/FMY8F9V7Y\/models.py\/edit",
                "is_starred": false,
                "has_rich_preview": false
            }
        ],
        "upload": true,
        "user": "UMRQXMCQ0",
        "display_as_bot": false,
        "ts": "1567183499.050000",
        "client_msg_id": "c5e21e90-98a2-4184-a6d0-17db136e30cf"
    },
    {
        "client_msg_id": "3b377ba6-a05a-4996-bc39-f38acf7a26d6",
        "type": "message",
        "text": "<!channel> For this weekend's co-located work, Salient CRGT's tech lab is located at 4840 Westfields Blvd, Suite 120, Chantilly, VA. Over the weekend you'll need a Salient employee with a badge (<@UKPCZJWQL>, <@UL284UA1J>, <@UL1DRU6R3>, <@UL0GK1LJD>) to get into the building and into the office suite. <@UKR4GLQKF>",
        "user": "UKCPDF2M8",
        "ts": "1567188975.053400",
        "team": "TKRNGDFFZ",
        "user_team": "TKRNGDFFZ",
        "source_team": "TKRNGDFFZ",
        "user_profile": {
            "avatar_hash": "ga49c381db72",
            "image_72": "https:\/\/secure.gravatar.com\/avatar\/a49c381db722ce1000f9de8d781c0417.jpg?s=72&d=https%3A%2F%2Fa.slack-edge.com%2F80588%2Fimg%2Favatars%2Fava_0019-72.png",
            "first_name": "",
            "real_name": "Alice Blackburn",
            "display_name": "",
            "team": "TKRNGDFFZ",
            "name": "alice.blackburn",
            "is_restricted": false,
            "is_ultra_restricted": false
        }
    },
    {
        "client_msg_id": "26af4f80-59e2-45ea-9962-310dcff829b2",
        "type": "message",
        "text": "ok",
        "user": "UKZFHHJQ4",
        "ts": "1567191102.053600",
        "team": "TKRNGDFFZ",
        "user_team": "TKRNGDFFZ",
        "source_team": "TKRNGDFFZ",
        "user_profile": {
            "avatar_hash": "gb862c6892b8",
            "image_72": "https:\/\/secure.gravatar.com\/avatar\/b862c6892b81861fb8d8490e98b04fb5.jpg?s=72&d=https%3A%2F%2Fa.slack-edge.com%2F80588%2Fimg%2Favatars%2Fava_0012-72.png",
            "first_name": "",
            "real_name": "Shawn Lassiter",
            "display_name": "",
            "team": "TKRNGDFFZ",
            "name": "shawn",
            "is_restricted": false,
            "is_ultra_restricted": false
        }
    },
    {
        "client_msg_id": "0794b875-3cf1-4887-9038-add4f95927b8",
        "type": "message",
        "text": "<!channel> We will meet tomorrow at 8am in Salient CRGT's Chantilly office. We plan to start our day with demos of UI, Backend, Notebooks, DevOps, Pipeline and testing.  It is important that you attend the demo session in person.",
        "user": "UKR4GLQKF",
        "ts": "1567195811.056400",
        "team": "TKRNGDFFZ",
        "user_team": "TKRNGDFFZ",
        "source_team": "TKRNGDFFZ",
        "user_profile": {
            "avatar_hash": "gf6859e536fb",
            "image_72": "https:\/\/secure.gravatar.com\/avatar\/f6859e536fb63a6f9d862b2f3fb9684c.jpg?s=72&d=https%3A%2F%2Fa.slack-edge.com%2F80588%2Fimg%2Favatars%2Fava_0015-72.png",
            "first_name": "",
            "real_name": "Amit Yadav",
            "display_name": "",
            "team": "TKRNGDFFZ",
            "name": "amit",
            "is_restricted": false,
            "is_ultra_restricted": false
        },
        "edited": {
            "user": "UKR4GLQKF",
            "ts": "1567195856.000000"
        }
    },
    {
        "client_msg_id": "db0c5450-b343-4868-a0a3-e50edc9a166b",
        "type": "message",
        "text": "As we are meeting tomorrow at 8am for working session, I am considering cancelling our stand up this afternoon. Do you see any issues with cancelling the stand up this afternoon?",
        "user": "UKR4GLQKF",
        "ts": "1567195937.058400",
        "team": "TKRNGDFFZ",
        "user_team": "TKRNGDFFZ",
        "source_team": "TKRNGDFFZ",
        "user_profile": {
            "avatar_hash": "gf6859e536fb",
            "image_72": "https:\/\/secure.gravatar.com\/avatar\/f6859e536fb63a6f9d862b2f3fb9684c.jpg?s=72&d=https%3A%2F%2Fa.slack-edge.com%2F80588%2Fimg%2Favatars%2Fava_0015-72.png",
            "first_name": "",
            "real_name": "Amit Yadav",
            "display_name": "",
            "team": "TKRNGDFFZ",
            "name": "amit",
            "is_restricted": false,
            "is_ultra_restricted": false
        },
        "edited": {
            "user": "UKR4GLQKF",
            "ts": "1567195953.000000"
        }
    },
    {
        "client_msg_id": "13cf732d-4308-4a90-bee3-330934da5e90",
        "type": "message",
        "text": "sounds good to me",
        "user": "UKZFHHJQ4",
        "ts": "1567195963.058800",
        "team": "TKRNGDFFZ",
        "user_team": "TKRNGDFFZ",
        "source_team": "TKRNGDFFZ",
        "user_profile": {
            "avatar_hash": "gb862c6892b8",
            "image_72": "https:\/\/secure.gravatar.com\/avatar\/b862c6892b81861fb8d8490e98b04fb5.jpg?s=72&d=https%3A%2F%2Fa.slack-edge.com%2F80588%2Fimg%2Favatars%2Fava_0012-72.png",
            "first_name": "",
            "real_name": "Shawn Lassiter",
            "display_name": "",
            "team": "TKRNGDFFZ",
            "name": "shawn",
            "is_restricted": false,
            "is_ultra_restricted": false
        }
    },
    {
        "client_msg_id": "1622065c-0e42-4363-bf07-ae89538e3fd3",
        "type": "message",
        "text": "<@UKZFHHJQ4>, do we have the AWS keys for developments?",
        "user": "ULX5BPN3C",
        "ts": "1567196053.059300",
        "team": "TKRNGDFFZ",
        "user_team": "TKRNGDFFZ",
        "source_team": "TKRNGDFFZ",
        "user_profile": {
            "avatar_hash": "g6a2d3222d03",
            "image_72": "https:\/\/secure.gravatar.com\/avatar\/6a2d3222d03e600836a3b667ac22c2f6.jpg?s=72&d=https%3A%2F%2Fa.slack-edge.com%2F80588%2Fimg%2Favatars%2Fava_0025-72.png",
            "first_name": "",
            "real_name": "Ray Duong",
            "display_name": "",
            "team": "TKRNGDFFZ",
            "name": "ray.duong",
            "is_restricted": false,
            "is_ultra_restricted": false
        }
    },
    {
        "client_msg_id": "adf49fd6-31c0-44df-8e9a-eaabe8ecd62a",
        "type": "message",
        "text": "developments?",
        "user": "UKZFHHJQ4",
        "ts": "1567196209.059600",
        "team": "TKRNGDFFZ",
        "user_team": "TKRNGDFFZ",
        "source_team": "TKRNGDFFZ",
        "user_profile": {
            "avatar_hash": "gb862c6892b8",
            "image_72": "https:\/\/secure.gravatar.com\/avatar\/b862c6892b81861fb8d8490e98b04fb5.jpg?s=72&d=https%3A%2F%2Fa.slack-edge.com%2F80588%2Fimg%2Favatars%2Fava_0012-72.png",
            "first_name": "",
            "real_name": "Shawn Lassiter",
            "display_name": "",
            "team": "TKRNGDFFZ",
            "name": "shawn",
            "is_restricted": false,
            "is_ultra_restricted": false
        }
    },
    {
        "client_msg_id": "d45717e5-6ae2-459a-af30-008b11a8bfe1",
        "type": "message",
        "text": "dev env",
        "user": "ULX5BPN3C",
        "ts": "1567196221.059800",
        "team": "TKRNGDFFZ",
        "user_team": "TKRNGDFFZ",
        "source_team": "TKRNGDFFZ",
        "user_profile": {
            "avatar_hash": "g6a2d3222d03",
            "image_72": "https:\/\/secure.gravatar.com\/avatar\/6a2d3222d03e600836a3b667ac22c2f6.jpg?s=72&d=https%3A%2F%2Fa.slack-edge.com%2F80588%2Fimg%2Favatars%2Fava_0025-72.png",
            "first_name": "",
            "real_name": "Ray Duong",
            "display_name": "",
            "team": "TKRNGDFFZ",
            "name": "ray.duong",
            "is_restricted": false,
            "is_ultra_restricted": false
        }
    },
    {
        "client_msg_id": "2a5429d7-bff2-48fd-84a9-ad4bea471daf",
        "type": "message",
        "text": "yes. we have pipeline tools, rds, and an ocp environment. posted above",
        "user": "UKZFHHJQ4",
        "ts": "1567196267.060400",
        "team": "TKRNGDFFZ",
        "user_team": "TKRNGDFFZ",
        "source_team": "TKRNGDFFZ",
        "user_profile": {
            "avatar_hash": "gb862c6892b8",
            "image_72": "https:\/\/secure.gravatar.com\/avatar\/b862c6892b81861fb8d8490e98b04fb5.jpg?s=72&d=https%3A%2F%2Fa.slack-edge.com%2F80588%2Fimg%2Favatars%2Fava_0012-72.png",
            "first_name": "",
            "real_name": "Shawn Lassiter",
            "display_name": "",
            "team": "TKRNGDFFZ",
            "name": "shawn",
            "is_restricted": false,
            "is_ultra_restricted": false
        }
    },
    {
        "client_msg_id": "150a802d-5b52-4f71-9a54-429dcc551d17",
        "type": "message",
        "text": "working with padmaja to get other components up tonight",
        "user": "UKZFHHJQ4",
        "ts": "1567196344.061600",
        "team": "TKRNGDFFZ",
        "user_team": "TKRNGDFFZ",
        "source_team": "TKRNGDFFZ",
        "user_profile": {
            "avatar_hash": "gb862c6892b8",
            "image_72": "https:\/\/secure.gravatar.com\/avatar\/b862c6892b81861fb8d8490e98b04fb5.jpg?s=72&d=https%3A%2F%2Fa.slack-edge.com%2F80588%2Fimg%2Favatars%2Fava_0012-72.png",
            "first_name": "",
            "real_name": "Shawn Lassiter",
            "display_name": "",
            "team": "TKRNGDFFZ",
            "name": "shawn",
            "is_restricted": false,
            "is_ultra_restricted": false
        }
    },
    {
        "client_msg_id": "a3efbc18-e9e1-417d-9f5d-ed3d25faedbb",
        "type": "message",
        "text": "<@UKZFHHJQ4> can't access the openshift console, do you have to VPN?",
        "user": "ULX5BPN3C",
        "ts": "1567196381.062100",
        "team": "TKRNGDFFZ",
        "user_team": "TKRNGDFFZ",
        "source_team": "TKRNGDFFZ",
        "user_profile": {
            "avatar_hash": "g6a2d3222d03",
            "image_72": "https:\/\/secure.gravatar.com\/avatar\/6a2d3222d03e600836a3b667ac22c2f6.jpg?s=72&d=https%3A%2F%2Fa.slack-edge.com%2F80588%2Fimg%2Favatars%2Fava_0025-72.png",
            "first_name": "",
            "real_name": "Ray Duong",
            "display_name": "",
            "team": "TKRNGDFFZ",
            "name": "ray.duong",
            "is_restricted": false,
            "is_ultra_restricted": false
        }
    },
    {
        "client_msg_id": "bff4c036-0ee8-4a1a-bbaf-e4956eefccc1",
        "type": "message",
        "text": "<@UKZFHHJQ4> , sorry I'm to this setup.  How would I access the AWS services from Openshift?",
        "user": "ULX5BPN3C",
        "ts": "1567197105.064700",
        "team": "TKRNGDFFZ",
        "user_team": "TKRNGDFFZ",
        "source_team": "TKRNGDFFZ",
        "user_profile": {
            "avatar_hash": "g6a2d3222d03",
            "image_72": "https:\/\/secure.gravatar.com\/avatar\/6a2d3222d03e600836a3b667ac22c2f6.jpg?s=72&d=https%3A%2F%2Fa.slack-edge.com%2F80588%2Fimg%2Favatars%2Fava_0025-72.png",
            "first_name": "",
            "real_name": "Ray Duong",
            "display_name": "",
            "team": "TKRNGDFFZ",
            "name": "ray.duong",
            "is_restricted": false,
            "is_ultra_restricted": false
        }
    },
    {
        "client_msg_id": "004b3438-5897-472f-b3a9-c508bdefbac8",
        "type": "message",
        "text": "ahh, ok. part of tonight’s plan is to set up connecting credentials so we can see that stuff. OCP doesn’t have any special connections to AWS, but it is running inside, so internal ips should work.",
        "user": "UKZFHHJQ4",
        "ts": "1567197224.066600",
        "team": "TKRNGDFFZ",
        "user_team": "TKRNGDFFZ",
        "source_team": "TKRNGDFFZ",
        "user_profile": {
            "avatar_hash": "gb862c6892b8",
            "image_72": "https:\/\/secure.gravatar.com\/avatar\/b862c6892b81861fb8d8490e98b04fb5.jpg?s=72&d=https%3A%2F%2Fa.slack-edge.com%2F80588%2Fimg%2Favatars%2Fava_0012-72.png",
            "first_name": "",
            "real_name": "Shawn Lassiter",
            "display_name": "",
            "team": "TKRNGDFFZ",
            "name": "shawn",
            "is_restricted": false,
            "is_ultra_restricted": false
        }
    },
    {
        "client_msg_id": "1485f883-4a43-49ff-9b37-08894e757d88",
        "type": "message",
        "text": "which services are you trying to access?",
        "user": "UKZFHHJQ4",
        "ts": "1567197230.066900",
        "team": "TKRNGDFFZ",
        "user_team": "TKRNGDFFZ",
        "source_team": "TKRNGDFFZ",
        "user_profile": {
            "avatar_hash": "gb862c6892b8",
            "image_72": "https:\/\/secure.gravatar.com\/avatar\/b862c6892b81861fb8d8490e98b04fb5.jpg?s=72&d=https%3A%2F%2Fa.slack-edge.com%2F80588%2Fimg%2Favatars%2Fava_0012-72.png",
            "first_name": "",
            "real_name": "Shawn Lassiter",
            "display_name": "",
            "team": "TKRNGDFFZ",
            "name": "shawn",
            "is_restricted": false,
            "is_ultra_restricted": false
        }
    },
    {
        "client_msg_id": "d43032d6-069d-4d52-998b-b224a76a0901",
        "type": "message",
        "text": "copying data to S3, Processing and Testing AI\/ML jobs on EMR cluster",
        "user": "ULX5BPN3C",
        "ts": "1567197272.067600",
        "team": "TKRNGDFFZ",
        "user_team": "TKRNGDFFZ",
        "source_team": "TKRNGDFFZ",
        "user_profile": {
            "avatar_hash": "g6a2d3222d03",
            "image_72": "https:\/\/secure.gravatar.com\/avatar\/6a2d3222d03e600836a3b667ac22c2f6.jpg?s=72&d=https%3A%2F%2Fa.slack-edge.com%2F80588%2Fimg%2Favatars%2Fava_0025-72.png",
            "first_name": "",
            "real_name": "Ray Duong",
            "display_name": "",
            "team": "TKRNGDFFZ",
            "name": "ray.duong",
            "is_restricted": false,
            "is_ultra_restricted": false
        }
    },
    {
        "client_msg_id": "96d4fbc0-de52-417f-90e6-bdbad4d272fd",
        "type": "message",
        "text": "do we have  AWS keys for this project",
        "user": "ULX5BPN3C",
        "ts": "1567197309.068700",
        "team": "TKRNGDFFZ",
        "user_team": "TKRNGDFFZ",
        "source_team": "TKRNGDFFZ",
        "user_profile": {
            "avatar_hash": "g6a2d3222d03",
            "image_72": "https:\/\/secure.gravatar.com\/avatar\/6a2d3222d03e600836a3b667ac22c2f6.jpg?s=72&d=https%3A%2F%2Fa.slack-edge.com%2F80588%2Fimg%2Favatars%2Fava_0025-72.png",
            "first_name": "",
            "real_name": "Ray Duong",
            "display_name": "",
            "team": "TKRNGDFFZ",
            "name": "ray.duong",
            "is_restricted": false,
            "is_ultra_restricted": false
        }
    },
    {
        "client_msg_id": "c87dde5d-0be5-4997-83c7-15a6ad9bb4d6",
        "type": "message",
        "text": "Ok, I think the plan is to do some of that from jenkins. <@UL284UA1J> is working on that piece now.",
        "user": "UKZFHHJQ4",
        "ts": "1567197318.068900",
        "team": "TKRNGDFFZ",
        "user_team": "TKRNGDFFZ",
        "source_team": "TKRNGDFFZ",
        "user_profile": {
            "avatar_hash": "gb862c6892b8",
            "image_72": "https:\/\/secure.gravatar.com\/avatar\/b862c6892b81861fb8d8490e98b04fb5.jpg?s=72&d=https%3A%2F%2Fa.slack-edge.com%2F80588%2Fimg%2Favatars%2Fava_0012-72.png",
            "first_name": "",
            "real_name": "Shawn Lassiter",
            "display_name": "",
            "team": "TKRNGDFFZ",
            "name": "shawn",
            "is_restricted": false,
            "is_ultra_restricted": false
        }
    },
    {
        "client_msg_id": "3b039908-01b7-47ca-926f-f56352227fae",
        "type": "message",
        "text": "will set IAM roles on the machine so credentials are unnecessary",
        "user": "UKZFHHJQ4",
        "ts": "1567197340.069400",
        "team": "TKRNGDFFZ",
        "user_team": "TKRNGDFFZ",
        "source_team": "TKRNGDFFZ",
        "user_profile": {
            "avatar_hash": "gb862c6892b8",
            "image_72": "https:\/\/secure.gravatar.com\/avatar\/b862c6892b81861fb8d8490e98b04fb5.jpg?s=72&d=https%3A%2F%2Fa.slack-edge.com%2F80588%2Fimg%2Favatars%2Fava_0012-72.png",
            "first_name": "",
            "real_name": "Shawn Lassiter",
            "display_name": "",
            "team": "TKRNGDFFZ",
            "name": "shawn",
            "is_restricted": false,
            "is_ultra_restricted": false
        }
    },
    {
        "client_msg_id": "c80b9825-3a41-483e-bee9-36a7d2f53b66",
        "type": "message",
        "text": "<@UKR4GLQKF> to confirm - no meeting today, correct?",
        "user": "UL0GK1LJD",
        "ts": "1567199076.069800",
        "team": "TKRNGDFFZ",
        "user_team": "TKRNGDFFZ",
        "source_team": "TKRNGDFFZ",
        "user_profile": {
            "avatar_hash": "g8455934aab6",
            "image_72": "https:\/\/secure.gravatar.com\/avatar\/8455934aab6b3c7afceec7d3255ecd8b.jpg?s=72&d=https%3A%2F%2Fa.slack-edge.com%2F80588%2Fimg%2Favatars%2Fava_0004-72.png",
            "first_name": "",
            "real_name": "Vijay S Deshmukh",
            "display_name": "Vijay S Deshmukh",
            "team": "TKRNGDFFZ",
            "name": "vj_deshmukh",
            "is_restricted": false,
            "is_ultra_restricted": false
        }
    },
    {
        "client_msg_id": "7386718C-5B93-4A32-8EAC-BAB10137BB3F",
        "type": "message",
        "text": "That is correct. I have heard no objections to canceling ",
        "user": "UKR4GLQKF",
        "ts": "1567199108.070600",
        "team": "TKRNGDFFZ",
        "user_team": "TKRNGDFFZ",
        "source_team": "TKRNGDFFZ",
        "user_profile": {
            "avatar_hash": "gf6859e536fb",
            "image_72": "https:\/\/secure.gravatar.com\/avatar\/f6859e536fb63a6f9d862b2f3fb9684c.jpg?s=72&d=https%3A%2F%2Fa.slack-edge.com%2F80588%2Fimg%2Favatars%2Fava_0015-72.png",
            "first_name": "",
            "real_name": "Amit Yadav",
            "display_name": "",
            "team": "TKRNGDFFZ",
            "name": "amit",
            "is_restricted": false,
            "is_ultra_restricted": false
        }
    },
    {
        "client_msg_id": "191db5e8-6d92-4e08-9dc9-cb40139a0519",
        "type": "message",
        "text": "ok, we have the scripts integrated with Openshift and the tools. Also added the URLs at the end of the process. Testing and as i find issues sharing with team",
        "user": "UL0GK1LJD",
        "ts": "1567199186.071700",
        "team": "TKRNGDFFZ",
        "user_team": "TKRNGDFFZ",
        "source_team": "TKRNGDFFZ",
        "user_profile": {
            "avatar_hash": "g8455934aab6",
            "image_72": "https:\/\/secure.gravatar.com\/avatar\/8455934aab6b3c7afceec7d3255ecd8b.jpg?s=72&d=https%3A%2F%2Fa.slack-edge.com%2F80588%2Fimg%2Favatars%2Fava_0004-72.png",
            "first_name": "",
            "real_name": "Vijay S Deshmukh",
            "display_name": "Vijay S Deshmukh",
            "team": "TKRNGDFFZ",
            "name": "vj_deshmukh",
            "is_restricted": false,
            "is_ultra_restricted": false
        }
    },
    {
        "client_msg_id": "c87be655-01d2-4ba6-9595-4c428b49fe01",
        "type": "message",
        "text": "Hi Amit, (Didn't want to @ this late at night). Would it be possible to add a Webex for us IBM team members at Rocket Center? We also have one team member that won't be able to attend, can we possibly record these via webex for them? I understand also if we don't want to record them and if so we will bring them up to speed on it once they are back. The team members at Rocket Center are Alex Chiang, Kashif Gbajabiamila, Amy Bloch, and myself Thank you!",
        "user": "UMTHHFZ32",
        "ts": "1567217238.076700",
        "team": "TKRNGDFFZ",
        "user_team": "TKRNGDFFZ",
        "source_team": "TKRNGDFFZ",
        "user_profile": {
            "avatar_hash": "g9b7850f9a35",
            "image_72": "https:\/\/secure.gravatar.com\/avatar\/9b7850f9a355dc3914fb12df5d06af60.jpg?s=72&d=https%3A%2F%2Fa.slack-edge.com%2F80588%2Fimg%2Favatars%2Fava_0026-72.png",
            "first_name": "",
            "real_name": "Chase Kirby",
            "display_name": "Chase Kirby",
            "team": "TKRNGDFFZ",
            "name": "cakirby",
            "is_restricted": false,
            "is_ultra_restricted": false
        }
    },
    {
        "client_msg_id": "63D02D29-2A71-44B1-B622-EF5F25AAD826",
        "type": "message",
        "text": "<@UMTHHFZ32> Sure. I will send an invite with Webex details. I will circle back on recording. ",
        "user": "UKR4GLQKF",
        "ts": "1567217518.078200",
        "team": "TKRNGDFFZ",
        "user_team": "TKRNGDFFZ",
        "source_team": "TKRNGDFFZ",
        "user_profile": {
            "avatar_hash": "gf6859e536fb",
            "image_72": "https:\/\/secure.gravatar.com\/avatar\/f6859e536fb63a6f9d862b2f3fb9684c.jpg?s=72&d=https%3A%2F%2Fa.slack-edge.com%2F80588%2Fimg%2Favatars%2Fava_0015-72.png",
            "first_name": "",
            "real_name": "Amit Yadav",
            "display_name": "",
            "team": "TKRNGDFFZ",
            "name": "amit",
            "is_restricted": false,
            "is_ultra_restricted": false
        }
    },
    {
        "client_msg_id": "2df5e2d6-a99e-4297-9835-f6b2898c9c47",
        "type": "message",
        "text": "Thank you!",
        "user": "UMTHHFZ32",
        "ts": "1567217559.078400",
        "team": "TKRNGDFFZ",
        "user_team": "TKRNGDFFZ",
        "source_team": "TKRNGDFFZ",
        "user_profile": {
            "avatar_hash": "g9b7850f9a35",
            "image_72": "https:\/\/secure.gravatar.com\/avatar\/9b7850f9a355dc3914fb12df5d06af60.jpg?s=72&d=https%3A%2F%2Fa.slack-edge.com%2F80588%2Fimg%2Favatars%2Fava_0026-72.png",
            "first_name": "",
            "real_name": "Chase Kirby",
            "display_name": "Chase Kirby",
            "team": "TKRNGDFFZ",
            "name": "cakirby",
            "is_restricted": false,
            "is_ultra_restricted": false
        }
    },
    {
        "client_msg_id": "3eda7631-49aa-469b-9aa7-7823aea2a638",
        "type": "message",
        "text": "I have a build script for ElasticSearch.  URL is <https:\/\/vpc-bdso-irci3yrrnkrerz7iwgbxafdjva.us-east-2.es.amazonaws.com>.  However…. the way I designed it, it is only visible from the VPC it was built in, so you wouldn’t be able to access it unless from the devices on that VPC.  This may be inconvenient for your testing, but probably good security.  If an issue I can probably take out the VPC constraint.  Please let me know if you have a preferred elasticsearch version.  I chose 6.8 for no good reason other than it’s second from most current",
        "user": "UL284UA1J",
        "ts": "1567226311.079500",
        "team": "TKRNGDFFZ",
        "user_team": "TKRNGDFFZ",
        "source_team": "TKRNGDFFZ",
        "user_profile": {
            "avatar_hash": "g68abbeef961",
            "image_72": "https:\/\/secure.gravatar.com\/avatar\/68abbeef9611a51f2c362e3d99271b2e.jpg?s=72&d=https%3A%2F%2Fa.slack-edge.com%2F80588%2Fimg%2Favatars%2Fava_0015-72.png",
            "first_name": "",
            "real_name": "Gary Morris",
            "display_name": "Gary Morris",
            "team": "TKRNGDFFZ",
            "name": "gary.morris",
            "is_restricted": false,
            "is_ultra_restricted": false
        },
        "reactions": [
            {
                "name": "+1",
                "users": [
                    "UKZFHHJQ4"
                ],
                "count": 1
            }
        ]
    },
    {
        "type": "message",
        "text": "<!here> attached is a first pass of sample output of actor classification based on the movie data we have — for readability purposes it’s in JSON format but we can put this into whatever preferred format\/db for the UI to display. Please take a look and leave comments\/feedback if this is the type of classifications we are looking for or any changes\/improvements we can make. Thank you!",
        "files": [
            {
                "id": "FMK4ACKKL",
                "created": 1567226545,
                "timestamp": 1567226545,
                "name": "sample_actor_classification.json",
                "title": "sample_actor_classification.json",
                "mimetype": "text\/plain",
                "filetype": "javascript",
                "pretty_type": "JavaScript\/JSON",
                "user": "UMRQXMCQ0",
                "editable": true,
                "size": 4733,
                "mode": "snippet",
                "is_external": false,
                "external_type": "",
                "is_public": true,
                "public_url_shared": false,
                "display_as_bot": false,
                "username": "",
                "url_private": "https:\/\/files.slack.com\/files-pri\/TKRNGDFFZ-FMK4ACKKL\/sample_actor_classification.json?t=xoxe-671764457543-761495007360-748720106514-e22867dc4a96f2e14ff182795f11301c",
                "url_private_download": "https:\/\/files.slack.com\/files-pri\/TKRNGDFFZ-FMK4ACKKL\/download\/sample_actor_classification.json?t=xoxe-671764457543-761495007360-748720106514-e22867dc4a96f2e14ff182795f11301c",
                "permalink": "https:\/\/scrgt-bdso.slack.com\/files\/UMRQXMCQ0\/FMK4ACKKL\/sample_actor_classification.json",
                "permalink_public": "https:\/\/slack-files.com\/TKRNGDFFZ-FMK4ACKKL-c3fcaacbfc",
                "edit_link": "https:\/\/scrgt-bdso.slack.com\/files\/UMRQXMCQ0\/FMK4ACKKL\/sample_actor_classification.json\/edit",
                "is_starred": false,
                "has_rich_preview": false
            }
        ],
        "upload": true,
        "user": "UMRQXMCQ0",
        "display_as_bot": false,
        "ts": "1567226546.079600",
        "client_msg_id": "4a616bbc-53de-4304-b9a8-e4573961e643"
    }
]