[
    {
        "type": "message",
        "text": "",
        "files": [
            {
                "id": "FMYCFMNBV",
                "created": 1568291817,
                "timestamp": 1568301854,
                "name": "Final_Checklist",
                "title": "Final Checklist",
                "mimetype": "application\/vnd.slack-docs",
                "filetype": "docs",
                "pretty_type": "Arugula",
                "user": "UKPCZJWQL",
                "editable": true,
                "size": 3089,
                "mode": "docs",
                "is_external": false,
                "external_type": "",
                "is_public": true,
                "public_url_shared": false,
                "display_as_bot": false,
                "username": "",
                "url_private": "https:\/\/files.slack.com\/files-pri\/TKRNGDFFZ-FMYCFMNBV\/Final_Checklist?t=xoxe-671764457543-761495007360-748720106514-e22867dc4a96f2e14ff182795f11301c",
                "url_private_download": "https:\/\/files.slack.com\/files-pri\/TKRNGDFFZ-FMYCFMNBV\/download\/Final_Checklist?t=xoxe-671764457543-761495007360-748720106514-e22867dc4a96f2e14ff182795f11301c",
                "permalink": "https:\/\/scrgt-bdso.slack.com\/files\/TKRNGDFFZ\/FMYCFMNBV",
                "permalink_public": "https:\/\/slack-files.com\/TKRNGDFFZ-FMYCFMNBV-e430e0f65a",
                "preview": "<h2>Eyuel and FE-Team<\/h2><ul><li data-checked=\"false\">Get frontend to consistenly work with backend (environment.ts files)<\/li><li data-checked=\"false\">Get frontend to be able to see data consistently<\/li><li data-checked=\"false\">All frontend issues<\/li><\/ul><p><br\/><\/p><h2>Amit<\/h2><ul><li data-checked=\"false\">Fix any Celebrity API issues pending)<\/li><li data-checked=\"false\">Disable Security (Ranga&#x2F;Ucche)<\/li><li data-checked=\"false\">Gateway Error &lt;504 Timeout) (Ranga&#x2F;Ucche)<\/li><\/ul><p><br\/><\/p><h2>Ranga<\/h2><ul><li data-checked=\"false\">Data Science APIs for Raw Data Page (URL &#x2F;data)<\/li><li data-checked=\"false\">Get Data consistenly via API <\/li><\/ul><p><br\/><\/p><h2>Shawn<\/h2><ul><li data-checked=\"false\">Celebrity API issues (New Secrets to be added)<\/li><li data-checked=\"false\">Angular application via Ngnix same container OR RDSO style mulitple containers<\/li><li data-checked=\"false\">Get frontend application to consistently see backend DATA<\/li><li data-checked=\"false\">Enable SSL (Install valid certs in all environments)<\/li><\/ul><p><br\/><\/p><h2><br\/>Padmaja<\/h2><ul><li data-checked=\"false\">Pipelines should do automated security testing (Sonar-SSAT and OWASP ) and show results<\/li><li data-checked=\"false\">Pipeline should do automated code testing and show results (unit testing, selenium, restAssured)<\/li><\/ul><p><br\/><\/p><h2>Ray Duong &amp; DS-Team<\/h2><ul><li data-checked=\"true\">Consolidate&#x2F;combine RecommendationAPI (combine index and model creation into 1)<\/li><li data-checked=\"true\">Recommendation API working with Actor&#x2F;Celebrity ID<\/li><li data-checked=\"false\">Test all models in Jupyter notebook to successfully deploy to S3 Bucket (Dev) , S3 Bucket (Test), S3 Bucket (Prod) without any manual intervention<\/li><li data-checked=\"false\">models.md file (Graphics can be added for all 4 models describing details)<\/li><\/ul><p><br\/><\/p><h2>Vijay<\/h2><ul><li data-checked=\"false\">Schedule job for data load refresh job (can get details from Amit)<\/li><li data-checked=\"false\">Remove all references to Useradmin API (git, jenkins ...etc)<\/li><li data-checked=\"false\">Create new environment for testing, create default &quot;dns=bdso&quot; and default branch = &quot;master&quot;<\/li><li data-checked=\"false\">Merge to Master (End of day Thursday)<\/li><\/ul><p><br\/><\/p><h2>Pramod<\/h2><ul><li data-checked=\"false\">Disable GitHub Access to all user (End of Day Friday)<\/li><li data-checked=\"false\">Provide access individually as needed<\/li><\/ul><p><br\/><\/p><h2>Pramod and Alice<\/h2><ul><li data-checked=\"false\">ReadME.md<\/li><li data-checked=\"false\">Models.md<\/li><li data-checked=\"false\">Approach.md<\/li><li data-checked=\"false\">Solutions.pdf<\/li><li data-checked=\"false\">UserStories.pdf<\/li><li data-checked=\"false\">Scans.pdf<\/li><li data-checked=\"false\">Commits.pdf<\/li><li data-checked=\"false\">CollaborationSlackDump.zip (The file name isn&#x27;t specified, but we need an export from Slack: &quot;If a collaboration site was used, such as Confluence, export the site and embed in the Approach.md file.&quot;)<\/li><\/ul><p><br\/><\/p>",
                "editor": "UMTHHF56U",
                "last_editor": "UKR4GLQKF",
                "non_owner_editable": true,
                "updated": 1568301854,
                "is_starred": false,
                "has_rich_preview": false
            }
        ],
        "upload": false,
        "user": "UKPCZJWQL",
        "display_as_bot": false,
        "ts": "1568292985.074900"
    },
    {
        "client_msg_id": "717fccee-e51a-46e7-8940-d385f45bbd37",
        "type": "message",
        "text": "acknowledged.",
        "user": "UL0GK1LJD",
        "ts": "1568293547.075700",
        "team": "TKRNGDFFZ",
        "user_team": "TKRNGDFFZ",
        "source_team": "TKRNGDFFZ",
        "user_profile": {
            "avatar_hash": "g8455934aab6",
            "image_72": "https:\/\/secure.gravatar.com\/avatar\/8455934aab6b3c7afceec7d3255ecd8b.jpg?s=72&d=https%3A%2F%2Fa.slack-edge.com%2F80588%2Fimg%2Favatars%2Fava_0004-72.png",
            "first_name": "",
            "real_name": "Vijay S Deshmukh",
            "display_name": "Vijay S Deshmukh",
            "team": "TKRNGDFFZ",
            "name": "vj_deshmukh",
            "is_restricted": false,
            "is_ultra_restricted": false
        }
    },
    {
        "client_msg_id": "eee83832-444c-492f-94d7-06c12530a31c",
        "type": "message",
        "text": "<@UKPCZJWQL> can we get Sarah Cho &lt;Joohyun.Sarah.Cho@ibm.com&gt; added to the slack channel? She has github access but it still waiting on slack. Thanks!",
        "user": "UMTHHF56U",
        "ts": "1568303109.080400",
        "team": "TKRNGDFFZ",
        "user_team": "TKRNGDFFZ",
        "source_team": "TKRNGDFFZ",
        "user_profile": {
            "avatar_hash": "g1c640f1590c",
            "image_72": "https:\/\/secure.gravatar.com\/avatar\/1c640f1590c5e449afff4936f5b85158.jpg?s=72&d=https%3A%2F%2Fa.slack-edge.com%2F80588%2Fimg%2Favatars%2Fava_0018-72.png",
            "first_name": "",
            "real_name": "Emily Solan",
            "display_name": "Emily Solan",
            "team": "TKRNGDFFZ",
            "name": "esolan",
            "is_restricted": false,
            "is_ultra_restricted": false
        }
    },
    {
        "client_msg_id": "ab334be1-0579-41be-8baa-9fa18d952832",
        "type": "message",
        "text": "Please use following for development",
        "user": "UKR4GLQKF",
        "ts": "1568319146.081100",
        "team": "TKRNGDFFZ",
        "user_team": "TKRNGDFFZ",
        "source_team": "TKRNGDFFZ",
        "user_profile": {
            "avatar_hash": "gf6859e536fb",
            "image_72": "https:\/\/secure.gravatar.com\/avatar\/f6859e536fb63a6f9d862b2f3fb9684c.jpg?s=72&d=https%3A%2F%2Fa.slack-edge.com%2F80588%2Fimg%2Favatars%2Fava_0015-72.png",
            "first_name": "",
            "real_name": "Amit Yadav",
            "display_name": "",
            "team": "TKRNGDFFZ",
            "name": "amit",
            "is_restricted": false,
            "is_ultra_restricted": false
        }
    },
    {
        "client_msg_id": "b8bd7733-e9fb-49d3-b290-3f3ce651e51e",
        "type": "message",
        "text": "Processing complete. Below are the URLs:\n===========================================\nJenkins: <http:\/\/jenkins.bdso-transition.salientcrgt-bdso.com:8080>\nCredentials: User ID: admin; Password: DevOps001\n       <http:\/\/jenkins.bdso-transition.salientcrgt-bdso.com:8080\/job\/celebrity_ms\/>\n       <http:\/\/jenkins.bdso-transition.salientcrgt-bdso.com:8080\/job\/frontend_ms\/>\n       <http:\/\/jenkins.bdso-transition.salientcrgt-bdso.com:8080\/job\/recommendation_ms\/>\n       <http:\/\/jenkins.bdso-transition.salientcrgt-bdso.com:8080\/job\/datapipeline\/>\n--------------------------------------------\nSonarQube: <http:\/\/sonar.bdso-transition.salientcrgt-bdso.com:9000>\nCredentials: User ID: admin; Password: admin\n--------------------------------------------\nOpenShift: <https:\/\/ocp.bdso-transition.salientcrgt-bdso.com:8443>\nCredentials: User ID: admin; Password: 123\n--------------------------------------------\nEMR EndPoint : <https:\/\/ec2-18-223-158-95.us-east-2.compute.amazonaws.com:9443>\nCredentials: User ID: jovyan; Password: jupyter\n[12:29 PM]\nNotebooks in S3: <https:\/\/s3.console.aws.amazon.com\/s3\/buckets\/bdso-transition-cc-vpc-0f92574666a7c4860\/>\nData: <https:\/\/s3.console.aws.amazon.com\/s3\/buckets\/bdso-transition-celebrity-content-dev-vpc-0f92574666a7c4860>\n<https:\/\/s3.console.aws.amazon.com\/s3\/buckets\/bdso-transition-celebrity-content-test-vpc-0f92574666a7c4860>\n<https:\/\/s3.console.aws.amazon.com\/s3\/buckets\/bdso-transition-celebrity-content-prod-vpc-0f92574666a7c4860> (edited)\n[12:30 PM]\nThis is a new env and please note any\/all issues that appear.",
        "user": "UKR4GLQKF",
        "ts": "1568319148.081300",
        "team": "TKRNGDFFZ",
        "user_team": "TKRNGDFFZ",
        "source_team": "TKRNGDFFZ",
        "user_profile": {
            "avatar_hash": "gf6859e536fb",
            "image_72": "https:\/\/secure.gravatar.com\/avatar\/f6859e536fb63a6f9d862b2f3fb9684c.jpg?s=72&d=https%3A%2F%2Fa.slack-edge.com%2F80588%2Fimg%2Favatars%2Fava_0015-72.png",
            "first_name": "",
            "real_name": "Amit Yadav",
            "display_name": "",
            "team": "TKRNGDFFZ",
            "name": "amit",
            "is_restricted": false,
            "is_ultra_restricted": false
        }
    },
    {
        "client_msg_id": "b1c7a9a9-7c7b-4adb-b016-db29f6d4261c",
        "type": "message",
        "text": "is there a db endpoint i can test against?",
        "user": "UL284UA1J",
        "ts": "1568321012.081900",
        "team": "TKRNGDFFZ",
        "user_team": "TKRNGDFFZ",
        "source_team": "TKRNGDFFZ",
        "user_profile": {
            "avatar_hash": "g68abbeef961",
            "image_72": "https:\/\/secure.gravatar.com\/avatar\/68abbeef9611a51f2c362e3d99271b2e.jpg?s=72&d=https%3A%2F%2Fa.slack-edge.com%2F80588%2Fimg%2Favatars%2Fava_0015-72.png",
            "first_name": "",
            "real_name": "Gary Morris",
            "display_name": "Gary Morris",
            "team": "TKRNGDFFZ",
            "name": "gary.morris",
            "is_restricted": false,
            "is_ultra_restricted": false
        }
    },
    {
        "client_msg_id": "3a4ef73e-baf2-461e-af57-05ed93a31717",
        "type": "message",
        "text": "---------- Amazon Chime Meeting Information ----------\n\nYou have been invited to a Vonage meeting.\n\n1. Click to join the meeting:\n\n<https:\/\/chime.aws\/3050491511>\n\nMeeting ID: 3050 49 1511\n\n\n2. You can use your computer’s microphone and speakers, however, a headset is recommended. Or, call in using your phone:\n\nUnited States: +1-267-866-0999\nMeeting PIN: 3050 49 1511\n\nOne-click Mobile Dial-in (United States): +1-267-866-0999,,3050491511#",
        "user": "UKPCZJWQL",
        "ts": "1568326117.082200",
        "team": "TKRNGDFFZ",
        "user_team": "TKRNGDFFZ",
        "source_team": "TKRNGDFFZ",
        "user_profile": {
            "avatar_hash": "g36d88e4c93b",
            "image_72": "https:\/\/secure.gravatar.com\/avatar\/36d88e4c93b31bcf505cfdf1b76c86a9.jpg?s=72&d=https%3A%2F%2Fa.slack-edge.com%2F80588%2Fimg%2Favatars%2Fava_0020-72.png",
            "first_name": "Pramod",
            "real_name": "Pramod Malhotra",
            "display_name": "",
            "team": "TKRNGDFFZ",
            "name": "pramod.malhotra",
            "is_restricted": false,
            "is_ultra_restricted": false
        }
    },
    {
        "client_msg_id": "b6015b84-5697-42bd-950b-3755882d0a83",
        "type": "message",
        "text": "#channel ---------- Amazon Chime Meeting Information ----------\n\nYou have been invited to a Vonage meeting.\n\n1. Click to join the meeting:\n\n<https:\/\/chime.aws\/3050491511>\n\nMeeting ID: 3050 49 1511\n\n\n2. You can use your computer’s microphone and speakers, however, a headset is recommended. Or, call in using your phone:\n\nUnited States: +1-267-866-0999\nMeeting PIN: 3050 49 1511\n\nOne-click Mobile Dial-in (United States): +1-267-866-0999,,3050491511#",
        "user": "UKPCZJWQL",
        "ts": "1568326138.082600",
        "team": "TKRNGDFFZ",
        "user_team": "TKRNGDFFZ",
        "source_team": "TKRNGDFFZ",
        "user_profile": {
            "avatar_hash": "g36d88e4c93b",
            "image_72": "https:\/\/secure.gravatar.com\/avatar\/36d88e4c93b31bcf505cfdf1b76c86a9.jpg?s=72&d=https%3A%2F%2Fa.slack-edge.com%2F80588%2Fimg%2Favatars%2Fava_0020-72.png",
            "first_name": "Pramod",
            "real_name": "Pramod Malhotra",
            "display_name": "",
            "team": "TKRNGDFFZ",
            "name": "pramod.malhotra",
            "is_restricted": false,
            "is_ultra_restricted": false
        }
    }
]