[
    {
        "client_msg_id": "d86af174-c73d-4583-87d7-1712323688b4",
        "type": "message",
        "text": "<@UL2480LK0> thanks for the update",
        "user": "UKPCZJWQL",
        "ts": "1567853378.464900",
        "team": "TKRNGDFFZ",
        "user_team": "TKRNGDFFZ",
        "source_team": "TKRNGDFFZ",
        "user_profile": {
            "avatar_hash": "g36d88e4c93b",
            "image_72": "https:\/\/secure.gravatar.com\/avatar\/36d88e4c93b31bcf505cfdf1b76c86a9.jpg?s=72&d=https%3A%2F%2Fa.slack-edge.com%2F80588%2Fimg%2Favatars%2Fava_0020-72.png",
            "first_name": "Pramod",
            "real_name": "Pramod Malhotra",
            "display_name": "",
            "team": "TKRNGDFFZ",
            "name": "pramod.malhotra",
            "is_restricted": false,
            "is_ultra_restricted": false
        }
    },
    {
        "client_msg_id": "81be90d1-f682-4d47-9adf-86fca326c5a3",
        "type": "message",
        "text": "<!channel> Please review the updated Post \"Checklist for BDSO 09\/07\", it list all remaining items. Please let me know if I am missing any completions and remaining items. Once everyone is in Chantilly-Office at 9am, we will kickoff our work by reviewing jointly the checklist, assessing what's left and come up with tactical-plan best to complete all integration issues.",
        "user": "UKPCZJWQL",
        "ts": "1567853558.467300",
        "team": "TKRNGDFFZ",
        "user_team": "TKRNGDFFZ",
        "source_team": "TKRNGDFFZ",
        "user_profile": {
            "avatar_hash": "g36d88e4c93b",
            "image_72": "https:\/\/secure.gravatar.com\/avatar\/36d88e4c93b31bcf505cfdf1b76c86a9.jpg?s=72&d=https%3A%2F%2Fa.slack-edge.com%2F80588%2Fimg%2Favatars%2Fava_0020-72.png",
            "first_name": "Pramod",
            "real_name": "Pramod Malhotra",
            "display_name": "",
            "team": "TKRNGDFFZ",
            "name": "pramod.malhotra",
            "is_restricted": false,
            "is_ultra_restricted": false
        },
        "edited": {
            "user": "UKPCZJWQL",
            "ts": "1567853602.000000"
        }
    },
    {
        "client_msg_id": "fde8a0b5-c33b-46cf-bed4-b8a7420fa4b5",
        "type": "message",
        "text": "<!channel> if you need to enter the building--call my cellphone <tel:310-927-5574|310-927-5574>!",
        "user": "UL1DRU6R3",
        "ts": "1567862219.468200",
        "team": "TKRNGDFFZ",
        "user_team": "TKRNGDFFZ",
        "source_team": "TKRNGDFFZ",
        "user_profile": {
            "avatar_hash": "gd89e47c2607",
            "image_72": "https:\/\/secure.gravatar.com\/avatar\/d89e47c2607ea5a7401c907933bcd907.jpg?s=72&d=https%3A%2F%2Fa.slack-edge.com%2F80588%2Fimg%2Favatars%2Fava_0002-72.png",
            "first_name": "",
            "real_name": "Jacquie",
            "display_name": "Jacquie",
            "team": "TKRNGDFFZ",
            "name": "jacqueline.granger",
            "is_restricted": false,
            "is_ultra_restricted": false
        }
    }
]