[
    {
        "type": "message",
        "text": "Not looking good!",
        "files": [
            {
                "id": "FMZPR5659",
                "created": 1568374270,
                "timestamp": 1568376003,
                "name": "Friday_9_13_Status",
                "title": "Friday 9\/13 Status",
                "mimetype": "application\/vnd.slack-docs",
                "filetype": "docs",
                "pretty_type": "Arugula",
                "user": "UKPCZJWQL",
                "editable": true,
                "size": 1502,
                "mode": "docs",
                "is_external": false,
                "external_type": "",
                "is_public": true,
                "public_url_shared": false,
                "display_as_bot": false,
                "username": "",
                "url_private": "https:\/\/files.slack.com\/files-pri\/TKRNGDFFZ-FMZPR5659\/Friday_9_13_Status?t=xoxe-671764457543-761495007360-748720106514-e22867dc4a96f2e14ff182795f11301c",
                "url_private_download": "https:\/\/files.slack.com\/files-pri\/TKRNGDFFZ-FMZPR5659\/download\/Friday_9_13_Status?t=xoxe-671764457543-761495007360-748720106514-e22867dc4a96f2e14ff182795f11301c",
                "permalink": "https:\/\/scrgt-bdso.slack.com\/files\/TKRNGDFFZ\/FMZPR5659",
                "permalink_public": "https:\/\/slack-files.com\/TKRNGDFFZ-FMZPR5659-885d316b31",
                "preview": "<p><br\/><strong><u>Front End Application:<\/u><\/strong> <strong><u>(Status: Still needs good amount of Work) <\/u><\/strong><\/p><ul><li data-checked=\"false\">We will have Main images, but no images on recommedation as browser memory issues are creeping up.<\/li><li data-checked=\"false\">Angular code <strong><u>unit tests are broken<\/u><\/strong>, Tim has been working to fix them.<\/li><li data-checked=\"false\">Celebrity Page Graph still not integrated, we need to test and then deploy <\/li><li data-checked=\"false\">Browser Memory Issues<\/li><li data-checked=\"false\">Change History still needs to be integrated.<\/li><li data-checked=\"false\">Filmography still needs to be integrated.<\/li><li data-checked=\"false\">Recommendation still need to be integrated.<\/li><\/ul><p><br\/><strong><u>DevOps:<\/u><\/strong><\/p><ul><li data-checked=\"false\">Angular environment variables are not getting deployed to go to  correct backend (SHAWN)<\/li><li data-checked=\"false\">Remove hanging variable during re-run which may cause the automated scripts to not work (Roles, Users, Instant<\/li><\/ul><p><br\/><strong><u>Data Science<\/u><\/strong><\/p><ul><li data-checked=\"false\">Testing EMR Jupyter Notebook still remaining<\/li><li data-checked=\"false\">Enhanced scheduled job is still not integrated<\/li><\/ul><p><br\/><strong><u>Testing Users in Keycloak<\/u><\/strong><\/p><ol><li>Business User (test-user&#x2F;test123)<\/li><li>Supervisor (test-supervisor&#x2F;test123)<\/li><li>Data Scientist (test-ds&#x2F;test123)<\/li><\/ol><p><br\/> <\/p>",
                "editor": null,
                "last_editor": "UMVDJ6JKZ",
                "non_owner_editable": true,
                "updated": 1568376003,
                "is_starred": false,
                "has_rich_preview": false
            }
        ],
        "upload": false,
        "user": "UKPCZJWQL",
        "display_as_bot": false,
        "ts": "1568374919.083100"
    },
    {
        "type": "message",
        "text": "",
        "files": [
            {
                "id": "FMZPR5659",
                "created": 1568374270,
                "timestamp": 1568376003,
                "name": "Friday_9_13_Status",
                "title": "Friday 9\/13 Status",
                "mimetype": "application\/vnd.slack-docs",
                "filetype": "docs",
                "pretty_type": "Arugula",
                "user": "UKPCZJWQL",
                "editable": true,
                "size": 1502,
                "mode": "docs",
                "is_external": false,
                "external_type": "",
                "is_public": true,
                "public_url_shared": false,
                "display_as_bot": false,
                "username": "",
                "url_private": "https:\/\/files.slack.com\/files-pri\/TKRNGDFFZ-FMZPR5659\/Friday_9_13_Status?t=xoxe-671764457543-761495007360-748720106514-e22867dc4a96f2e14ff182795f11301c",
                "url_private_download": "https:\/\/files.slack.com\/files-pri\/TKRNGDFFZ-FMZPR5659\/download\/Friday_9_13_Status?t=xoxe-671764457543-761495007360-748720106514-e22867dc4a96f2e14ff182795f11301c",
                "permalink": "https:\/\/scrgt-bdso.slack.com\/files\/TKRNGDFFZ\/FMZPR5659",
                "permalink_public": "https:\/\/slack-files.com\/TKRNGDFFZ-FMZPR5659-885d316b31",
                "preview": "<p><br\/><strong><u>Front End Application:<\/u><\/strong> <strong><u>(Status: Still needs good amount of Work) <\/u><\/strong><\/p><ul><li data-checked=\"false\">We will have Main images, but no images on recommedation as browser memory issues are creeping up.<\/li><li data-checked=\"false\">Angular code <strong><u>unit tests are broken<\/u><\/strong>, Tim has been working to fix them.<\/li><li data-checked=\"false\">Celebrity Page Graph still not integrated, we need to test and then deploy <\/li><li data-checked=\"false\">Browser Memory Issues<\/li><li data-checked=\"false\">Change History still needs to be integrated.<\/li><li data-checked=\"false\">Filmography still needs to be integrated.<\/li><li data-checked=\"false\">Recommendation still need to be integrated.<\/li><\/ul><p><br\/><strong><u>DevOps:<\/u><\/strong><\/p><ul><li data-checked=\"false\">Angular environment variables are not getting deployed to go to  correct backend (SHAWN)<\/li><li data-checked=\"false\">Remove hanging variable during re-run which may cause the automated scripts to not work (Roles, Users, Instant<\/li><\/ul><p><br\/><strong><u>Data Science<\/u><\/strong><\/p><ul><li data-checked=\"false\">Testing EMR Jupyter Notebook still remaining<\/li><li data-checked=\"false\">Enhanced scheduled job is still not integrated<\/li><\/ul><p><br\/><strong><u>Testing Users in Keycloak<\/u><\/strong><\/p><ol><li>Business User (test-user&#x2F;test123)<\/li><li>Supervisor (test-supervisor&#x2F;test123)<\/li><li>Data Scientist (test-ds&#x2F;test123)<\/li><\/ol><p><br\/> <\/p>",
                "editor": null,
                "last_editor": "UMVDJ6JKZ",
                "non_owner_editable": true,
                "updated": 1568376003,
                "is_starred": false,
                "has_rich_preview": false
            }
        ],
        "upload": false,
        "user": "UKPCZJWQL",
        "display_as_bot": false,
        "ts": "1568375477.089000"
    },
    {
        "client_msg_id": "f97631e2-376a-4264-97ce-695722cb2aff",
        "type": "message",
        "text": "#Channel Please call in and offer services based on issues\/problems",
        "user": "UKPCZJWQL",
        "ts": "1568402172.095300",
        "team": "TKRNGDFFZ",
        "user_team": "TKRNGDFFZ",
        "source_team": "TKRNGDFFZ",
        "user_profile": {
            "avatar_hash": "g36d88e4c93b",
            "image_72": "https:\/\/secure.gravatar.com\/avatar\/36d88e4c93b31bcf505cfdf1b76c86a9.jpg?s=72&d=https%3A%2F%2Fa.slack-edge.com%2F80588%2Fimg%2Favatars%2Fava_0020-72.png",
            "first_name": "Pramod",
            "real_name": "Pramod Malhotra",
            "display_name": "",
            "team": "TKRNGDFFZ",
            "name": "pramod.malhotra",
            "is_restricted": false,
            "is_ultra_restricted": false
        }
    },
    {
        "client_msg_id": "765cd5ee-cb8a-4994-be4f-926e7e5e8412",
        "type": "message",
        "text": "---------- Amazon Chime Meeting Information ----------\n\nYou have been invited to a Vonage meeting.\n\n1. Click to join the meeting:\n\n<https:\/\/chime.aws\/3050491511>\n\nMeeting ID: 3050 49 1511\n\n\n2. You can use your computer’s microphone and speakers, however, a headset is recommended. Or, call in using your phone:\n\nUnited States: +1-267-866-0999\nMeeting PIN: 3050 49 1511\n\nOne-click Mobile Dial-in (United States): +1-267-866-0999,,3050491511#",
        "user": "UKPCZJWQL",
        "ts": "1568402173.095500",
        "team": "TKRNGDFFZ",
        "user_team": "TKRNGDFFZ",
        "source_team": "TKRNGDFFZ",
        "user_profile": {
            "avatar_hash": "g36d88e4c93b",
            "image_72": "https:\/\/secure.gravatar.com\/avatar\/36d88e4c93b31bcf505cfdf1b76c86a9.jpg?s=72&d=https%3A%2F%2Fa.slack-edge.com%2F80588%2Fimg%2Favatars%2Fava_0020-72.png",
            "first_name": "Pramod",
            "real_name": "Pramod Malhotra",
            "display_name": "",
            "team": "TKRNGDFFZ",
            "name": "pramod.malhotra",
            "is_restricted": false,
            "is_ultra_restricted": false
        }
    },
    {
        "client_msg_id": "e5c899cc-31c8-4c73-8d49-0a3ac88cd038",
        "type": "message",
        "text": "I am in commute. Provided endpoints that Eyuel requested. Been working on code coverage.",
        "user": "UL2480LK0",
        "ts": "1568406679.097600",
        "team": "TKRNGDFFZ",
        "user_team": "TKRNGDFFZ",
        "source_team": "TKRNGDFFZ",
        "user_profile": {
            "avatar_hash": "62ae36e8a132",
            "image_72": "https:\/\/avatars.slack-edge.com\/2019-06-29\/679787214084_62ae36e8a132791cd71b_72.png",
            "first_name": "Ranga",
            "real_name": "Ranga Lakshminarayanan",
            "display_name": "Ranga",
            "team": "TKRNGDFFZ",
            "name": "rangabalaji",
            "is_restricted": false,
            "is_ultra_restricted": false
        }
    },
    {
        "type": "message",
        "text": "",
        "files": [
            {
                "id": "FNDQ7562K",
                "created": 1568405219,
                "timestamp": 1568407279,
                "name": "6pm_Update_9_13_Friday",
                "title": "6pm Update 9\/13 Friday",
                "mimetype": "application\/vnd.slack-docs",
                "filetype": "docs",
                "pretty_type": "Arugula",
                "user": "UKPCZJWQL",
                "editable": true,
                "size": 1340,
                "mode": "docs",
                "is_external": false,
                "external_type": "",
                "is_public": true,
                "public_url_shared": false,
                "display_as_bot": false,
                "username": "",
                "url_private": "https:\/\/files.slack.com\/files-pri\/TKRNGDFFZ-FNDQ7562K\/6pm_Update_9_13_Friday?t=xoxe-671764457543-761495007360-748720106514-e22867dc4a96f2e14ff182795f11301c",
                "url_private_download": "https:\/\/files.slack.com\/files-pri\/TKRNGDFFZ-FNDQ7562K\/download\/6pm_Update_9_13_Friday?t=xoxe-671764457543-761495007360-748720106514-e22867dc4a96f2e14ff182795f11301c",
                "permalink": "https:\/\/scrgt-bdso.slack.com\/files\/TKRNGDFFZ\/FNDQ7562K",
                "permalink_public": "https:\/\/slack-files.com\/TKRNGDFFZ-FNDQ7562K-3dfa960205",
                "preview": "<p>Please try out the application its working for me<br\/><a href=\"https:\/\/scrgt-bdso-cc-frontend-dev.ocp.testing.salientcrgt-bdso.com\/celebrities\" target=\"_blank\">https:&#x2F;&#x2F;scrgt-bdso-cc-frontend-dev.ocp.testing.salientcrgt-bdso.com&#x2F;celebrities<\/a> <br\/><\/p><ol><li>Business User : test-user&#x2F;test123<\/li><li>Supervisor:       test-supervisor&#x2F;test123<\/li><li>DataScience    test-ds&#x2F;test123<\/li><\/ol><p><br\/><strong><u>Know Frontend Changes:<\/u><\/strong><\/p><ol><li>Search functionality will be implemented later tonight<\/li><li>Recommendation needs to be integrated properly<\/li><li>Alignment and Styling issues are remaining<\/li><li>The initial data load is taking 9-10 secs<\/li><li>Scroll up and down movie stars does not work for now<\/li><li>Some people see scroll icon and data does not load, for me its loading on Chrome and not loading on Firefox.<\/li><li>The data science page is working, 1 graph is not implemented and engineers are looking for some suggestion for showing something else (UX&#x2F;Jacquie?)<\/li><\/ol><p><br\/><strong><u>DevOps<\/u><\/strong><\/p><ol><li>Stable for now, every 1 build in 5 was not working but we were also making many changes. <\/li><li>Moving forward we will be having only bug fixes so hoping to stablize the pipeline and move towards 10 out of 10 successful builds.<\/li><\/ol>",
                "editor": null,
                "last_editor": "UKPCZJWQL",
                "non_owner_editable": false,
                "updated": 1568407279,
                "is_starred": false,
                "has_rich_preview": false
            }
        ],
        "upload": false,
        "user": "UKPCZJWQL",
        "display_as_bot": false,
        "ts": "1568407353.097700"
    },
    {
        "client_msg_id": "f77a9ca5-80b1-4bcb-9a26-068f663cb05a",
        "type": "message",
        "text": "<!channel> <http:\/\/jenkins.testing.salientcrgt-bdso.com:8080\/> seems unresponsive. However, <http:\/\/jenkins.bdsotransition.salientcrgt-bdso.com:8080> is available. It doesn't have git hook configured but you can use to build code for now.",
        "user": "UKR4GLQKF",
        "ts": "1568424515.001500",
        "team": "TKRNGDFFZ",
        "user_team": "TKRNGDFFZ",
        "source_team": "TKRNGDFFZ",
        "user_profile": {
            "avatar_hash": "gf6859e536fb",
            "image_72": "https:\/\/secure.gravatar.com\/avatar\/f6859e536fb63a6f9d862b2f3fb9684c.jpg?s=72&d=https%3A%2F%2Fa.slack-edge.com%2F80588%2Fimg%2Favatars%2Fava_0015-72.png",
            "first_name": "",
            "real_name": "Amit Yadav",
            "display_name": "",
            "team": "TKRNGDFFZ",
            "name": "amit",
            "is_restricted": false,
            "is_ultra_restricted": false
        }
    },
    {
        "client_msg_id": "028C191B-2773-4CBA-A02B-8FE790B77936",
        "type": "message",
        "text": "I will add githooks to bdsotransition. Has to be done manually on the git side",
        "user": "UL284UA1J",
        "ts": "1568425676.002400",
        "team": "TKRNGDFFZ",
        "user_team": "TKRNGDFFZ",
        "source_team": "TKRNGDFFZ",
        "user_profile": {
            "avatar_hash": "g68abbeef961",
            "image_72": "https:\/\/secure.gravatar.com\/avatar\/68abbeef9611a51f2c362e3d99271b2e.jpg?s=72&d=https%3A%2F%2Fa.slack-edge.com%2F80588%2Fimg%2Favatars%2Fava_0015-72.png",
            "first_name": "",
            "real_name": "Gary Morris",
            "display_name": "Gary Morris",
            "team": "TKRNGDFFZ",
            "name": "gary.morris",
            "is_restricted": false,
            "is_ultra_restricted": false
        }
    }
]