[
    {
        "client_msg_id": "cb7cefdb-ad52-44fd-ae9b-c02093b3f1d7",
        "type": "message",
        "text": "<@UKPCZJWQL> <@UL0GK1LJD> Can someone give me AWS access ? I need to replace a document that i am using for Dataloading.",
        "user": "UL2480LK0",
        "ts": "1568046401.043700",
        "team": "TKRNGDFFZ",
        "user_team": "TKRNGDFFZ",
        "source_team": "TKRNGDFFZ",
        "user_profile": {
            "avatar_hash": "62ae36e8a132",
            "image_72": "https:\/\/avatars.slack-edge.com\/2019-06-29\/679787214084_62ae36e8a132791cd71b_72.png",
            "first_name": "Ranga",
            "real_name": "Ranga Lakshminarayanan",
            "display_name": "Ranga",
            "team": "TKRNGDFFZ",
            "name": "rangabalaji",
            "is_restricted": false,
            "is_ultra_restricted": false
        }
    },
    {
        "client_msg_id": "1e395488-8920-4785-acf6-69c5b57cd184",
        "type": "message",
        "text": "<@UL2480LK0> vijay can do it , but it may be faster if you ask <@UL0GK1LJD> to do it for you",
        "user": "UKPCZJWQL",
        "ts": "1568046593.044200",
        "team": "TKRNGDFFZ",
        "user_team": "TKRNGDFFZ",
        "source_team": "TKRNGDFFZ",
        "user_profile": {
            "avatar_hash": "g36d88e4c93b",
            "image_72": "https:\/\/secure.gravatar.com\/avatar\/36d88e4c93b31bcf505cfdf1b76c86a9.jpg?s=72&d=https%3A%2F%2Fa.slack-edge.com%2F80588%2Fimg%2Favatars%2Fava_0020-72.png",
            "first_name": "Pramod",
            "real_name": "Pramod Malhotra",
            "display_name": "",
            "team": "TKRNGDFFZ",
            "name": "pramod.malhotra",
            "is_restricted": false,
            "is_ultra_restricted": false
        }
    },
    {
        "client_msg_id": "541770a5-e77f-47ab-ba1d-9edb985ca94f",
        "type": "message",
        "text": "ok",
        "user": "UL0GK1LJD",
        "ts": "1568046911.044400",
        "team": "TKRNGDFFZ",
        "user_team": "TKRNGDFFZ",
        "source_team": "TKRNGDFFZ",
        "user_profile": {
            "avatar_hash": "g8455934aab6",
            "image_72": "https:\/\/secure.gravatar.com\/avatar\/8455934aab6b3c7afceec7d3255ecd8b.jpg?s=72&d=https%3A%2F%2Fa.slack-edge.com%2F80588%2Fimg%2Favatars%2Fava_0004-72.png",
            "first_name": "",
            "real_name": "Vijay S Deshmukh",
            "display_name": "Vijay S Deshmukh",
            "team": "TKRNGDFFZ",
            "name": "vj_deshmukh",
            "is_restricted": false,
            "is_ultra_restricted": false
        }
    },
    {
        "client_msg_id": "4fe7d782-7a29-4fb0-bb4f-de68d51206df",
        "type": "message",
        "text": "which acct ?",
        "user": "UL0GK1LJD",
        "ts": "1568046926.044800",
        "team": "TKRNGDFFZ",
        "user_team": "TKRNGDFFZ",
        "source_team": "TKRNGDFFZ",
        "user_profile": {
            "avatar_hash": "g8455934aab6",
            "image_72": "https:\/\/secure.gravatar.com\/avatar\/8455934aab6b3c7afceec7d3255ecd8b.jpg?s=72&d=https%3A%2F%2Fa.slack-edge.com%2F80588%2Fimg%2Favatars%2Fava_0004-72.png",
            "first_name": "",
            "real_name": "Vijay S Deshmukh",
            "display_name": "Vijay S Deshmukh",
            "team": "TKRNGDFFZ",
            "name": "vj_deshmukh",
            "is_restricted": false,
            "is_ultra_restricted": false
        }
    },
    {
        "client_msg_id": "5c19b6e5-bbd1-40cf-83bb-116a5730ce54",
        "type": "message",
        "text": "#channel UPDATE ON BDSO",
        "user": "UKPCZJWQL",
        "ts": "1568049725.045400",
        "team": "TKRNGDFFZ",
        "user_team": "TKRNGDFFZ",
        "source_team": "TKRNGDFFZ",
        "user_profile": {
            "avatar_hash": "g36d88e4c93b",
            "image_72": "https:\/\/secure.gravatar.com\/avatar\/36d88e4c93b31bcf505cfdf1b76c86a9.jpg?s=72&d=https%3A%2F%2Fa.slack-edge.com%2F80588%2Fimg%2Favatars%2Fava_0020-72.png",
            "first_name": "Pramod",
            "real_name": "Pramod Malhotra",
            "display_name": "",
            "team": "TKRNGDFFZ",
            "name": "pramod.malhotra",
            "is_restricted": false,
            "is_ultra_restricted": false
        }
    },
    {
        "client_msg_id": "47249925-6f52-4f6a-a83d-4478e3fd99ed",
        "type": "message",
        "text": "We are running one more time the complete automated scripts. It should finish in 30-45 minutes. The expectation is it will create frontend URL and also load the ES and PostgreSQL with Data and frontend should be able to see some real DATA on Celebrity pages",
        "user": "UKPCZJWQL",
        "ts": "1568049798.046700",
        "team": "TKRNGDFFZ",
        "user_team": "TKRNGDFFZ",
        "source_team": "TKRNGDFFZ",
        "user_profile": {
            "avatar_hash": "g36d88e4c93b",
            "image_72": "https:\/\/secure.gravatar.com\/avatar\/36d88e4c93b31bcf505cfdf1b76c86a9.jpg?s=72&d=https%3A%2F%2Fa.slack-edge.com%2F80588%2Fimg%2Favatars%2Fava_0020-72.png",
            "first_name": "Pramod",
            "real_name": "Pramod Malhotra",
            "display_name": "",
            "team": "TKRNGDFFZ",
            "name": "pramod.malhotra",
            "is_restricted": false,
            "is_ultra_restricted": false
        }
    },
    {
        "client_msg_id": "b7f10c12-55c3-445e-9a62-55874c3479e2",
        "type": "message",
        "text": "Backend team was working on some fix for data not being in proper format, i hope those changes are in and we will see..if not we will need to repeat the same process again. Fixes and Testing is happening in Parallel.",
        "user": "UKPCZJWQL",
        "ts": "1568049859.048000",
        "team": "TKRNGDFFZ",
        "user_team": "TKRNGDFFZ",
        "source_team": "TKRNGDFFZ",
        "user_profile": {
            "avatar_hash": "g36d88e4c93b",
            "image_72": "https:\/\/secure.gravatar.com\/avatar\/36d88e4c93b31bcf505cfdf1b76c86a9.jpg?s=72&d=https%3A%2F%2Fa.slack-edge.com%2F80588%2Fimg%2Favatars%2Fava_0020-72.png",
            "first_name": "Pramod",
            "real_name": "Pramod Malhotra",
            "display_name": "",
            "team": "TKRNGDFFZ",
            "name": "pramod.malhotra",
            "is_restricted": false,
            "is_ultra_restricted": false
        }
    },
    {
        "client_msg_id": "cae0339f-a2e4-420a-80bf-700226b42f58",
        "type": "message",
        "text": "<@UKPCZJWQL>: the new changes are deployed in Dev Env.",
        "user": "UL2480LK0",
        "ts": "1568051107.048500",
        "team": "TKRNGDFFZ",
        "user_team": "TKRNGDFFZ",
        "source_team": "TKRNGDFFZ",
        "user_profile": {
            "avatar_hash": "62ae36e8a132",
            "image_72": "https:\/\/avatars.slack-edge.com\/2019-06-29\/679787214084_62ae36e8a132791cd71b_72.png",
            "first_name": "Ranga",
            "real_name": "Ranga Lakshminarayanan",
            "display_name": "Ranga",
            "team": "TKRNGDFFZ",
            "name": "rangabalaji",
            "is_restricted": false,
            "is_ultra_restricted": false
        }
    },
    {
        "client_msg_id": "1e79fc2b-dd57-40d0-96e7-af4298275311",
        "type": "message",
        "text": "<@UL2480LK0> you needed access. Is that to an S3 bucket? If you prefer, send me the doc (<mailto:vj_deshmukh@yahoo.com|vj_deshmukh@yahoo.com>) and I can add. If its already done, great!",
        "user": "UL0GK1LJD",
        "ts": "1568055346.049600",
        "team": "TKRNGDFFZ",
        "user_team": "TKRNGDFFZ",
        "source_team": "TKRNGDFFZ",
        "user_profile": {
            "avatar_hash": "g8455934aab6",
            "image_72": "https:\/\/secure.gravatar.com\/avatar\/8455934aab6b3c7afceec7d3255ecd8b.jpg?s=72&d=https%3A%2F%2Fa.slack-edge.com%2F80588%2Fimg%2Favatars%2Fava_0004-72.png",
            "first_name": "",
            "real_name": "Vijay S Deshmukh",
            "display_name": "Vijay S Deshmukh",
            "team": "TKRNGDFFZ",
            "name": "vj_deshmukh",
            "is_restricted": false,
            "is_ultra_restricted": false
        }
    },
    {
        "client_msg_id": "367a2abc-56d2-4765-8c20-832ea419933a",
        "type": "message",
        "text": "what is doc ? you need my email ? <@UL0GK1LJD>",
        "user": "UL2480LK0",
        "ts": "1568064861.050300",
        "team": "TKRNGDFFZ",
        "user_team": "TKRNGDFFZ",
        "source_team": "TKRNGDFFZ",
        "user_profile": {
            "avatar_hash": "62ae36e8a132",
            "image_72": "https:\/\/avatars.slack-edge.com\/2019-06-29\/679787214084_62ae36e8a132791cd71b_72.png",
            "first_name": "Ranga",
            "real_name": "Ranga Lakshminarayanan",
            "display_name": "Ranga",
            "team": "TKRNGDFFZ",
            "name": "rangabalaji",
            "is_restricted": false,
            "is_ultra_restricted": false
        }
    },
    {
        "client_msg_id": "abd3bdaa-5efb-4604-9603-fc15c52ed990",
        "type": "message",
        "text": "You had asked for aaccess to AWS. In ref to that want to know if you need something added to S3 or what. If you need access to AWS let me know and I can createone for you",
        "user": "UL0GK1LJD",
        "ts": "1568065138.051200",
        "team": "TKRNGDFFZ",
        "user_team": "TKRNGDFFZ",
        "source_team": "TKRNGDFFZ",
        "user_profile": {
            "avatar_hash": "g8455934aab6",
            "image_72": "https:\/\/secure.gravatar.com\/avatar\/8455934aab6b3c7afceec7d3255ecd8b.jpg?s=72&d=https%3A%2F%2Fa.slack-edge.com%2F80588%2Fimg%2Favatars%2Fava_0004-72.png",
            "first_name": "",
            "real_name": "Vijay S Deshmukh",
            "display_name": "Vijay S Deshmukh",
            "team": "TKRNGDFFZ",
            "name": "vj_deshmukh",
            "is_restricted": false,
            "is_ultra_restricted": false
        }
    }
]