[
    {
        "type": "message",
        "text": "",
        "files": [
            {
                "id": "FMYE9515F",
                "created": 1567984560,
                "timestamp": 1567984560,
                "name": "IMG_20190908_181912.jpg",
                "title": "IMG_20190908_181912.jpg",
                "mimetype": "image\/jpeg",
                "filetype": "jpg",
                "pretty_type": "JPEG",
                "user": "UKPCZJWQL",
                "editable": false,
                "size": 99851,
                "mode": "hosted",
                "is_external": false,
                "external_type": "",
                "is_public": true,
                "public_url_shared": false,
                "display_as_bot": false,
                "username": "",
                "url_private": "https:\/\/files.slack.com\/files-pri\/TKRNGDFFZ-FMYE9515F\/img_20190908_181912.jpg?t=xoxe-671764457543-761495007360-748720106514-e22867dc4a96f2e14ff182795f11301c",
                "url_private_download": "https:\/\/files.slack.com\/files-pri\/TKRNGDFFZ-FMYE9515F\/download\/img_20190908_181912.jpg?t=xoxe-671764457543-761495007360-748720106514-e22867dc4a96f2e14ff182795f11301c",
                "thumb_64": "https:\/\/files.slack.com\/files-tmb\/TKRNGDFFZ-FMYE9515F-42574ca236\/img_20190908_181912_64.jpg?t=xoxe-671764457543-761495007360-748720106514-e22867dc4a96f2e14ff182795f11301c",
                "thumb_80": "https:\/\/files.slack.com\/files-tmb\/TKRNGDFFZ-FMYE9515F-42574ca236\/img_20190908_181912_80.jpg?t=xoxe-671764457543-761495007360-748720106514-e22867dc4a96f2e14ff182795f11301c",
                "thumb_360": "https:\/\/files.slack.com\/files-tmb\/TKRNGDFFZ-FMYE9515F-42574ca236\/img_20190908_181912_360.jpg?t=xoxe-671764457543-761495007360-748720106514-e22867dc4a96f2e14ff182795f11301c",
                "thumb_360_w": 360,
                "thumb_360_h": 360,
                "thumb_480": "https:\/\/files.slack.com\/files-tmb\/TKRNGDFFZ-FMYE9515F-42574ca236\/img_20190908_181912_480.jpg?t=xoxe-671764457543-761495007360-748720106514-e22867dc4a96f2e14ff182795f11301c",
                "thumb_480_w": 480,
                "thumb_480_h": 480,
                "thumb_160": "https:\/\/files.slack.com\/files-tmb\/TKRNGDFFZ-FMYE9515F-42574ca236\/img_20190908_181912_160.jpg?t=xoxe-671764457543-761495007360-748720106514-e22867dc4a96f2e14ff182795f11301c",
                "thumb_720": "https:\/\/files.slack.com\/files-tmb\/TKRNGDFFZ-FMYE9515F-42574ca236\/img_20190908_181912_720.jpg?t=xoxe-671764457543-761495007360-748720106514-e22867dc4a96f2e14ff182795f11301c",
                "thumb_720_w": 720,
                "thumb_720_h": 720,
                "thumb_800": "https:\/\/files.slack.com\/files-tmb\/TKRNGDFFZ-FMYE9515F-42574ca236\/img_20190908_181912_800.jpg?t=xoxe-671764457543-761495007360-748720106514-e22867dc4a96f2e14ff182795f11301c",
                "thumb_800_w": 800,
                "thumb_800_h": 800,
                "thumb_960": "https:\/\/files.slack.com\/files-tmb\/TKRNGDFFZ-FMYE9515F-42574ca236\/img_20190908_181912_960.jpg?t=xoxe-671764457543-761495007360-748720106514-e22867dc4a96f2e14ff182795f11301c",
                "thumb_960_w": 960,
                "thumb_960_h": 960,
                "thumb_1024": "https:\/\/files.slack.com\/files-tmb\/TKRNGDFFZ-FMYE9515F-42574ca236\/img_20190908_181912_1024.jpg?t=xoxe-671764457543-761495007360-748720106514-e22867dc4a96f2e14ff182795f11301c",
                "thumb_1024_w": 1024,
                "thumb_1024_h": 1024,
                "image_exif_rotation": 6,
                "original_w": 2160,
                "original_h": 2160,
                "permalink": "https:\/\/scrgt-bdso.slack.com\/files\/UKPCZJWQL\/FMYE9515F\/img_20190908_181912.jpg",
                "permalink_public": "https:\/\/slack-files.com\/TKRNGDFFZ-FMYE9515F-c6d05521ea",
                "is_starred": false,
                "has_rich_preview": false
            }
        ],
        "upload": true,
        "user": "UKPCZJWQL",
        "display_as_bot": false,
        "ts": "1567984560.499100",
        "client_msg_id": "03109138-1f73-45ad-b3c0-06075f756916"
    }
]