[
    {
        "client_msg_id": "548611ff-b844-4564-b29f-1d6c066b2ae6",
        "type": "message",
        "text": "<!channel> Data science devops pipeline <https:\/\/github.com\/SalientCRGT\/scrgt-bdso-cc-startup\/raw\/ft-deploymentarch\/out\/docs\/arch\/Data%20Science%20Pipeline\/DatasciencePipeline.png>",
        "user": "UKR4GLQKF",
        "ts": "1567512842.165500",
        "team": "TKRNGDFFZ",
        "user_team": "TKRNGDFFZ",
        "source_team": "TKRNGDFFZ",
        "user_profile": {
            "avatar_hash": "gf6859e536fb",
            "image_72": "https:\/\/secure.gravatar.com\/avatar\/f6859e536fb63a6f9d862b2f3fb9684c.jpg?s=72&d=https%3A%2F%2Fa.slack-edge.com%2F80588%2Fimg%2Favatars%2Fava_0015-72.png",
            "first_name": "",
            "real_name": "Amit Yadav",
            "display_name": "",
            "team": "TKRNGDFFZ",
            "name": "amit",
            "is_restricted": false,
            "is_ultra_restricted": false
        },
        "thread_ts": "1567512842.165500",
        "reply_count": 3,
        "reply_users_count": 3,
        "latest_reply": "1567515698.168600",
        "reply_users": [
            "UKCPDF2M8",
            "UKPCZJWQL",
            "UKR4GLQKF"
        ],
        "replies": [
            {
                "user": "UKCPDF2M8",
                "ts": "1567513293.167200"
            },
            {
                "user": "UKPCZJWQL",
                "ts": "1567514388.168300"
            },
            {
                "user": "UKR4GLQKF",
                "ts": "1567515698.168600"
            }
        ],
        "subscribed": true,
        "last_read": "1567515698.168600"
    },
    {
        "client_msg_id": "df445e8e-78b9-4c65-bd78-cc83e41f4df0",
        "type": "message",
        "text": "<!channel> the data load steps during start up. <https:\/\/github.com\/SalientCRGT\/scrgt-bdso-cc-startup\/raw\/ft-deploymentarch\/out\/docs\/arch\/Startup%20Dataflow%20activity\/Data%20processing%20at%20cluster%20startup.png>",
        "user": "UKR4GLQKF",
        "ts": "1567512907.166400",
        "team": "TKRNGDFFZ",
        "user_team": "TKRNGDFFZ",
        "source_team": "TKRNGDFFZ",
        "user_profile": {
            "avatar_hash": "gf6859e536fb",
            "image_72": "https:\/\/secure.gravatar.com\/avatar\/f6859e536fb63a6f9d862b2f3fb9684c.jpg?s=72&d=https%3A%2F%2Fa.slack-edge.com%2F80588%2Fimg%2Favatars%2Fava_0015-72.png",
            "first_name": "",
            "real_name": "Amit Yadav",
            "display_name": "",
            "team": "TKRNGDFFZ",
            "name": "amit",
            "is_restricted": false,
            "is_ultra_restricted": false
        },
        "thread_ts": "1567512907.166400",
        "reply_count": 1,
        "reply_users_count": 1,
        "latest_reply": "1567513366.167500",
        "reply_users": [
            "UKCPDF2M8"
        ],
        "replies": [
            {
                "user": "UKCPDF2M8",
                "ts": "1567513366.167500"
            }
        ],
        "subscribed": false
    },
    {
        "client_msg_id": "6c0bd031-a251-4ace-8719-66237bdebd1e",
        "type": "message",
        "text": "<!channel> Source data refresh pipeline <https:\/\/github.com\/SalientCRGT\/scrgt-bdso-cc-startup\/raw\/ft-deploymentarch\/out\/docs\/arch\/Refresh%20Dataflow%20activity\/Data%20processing%20at%20cluster%20startup.png>",
        "user": "UKR4GLQKF",
        "ts": "1567512964.167100",
        "team": "TKRNGDFFZ",
        "user_team": "TKRNGDFFZ",
        "source_team": "TKRNGDFFZ",
        "user_profile": {
            "avatar_hash": "gf6859e536fb",
            "image_72": "https:\/\/secure.gravatar.com\/avatar\/f6859e536fb63a6f9d862b2f3fb9684c.jpg?s=72&d=https%3A%2F%2Fa.slack-edge.com%2F80588%2Fimg%2Favatars%2Fava_0015-72.png",
            "first_name": "",
            "real_name": "Amit Yadav",
            "display_name": "",
            "team": "TKRNGDFFZ",
            "name": "amit",
            "is_restricted": false,
            "is_ultra_restricted": false
        },
        "thread_ts": "1567512964.167100",
        "reply_count": 1,
        "reply_users_count": 1,
        "latest_reply": "1567513375.167700",
        "reply_users": [
            "UKCPDF2M8"
        ],
        "replies": [
            {
                "user": "UKCPDF2M8",
                "ts": "1567513375.167700"
            }
        ],
        "subscribed": false
    },
    {
        "type": "message",
        "subtype": "thread_broadcast",
        "text": "<@UKR4GLQKF>, thanks for the .png files. Everyone, please tag the <#CMC7WU5CJ|documentation> channel when you post process flows and other images that may be useful for documentation. Thanks.",
        "user": "UKCPDF2M8",
        "ts": "1567513293.167200",
        "thread_ts": "1567512842.165500",
        "root": {
            "client_msg_id": "548611ff-b844-4564-b29f-1d6c066b2ae6",
            "type": "message",
            "text": "<!channel> Data science devops pipeline <https:\/\/github.com\/SalientCRGT\/scrgt-bdso-cc-startup\/raw\/ft-deploymentarch\/out\/docs\/arch\/Data%20Science%20Pipeline\/DatasciencePipeline.png>",
            "user": "UKR4GLQKF",
            "ts": "1567512842.165500",
            "team": "TKRNGDFFZ",
            "thread_ts": "1567512842.165500",
            "reply_count": 3,
            "reply_users_count": 3,
            "latest_reply": "1567515698.168600",
            "reply_users": [
                "UKCPDF2M8",
                "UKPCZJWQL",
                "UKR4GLQKF"
            ],
            "replies": [
                {
                    "user": "UKCPDF2M8",
                    "ts": "1567513293.167200"
                },
                {
                    "user": "UKPCZJWQL",
                    "ts": "1567514388.168300"
                },
                {
                    "user": "UKR4GLQKF",
                    "ts": "1567515698.168600"
                }
            ],
            "subscribed": true,
            "last_read": "1567515698.168600"
        },
        "client_msg_id": "31e0504a-9d5b-4660-a985-51658ac27924",
        "reactions": [
            {
                "name": "+1",
                "users": [
                    "UL1DRU6R3"
                ],
                "count": 1
            }
        ]
    },
    {
        "client_msg_id": "30c6cb15-21d5-4387-95f0-bdc7f9584b49",
        "type": "message",
        "text": "<#CMC7WU5CJ|documentation>",
        "user": "UKCPDF2M8",
        "ts": "1567513366.167500",
        "team": "TKRNGDFFZ",
        "user_team": "TKRNGDFFZ",
        "source_team": "TKRNGDFFZ",
        "user_profile": {
            "avatar_hash": "ga49c381db72",
            "image_72": "https:\/\/secure.gravatar.com\/avatar\/a49c381db722ce1000f9de8d781c0417.jpg?s=72&d=https%3A%2F%2Fa.slack-edge.com%2F80588%2Fimg%2Favatars%2Fava_0019-72.png",
            "first_name": "",
            "real_name": "Alice Blackburn",
            "display_name": "",
            "team": "TKRNGDFFZ",
            "name": "alice.blackburn",
            "is_restricted": false,
            "is_ultra_restricted": false
        },
        "thread_ts": "1567512907.166400",
        "parent_user_id": "UKR4GLQKF"
    },
    {
        "client_msg_id": "0a96ba06-8812-4ad1-8ba5-01cb72987b6f",
        "type": "message",
        "text": "<#CMC7WU5CJ|documentation>",
        "user": "UKCPDF2M8",
        "ts": "1567513375.167700",
        "team": "TKRNGDFFZ",
        "user_team": "TKRNGDFFZ",
        "source_team": "TKRNGDFFZ",
        "user_profile": {
            "avatar_hash": "ga49c381db72",
            "image_72": "https:\/\/secure.gravatar.com\/avatar\/a49c381db722ce1000f9de8d781c0417.jpg?s=72&d=https%3A%2F%2Fa.slack-edge.com%2F80588%2Fimg%2Favatars%2Fava_0019-72.png",
            "first_name": "",
            "real_name": "Alice Blackburn",
            "display_name": "",
            "team": "TKRNGDFFZ",
            "name": "alice.blackburn",
            "is_restricted": false,
            "is_ultra_restricted": false
        },
        "thread_ts": "1567512964.167100",
        "parent_user_id": "UKR4GLQKF"
    },
    {
        "client_msg_id": "b6cf96fa-cba2-49bb-b8c1-439bbc9f2078",
        "type": "message",
        "text": "We may want to remove nexus, unless we reintroduced it . Also, I thought for docker containers they were using dockerhub and not github.",
        "user": "UKPCZJWQL",
        "ts": "1567514388.168300",
        "team": "TKRNGDFFZ",
        "user_team": "TKRNGDFFZ",
        "source_team": "TKRNGDFFZ",
        "user_profile": {
            "avatar_hash": "g36d88e4c93b",
            "image_72": "https:\/\/secure.gravatar.com\/avatar\/36d88e4c93b31bcf505cfdf1b76c86a9.jpg?s=72&d=https%3A%2F%2Fa.slack-edge.com%2F80588%2Fimg%2Favatars%2Fava_0020-72.png",
            "first_name": "Pramod",
            "real_name": "Pramod Malhotra",
            "display_name": "",
            "team": "TKRNGDFFZ",
            "name": "pramod.malhotra",
            "is_restricted": false,
            "is_ultra_restricted": false
        },
        "thread_ts": "1567512842.165500",
        "parent_user_id": "UKR4GLQKF"
    },
    {
        "client_msg_id": "12DB1DB0-18CC-46AA-AE6A-52A86E5A88D1",
        "type": "message",
        "text": "Will change this ",
        "user": "UKR4GLQKF",
        "ts": "1567515698.168600",
        "team": "TKRNGDFFZ",
        "user_team": "TKRNGDFFZ",
        "source_team": "TKRNGDFFZ",
        "user_profile": {
            "avatar_hash": "gf6859e536fb",
            "image_72": "https:\/\/secure.gravatar.com\/avatar\/f6859e536fb63a6f9d862b2f3fb9684c.jpg?s=72&d=https%3A%2F%2Fa.slack-edge.com%2F80588%2Fimg%2Favatars%2Fava_0015-72.png",
            "first_name": "",
            "real_name": "Amit Yadav",
            "display_name": "",
            "team": "TKRNGDFFZ",
            "name": "amit",
            "is_restricted": false,
            "is_ultra_restricted": false
        },
        "thread_ts": "1567512842.165500",
        "parent_user_id": "UKR4GLQKF"
    },
    {
        "client_msg_id": "90ABF5F4-E8BD-4920-8491-6F442459DC04",
        "type": "message",
        "text": "<!channel> can I have an update on where everyone is ? Is the front end ready? Are we ready with the API for real data? Is the data science page ready ? ",
        "user": "UMVNX6570",
        "ts": "1567522354.170600",
        "team": "TKRNGDFFZ",
        "user_team": "TKRNGDFFZ",
        "source_team": "TKRNGDFFZ",
        "user_profile": {
            "avatar_hash": "g072ae8fa416",
            "image_72": "https:\/\/secure.gravatar.com\/avatar\/072ae8fa4163bae875575b389aaea9a3.jpg?s=72&d=https%3A%2F%2Fa.slack-edge.com%2F80588%2Fimg%2Favatars%2Fava_0015-72.png",
            "first_name": "",
            "real_name": "Gayatri Anand",
            "display_name": "",
            "team": "TKRNGDFFZ",
            "name": "gayatri.anand-patel",
            "is_restricted": false,
            "is_ultra_restricted": false
        }
    },
    {
        "client_msg_id": "8fbf699c-787a-469a-a4fa-97d9dbe4101c",
        "type": "message",
        "text": "<@UMVNX6570> most likely we will get update only by 6pm from everyone.",
        "user": "UKPCZJWQL",
        "ts": "1567522402.171200",
        "team": "TKRNGDFFZ",
        "user_team": "TKRNGDFFZ",
        "source_team": "TKRNGDFFZ",
        "user_profile": {
            "avatar_hash": "g36d88e4c93b",
            "image_72": "https:\/\/secure.gravatar.com\/avatar\/36d88e4c93b31bcf505cfdf1b76c86a9.jpg?s=72&d=https%3A%2F%2Fa.slack-edge.com%2F80588%2Fimg%2Favatars%2Fava_0020-72.png",
            "first_name": "Pramod",
            "real_name": "Pramod Malhotra",
            "display_name": "",
            "team": "TKRNGDFFZ",
            "name": "pramod.malhotra",
            "is_restricted": false,
            "is_ultra_restricted": false
        }
    },
    {
        "client_msg_id": "c04b556f-cafe-4e42-be39-1bb72efabfa3",
        "type": "message",
        "text": "<@UMVNX6570> you can get a demo from <@UMG4A3JBC> sometime today , also check with <@UMVDJ6JKZ> if she needs help on history work and get her connected with <@UKNH71890>",
        "user": "UKPCZJWQL",
        "ts": "1567522457.172700",
        "team": "TKRNGDFFZ",
        "user_team": "TKRNGDFFZ",
        "source_team": "TKRNGDFFZ",
        "user_profile": {
            "avatar_hash": "g36d88e4c93b",
            "image_72": "https:\/\/secure.gravatar.com\/avatar\/36d88e4c93b31bcf505cfdf1b76c86a9.jpg?s=72&d=https%3A%2F%2Fa.slack-edge.com%2F80588%2Fimg%2Favatars%2Fava_0020-72.png",
            "first_name": "Pramod",
            "real_name": "Pramod Malhotra",
            "display_name": "",
            "team": "TKRNGDFFZ",
            "name": "pramod.malhotra",
            "is_restricted": false,
            "is_ultra_restricted": false
        }
    },
    {
        "client_msg_id": "fa1b23b1-fa2e-49f2-ad4b-4f35f1b8e026",
        "type": "message",
        "text": "Data Science Pipeline is being worked upon, most likely we wil lhave something workng by EOD",
        "user": "UKPCZJWQL",
        "ts": "1567522479.173400",
        "team": "TKRNGDFFZ",
        "user_team": "TKRNGDFFZ",
        "source_team": "TKRNGDFFZ",
        "user_profile": {
            "avatar_hash": "g36d88e4c93b",
            "image_72": "https:\/\/secure.gravatar.com\/avatar\/36d88e4c93b31bcf505cfdf1b76c86a9.jpg?s=72&d=https%3A%2F%2Fa.slack-edge.com%2F80588%2Fimg%2Favatars%2Fava_0020-72.png",
            "first_name": "Pramod",
            "real_name": "Pramod Malhotra",
            "display_name": "",
            "team": "TKRNGDFFZ",
            "name": "pramod.malhotra",
            "is_restricted": false,
            "is_ultra_restricted": false
        }
    },
    {
        "client_msg_id": "b877d12d-df5a-4594-85a2-67c8bab024c1",
        "type": "message",
        "text": "I expect to have ocp config finished tonight. Probably after 18:00 will know more by this evening",
        "user": "UKZFHHJQ4",
        "ts": "1567523089.176000",
        "team": "TKRNGDFFZ",
        "user_team": "TKRNGDFFZ",
        "source_team": "TKRNGDFFZ",
        "user_profile": {
            "avatar_hash": "gb862c6892b8",
            "image_72": "https:\/\/secure.gravatar.com\/avatar\/b862c6892b81861fb8d8490e98b04fb5.jpg?s=72&d=https%3A%2F%2Fa.slack-edge.com%2F80588%2Fimg%2Favatars%2Fava_0012-72.png",
            "first_name": "",
            "real_name": "Shawn Lassiter",
            "display_name": "",
            "team": "TKRNGDFFZ",
            "name": "shawn",
            "is_restricted": false,
            "is_ultra_restricted": false
        }
    },
    {
        "client_msg_id": "00fda60c-f9e7-4499-b65c-aaec863b1f8b",
        "type": "message",
        "text": "<!channel> We got facial recognition model dockerized and deployed to Openshift through CI\/CD pipeline",
        "user": "UKR4GLQKF",
        "ts": "1567555396.177200",
        "team": "TKRNGDFFZ",
        "user_team": "TKRNGDFFZ",
        "source_team": "TKRNGDFFZ",
        "user_profile": {
            "avatar_hash": "gf6859e536fb",
            "image_72": "https:\/\/secure.gravatar.com\/avatar\/f6859e536fb63a6f9d862b2f3fb9684c.jpg?s=72&d=https%3A%2F%2Fa.slack-edge.com%2F80588%2Fimg%2Favatars%2Fava_0015-72.png",
            "first_name": "",
            "real_name": "Amit Yadav",
            "display_name": "",
            "team": "TKRNGDFFZ",
            "name": "amit",
            "is_restricted": false,
            "is_ultra_restricted": false
        },
        "edited": {
            "user": "UKR4GLQKF",
            "ts": "1567555418.000000"
        }
    },
    {
        "client_msg_id": "476dd036-f4b9-4867-93fb-f8668a46a86d",
        "type": "message",
        "text": "<@UL284UA1J> <@UL0GK1LJD> What is the 6.8 Elastic instance? The one shared by Gary in DS project no longer work?",
        "user": "UKR4GLQKF",
        "ts": "1567556605.178100",
        "team": "TKRNGDFFZ",
        "user_team": "TKRNGDFFZ",
        "source_team": "TKRNGDFFZ",
        "user_profile": {
            "avatar_hash": "gf6859e536fb",
            "image_72": "https:\/\/secure.gravatar.com\/avatar\/f6859e536fb63a6f9d862b2f3fb9684c.jpg?s=72&d=https%3A%2F%2Fa.slack-edge.com%2F80588%2Fimg%2Favatars%2Fava_0015-72.png",
            "first_name": "",
            "real_name": "Amit Yadav",
            "display_name": "",
            "team": "TKRNGDFFZ",
            "name": "amit",
            "is_restricted": false,
            "is_ultra_restricted": false
        }
    },
    {
        "client_msg_id": "7C13F130-D2E9-4A7F-BE94-415AF7293012",
        "type": "message",
        "text": "It comes up and down as we bring up and down the environment. <@UL0GK1LJD>  can you provide a link? If not I can spin up an environment ",
        "user": "UL284UA1J",
        "ts": "1567556705.179300",
        "team": "TKRNGDFFZ",
        "user_team": "TKRNGDFFZ",
        "source_team": "TKRNGDFFZ",
        "user_profile": {
            "avatar_hash": "g68abbeef961",
            "image_72": "https:\/\/secure.gravatar.com\/avatar\/68abbeef9611a51f2c362e3d99271b2e.jpg?s=72&d=https%3A%2F%2Fa.slack-edge.com%2F80588%2Fimg%2Favatars%2Fava_0015-72.png",
            "first_name": "",
            "real_name": "Gary Morris",
            "display_name": "Gary Morris",
            "team": "TKRNGDFFZ",
            "name": "gary.morris",
            "is_restricted": false,
            "is_ultra_restricted": false
        }
    },
    {
        "client_msg_id": "b34619fe-422b-4c01-b423-968374586400",
        "type": "message",
        "text": "We need a consistent Elastic search instance for Celebrity API to work",
        "user": "UKR4GLQKF",
        "ts": "1567556736.179800",
        "team": "TKRNGDFFZ",
        "user_team": "TKRNGDFFZ",
        "source_team": "TKRNGDFFZ",
        "user_profile": {
            "avatar_hash": "gf6859e536fb",
            "image_72": "https:\/\/secure.gravatar.com\/avatar\/f6859e536fb63a6f9d862b2f3fb9684c.jpg?s=72&d=https%3A%2F%2Fa.slack-edge.com%2F80588%2Fimg%2Favatars%2Fava_0015-72.png",
            "first_name": "",
            "real_name": "Amit Yadav",
            "display_name": "",
            "team": "TKRNGDFFZ",
            "name": "amit",
            "is_restricted": false,
            "is_ultra_restricted": false
        }
    },
    {
        "client_msg_id": "b7f093e9-45e3-4d94-aa40-85f85b686b27",
        "type": "message",
        "text": "<@UL0GK1LJD> Can you provide?",
        "user": "UKR4GLQKF",
        "ts": "1567557300.180900",
        "team": "TKRNGDFFZ",
        "user_team": "TKRNGDFFZ",
        "source_team": "TKRNGDFFZ",
        "user_profile": {
            "avatar_hash": "gf6859e536fb",
            "image_72": "https:\/\/secure.gravatar.com\/avatar\/f6859e536fb63a6f9d862b2f3fb9684c.jpg?s=72&d=https%3A%2F%2Fa.slack-edge.com%2F80588%2Fimg%2Favatars%2Fava_0015-72.png",
            "first_name": "",
            "real_name": "Amit Yadav",
            "display_name": "",
            "team": "TKRNGDFFZ",
            "name": "amit",
            "is_restricted": false,
            "is_ultra_restricted": false
        }
    },
    {
        "client_msg_id": "165a55c7-0519-4863-883b-ed03cf4436ba",
        "type": "message",
        "text": "they will all come up together and down together.. i can try to keep an environment up for some time.. it’s spinning up now. .i should have a url for you shortly",
        "user": "UL284UA1J",
        "ts": "1567557498.181700",
        "team": "TKRNGDFFZ",
        "user_team": "TKRNGDFFZ",
        "source_team": "TKRNGDFFZ",
        "user_profile": {
            "avatar_hash": "g68abbeef961",
            "image_72": "https:\/\/secure.gravatar.com\/avatar\/68abbeef9611a51f2c362e3d99271b2e.jpg?s=72&d=https%3A%2F%2Fa.slack-edge.com%2F80588%2Fimg%2Favatars%2Fava_0015-72.png",
            "first_name": "",
            "real_name": "Gary Morris",
            "display_name": "Gary Morris",
            "team": "TKRNGDFFZ",
            "name": "gary.morris",
            "is_restricted": false,
            "is_ultra_restricted": false
        }
    },
    {
        "client_msg_id": "80fa96fd-adc0-44c1-b7d0-45647804d127",
        "type": "message",
        "text": "So...What is the elastic search instance for development environment that we can use with OCP?",
        "user": "UKR4GLQKF",
        "ts": "1567557547.182600",
        "team": "TKRNGDFFZ",
        "user_team": "TKRNGDFFZ",
        "source_team": "TKRNGDFFZ",
        "user_profile": {
            "avatar_hash": "gf6859e536fb",
            "image_72": "https:\/\/secure.gravatar.com\/avatar\/f6859e536fb63a6f9d862b2f3fb9684c.jpg?s=72&d=https%3A%2F%2Fa.slack-edge.com%2F80588%2Fimg%2Favatars%2Fava_0015-72.png",
            "first_name": "",
            "real_name": "Amit Yadav",
            "display_name": "",
            "team": "TKRNGDFFZ",
            "name": "amit",
            "is_restricted": false,
            "is_ultra_restricted": false
        }
    },
    {
        "client_msg_id": "d82209e1-264c-4d0a-9d9a-fa437f69b6db",
        "type": "message",
        "text": "The one that doesn't disappear...because we will have data in the cluster",
        "user": "UKR4GLQKF",
        "ts": "1567557594.183300",
        "team": "TKRNGDFFZ",
        "user_team": "TKRNGDFFZ",
        "source_team": "TKRNGDFFZ",
        "user_profile": {
            "avatar_hash": "gf6859e536fb",
            "image_72": "https:\/\/secure.gravatar.com\/avatar\/f6859e536fb63a6f9d862b2f3fb9684c.jpg?s=72&d=https%3A%2F%2Fa.slack-edge.com%2F80588%2Fimg%2Favatars%2Fava_0015-72.png",
            "first_name": "",
            "real_name": "Amit Yadav",
            "display_name": "",
            "team": "TKRNGDFFZ",
            "name": "amit",
            "is_restricted": false,
            "is_ultra_restricted": false
        }
    },
    {
        "client_msg_id": "419b8de1-4506-4763-820d-997858fe6a3e",
        "type": "message",
        "text": "there is one that is outside of OCP that was going to be the 6.8 version.. then one that was inside OCP that was 7.3. right? I was not involved in the creation of the OCP one. Was that one you created and was the information shared with Vijay and\/or Shawn?",
        "user": "UL284UA1J",
        "ts": "1567558635.184500",
        "team": "TKRNGDFFZ",
        "user_team": "TKRNGDFFZ",
        "source_team": "TKRNGDFFZ",
        "user_profile": {
            "avatar_hash": "g68abbeef961",
            "image_72": "https:\/\/secure.gravatar.com\/avatar\/68abbeef9611a51f2c362e3d99271b2e.jpg?s=72&d=https%3A%2F%2Fa.slack-edge.com%2F80588%2Fimg%2Favatars%2Fava_0015-72.png",
            "first_name": "",
            "real_name": "Gary Morris",
            "display_name": "Gary Morris",
            "team": "TKRNGDFFZ",
            "name": "gary.morris",
            "is_restricted": false,
            "is_ultra_restricted": false
        }
    },
    {
        "client_msg_id": "34c18376-f1b2-4b18-94f8-ef9f12d5d875",
        "type": "message",
        "text": "We need one 6.8 elastic available consistently",
        "user": "UKR4GLQKF",
        "ts": "1567558663.185800",
        "team": "TKRNGDFFZ",
        "user_team": "TKRNGDFFZ",
        "source_team": "TKRNGDFFZ",
        "user_profile": {
            "avatar_hash": "gf6859e536fb",
            "image_72": "https:\/\/secure.gravatar.com\/avatar\/f6859e536fb63a6f9d862b2f3fb9684c.jpg?s=72&d=https%3A%2F%2Fa.slack-edge.com%2F80588%2Fimg%2Favatars%2Fava_0015-72.png",
            "first_name": "",
            "real_name": "Amit Yadav",
            "display_name": "",
            "team": "TKRNGDFFZ",
            "name": "amit",
            "is_restricted": false,
            "is_ultra_restricted": false
        }
    },
    {
        "client_msg_id": "eb7698ce-00d0-4fa7-9a4e-1f36868e3ad2",
        "type": "message",
        "text": "It is separate form 7.3 running in cluster",
        "user": "UKR4GLQKF",
        "ts": "1567558678.186300",
        "team": "TKRNGDFFZ",
        "user_team": "TKRNGDFFZ",
        "source_team": "TKRNGDFFZ",
        "user_profile": {
            "avatar_hash": "gf6859e536fb",
            "image_72": "https:\/\/secure.gravatar.com\/avatar\/f6859e536fb63a6f9d862b2f3fb9684c.jpg?s=72&d=https%3A%2F%2Fa.slack-edge.com%2F80588%2Fimg%2Favatars%2Fava_0015-72.png",
            "first_name": "",
            "real_name": "Amit Yadav",
            "display_name": "",
            "team": "TKRNGDFFZ",
            "name": "amit",
            "is_restricted": false,
            "is_ultra_restricted": false
        }
    },
    {
        "client_msg_id": "b76702ed-c9c8-40dd-8a0b-2788a53f0626",
        "type": "message",
        "text": "I’m working on bringing up one of the builds but running into some limits problems in my account.. what I can do for a consistent ES is run a cloudformation for one that remains up.. that should be no problem",
        "user": "UL284UA1J",
        "ts": "1567558696.186700",
        "team": "TKRNGDFFZ",
        "user_team": "TKRNGDFFZ",
        "source_team": "TKRNGDFFZ",
        "user_profile": {
            "avatar_hash": "g68abbeef961",
            "image_72": "https:\/\/secure.gravatar.com\/avatar\/68abbeef9611a51f2c362e3d99271b2e.jpg?s=72&d=https%3A%2F%2Fa.slack-edge.com%2F80588%2Fimg%2Favatars%2Fava_0015-72.png",
            "first_name": "",
            "real_name": "Gary Morris",
            "display_name": "Gary Morris",
            "team": "TKRNGDFFZ",
            "name": "gary.morris",
            "is_restricted": false,
            "is_ultra_restricted": false
        }
    },
    {
        "client_msg_id": "6668af92-8d48-4564-8d5f-c4d09d961262",
        "type": "message",
        "text": "the only issue is then it’s not completely part of the pipeline.. so then any security rules or database connections or whatnot need to be put in manually.. which may be ok as long as we capture what those are..   otherwise  I can spin up an environment and just leave it up for a while.  When you say ‘consistently’ do you mean ‘forever or data will be lost unless backed up’?",
        "user": "UL284UA1J",
        "ts": "1567558798.188300",
        "team": "TKRNGDFFZ",
        "user_team": "TKRNGDFFZ",
        "source_team": "TKRNGDFFZ",
        "user_profile": {
            "avatar_hash": "g68abbeef961",
            "image_72": "https:\/\/secure.gravatar.com\/avatar\/68abbeef9611a51f2c362e3d99271b2e.jpg?s=72&d=https%3A%2F%2Fa.slack-edge.com%2F80588%2Fimg%2Favatars%2Fava_0015-72.png",
            "first_name": "",
            "real_name": "Gary Morris",
            "display_name": "Gary Morris",
            "team": "TKRNGDFFZ",
            "name": "gary.morris",
            "is_restricted": false,
            "is_ultra_restricted": false
        }
    },
    {
        "client_msg_id": "fd5c0c9d-e820-4a09-b38c-c2719a2476d8",
        "type": "message",
        "text": "We don't need to back up but we need elastic cluster for dev, test and prod pipelines",
        "user": "UKR4GLQKF",
        "ts": "1567559881.188800",
        "team": "TKRNGDFFZ",
        "user_team": "TKRNGDFFZ",
        "source_team": "TKRNGDFFZ",
        "user_profile": {
            "avatar_hash": "gf6859e536fb",
            "image_72": "https:\/\/secure.gravatar.com\/avatar\/f6859e536fb63a6f9d862b2f3fb9684c.jpg?s=72&d=https%3A%2F%2Fa.slack-edge.com%2F80588%2Fimg%2Favatars%2Fava_0015-72.png",
            "first_name": "",
            "real_name": "Amit Yadav",
            "display_name": "",
            "team": "TKRNGDFFZ",
            "name": "amit",
            "is_restricted": false,
            "is_ultra_restricted": false
        }
    },
    {
        "type": "message",
        "text": "",
        "files": [
            {
                "id": "FMZA006VA",
                "created": 1567560332,
                "timestamp": 1567560332,
                "name": "image.png",
                "title": "image.png",
                "mimetype": "image\/png",
                "filetype": "png",
                "pretty_type": "PNG",
                "user": "UL284UA1J",
                "editable": false,
                "size": 63455,
                "mode": "hosted",
                "is_external": false,
                "external_type": "",
                "is_public": true,
                "public_url_shared": false,
                "display_as_bot": false,
                "username": "",
                "url_private": "https:\/\/files.slack.com\/files-pri\/TKRNGDFFZ-FMZA006VA\/image.png?t=xoxe-671764457543-761495007360-748720106514-e22867dc4a96f2e14ff182795f11301c",
                "url_private_download": "https:\/\/files.slack.com\/files-pri\/TKRNGDFFZ-FMZA006VA\/download\/image.png?t=xoxe-671764457543-761495007360-748720106514-e22867dc4a96f2e14ff182795f11301c",
                "thumb_64": "https:\/\/files.slack.com\/files-tmb\/TKRNGDFFZ-FMZA006VA-dc16dd225a\/image_64.png?t=xoxe-671764457543-761495007360-748720106514-e22867dc4a96f2e14ff182795f11301c",
                "thumb_80": "https:\/\/files.slack.com\/files-tmb\/TKRNGDFFZ-FMZA006VA-dc16dd225a\/image_80.png?t=xoxe-671764457543-761495007360-748720106514-e22867dc4a96f2e14ff182795f11301c",
                "thumb_360": "https:\/\/files.slack.com\/files-tmb\/TKRNGDFFZ-FMZA006VA-dc16dd225a\/image_360.png?t=xoxe-671764457543-761495007360-748720106514-e22867dc4a96f2e14ff182795f11301c",
                "thumb_360_w": 360,
                "thumb_360_h": 123,
                "thumb_480": "https:\/\/files.slack.com\/files-tmb\/TKRNGDFFZ-FMZA006VA-dc16dd225a\/image_480.png?t=xoxe-671764457543-761495007360-748720106514-e22867dc4a96f2e14ff182795f11301c",
                "thumb_480_w": 480,
                "thumb_480_h": 164,
                "thumb_160": "https:\/\/files.slack.com\/files-tmb\/TKRNGDFFZ-FMZA006VA-dc16dd225a\/image_160.png?t=xoxe-671764457543-761495007360-748720106514-e22867dc4a96f2e14ff182795f11301c",
                "thumb_720": "https:\/\/files.slack.com\/files-tmb\/TKRNGDFFZ-FMZA006VA-dc16dd225a\/image_720.png?t=xoxe-671764457543-761495007360-748720106514-e22867dc4a96f2e14ff182795f11301c",
                "thumb_720_w": 720,
                "thumb_720_h": 246,
                "thumb_800": "https:\/\/files.slack.com\/files-tmb\/TKRNGDFFZ-FMZA006VA-dc16dd225a\/image_800.png?t=xoxe-671764457543-761495007360-748720106514-e22867dc4a96f2e14ff182795f11301c",
                "thumb_800_w": 800,
                "thumb_800_h": 273,
                "thumb_960": "https:\/\/files.slack.com\/files-tmb\/TKRNGDFFZ-FMZA006VA-dc16dd225a\/image_960.png?t=xoxe-671764457543-761495007360-748720106514-e22867dc4a96f2e14ff182795f11301c",
                "thumb_960_w": 960,
                "thumb_960_h": 328,
                "image_exif_rotation": 1,
                "original_w": 1023,
                "original_h": 349,
                "permalink": "https:\/\/scrgt-bdso.slack.com\/files\/UL284UA1J\/FMZA006VA\/image.png",
                "permalink_public": "https:\/\/slack-files.com\/TKRNGDFFZ-FMZA006VA-8f84a3ac2d",
                "is_starred": false,
                "has_rich_preview": false
            }
        ],
        "upload": true,
        "user": "UL284UA1J",
        "display_as_bot": false,
        "ts": "1567560335.189000",
        "client_msg_id": "3b42f9fe-16f2-463d-9a2c-ed841bc5bf31"
    },
    {
        "client_msg_id": "8b86f3d9-7527-464c-8c5e-a54e87ba39c4",
        "type": "message",
        "text": "```ElasticSearch EndPoint (DEV): <https:\/\/search-bdsodev-hyndxzy7svhhic6z6isgx6stla.us-east-2.es.amazonaws.com>\n--------------------------------------------\nElasticSearch EndPoint (TEST): <https:\/\/search-bdsotest-p3e55kkh3r6bhqzoeulozpmqou.us-east-2.es.amazonaws.com>\n--------------------------------------------\nElasticSearch EndPoint (PROD): <https:\/\/search-bdsoprod-t42sortur5yfne62izmeg2p3qq.us-east-2.es.amazonaws.com>\n```",
        "user": "UL284UA1J",
        "ts": "1567560652.189400",
        "team": "TKRNGDFFZ",
        "user_team": "TKRNGDFFZ",
        "source_team": "TKRNGDFFZ",
        "user_profile": {
            "avatar_hash": "g68abbeef961",
            "image_72": "https:\/\/secure.gravatar.com\/avatar\/68abbeef9611a51f2c362e3d99271b2e.jpg?s=72&d=https%3A%2F%2Fa.slack-edge.com%2F80588%2Fimg%2Favatars%2Fava_0015-72.png",
            "first_name": "",
            "real_name": "Gary Morris",
            "display_name": "Gary Morris",
            "team": "TKRNGDFFZ",
            "name": "gary.morris",
            "is_restricted": false,
            "is_ultra_restricted": false
        }
    },
    {
        "client_msg_id": "c68b0515-4de4-4a10-9d64-e76d2ee8acff",
        "type": "message",
        "text": "Thanks",
        "user": "UKR4GLQKF",
        "ts": "1567561255.189600",
        "team": "TKRNGDFFZ",
        "user_team": "TKRNGDFFZ",
        "source_team": "TKRNGDFFZ",
        "user_profile": {
            "avatar_hash": "gf6859e536fb",
            "image_72": "https:\/\/secure.gravatar.com\/avatar\/f6859e536fb63a6f9d862b2f3fb9684c.jpg?s=72&d=https%3A%2F%2Fa.slack-edge.com%2F80588%2Fimg%2Favatars%2Fava_0015-72.png",
            "first_name": "",
            "real_name": "Amit Yadav",
            "display_name": "",
            "team": "TKRNGDFFZ",
            "name": "amit",
            "is_restricted": false,
            "is_ultra_restricted": false
        }
    },
    {
        "client_msg_id": "4147312d-c403-4968-b421-45e44020238a",
        "type": "message",
        "text": "Sorry,",
        "user": "UL0GK1LJD",
        "ts": "1567561536.189800",
        "team": "TKRNGDFFZ",
        "user_team": "TKRNGDFFZ",
        "source_team": "TKRNGDFFZ",
        "user_profile": {
            "avatar_hash": "g8455934aab6",
            "image_72": "https:\/\/secure.gravatar.com\/avatar\/8455934aab6b3c7afceec7d3255ecd8b.jpg?s=72&d=https%3A%2F%2Fa.slack-edge.com%2F80588%2Fimg%2Favatars%2Fava_0004-72.png",
            "first_name": "",
            "real_name": "Vijay S Deshmukh",
            "display_name": "Vijay S Deshmukh",
            "team": "TKRNGDFFZ",
            "name": "vj_deshmukh",
            "is_restricted": false,
            "is_ultra_restricted": false
        }
    },
    {
        "client_msg_id": "5b054656-ad16-4fcf-b610-384af2fdae01",
        "type": "message",
        "text": "i am looking at it now.",
        "user": "UL0GK1LJD",
        "ts": "1567561543.190000",
        "team": "TKRNGDFFZ",
        "user_team": "TKRNGDFFZ",
        "source_team": "TKRNGDFFZ",
        "user_profile": {
            "avatar_hash": "g8455934aab6",
            "image_72": "https:\/\/secure.gravatar.com\/avatar\/8455934aab6b3c7afceec7d3255ecd8b.jpg?s=72&d=https%3A%2F%2Fa.slack-edge.com%2F80588%2Fimg%2Favatars%2Fava_0004-72.png",
            "first_name": "",
            "real_name": "Vijay S Deshmukh",
            "display_name": "Vijay S Deshmukh",
            "team": "TKRNGDFFZ",
            "name": "vj_deshmukh",
            "is_restricted": false,
            "is_ultra_restricted": false
        }
    },
    {
        "client_msg_id": "932840a7-ab6f-4f33-bbc7-2d4ed8ecc499",
        "type": "message",
        "text": "Can you also post notes related to devsecops in the devops channel pl? Thanks",
        "user": "UL0GK1LJD",
        "ts": "1567561568.190500",
        "team": "TKRNGDFFZ",
        "user_team": "TKRNGDFFZ",
        "source_team": "TKRNGDFFZ",
        "user_profile": {
            "avatar_hash": "g8455934aab6",
            "image_72": "https:\/\/secure.gravatar.com\/avatar\/8455934aab6b3c7afceec7d3255ecd8b.jpg?s=72&d=https%3A%2F%2Fa.slack-edge.com%2F80588%2Fimg%2Favatars%2Fava_0004-72.png",
            "first_name": "",
            "real_name": "Vijay S Deshmukh",
            "display_name": "Vijay S Deshmukh",
            "team": "TKRNGDFFZ",
            "name": "vj_deshmukh",
            "is_restricted": false,
            "is_ultra_restricted": false
        }
    },
    {
        "client_msg_id": "67b9c168-436f-4122-ba83-3fff239bde16",
        "type": "message",
        "text": "Amit, you can run the infra from the develop branch in your acct and you should be able to create  the ES and EMR clusters",
        "user": "UL0GK1LJD",
        "ts": "1567561626.191100",
        "team": "TKRNGDFFZ",
        "user_team": "TKRNGDFFZ",
        "source_team": "TKRNGDFFZ",
        "user_profile": {
            "avatar_hash": "g8455934aab6",
            "image_72": "https:\/\/secure.gravatar.com\/avatar\/8455934aab6b3c7afceec7d3255ecd8b.jpg?s=72&d=https%3A%2F%2Fa.slack-edge.com%2F80588%2Fimg%2Favatars%2Fava_0004-72.png",
            "first_name": "",
            "real_name": "Vijay S Deshmukh",
            "display_name": "Vijay S Deshmukh",
            "team": "TKRNGDFFZ",
            "name": "vj_deshmukh",
            "is_restricted": false,
            "is_ultra_restricted": false
        },
        "edited": {
            "user": "UL0GK1LJD",
            "ts": "1567561668.000000"
        }
    },
    {
        "client_msg_id": "17a2d2c3-ef86-4cb2-bef3-bfe7fa0458af",
        "type": "message",
        "text": "This will also help in testing. Thanks",
        "user": "UL0GK1LJD",
        "ts": "1567561644.191500",
        "team": "TKRNGDFFZ",
        "user_team": "TKRNGDFFZ",
        "source_team": "TKRNGDFFZ",
        "user_profile": {
            "avatar_hash": "g8455934aab6",
            "image_72": "https:\/\/secure.gravatar.com\/avatar\/8455934aab6b3c7afceec7d3255ecd8b.jpg?s=72&d=https%3A%2F%2Fa.slack-edge.com%2F80588%2Fimg%2Favatars%2Fava_0004-72.png",
            "first_name": "",
            "real_name": "Vijay S Deshmukh",
            "display_name": "Vijay S Deshmukh",
            "team": "TKRNGDFFZ",
            "name": "vj_deshmukh",
            "is_restricted": false,
            "is_ultra_restricted": false
        }
    },
    {
        "client_msg_id": "ed08138a-78a6-4473-99d0-11717f40f05c",
        "type": "message",
        "text": "I can run from my account but we do need a stable development environment",
        "user": "UKR4GLQKF",
        "ts": "1567561669.192100",
        "team": "TKRNGDFFZ",
        "user_team": "TKRNGDFFZ",
        "source_team": "TKRNGDFFZ",
        "user_profile": {
            "avatar_hash": "gf6859e536fb",
            "image_72": "https:\/\/secure.gravatar.com\/avatar\/f6859e536fb63a6f9d862b2f3fb9684c.jpg?s=72&d=https%3A%2F%2Fa.slack-edge.com%2F80588%2Fimg%2Favatars%2Fava_0015-72.png",
            "first_name": "",
            "real_name": "Amit Yadav",
            "display_name": "",
            "team": "TKRNGDFFZ",
            "name": "amit",
            "is_restricted": false,
            "is_ultra_restricted": false
        }
    },
    {
        "client_msg_id": "b3fb39c9-bd8f-4dda-a2ad-482025f26a30",
        "type": "message",
        "text": "Amit, what is the information for the meeting tonight?",
        "user": "UL1DRU6R3",
        "ts": "1567561684.192700",
        "team": "TKRNGDFFZ",
        "user_team": "TKRNGDFFZ",
        "source_team": "TKRNGDFFZ",
        "user_profile": {
            "avatar_hash": "gd89e47c2607",
            "image_72": "https:\/\/secure.gravatar.com\/avatar\/d89e47c2607ea5a7401c907933bcd907.jpg?s=72&d=https%3A%2F%2Fa.slack-edge.com%2F80588%2Fimg%2Favatars%2Fava_0002-72.png",
            "first_name": "",
            "real_name": "Jacquie",
            "display_name": "Jacquie",
            "team": "TKRNGDFFZ",
            "name": "jacqueline.granger",
            "is_restricted": false,
            "is_ultra_restricted": false
        }
    },
    {
        "client_msg_id": "908b1fda-c462-49d1-bf3c-fb4dc25f613c",
        "type": "message",
        "text": "Yes, you can run the script and create into your acct and nor destroy it until not needed",
        "user": "UL0GK1LJD",
        "ts": "1567561695.193300",
        "team": "TKRNGDFFZ",
        "user_team": "TKRNGDFFZ",
        "source_team": "TKRNGDFFZ",
        "user_profile": {
            "avatar_hash": "g8455934aab6",
            "image_72": "https:\/\/secure.gravatar.com\/avatar\/8455934aab6b3c7afceec7d3255ecd8b.jpg?s=72&d=https%3A%2F%2Fa.slack-edge.com%2F80588%2Fimg%2Favatars%2Fava_0004-72.png",
            "first_name": "",
            "real_name": "Vijay S Deshmukh",
            "display_name": "Vijay S Deshmukh",
            "team": "TKRNGDFFZ",
            "name": "vj_deshmukh",
            "is_restricted": false,
            "is_ultra_restricted": false
        }
    },
    {
        "client_msg_id": "2239c270-ca04-4669-a2af-192461dbcb56",
        "type": "message",
        "text": "Your invite didn't contain the call number or meeting ID",
        "user": "UL1DRU6R3",
        "ts": "1567561696.193500",
        "team": "TKRNGDFFZ",
        "user_team": "TKRNGDFFZ",
        "source_team": "TKRNGDFFZ",
        "user_profile": {
            "avatar_hash": "gd89e47c2607",
            "image_72": "https:\/\/secure.gravatar.com\/avatar\/d89e47c2607ea5a7401c907933bcd907.jpg?s=72&d=https%3A%2F%2Fa.slack-edge.com%2F80588%2Fimg%2Favatars%2Fava_0002-72.png",
            "first_name": "",
            "real_name": "Jacquie",
            "display_name": "Jacquie",
            "team": "TKRNGDFFZ",
            "name": "jacqueline.granger",
            "is_restricted": false,
            "is_ultra_restricted": false
        }
    },
    {
        "client_msg_id": "d22ea025-da59-428f-886e-2c1ca1333e7f",
        "type": "message",
        "text": "I have sent he meeting invite",
        "user": "UKR4GLQKF",
        "ts": "1567561696.193600",
        "team": "TKRNGDFFZ",
        "user_team": "TKRNGDFFZ",
        "source_team": "TKRNGDFFZ",
        "user_profile": {
            "avatar_hash": "gf6859e536fb",
            "image_72": "https:\/\/secure.gravatar.com\/avatar\/f6859e536fb63a6f9d862b2f3fb9684c.jpg?s=72&d=https%3A%2F%2Fa.slack-edge.com%2F80588%2Fimg%2Favatars%2Fava_0015-72.png",
            "first_name": "",
            "real_name": "Amit Yadav",
            "display_name": "",
            "team": "TKRNGDFFZ",
            "name": "amit",
            "is_restricted": false,
            "is_ultra_restricted": false
        }
    },
    {
        "client_msg_id": "0464e08f-6ca1-4a56-94ae-c81e139399e8",
        "type": "message",
        "text": "I know and all mine says is \"Let's go over the UI.\"",
        "user": "UL1DRU6R3",
        "ts": "1567561715.194000",
        "team": "TKRNGDFFZ",
        "user_team": "TKRNGDFFZ",
        "source_team": "TKRNGDFFZ",
        "user_profile": {
            "avatar_hash": "gd89e47c2607",
            "image_72": "https:\/\/secure.gravatar.com\/avatar\/d89e47c2607ea5a7401c907933bcd907.jpg?s=72&d=https%3A%2F%2Fa.slack-edge.com%2F80588%2Fimg%2Favatars%2Fava_0002-72.png",
            "first_name": "",
            "real_name": "Jacquie",
            "display_name": "Jacquie",
            "team": "TKRNGDFFZ",
            "name": "jacqueline.granger",
            "is_restricted": false,
            "is_ultra_restricted": false
        }
    },
    {
        "client_msg_id": "fce99628-2f07-4e9f-98d4-017a9e46c597",
        "type": "message",
        "text": "There's no meeting number, call in number. and when I open the page, it asks for meeting information.",
        "user": "UL1DRU6R3",
        "ts": "1567561746.194900",
        "team": "TKRNGDFFZ",
        "user_team": "TKRNGDFFZ",
        "source_team": "TKRNGDFFZ",
        "user_profile": {
            "avatar_hash": "gd89e47c2607",
            "image_72": "https:\/\/secure.gravatar.com\/avatar\/d89e47c2607ea5a7401c907933bcd907.jpg?s=72&d=https%3A%2F%2Fa.slack-edge.com%2F80588%2Fimg%2Favatars%2Fava_0002-72.png",
            "first_name": "",
            "real_name": "Jacquie",
            "display_name": "Jacquie",
            "team": "TKRNGDFFZ",
            "name": "jacqueline.granger",
            "is_restricted": false,
            "is_ultra_restricted": false
        }
    },
    {
        "client_msg_id": "0cb8a21d-61dd-40bb-8464-6a132dfee23d",
        "type": "message",
        "text": "Sent an update",
        "user": "UKR4GLQKF",
        "ts": "1567561750.195100",
        "team": "TKRNGDFFZ",
        "user_team": "TKRNGDFFZ",
        "source_team": "TKRNGDFFZ",
        "user_profile": {
            "avatar_hash": "gf6859e536fb",
            "image_72": "https:\/\/secure.gravatar.com\/avatar\/f6859e536fb63a6f9d862b2f3fb9684c.jpg?s=72&d=https%3A%2F%2Fa.slack-edge.com%2F80588%2Fimg%2Favatars%2Fava_0015-72.png",
            "first_name": "",
            "real_name": "Amit Yadav",
            "display_name": "",
            "team": "TKRNGDFFZ",
            "name": "amit",
            "is_restricted": false,
            "is_ultra_restricted": false
        }
    },
    {
        "client_msg_id": "4b0e48d4-09f1-4174-949f-b3e87c818879",
        "type": "message",
        "text": "Can you please do it,  Vijay?",
        "user": "UKR4GLQKF",
        "ts": "1567561768.195600",
        "team": "TKRNGDFFZ",
        "user_team": "TKRNGDFFZ",
        "source_team": "TKRNGDFFZ",
        "user_profile": {
            "avatar_hash": "gf6859e536fb",
            "image_72": "https:\/\/secure.gravatar.com\/avatar\/f6859e536fb63a6f9d862b2f3fb9684c.jpg?s=72&d=https%3A%2F%2Fa.slack-edge.com%2F80588%2Fimg%2Favatars%2Fava_0015-72.png",
            "first_name": "",
            "real_name": "Amit Yadav",
            "display_name": "",
            "team": "TKRNGDFFZ",
            "name": "amit",
            "is_restricted": false,
            "is_ultra_restricted": false
        }
    },
    {
        "client_msg_id": "b7a45828-fdbc-4b5d-803b-057fa83bcbfc",
        "type": "message",
        "text": "Runningn the ful infra script, as it stands now, takes about an hr.",
        "user": "UL0GK1LJD",
        "ts": "1567561778.196200",
        "team": "TKRNGDFFZ",
        "user_team": "TKRNGDFFZ",
        "source_team": "TKRNGDFFZ",
        "user_profile": {
            "avatar_hash": "g8455934aab6",
            "image_72": "https:\/\/secure.gravatar.com\/avatar\/8455934aab6b3c7afceec7d3255ecd8b.jpg?s=72&d=https%3A%2F%2Fa.slack-edge.com%2F80588%2Fimg%2Favatars%2Fava_0004-72.png",
            "first_name": "",
            "real_name": "Vijay S Deshmukh",
            "display_name": "Vijay S Deshmukh",
            "team": "TKRNGDFFZ",
            "name": "vj_deshmukh",
            "is_restricted": false,
            "is_ultra_restricted": false
        }
    },
    {
        "client_msg_id": "3AA925E4-EB85-44B4-A84B-1518EE46AA75",
        "type": "message",
        "text": "The details are there now.  I see them.",
        "user": "UKQ0AMW48",
        "ts": "1567561785.196600",
        "team": "TKRNGDFFZ",
        "user_team": "TKRNGDFFZ",
        "source_team": "TKRNGDFFZ",
        "user_profile": {
            "avatar_hash": "g706ef9d17e3",
            "image_72": "https:\/\/secure.gravatar.com\/avatar\/706ef9d17e3d82d2a8d5cfe003a17aca.jpg?s=72&d=https%3A%2F%2Fa.slack-edge.com%2F80588%2Fimg%2Favatars%2Fava_0024-72.png",
            "first_name": "",
            "real_name": "John Edgar",
            "display_name": "",
            "team": "TKRNGDFFZ",
            "name": "john.edgar",
            "is_restricted": false,
            "is_ultra_restricted": false
        }
    },
    {
        "client_msg_id": "f3fae1b2-56db-4ff9-8363-3d3db91e394d",
        "type": "message",
        "text": "Sure",
        "user": "UL0GK1LJD",
        "ts": "1567561787.196800",
        "team": "TKRNGDFFZ",
        "user_team": "TKRNGDFFZ",
        "source_team": "TKRNGDFFZ",
        "user_profile": {
            "avatar_hash": "g8455934aab6",
            "image_72": "https:\/\/secure.gravatar.com\/avatar\/8455934aab6b3c7afceec7d3255ecd8b.jpg?s=72&d=https%3A%2F%2Fa.slack-edge.com%2F80588%2Fimg%2Favatars%2Fava_0004-72.png",
            "first_name": "",
            "real_name": "Vijay S Deshmukh",
            "display_name": "Vijay S Deshmukh",
            "team": "TKRNGDFFZ",
            "name": "vj_deshmukh",
            "is_restricted": false,
            "is_ultra_restricted": false
        }
    },
    {
        "client_msg_id": "fca6403e-e3a2-4738-a608-ed051705e19a",
        "type": "message",
        "text": "I have many activities and I not want to be in middle of this",
        "user": "UKR4GLQKF",
        "ts": "1567561791.197200",
        "team": "TKRNGDFFZ",
        "user_team": "TKRNGDFFZ",
        "source_team": "TKRNGDFFZ",
        "user_profile": {
            "avatar_hash": "gf6859e536fb",
            "image_72": "https:\/\/secure.gravatar.com\/avatar\/f6859e536fb63a6f9d862b2f3fb9684c.jpg?s=72&d=https%3A%2F%2Fa.slack-edge.com%2F80588%2Fimg%2Favatars%2Fava_0015-72.png",
            "first_name": "",
            "real_name": "Amit Yadav",
            "display_name": "",
            "team": "TKRNGDFFZ",
            "name": "amit",
            "is_restricted": false,
            "is_ultra_restricted": false
        }
    },
    {
        "client_msg_id": "06dccea7-7860-4752-84d8-8efcea2a4026",
        "type": "message",
        "text": "Okay",
        "user": "UL1DRU6R3",
        "ts": "1567561792.197300",
        "team": "TKRNGDFFZ",
        "user_team": "TKRNGDFFZ",
        "source_team": "TKRNGDFFZ",
        "user_profile": {
            "avatar_hash": "gd89e47c2607",
            "image_72": "https:\/\/secure.gravatar.com\/avatar\/d89e47c2607ea5a7401c907933bcd907.jpg?s=72&d=https%3A%2F%2Fa.slack-edge.com%2F80588%2Fimg%2Favatars%2Fava_0002-72.png",
            "first_name": "",
            "real_name": "Jacquie",
            "display_name": "Jacquie",
            "team": "TKRNGDFFZ",
            "name": "jacqueline.granger",
            "is_restricted": false,
            "is_ultra_restricted": false
        }
    },
    {
        "client_msg_id": "74c0599e-97dc-4bd6-886d-9b0687307e1e",
        "type": "message",
        "text": "In fact Gary posted the ES links above",
        "user": "UL0GK1LJD",
        "ts": "1567561796.197600",
        "team": "TKRNGDFFZ",
        "user_team": "TKRNGDFFZ",
        "source_team": "TKRNGDFFZ",
        "user_profile": {
            "avatar_hash": "g8455934aab6",
            "image_72": "https:\/\/secure.gravatar.com\/avatar\/8455934aab6b3c7afceec7d3255ecd8b.jpg?s=72&d=https%3A%2F%2Fa.slack-edge.com%2F80588%2Fimg%2Favatars%2Fava_0004-72.png",
            "first_name": "",
            "real_name": "Vijay S Deshmukh",
            "display_name": "Vijay S Deshmukh",
            "team": "TKRNGDFFZ",
            "name": "vj_deshmukh",
            "is_restricted": false,
            "is_ultra_restricted": false
        }
    },
    {
        "client_msg_id": "355f1672-eb0f-4f34-9de2-36aebdc1f114",
        "type": "message",
        "text": "I just got the email from Amit again. Thanks. You're using the same info as the 6PM.",
        "user": "UL1DRU6R3",
        "ts": "1567561824.198500",
        "team": "TKRNGDFFZ",
        "user_team": "TKRNGDFFZ",
        "source_team": "TKRNGDFFZ",
        "user_profile": {
            "avatar_hash": "gd89e47c2607",
            "image_72": "https:\/\/secure.gravatar.com\/avatar\/d89e47c2607ea5a7401c907933bcd907.jpg?s=72&d=https%3A%2F%2Fa.slack-edge.com%2F80588%2Fimg%2Favatars%2Fava_0002-72.png",
            "first_name": "",
            "real_name": "Jacquie",
            "display_name": "Jacquie",
            "team": "TKRNGDFFZ",
            "name": "jacqueline.granger",
            "is_restricted": false,
            "is_ultra_restricted": false
        }
    },
    {
        "client_msg_id": "b4259af4-d1ce-459f-bad1-13f085112f73",
        "type": "message",
        "text": "Thanks.",
        "user": "UL1DRU6R3",
        "ts": "1567561826.198700",
        "team": "TKRNGDFFZ",
        "user_team": "TKRNGDFFZ",
        "source_team": "TKRNGDFFZ",
        "user_profile": {
            "avatar_hash": "gd89e47c2607",
            "image_72": "https:\/\/secure.gravatar.com\/avatar\/d89e47c2607ea5a7401c907933bcd907.jpg?s=72&d=https%3A%2F%2Fa.slack-edge.com%2F80588%2Fimg%2Favatars%2Fava_0002-72.png",
            "first_name": "",
            "real_name": "Jacquie",
            "display_name": "Jacquie",
            "team": "TKRNGDFFZ",
            "name": "jacqueline.granger",
            "is_restricted": false,
            "is_ultra_restricted": false
        }
    },
    {
        "client_msg_id": "836d01c0-69d0-4c4b-9720-c22c7d50eecf",
        "type": "message",
        "text": "As long as, we have elastic available for developers, we should be good.",
        "user": "UKR4GLQKF",
        "ts": "1567561832.198900",
        "team": "TKRNGDFFZ",
        "user_team": "TKRNGDFFZ",
        "source_team": "TKRNGDFFZ",
        "user_profile": {
            "avatar_hash": "gf6859e536fb",
            "image_72": "https:\/\/secure.gravatar.com\/avatar\/f6859e536fb63a6f9d862b2f3fb9684c.jpg?s=72&d=https%3A%2F%2Fa.slack-edge.com%2F80588%2Fimg%2Favatars%2Fava_0015-72.png",
            "first_name": "",
            "real_name": "Amit Yadav",
            "display_name": "",
            "team": "TKRNGDFFZ",
            "name": "amit",
            "is_restricted": false,
            "is_ultra_restricted": false
        }
    },
    {
        "client_msg_id": "6a023235-60ce-45ab-8340-8dd7bd913021",
        "type": "message",
        "text": "cool.",
        "user": "UL0GK1LJD",
        "ts": "1567561884.199100",
        "team": "TKRNGDFFZ",
        "user_team": "TKRNGDFFZ",
        "source_team": "TKRNGDFFZ",
        "user_profile": {
            "avatar_hash": "g8455934aab6",
            "image_72": "https:\/\/secure.gravatar.com\/avatar\/8455934aab6b3c7afceec7d3255ecd8b.jpg?s=72&d=https%3A%2F%2Fa.slack-edge.com%2F80588%2Fimg%2Favatars%2Fava_0004-72.png",
            "first_name": "",
            "real_name": "Vijay S Deshmukh",
            "display_name": "Vijay S Deshmukh",
            "team": "TKRNGDFFZ",
            "name": "vj_deshmukh",
            "is_restricted": false,
            "is_ultra_restricted": false
        }
    },
    {
        "client_msg_id": "0285ec0c-a302-4ed4-b65d-a0ad5f8d3f82",
        "type": "message",
        "text": "If you prefer give me an acct and I will run the infra scripts. This will also help with testing.",
        "user": "UL0GK1LJD",
        "ts": "1567561911.199900",
        "team": "TKRNGDFFZ",
        "user_team": "TKRNGDFFZ",
        "source_team": "TKRNGDFFZ",
        "user_profile": {
            "avatar_hash": "g8455934aab6",
            "image_72": "https:\/\/secure.gravatar.com\/avatar\/8455934aab6b3c7afceec7d3255ecd8b.jpg?s=72&d=https%3A%2F%2Fa.slack-edge.com%2F80588%2Fimg%2Favatars%2Fava_0004-72.png",
            "first_name": "",
            "real_name": "Vijay S Deshmukh",
            "display_name": "Vijay S Deshmukh",
            "team": "TKRNGDFFZ",
            "name": "vj_deshmukh",
            "is_restricted": false,
            "is_ultra_restricted": false
        }
    },
    {
        "client_msg_id": "ec644011-5bc2-4b05-90d8-c4676579e584",
        "type": "message",
        "text": "What account?",
        "user": "UKR4GLQKF",
        "ts": "1567561928.200400",
        "team": "TKRNGDFFZ",
        "user_team": "TKRNGDFFZ",
        "source_team": "TKRNGDFFZ",
        "user_profile": {
            "avatar_hash": "gf6859e536fb",
            "image_72": "https:\/\/secure.gravatar.com\/avatar\/f6859e536fb63a6f9d862b2f3fb9684c.jpg?s=72&d=https%3A%2F%2Fa.slack-edge.com%2F80588%2Fimg%2Favatars%2Fava_0015-72.png",
            "first_name": "",
            "real_name": "Amit Yadav",
            "display_name": "",
            "team": "TKRNGDFFZ",
            "name": "amit",
            "is_restricted": false,
            "is_ultra_restricted": false
        }
    },
    {
        "client_msg_id": "c88939c5-ab06-476e-a692-9d38180c1188",
        "type": "message",
        "text": "And we retain the services and not destroy them",
        "user": "UL0GK1LJD",
        "ts": "1567561955.200900",
        "team": "TKRNGDFFZ",
        "user_team": "TKRNGDFFZ",
        "source_team": "TKRNGDFFZ",
        "user_profile": {
            "avatar_hash": "g8455934aab6",
            "image_72": "https:\/\/secure.gravatar.com\/avatar\/8455934aab6b3c7afceec7d3255ecd8b.jpg?s=72&d=https%3A%2F%2Fa.slack-edge.com%2F80588%2Fimg%2Favatars%2Fava_0004-72.png",
            "first_name": "",
            "real_name": "Vijay S Deshmukh",
            "display_name": "Vijay S Deshmukh",
            "team": "TKRNGDFFZ",
            "name": "vj_deshmukh",
            "is_restricted": false,
            "is_ultra_restricted": false
        }
    },
    {
        "client_msg_id": "db2f1edb-7c30-4fbd-b713-7f1c8ad58223",
        "type": "message",
        "text": "Can it be in same account where Openshift, Jenkins is running?",
        "user": "UKR4GLQKF",
        "ts": "1567561980.201600",
        "team": "TKRNGDFFZ",
        "user_team": "TKRNGDFFZ",
        "source_team": "TKRNGDFFZ",
        "user_profile": {
            "avatar_hash": "gf6859e536fb",
            "image_72": "https:\/\/secure.gravatar.com\/avatar\/f6859e536fb63a6f9d862b2f3fb9684c.jpg?s=72&d=https%3A%2F%2Fa.slack-edge.com%2F80588%2Fimg%2Favatars%2Fava_0015-72.png",
            "first_name": "",
            "real_name": "Amit Yadav",
            "display_name": "",
            "team": "TKRNGDFFZ",
            "name": "amit",
            "is_restricted": false,
            "is_ultra_restricted": false
        }
    },
    {
        "type": "message",
        "text": "Hello BDSO Team Members,\n\nAfter thinking a lot I have taken the responsibility to bring transparency  going forward using this POST. We are using a unique model of working with day-time working professionals, and we need some means to keep everyone informed .\n\nMy humble request going forward is, please review the POST and add\/edit if you feel I have missed any information OR send it to me via reply or direct slack.\n\n\nII will talk to various team members during the day and try to keep this updated as much as possible, feel free to update\/add new items, or close items when done.\n\nThis will keep us all together as one team and keep working towards the finish line.\n\nThanks",
        "files": [
            {
                "id": "FMUFWUDJA",
                "created": 1566947518,
                "timestamp": 1568069670,
                "name": "Checklist_for_BDSO_09_08",
                "title": "Checklist for BDSO 09\/08",
                "mimetype": "application\/vnd.slack-docs",
                "filetype": "docs",
                "pretty_type": "Arugula",
                "user": "UKPCZJWQL",
                "editable": true,
                "size": 8168,
                "mode": "docs",
                "is_external": false,
                "external_type": "",
                "is_public": true,
                "public_url_shared": false,
                "display_as_bot": false,
                "username": "",
                "url_private": "https:\/\/files.slack.com\/files-pri\/TKRNGDFFZ-FMUFWUDJA\/Checklist_for_BDSO_09_08?t=xoxe-671764457543-761495007360-748720106514-e22867dc4a96f2e14ff182795f11301c",
                "url_private_download": "https:\/\/files.slack.com\/files-pri\/TKRNGDFFZ-FMUFWUDJA\/download\/Checklist_for_BDSO_09_08?t=xoxe-671764457543-761495007360-748720106514-e22867dc4a96f2e14ff182795f11301c",
                "permalink": "https:\/\/scrgt-bdso.slack.com\/files\/TKRNGDFFZ\/FMUFWUDJA",
                "permalink_public": "https:\/\/slack-files.com\/TKRNGDFFZ-FMUFWUDJA-00b56181c7",
                "preview": "<h1><u>Showstoppers<\/u><\/h1><ul><li data-checked=\"false\">DevOps Problems<\/li><\/ul><ol><li>Jenkins DNS issue (Amit)<\/li><li>Frontend pipeline (oc project issue) Amit<\/li><li>OC running out of space <\/li><li>Pipeline<ol><li>Celebrity running fine (Dev, Test, Prod)<\/li><li>Data Pipeline (Dev, Test, Prod)<\/li><li>Frontend in (Dev&#x2F;Test&#x2F;Prod)<\/li><li>FacialRecognition <\/li><\/ol><\/li><li>Parameter have to be correct<\/li><li>Admin should have cluster roles<\/li><li>Secret files should have the values (runtime or hard coded)<\/li><li>Merged code from elasticSearch<\/li><\/ol><ul><li data-checked=\"false\">Frontend  (<strong>Eyuel&#x2F;Amit)<\/strong><ul><li data-checked=\"false\">Keycloak integration on front-end application<\/li><li data-checked=\"false\">Fuzzy Search and  ElastiSearch for Search Page functionality<\/li><li data-checked=\"false\">Elastic Search or APIs for  Data Science Page functionality<\/li><li data-checked=\"false\">Element IDs need to be added to all code for Selenium to identify UI Constructs.<\/li><\/ul><\/li><li data-checked=\"false\">DevSecOps (<strong>Shawn&#x2F;Padmaja&#x2F;Vijay)<\/strong><ul><li data-checked=\"false\">Sonar-Jenkins integration broken<\/li><li data-checked=\"false\">Jenkins  DNS Issue, not resolving <\/li><li data-checked=\"false\">frontend pipeline failing unable to connect to &quot;oc dev&quot;<\/li><li data-checked=\"false\">Docker cleanup (<\/li><li data-checked=\"false\">Creating Data Load  Job and testing it<ul><li data-checked=\"false\">moving notebooks (models) to Juypter notebook &#x2F;dev &#x2F;test &#x2F;prod buckets<\/li><li data-checked=\"false\">Loading data from &quot;github ==&gt; S3 ==&gt; ES &amp; RDS&quot;<\/li><li data-checked=\"false\">Running Facial Recognition Service <\/li><\/ul><\/li><li data-checked=\"false\">Trigger Pipelines automatically from single-script<ul><li data-checked=\"false\">Celebrity Pipeline to install service in Dev, Test, Prod<\/li><li data-checked=\"false\">Frontend Pipeline to install service in Dev, Test and Prod<\/li><li data-checked=\"false\">Facial Recognition Pipeline to install service in Dev, Test, and Prod<\/li><li data-checked=\"false\">Data Science Pipeline to load data in Dev, Test and Prod database<\/li><\/ul><\/li><li data-checked=\"false\">Monitoring <ul><li data-checked=\"false\">CloudWatch<\/li><li data-checked=\"false\">Route 53 URLs<\/li><\/ul><\/li><\/ul><\/li><li data-checked=\"false\">DataScience<ul><li data-checked=\"false\">Create dockerized microservice for <ul><li data-checked=\"true\">bio-similarity service (model to convert to docker&#x2F;service)<\/li><li data-checked=\"true\">genre-classification service (model to convert to docker&#x2F;service)<\/li><li data-checked=\"false\">The FacialRecognition Service has 3 API endpints <\/li><\/ul><\/li><\/ul><\/li><\/ul><p><br\/><\/p><h2>Backlog Items (time permitting)<\/h2><ol><li>Frontend  Channel issues<\/li><li>S3 bucket public is fine for now, we can create AWS keys later if needed.<\/li><li>Anchore <\/li><li>ZAP (DSAT)  via pipeline<\/li><\/ol><p><br\/><\/p><h2><strong><u>INFRASTRUCTURE &amp; SETUP<\/u><\/strong><\/h2><ul><li><strong>Install DevSecOps tools and create&#x2F;configure DevSecOps platform<\/strong><ul><li data-checked=\"true\">Jenkins, Sonar, Anchore, DockerHub and Plugins<\/li><li data-checked=\"false\">OWASP manual reports into Scans.pdf<\/li><li data-checked=\"false\">OWASP(Dependency Vulnerabilities) in pipeline  (all 3 python, angular, java) in parallel<\/li><\/ul><\/li><\/ul><p> <\/p><ul><li><strong>Install Jupyter-hub infrastructure and configure running of Juypter Notebook<\/strong><ul><li data-checked=\"true\">Infrastructure Done<\/li><li data-checked=\"false\">Full load test – running notebooks by multiple people to check auto-scaling feature<\/li><\/ul><\/li><\/ul><p> <\/p><ul><li><strong>Install and configure Deployment Environment RDS (Dev, Test, Prod)<\/strong><ul><li data-checked=\"true\"><strong>Done<\/strong><\/li><\/ul><\/li><\/ul><p><strong> <\/strong><\/p><ul><li><strong>Install and configure Deployment Environment (OpenShift Dev, Test and Prod)<\/strong><ul><li data-checked=\"true\">OC – Cluster (Project Dev, Test, Prod) - Done<\/li><li data-checked=\"false\">OC – Services<ul><li data-checked=\"true\">Frontend<\/li><li data-checked=\"true\">Celebrity<\/li><li data-checked=\"true\">FacialRecognition<\/li><\/ul><\/li><\/ul><\/li><\/ul><p><br\/><\/p><ul><li><strong>Deploy Pipeline<\/strong><ul><li data-checked=\"false\">Frontend CI-CD Pipeline  (Dev&#x2F;Test&#x2F;Prod)<\/li><li data-checked=\"false\">Celebrity CI-CD Pipeline  (Dev, Test, Prod)<\/li><li data-checked=\"false\">FacialRecognition CI-CD Pipeline (Dev, Test, Prod)<\/li><li data-checked=\"false\">Data Load CI-CD Pipeline ((Dev, Test, Prod)<ul><li data-checked=\"false\">Create Jenkins Job or Pipeline for DataLoad<ul><li data-checked=\"false\">Take data from github push to S3 (vijayD has a job)<\/li><li data-checked=\"false\">Next step call CelebrityAPI-dataload to push data from S3 to ES and RDS<\/li><\/ul><\/li><\/ul><\/li><\/ul><\/li><\/ul><p> <\/p><ul><li><strong>Single-Script to Create entire infrastructure and deploy application in 3 environment<\/strong><ul><li data-checked=\"true\">Deploy DevSecOps<\/li><li data-checked=\"true\">Deploy 3 Environments<\/li><li data-checked=\"true\">Dump list of URLs and Credentials to Console and File<\/li><li data-checked=\"false\">Trigger all 4 Pipelines and check data load and check OpenShift Services<\/li><li data-checked=\"false\">Full e2e test<\/li><\/ul><\/li><\/ul><p><br\/><\/p><h2><u>SOFTWARE DEVELOPMENT<\/u><\/h2><ul><li><strong>Frontend Development<\/strong><ul><li data-checked=\"false\">Application development completed except keycloak and ElasticSearch<\/li><li data-checked=\"false\">Follow #functional-testing channel for latest changes being made by Eyuel and team<\/li><\/ul><\/li><\/ul><p> <\/p><ul><li><strong>Frontend Selenium&#x2F;Cucumber-Serenity Testing<\/strong><ul><li data-checked=\"true\">Test directory structure and example project created and integrated with pipeline.<\/li><li data-checked=\"false\">BDD Scenarios for all User Stories?<\/li><li data-checked=\"false\">Selenium&#x2F;Cucumber Code?<\/li><li data-checked=\"false\">Testing Results?<\/li><\/ul><\/li><\/ul><p> <\/p><ul><li>Data Science Development<ul><li data-checked=\"true\">All Data Models created and Tested<\/li><li data-checked=\"true\">FacialRecognition microservice created<\/li><li data-checked=\"true\">Complete DataLoad Pipeline<\/li><li data-checked=\"false\"><strong>Models.md documentation<\/strong><\/li><\/ul><\/li><\/ul><p> <\/p><ul><li>Backend API Development<ul><li data-checked=\"true\">Celebrity API done<\/li><li data-checked=\"true\">DataLoadFromS3 into ElasticSearch<\/li><li data-checked=\"true\">Data Load into PostgreSQL<\/li><li data-checked=\"false\"><strong>Proxy ES API, FE will go direct to ES<\/strong><\/li><li data-checked=\"true\">Data Sets for Movies &amp; Cast<\/li><li data-checked=\"true\">OC Install ES6.8 an ES7.3<\/li><\/ul><\/li><\/ul><p> <\/p><ul><li><strong>Backend API RestAssured-Serenity Testing<\/strong><ul><li data-checked=\"true\">Test project and pipeline integration done<\/li><li data-checked=\"false\">Create BDD Scenarios<\/li><li data-checked=\"false\">Write RestAssured Code for testing all scenarios in each API Project (UserAdmin, Celebrity, FacialRecognition?)<\/li><li data-checked=\"false\">Testing Results?<\/li><\/ul><\/li><\/ul><p> <\/p><h2><u>DOCUMENTATION<\/u><\/h2><ul><li><strong>Architecture Diagrams and Documentation<\/strong><ul><li data-checked=\"false\">Architecture Diagram with labels that self-explain the overall architecture.<\/li><li data-checked=\"false\">Data Flow Diagram<\/li><li data-checked=\"false\">ReadME.md<\/li><li data-checked=\"false\">Models.md<\/li><li data-checked=\"false\">Approach.md<\/li><li data-checked=\"false\">Solutions.pdf<\/li><li data-checked=\"false\">Userstories.pdf<\/li><li data-checked=\"false\">Scans.pdf<\/li><li data-checked=\"false\">DumpSlack.zip<\/li><li data-checked=\"false\">Rest Assured Test Report<strong><u> <\/u><\/strong>with Serenity validation<\/li><li data-checked=\"false\">SonarQube Quality Report validation<\/li><\/ul><\/li><\/ul><p><br\/><\/p><h2><u>Front End Testing<\/u><\/h2><ul><li><strong>Manual Testing to confirm all required features are implemented<\/strong><ul><li data-checked=\"false\">List issues here and on #frontend testing channel<\/li><\/ul><\/li><\/ul><p><br\/><\/p>",
                "editor": null,
                "last_editor": "ULX5BPN3C",
                "non_owner_editable": true,
                "updated": 1568069670,
                "is_starred": false,
                "has_rich_preview": false
            }
        ],
        "upload": false,
        "user": "UKPCZJWQL",
        "display_as_bot": false,
        "ts": "1567576275.306400",
        "reactions": [
            {
                "name": "+1",
                "users": [
                    "UL1DRU6R3",
                    "UMVDJ6JKZ",
                    "UKR4GLQKF",
                    "UKQ0AMW48",
                    "UKCPDF2M8"
                ],
                "count": 5
            },
            {
                "name": "stars",
                "users": [
                    "UL1DRU6R3"
                ],
                "count": 1
            }
        ]
    }
]